525
-169
99
-70
54
-44
37
-32
29
-26
23
-21
20
-18
17
-16
15
-14
13
-13
12
-12
11
-11
10
-10
9
-9
9
-9
8
-8
8
-8
7
-7
7
-7
7
-6
6
-6
6
-6
6
-6
6
-5
5
-5
5
-5
5
-5
5
-5
5
-5
5
-4
4
-4
4
-4
4
-4
4
-4
4
-4
4
-4
4
-4
4
-4
4
-4
4
-4
3
-3
3
-3
3
-3
3
-3
3
-3
3
-3
3
-3
3
-3
3
-3
3
-3
3
-3
3
-3
3
-3
3
-3
3
-3
3
-3
3
-3
3
-3
3
-3
3
-3
3
-3
3
-3
3
-3
3
-3
3
-3
3
-3
3
-3
3
-3
3
-2
2
-2
2
-2
2
-2
2
-2
2
-2
2
-2
2
-2
2
-2
2
-2
2
-2
2
-2
2
-2
2
-2
2
-2
2
-2
2
-2
2
-2
2
-2
2
-2
2
-2
2
-2
2
-2
2
-2
2
-2
2
-2
2
-2
2
-2
2
-2
2
-2
2
-2
2
-2
2
-2
2
-3
3
-3
3
-3
3
-3
3
-3
3
-3
3
-3
3
-3
3
-3
3
-3
3
-3
3
-3
3
-3
3
-3
3
-3
3
-3
3
-3
3
-3
3
-3
3
-3
3
-3
3
-3
3
-2
4
-1
2
-3
1
-3
2
-3
3
-3
4
-4
7
-5
6
-13
5
-23
63
63
249
134
192
424
533
241
181
88
84
47
292
266
-29
-54
-154
-317
-333
-315
-324
-246
-277
-469
-260
-318
-482
-558
-663
-434
-283
-457
-463
-255
61
-49
-146
-339
-256
-326
-288
-100
7
52
64
-161
-233
-162
-5
24
-14
2
-77
-138
50
7
221
129
12
-30
197
368
87
81
149
299
246
272
95
109
403
410
271
52
-94
-31
142
360
466
114
-188
224
260
-91
-34
-113
-271
171
135
-132
-122
-234
-175
36
-48
-94
-5
-69
-192
-178
113
212
-127
-154
-256
53
136
-37
-156
-234
-219
-57
89
120
-50
15
32
-82
-164
10
179
170
270
144
26
59
77
66
209
151
148
236
309
270
109
90
13
102
139
-17
-9
196
321
185
52
-4
16
600
686
68
-12
41
-26
277
182
83
47
57
209
182
149
133
-35
-40
-239
-64
25
-97
-174
-143
-24
-46
39
-34
-559
-520
-523
-333
-15
-233
-441
-532
-729
-432
-129
-494
-636
-558
-723
-635
-408
-484
-671
-647
-532
-418
-319
-593
-443
-206
-219
-279
-234
-280
-364
-282
-212
-18
155
257
93
-113
80
64
169
323
238
224
284
396
423
478
909
831
668
657
558
602
808
970
1048
931
700
567
765
753
541
585
306
429
559
278
274
-26
121
338
216
265
220
-81
-229
-143
-129
90
71
-457
-289
-36
-114
-209
-286
-518
-462
-458
-397
-257
-541
-612
-400
-556
-591
-487
-708
-671
-390
-409
-496
-708
-671
-399
-91
-152
-576
-453
172
220
-15
-267
-226
33
253
143
103
215
144
246
324
346
428
443
363
525
620
334
264
309
261
425
219
93
372
415
229
170
-62
-208
-117
11
428
356
-49
-182
-112
-90
20
3
59
79
121
-16
-146
-253
-121
429
237
-118
-69
-96
9
-47
-392
-426
-345
-511
-444
-414
-612
-636
-600
-581
-530
-610
-540
-520
-504
-418
-617
-534
-399
-412
-327
-223
-135
-191
-366
-295
48
71
-50
-19
14
114
154
203
52
301
570
371
476
554
462
566
843
897
736
729
699
831
982
721
517
784
1097
885
687
326
276
603
727
851
877
590
262
343
277
414
305
270
164
232
-24
-273
-125
8
-229
-190
-314
-496
-305
-211
-178
-459
-730
-826
-913
-550
-708
-1233
-1076
-776
-856
-694
-793
-1072
-1042
-988
-921
-657
-616
-607
-804
-663
-551
-324
-49
153
-69
-242
-219
-158
169
284
211
365
469
381
449
515
281
239
397
277
380
714
454
473
693
481
568
719
391
440
605
488
545
544
238
485
633
409
252
365
338
481
551
84
89
309
245
277
-28
134
221
78
-74
-469
-489
-380
-497
-616
-685
-810
-609
-660
-637
-729
-591
-478
-680
-1061
-856
-736
-331
-72
-492
-685
-372
-493
-363
-28
27
-277
-348
-535
-655
-377
8
268
295
204
123
-223
37
433
380
447
366
222
264
322
448
392
416
718
499
473
1015
778
540
516
443
623
992
717
409
609
460
337
250
429
541
376
534
442
75
343
396
27
-27
196
228
91
-67
-295
-263
-134
-302
-673
-707
-510
-487
-589
-661
-952
-886
-667
-635
-716
-852
-653
-806
-601
-429
-791
-803
-573
-516
-708
-841
-697
-252
90
-92
-348
-332
-152
118
8
20
150
8
216
340
289
428
694
607
479
459
485
469
545
658
737
406
393
455
708
651
511
667
566
506
717
585
445
658
469
253
228
310
405
415
364
199
56
180
303
433
455
325
156
279
228
-126
-206
-77
-91
-180
-218
-425
-857
-873
-973
-1018
-951
-964
-914
-920
-855
-1039
-1217
-1100
-1009
-998
-690
-560
-920
-963
-519
-588
-877
-645
-566
-498
-280
-335
-405
-295
-359
-197
136
135
-33
243
394
423
259
235
541
657
697
687
699
678
544
678
975
936
608
492
631
804
962
924
594
629
715
861
1015
614
585
762
896
648
280
479
826
602
463
356
461
341
140
137
220
176
-139
-25
-103
-285
-446
-577
-152
-102
-428
-515
-465
-585
-405
-462
-885
-890
-961
-892
-517
-495
-1026
-1297
-944
-533
-577
-760
-832
-823
-342
-210
-229
-184
-117
-297
-207
89
7
173
273
209
138
60
225
507
553
587
323
4
305
728
340
105
218
206
554
511
176
22
221
408
324
176
-241
-52
527
378
55
41
174
393
523
278
0
122
51
237
453
201
88
305
350
206
-21
-338
-204
-36
-199
-336
-329
29
-223
-583
-509
-547
-573
-500
-599
-757
-840
-823
-866
-835
-1044
-859
-924
-1011
-791
-838
-509
-243
-709
-599
-318
-103
-121
-215
-283
-162
162
171
128
204
428
610
563
404
377
633
1026
857
843
824
797
866
844
583
772
759
643
815
814
533
548
443
568
825
692
764
485
468
419
183
294
373
246
179
215
218
263
214
-90
-163
28
86
-39
-144
-177
-414
-314
-215
-377
-500
-531
-469
-477
-208
-491
-1005
-1013
-708
-468
-467
-813
-1083
-884
-653
-425
-461
-537
-773
-608
-226
-388
-608
-433
-95
243
288
-144
-197
385
854
1017
515
214
362
975
985
768
460
342
909
1026
646
375
416
270
379
389
14
59
165
85
-201
-468
-478
-448
-384
-486
-498
-583
-341
82
4
-393
-647
-277
120
-56
-255
-146
-9
-1
139
33
-164
-220
-380
-180
-240
-345
-280
-99
-2
-163
-293
-495
-632
-449
-145
-176
-320
-192
-177
-258
-142
-282
-460
-373
-288
-335
-438
-364
-392
-172
-186
-464
-291
-75
72
234
161
353
229
237
625
791
760
656
769
1077
1300
1257
700
748
1004
1127
976
727
671
679
833
717
661
550
402
293
151
80
-36
-107
-176
-53
51
-264
-459
-491
-485
-264
-171
-597
-832
-674
-410
-275
-416
-717
-538
-390
-391
-337
-624
-420
-87
-493
-432
-488
-465
-281
-132
-298
-594
-522
-456
-333
-440
-558
-448
-310
-222
-345
-450
-327
-53
365
286
11
-118
304
292
150
288
378
418
516
494
651
652
932
1037
681
667
702
496
505
969
1056
910
612
338
465
554
623
492
595
437
206
-12
-204
93
255
13
-458
-675
-486
-414
-290
-263
-796
-913
-849
-771
-782
-627
-789
-722
-434
-482
-788
-883
-640
-412
-139
-84
-291
-440
-111
-50
-21
-297
-208
226
-115
-289
-186
-284
89
100
-427
-357
-170
-270
-78
-392
-634
-257
-211
-268
-339
-256
-133
-106
-197
-204
-25
-58
124
273
228
489
594
422
462
592
633
648
484
538
577
758
945
898
681
524
490
616
482
583
764
469
403
224
288
372
52
-201
-228
-322
-313
-107
-38
-395
-575
-701
-511
-194
-136
-624
-546
-514
-449
-226
-110
-215
-111
-195
-22
38
62
280
161
107
-45
-78
-23
-42
207
-117
-344
-394
-573
-278
68
-161
-202
-445
-665
-395
-209
-65
51
54
77
203
180
58
246
595
619
477
186
52
731
1058
588
419
184
481
947
704
392
115
141
383
690
906
588
214
212
227
276
384
309
259
200
-240
-420
-222
-106
-74
-211
-375
-313
-373
-504
-590
-787
-776
-640
-547
-812
-730
-600
-589
-565
-473
-367
-379
-201
-306
-171
88
-91
-177
-150
2
93
17
26
-122
-427
-346
-451
-342
-131
-374
-486
-571
-501
-377
-263
-190
-306
-506
-108
-51
-267
-2
124
166
365
350
92
-294
-70
149
528
586
165
-61
144
541
653
574
310
355
641
852
700
561
552
727
925
506
329
301
364
539
352
-168
-54
9
-195
-176
-298
-324
-97
-129
-359
-756
-902
-785
-367
-283
-513
-414
-240
-112
-85
-86
79
42
-92
308
480
294
-50
31
405
565
600
203
194
562
437
79
-97
-240
-42
110
36
29
-129
-275
31
223
358
205
-44
-48
-37
218
378
61
-46
180
288
305
215
-19
38
40
-101
-127
-103
5
45
22
-137
-97
-80
-94
-158
-80
23
-168
-138
-226
-253
-255
-404
-400
-278
-256
-406
-645
-495
-321
-124
-327
-729
-381
-272
-368
-231
-211
-147
-411
-593
-333
59
363
-62
-459
-185
184
212
227
170
370
402
419
406
307
338
586
767
495
487
573
474
456
481
530
627
478
230
525
436
391
242
-274
-125
215
210
32
-122
-349
-380
-226
-294
-350
-244
-249
-205
-275
-281
-275
92
89
-126
-62
68
183
345
310
190
-77
-193
-120
-30
-176
-105
-180
-523
-517
-559
-555
-461
-636
-675
-449
-524
-499
-532
-692
-641
-542
-263
-39
-161
-328
-193
-362
-350
-110
-77
80
216
144
159
-43
-87
201
325
267
-19
51
489
624
529
305
531
501
369
189
447
629
689
592
366
248
57
258
508
311
154
-74
-187
10
-71
85
311
236
169
166
65
128
212
290
319
257
209
301
303
300
318
92
156
194
-74
-369
-325
-328
-137
62
-437
-675
-521
-354
110
-120
-346
-323
-144
168
-3
-401
-428
-83
314
362
-283
-630
-229
99
194
-351
-529
-289
-190
0
253
-207
-200
-253
-9
273
209
275
-75
36
405
363
303
420
433
545
243
334
478
650
494
201
-126
-240
238
274
65
-177
-123
-178
-174
-251
-412
-178
57
-33
-54
-409
-441
-156
-22
-167
-395
-346
-67
-61
-418
-593
-552
-559
-386
-384
-340
-429
-660
-592
-629
-306
-250
-466
-268
-280
-214
-208
-390
-587
-235
148
1
-442
-585
-105
190
275
217
92
219
125
53
460
342
252
120
182
272
47
244
729
716
567
602
512
520
653
715
774
710
516
637
755
658
754
650
592
505
244
314
446
436
319
255
224
232
142
61
111
-133
-293
2
315
121
-382
-617
-650
-201
-100
-335
-595
-933
-987
-372
-265
-369
-443
-975
-791
-483
-470
-298
-276
-507
-466
-166
-101
-267
-814
-597
-15
100
-354
-744
-565
-80
205
196
-315
-379
15
321
289
97
-164
-45
234
319
472
205
-201
-244
149
210
479
362
-115
100
567
530
232
139
288
636
842
434
163
204
491
692
515
339
323
383
409
321
227
370
527
287
33
114
-19
10
-89
-282
-262
-405
-315
-228
-438
-672
-481
-223
-312
-537
-563
-391
-89
-215
-394
-523
-476
-198
-103
-113
-107
-76
74
206
-21
-56
-7
46
28
-237
-445
-445
-234
-80
-106
-341
-315
-63
-51
-16
-194
-162
0
243
480
269
147
315
570
796
521
16
23
395
603
526
22
64
49
236
330
-3
-192
146
242
-124
-419
-569
-402
72
412
139
-201
-377
-181
3
87
187
-70
-54
-53
-214
-270
-116
-309
-272
-152
-310
-367
-401
89
209
-377
-327
-259
-47
-80
-455
-485
-66
143
-13
-283
-150
-105
-102
104
116
286
317
290
226
-28
129
319
437
463
321
269
333
400
334
425
627
642
174
-119
29
286
364
127
-471
-239
553
552
242
-115
-260
214
421
-20
-182
-57
60
9
10
-9
233
422
335
189
-80
-321
228
544
237
-20
58
192
104
180
-264
-608
-275
-9
-158
-222
-394
-647
-325
-344
-472
-496
-390
-398
-427
-237
-232
-319
-47
-84
-369
-444
-334
-603
-670
-344
-48
-69
-265
-241
-377
-278
-274
-325
-174
-16
78
147
-179
-451
-193
472
520
78
-9
-1
349
665
385
372
438
393
590
690
602
705
234
-86
487
730
452
461
142
-87
367
564
309
1
-572
-172
304
-102
-381
-292
-227
-176
159
9
3
263
36
-37
-52
-218
-100
-157
-85
-123
-454
-635
-530
80
-132
-608
-538
-469
-588
-402
-556
-836
-605
-503
-655
-491
-610
-439
-22
-281
-339
28
-73
27
304
181
215
326
425
570
577
454
331
436
469
706
801
663
515
698
558
629
597
427
453
620
702
613
112
-86
233
298
351
291
189
56
168
109
76
43
-223
-139
41
110
211
166
223
-18
23
-120
-255
7
-86
-470
-158
104
-238
-391
-388
-498
-435
-439
-403
-446
-982
-891
-570
-631
-713
-789
-813
-737
-830
-899
-931
-708
-621
-423
-493
-639
-667
-506
-332
-144
-62
-155
-143
19
-52
-101
203
400
369
630
435
334
816
667
518
595
558
807
1025
903
791
924
826
616
860
964
839
926
575
692
504
652
870
478
217
251
127
-8
-147
-271
-107
-6
-164
-403
-576
-335
29
0
-154
-248
-262
-259
-285
-219
-487
-422
-280
-100
1
-4
-91
-155
-734
-703
-456
-469
-402
-393
-382
-518
-738
-462
-569
-453
-376
-777
-764
-561
-418
-275
-286
-529
-407
-29
-104
-93
-9
-136
0
184
258
408
180
107
314
435
662
612
382
448
653
604
504
456
457
395
464
-14
-174
506
601
235
-62
-376
-2
245
296
53
-148
-223
-123
243
385
76
47
39
-66
-207
-245
43
265
143
83
-117
-185
-134
-20
-109
-74
-94
-124
-84
-242
-319
-384
-441
47
157
-14
-132
-463
-161
58
-118
55
-417
-408
-127
-321
-255
-118
-381
-503
-381
-518
-400
-127
-71
-15
-58
-96
-75
28
314
329
141
170
339
769
665
565
556
556
815
995
1152
894
698
901
918
847
699
329
427
770
800
539
51
-212
163
474
348
-132
-385
-602
-307
-15
-120
-528
-690
-586
-507
-451
-312
-496
-514
-682
-591
-512
-260
-311
-285
-421
-721
-776
-724
-647
-626
-795
-876
-819
-715
-465
-788
-890
-684
-663
-744
-950
-760
-454
-315
-592
-683
-400
-328
-27
-141
-404
-278
-349
-119
302
608
631
192
69
426
786
758
843
695
470
537
870
1103
904
919
1000
950
881
810
681
891
1024
725
587
493
400
628
457
246
134
174
404
384
213
203
273
79
48
-197
292
142
-265
-48
-101
-217
11
-137
-101
-91
-231
-118
-87
-72
124
19
-378
-63
163
105
-101
-241
-135
111
144
-145
-380
-551
-324
-325
-482
-719
-729
-370
-252
-381
-410
-426
-552
-592
-509
-309
-267
-84
-168
-306
-172
-318
-245
58
222
430
457
66
-151
128
408
716
280
-18
200
350
432
130
71
-7
25
-88
-109
42
-395
-81
196
-15
-68
-178
-329
-192
-50
-87
-375
-458
-352
-205
-207
-262
-339
-466
-52
119
-146
-14
-145
-252
-88
28
-82
-279
22
174
377
388
222
-34
-157
-37
39
451
298
-39
-87
-49
189
188
-81
-198
-180
-229
75
87
77
-13
-129
93
145
27
191
291
467
217
122
157
222
449
278
114
51
178
644
864
431
294
505
618
573
319
317
443
665
621
424
285
284
203
52
-93
-281
-85
73
-1
-263
-479
-618
-591
-388
-587
-474
-498
-461
-502
-752
-788
-659
-397
-326
-563
-561
-290
-59
-163
-200
-501
-197
195
1
-120
-215
-248
102
172
-58
-185
-504
-143
117
213
18
-388
-369
-232
-91
-327
-433
-481
3
416
174
-124
-241
45
345
428
85
-14
74
368
574
286
185
323
456
615
145
426
538
551
610
472
324
422
620
608
531
298
403
406
542
507
154
-164
-169
185
192
27
-348
-720
-131
-115
-310
-599
-1068
-661
-64
-90
-137
-444
-531
-87
148
-38
-156
175
290
388
266
-55
61
395
269
-151
-60
-9
246
478
246
-274
-230
26
-4
86
-7
-234
-157
158
-41
-133
-125
50
106
-119
-198
-242
-95
197
149
-122
-571
-225
-41
-172
97
-283
-286
3
-156
118
79
244
205
45
0
21
-79
169
207
86
183
-71
-229
-128
-256
-16
-80
-383
-17
-184
-377
-61
-232
-689
-465
-447
-352
80
-208
-505
-297
-484
-335
-296
-199
16
20
7
-64
-229
-374
19
386
443
399
36
-200
-153
334
455
138
-101
-135
-227
243
312
-135
27
3
1
244
18
32
327
477
344
238
166
76
413
191
509
672
429
478
543
580
681
558
514
618
773
665
339
313
593
810
595
416
-99
72
437
163
88
3
-110
50
-1
-143
70
361
-210
-310
-327
-551
-262
-212
-381
-474
-638
-676
-602
-482
-616
-760
-692
-647
-545
-626
-437
-470
-659
-625
-444
-372
-257
-426
-378
-240
-459
-535
-328
-303
-220
-204
-254
-148
-184
-16
-145
-219
-159
-123
-279
-99
215
182
96
-95
118
183
326
248
-25
-187
-88
305
568
525
223
-25
493
899
661
483
322
340
626
540
648
592
731
764
647
451
196
88
103
416
364
147
89
-113
-22
71
154
25
78
-45
-169
-531
-332
-254
-147
20
-383
-433
-82
-209
-262
-218
-380
-463
-122
166
193
-82
-182
10
247
71
-174
-301
-38
286
128
164
4
-66
-195
-356
-88
108
260
222
-69
-129
-466
-317
67
155
289
46
-339
-241
-185
-167
-55
122
130
66
-274
-253
-20
221
224
64
74
322
337
30
-161
111
613
384
-275
-558
-73
435
427
-23
-463
-719
-299
-114
-228
-165
-359
-179
-196
-310
-265
-286
-167
-137
-105
-320
-350
-351
-300
-311
-455
-182
-172
-333
-282
-122
118
327
227
-102
96
569
426
264
222
198
572
865
602
347
20
17
287
500
775
578
366
149
165
149
356
181
109
290
-303
79
417
-104
-56
132
161
110
79
28
70
45
90
122
323
272
117
282
250
422
323
91
268
385
229
211
187
39
-121
-166
-292
-46
288
20
-304
-979
-450
170
-205
-339
-464
-591
-375
-118
-241
-269
-395
-620
-296
-34
-273
-511
-350
-417
-425
-136
-289
-564
-502
-347
-211
-376
-602
-636
36
480
-45
-444
-488
-344
30
60
-225
-230
31
56
148
66
-332
-104
132
-79
-387
-461
-279
104
110
-158
-391
-443
-26
266
139
23
-236
201
474
281
133
150
50
395
418
4
210
322
231
458
415
108
110
-73
57
334
344
-38
71
177
171
218
-164
7
144
100
243
63
193
-42
55
459
523
591
263
140
554
501
297
212
138
352
723
635
459
306
242
466
658
314
278
508
263
386
511
102
54
511
272
56
91
-264
-57
358
381
28
-444
-486
-259
-44
46
-68
-415
-479
-263
-340
-472
-547
-806
-645
-598
-481
-594
-954
-855
-393
-106
-99
-454
-754
-277
-278
-365
-505
-677
-242
5
-156
-253
-276
-181
64
106
-206
-76
94
-85
144
74
-131
9
25
302
296
191
158
-29
97
151
170
190
61
-153
-264
169
340
244
64
-102
350
329
350
105
-191
287
383
4
-302
-367
-170
187
77
-226
-294
-202
-268
-123
-194
-348
42
130
32
-65
-337
-593
-97
295
-4
41
-149
-225
-50
53
-108
-164
56
59
19
4
-210
-285
132
309
342
305
188
35
-65
356
468
421
216
67
87
45
417
497
483
358
54
71
420
532
352
167
253
151
186
429
145
-54
108
128
503
231
1
138
169
310
225
201
9
188
2
130
110
16
97
-61
-46
12
41
204
-227
-148
-107
-133
62
-278
-607
-755
-408
-298
-260
-487
-800
-584
-434
-107
-316
-914
-662
-620
-525
-40
-580
-905
-733
-222
192
240
24
-657
-273
10
80
-101
-267
-52
-50
188
156
184
260
139
243
219
486
696
597
445
193
-22
231
718
879
625
223
336
221
281
584
461
202
187
324
310
425
347
32
147
176
15
162
9
6
43
14
55
-75
-35
111
29
-195
-404
-359
-313
-28
-175
-440
-276
-489
-268
-380
-604
-478
-172
-238
-361
-382
-369
-161
-170
-323
-240
-239
-248
0
-75
-474
-426
-127
358
349
71
-117
-99
41
229
-97
-235
3
141
-63
-137
-146
47
149
-17
-177
-420
-74
198
-170
-191
54
-30
70
124
-26
208
169
158
94
42
-23
88
216
259
80
-1
58
77
130
299
255
135
-52
-279
-107
90
100
150
42
83
2
-61
-406
-93
-116
-67
-18
-176
55
85
-43
-11
2
-81
-133
108
115
161
-102
133
313
184
250
-141
-198
40
152
72
135
-87
-218
182
160
-30
20
212
107
404
435
259
324
169
163
371
277
205
421
615
553
337
218
410
594
597
471
453
440
435
535
509
263
168
214
329
208
127
234
-18
-368
-233
-132
-214
-66
-10
-449
-236
-196
-509
-372
-533
-876
-793
-599
-597
-521
-776
-954
-653
-685
-875
-819
-952
-694
-536
-755
-765
-348
-273
-436
-410
-463
-377
-210
-142
83
-285
-669
-411
-140
297
383
49
-66
-154
203
476
371
48
118
379
344
310
98
289
520
386
485
170
336
567
465
443
421
424
482
588
378
229
143
392
639
97
63
173
316
538
243
104
3
-2
200
152
-79
-56
120
-251
-353
-349
-364
-325
-273
-467
-514
-349
-532
-323
-246
-308
-296
-325
-380
-333
7
174
61
-111
60
-199
-121
305
237
377
201
-432
-224
474
534
245
-129
-191
343
397
-75
69
325
335
313
-80
28
292
177
-59
23
142
293
399
216
15
123
82
-34
353
475
317
124
255
503
444
198
166
569
942
795
308
120
395
948
787
-291
-389
137
482
573
117
-140
-61
-18
-294
-576
-513
-507
-420
-207
-280
-546
-576
-421
-422
-321
-433
-570
-393
-504
-377
-497
-719
-724
-400
-342
-486
-547
-740
-718
-694
-468
-531
-812
-722
-348
-84
-361
-635
-445
-143
-255
-448
-345
-110
190
324
99
44
270
328
49
64
229
184
327
502
294
478
459
347
404
668
289
51
319
339
613
716
439
508
319
380
600
483
474
691
420
-53
128
488
495
437
53
59
388
513
521
263
69
-27
-24
112
8
173
263
29
-171
-149
-88
-125
-6
-279
-572
-448
-504
-333
-295
-488
-709
-765
-604
-433
-382
-486
-401
-258
-467
-542
-375
52
51
-278
-106
120
75
43
-146
-137
-43
79
22
-118
-494
-240
40
-38
28
-24
-287
-173
4
-63
52
18
39
39
-26
133
120
278
193
303
199
81
227
332
432
547
361
160
296
456
569
402
203
155
206
278
473
149
17
375
500
483
392
79
74
64
200
121
100
-69
-385
16
254
175
-121
-265
157
196
-282
-529
-436
-68
273
154
-582
-672
-330
-86
-72
-574
-733
-618
-174
-205
-329
-285
-287
-249
-456
-291
-296
-236
-189
-283
65
88
-31
-163
-92
-81
61
-2
-51
93
-118
-226
-271
-378
-249
-11
97
-202
-340
-516
-251
-4
-231
-246
-117
243
426
268
188
333
296
543
787
618
535
556
586
723
522
275
387
370
442
398
360
189
21
205
199
79
-317
-287
41
217
-27
-93
-166
-161
-253
-290
-284
-142
-14
-9
-128
-63
25
-1
138
-46
-533
-358
263
234
51
-391
-450
1
-10
-112
61
-76
-351
-72
-193
-243
-170
-242
-267
-303
-269
-253
-82
-50
1
-209
-183
-17
233
181
-105
-56
84
210
102
80
247
307
353
-17
218
544
557
568
251
162
108
246
241
501
243
-134
223
235
230
194
-190
-110
60
142
216
-156
-257
-195
-255
-307
-224
-97
-277
-76
-363
-328
-129
-163
-178
-377
-346
-310
-249
-220
-375
-495
-570
-201
-55
-99
-173
-500
-296
46
88
31
-172
-183
-152
140
76
213
227
226
380
346
167
271
204
76
85
138
141
28
-394
-379
-134
9
45
-188
-238
-88
-115
-183
-167
82
156
40
121
346
378
125
325
647
451
402
189
121
-26
185
390
394
528
78
25
-12
194
423
254
40
-339
-336
-392
14
181
225
1
-255
-273
-143
161
-238
-190
87
224
90
-107
-166
67
318
287
-112
-279
63
197
229
228
-63
-118
46
252
68
127
-307
-349
-149
-221
-136
-487
-504
-241
-67
51
-174
-213
-332
-376
-213
-233
-322
-124
98
3
-42
3
111
438
138
113
33
93
470
217
25
7
136
185
308
1
-184
131
122
185
125
-201
-226
-88
196
-24
-311
-255
-6
207
172
180
-54
66
122
-17
18
-123
-203
-130
-29
-25
-1
-346
-537
-420
-600
-649
-182
-127
-493
-406
-539
-639
-218
29
37
51
-72
100
366
400
393
428
442
631
343
348
162
235
537
402
161
-168
193
414
285
28
-165
43
214
40
-182
-185
37
90
-116
-110
-48
32
178
77
172
146
-31
214
458
334
358
378
168
436
197
29
109
-66
-170
-72
-49
-121
-301
-409
-431
-170
-206
-468
-398
-191
-197
-451
-349
-318
-216
-248
-434
-36
-1
-104
-385
-261
-110
-81
-17
101
-48
-137
-136
-139
346
587
417
201
108
334
251
173
268
270
225
3
18
8
200
352
82
-237
-219
13
156
269
303
114
-212
-324
-45
56
336
331
-144
-105
21
47
47
-181
-292
-280
-228
-189
-254
-120
-339
-304
-183
-221
122
-5
-15
-85
-190
-229
-122
160
124
33
-190
-27
379
542
204
-132
-115
-34
63
98
-151
-79
-111
-197
103
59
-82
-116
-209
-14
-50
-117
113
265
269
-57
22
329
416
484
296
54
104
229
272
136
-139
-111
-26
67
-44
-309
-372
-154
117
-35
-316
-153
6
-100
-235
-259
-10
145
330
108
-71
166
-68
-31
170
188
68
89
184
-78
-181
-108
-114
-161
112
357
83
-244
-457
-545
25
358
134
-44
-152
-37
93
54
2
73
24
57
-65
-406
-297
-3
25
-236
-283
-281
59
225
99
-29
-132
149
200
174
362
242
225
234
-5
73
193
328
42
-242
-92
21
323
221
-127
-71
128
194
280
277
67
138
101
12
224
200
262
232
87
-90
-184
39
-183
-142
56
-3
38
-188
-226
-92
-200
-317
-443
-682
-436
-3
-165
-349
-136
-353
-257
-230
-313
-130
-83
-55
-155
-81
-179
-255
-39
-162
95
-63
-293
-258
-67
70
104
-74
-5
217
-151
-188
-70
-113
56
119
-242
-240
185
99
121
36
141
487
202
-34
204
522
584
327
43
296
680
683
346
81
243
412
401
323
-36
-10
129
152
245
25
-16
34
207
374
264
41
33
184
133
217
91
-178
97
157
-125
-306
-145
-59
-95
-258
-507
-352
-257
-170
-209
-569
-199
-108
-323
-264
-543
-763
-268
-204
-259
-168
-369
-258
-82
-398
-219
-82
-340
-188
-29
-260
-246
-55
-216
18
9
-173
164
117
-18
124
224
253
196
-72
45
410
470
427
411
624
418
211
394
407
732
460
193
506
561
436
272
494
394
275
232
143
169
162
241
164
-107
-270
-476
-318
-216
-251
-460
-500
-151
-109
-65
9
-463
-376
-162
-235
68
-173
-543
-406
-425
-346
-214
-306
-344
-280
-543
-487
-199
-110
-297
-616
-622
-308
-395
-8
18
-30
64
-340
-324
209
254
216
35
-25
224
194
93
222
264
194
-8
-221
50
230
48
216
257
0
-100
165
448
291
157
47
5
224
387
209
-2
121
121
243
358
217
264
239
90
-10
138
420
287
210
103
147
210
106
-104
-121
271
272
217
286
124
-158
-82
371
244
-23
-87
69
409
272
-96
-436
-188
120
185
-168
-249
-90
-85
-54
-136
-175
-33
185
-123
-25
38
-180
-196
-95
109
156
41
-61
-17
-9
229
205
56
-137
-171
-333
-536
-315
-399
-446
-321
-347
-397
-493
-476
-326
-189
-62
-228
-166
-174
-105
57
-125
-377
-198
-43
-117
-246
-271
-265
-260
-193
-210
-68
3
130
159
35
182
155
110
-30
43
-34
-50
-99
-55
66
-24
-21
117
123
6
281
154
112
151
263
242
358
452
267
258
426
340
349
395
309
414
262
189
423
342
210
158
144
349
508
138
-183
-196
289
617
250
128
-90
194
306
198
7
-198
-21
-72
26
119
-101
-271
-360
-99
22
58
-217
-552
-259
-1
-207
-535
-678
-624
-248
-247
-395
-541
-455
-247
36
-158
-410
-387
-311
-130
147
-40
-174
-239
-31
105
-47
-317
-307
81
229
36
-310
-194
191
243
184
-236
-399
181
424
337
120
-393
-184
157
170
25
-67
97
144
138
172
305
385
424
492
536
123
35
383
346
200
234
18
-49
199
146
116
-2
-219
111
198
210
228
65
54
84
-32
25
57
-19
-21
-162
-295
-55
-29
-221
-87
123
248
7
-168
-205
-215
53
93
-176
-160
-134
-102
191
126
-65
-3
-402
-284
-14
-104
-172
-229
-89
-166
-105
-115
-26
-33
-146
-63
-84
-76
-82
-232
-143
150
162
-158
-67
9
-58
197
167
23
222
154
112
252
308
198
234
337
265
23
-79
44
50
126
218
6
8
-32
-57
-60
-185
-5
-5
52
-262
-206
-249
-175
19
-63
-108
-272
-246
-488
-369
-333
-93
-9
-256
-248
-454
-180
-88
-190
-231
-341
88
22
-242
-179
5
-2
86
180
181
317
403
-7
-13
169
162
203
111
134
107
34
300
176
-1
83
198
110
86
78
146
453
397
348
285
304
384
358
241
201
214
82
121
225
265
294
252
72
69
393
359
163
104
59
263
192
230
239
348
166
-127
-112
-101
-275
-173
130
-63
-298
-337
-448
-480
-322
-194
-451
-559
-535
-606
-569
-730
-754
-436
-218
-29
-316
-476
-193
-35
-130
-191
15
36
162
-8
-266
-350
-65
195
-2
-55
-98
-372
-330
-74
-41
-179
-108
-133
20
-57
-247
59
76
183
66
-214
-222
-2
263
58
8
-50
-10
-69
73
195
-128
-127
149
162
147
185
167
13
10
271
118
267
282
319
540
227
90
91
42
276
193
145
279
360
271
113
-48
-84
211
42
48
180
129
190
34
-58
159
173
-8
-168
-33
18
117
80
-107
17
-39
65
490
539
294
47
-94
136
432
378
195
37
85
323
216
125
-153
-292
8
-92
-311
-334
-198
47
-113
-421
-177
71
-82
-288
-277
-262
-102
-89
-60
-16
-31
40
58
175
130
42
-105
64
67
55
-52
-73
192
154
-156
-99
91
16
7
106
-51
45
-237
-406
-272
84
-170
-481
-558
-574
-378
-236
-270
-180
-257
-554
-504
-232
-241
-313
-530
-335
-23
-46
-209
-230
-212
-108
84
46
109
-5
-4
59
149
239
241
-107
-214
205
554
686
430
104
-4
142
475
538
343
185
253
211
241
209
62
39
255
156
15
-34
-268
-117
323
309
142
-53
45
445
433
294
122
171
259
170
210
170
-98
-225
198
70
-138
-39
-224
-230
-339
-383
-221
-69
19
-300
-562
-474
-48
94
-122
-78
-130
-258
-40
-83
-112
-33
-141
-213
-168
-33
131
173
-121
-47
115
232
315
172
-82
13
289
298
421
416
329
251
178
241
338
247
242
108
93
-232
-236
-23
53
151
-104
-351
-200
-243
-348
-155
-162
-257
-82
-174
-467
-108
-124
-297
-68
10
-73
-61
-156
-52
286
213
-31
53
3
389
357
-24
40
-90
133
289
207
-217
-259
10
71
-8
-325
-331
-386
-273
-10
-325
-351
-256
-216
-110
-144
-58
-279
-53
67
6
-33
-327
-27
441
212
-67
-87
67
462
445
54
-40
240
261
212
220
122
49
128
161
285
242
118
60
4
218
298
279
235
161
-106
-165
133
47
252
192
-56
-114
35
133
119
44
37
98
-2
-203
-191
-165
-157
-192
-191
-172
-114
-260
-281
-116
35
-342
-288
-187
-220
-129
-112
-103
-110
69
101
-53
-209
-263
-60
-60
-179
-241
-406
-206
-23
-352
-507
-513
-249
-55
-53
-377
-447
-240
49
300
59
106
172
165
310
427
480
206
223
348
334
342
429
284
248
265
210
378
249
225
293
306
459
351
190
269
234
298
233
222
193
45
119
98
-7
-12
90
240
246
196
33
302
301
239
146
27
331
380
49
-229
-158
106
166
-147
-487
-379
-191
-67
-254
-588
-615
-426
-379
-667
-834
-697
-330
-388
-587
-488
-627
-605
-212
-358
-607
-522
-306
-207
-242
-414
-428
-268
-99
-117
-40
210
187
17
-30
-28
187
353
380
355
367
373
441
295
210
339
397
433
389
263
313
371
54
209
162
24
171
282
6
1
162
129
121
83
-341
-189
102
42
-250
-368
-293
-92
158
-217
-355
-80
24
-82
-270
-209
-136
20
3
-168
-203
-55
88
-92
115
143
31
197
171
-4
-148
-120
137
116
57
-95
3
196
71
-24
49
192
190
203
90
150
322
196
260
174
87
90
210
337
185
47
47
246
250
70
-57
-10
210
221
84
-316
-81
171
169
51
-264
-235
-148
-120
-219
-171
-90
-96
11
-188
-188
-239
-58
39
54
-52
-255
-91
-204
-201
-109
-90
-109
72
70
24
64
-85
-81
75
209
87
-125
-92
23
58
-261
-144
-150
-51
-14
-179
-177
-272
56
-95
-55
134
20
271
-34
-214
-143
-152
-69
-16
34
-235
-303
-282
-121
98
-117
-307
-221
-23
-8
-65
-240
-96
119
115
217
18
24
294
454
304
150
36
121
213
-70
42
369
341
133
68
86
154
187
277
284
227
-40
-32
125
222
183
84
-31
89
265
136
63
-166
-161
47
262
-36
-308
-215
-177
-40
146
-31
-183
-138
-52
180
140
-191
-85
-35
79
-42
-32
-130
-63
-20
-75
-1
154
59
-147
16
-89
-106
161
-18
-81
39
-77
-37
188
245
-54
-360
-311
-138
159
158
-127
-190
-150
-116
-47
-157
-166
-188
-242
-181
141
158
-129
-188
15
54
-46
72
66
176
329
36
-230
-186
-51
101
227
-64
-322
-162
-62
106
-121
-283
-69
58
174
190
-44
-98
-157
-31
121
167
103
7
-36
-25
25
118
174
41
-75
-80
-197
-30
44
-253
-73
222
259
236
81
-61
185
355
226
227
43
29
207
52
-21
78
-2
-127
-128
-67
46
-27
-55
-80
75
176
76
84
110
103
49
124
200
242
40
-4
196
76
-44
-91
50
144
139
-83
-316
-53
232
189
-35
-96
-84
-1
4
4
-191
-309
-150
-250
-242
-80
-197
-190
-53
-262
-313
-222
-287
-301
-103
63
67
-200
-443
-154
190
137
-2
-189
-276
139
261
47
71
149
84
163
118
-32
-39
-98
-42
71
179
198
-61
-180
-11
-1
25
227
211
-65
-31
43
153
246
111
49
232
122
72
16
18
199
180
45
82
-116
-93
142
72
-66
-135
-48
110
139
-61
-38
196
240
121
-32
-106
-20
89
71
69
84
-28
155
24
-220
-194
-103
145
117
-119
-373
-212
63
-143
-52
-202
-72
-56
-88
-105
-154
-45
-41
41
-130
-24
88
-261
-274
-178
-121
-204
-77
-130
-93
126
17
249
202
-42
-68
79
141
206
232
-197
13
222
270
159
90
122
64
225
171
20
33
51
103
104
276
73
-52
76
114
292
116
-4
40
166
194
165
132
30
191
117
60
26
-61
163
214
-86
-389
-435
-183
14
-190
-346
-387
-327
-420
-417
-328
-402
-346
-392
-401
-511
-517
-368
-210
-284
-175
-171
-220
-47
-153
-141
-195
-138
-36
107
243
-56
30
121
159
74
37
217
147
55
203
297
381
267
170
253
422
357
314
330
371
358
141
293
473
421
366
349
422
473
425
317
446
388
181
117
304
309
249
122
123
311
287
264
179
67
-43
-58
-87
-151
-167
-235
-267
-306
-98
-195
-404
-332
-601
-579
-399
-352
-358
-356
-333
-429
-242
-351
-326
-366
-622
-520
-447
-405
-195
-203
-540
-434
-240
-227
-170
-121
-199
-133
-113
-100
-71
68
224
307
357
129
-10
242
368
350
167
78
230
335
387
65
-53
18
55
307
199
60
-59
-112
-27
-73
11
-199
-61
81
76
124
125
-130
-55
251
288
304
302
282
81
55
168
222
142
106
146
44
53
80
342
147
32
-4
-104
-31
-11
-139
-110
-107
-274
-173
-30
-18
48
-101
-99
-132
-77
-89
-96
-68
-28
126
-77
8
67
82
341
219
28
172
86
-12
157
96
230
218
61
127
-78
-66
173
176
-52
-367
-207
207
176
-135
-140
-44
-165
-214
-160
22
49
-145
-165
135
142
-36
74
62
-60
35
63
85
239
126
23
-212
-115
71
35
-45
-179
-319
-465
-142
-23
-164
-233
-507
-54
293
130
-381
-513
-101
108
172
-164
-260
-138
42
140
6
-157
-224
-190
-72
38
-170
-196
2
169
-83
-440
-279
-75
81
135
-9
-124
36
258
54
96
212
278
390
303
45
240
308
204
192
293
242
200
309
31
237
103
-168
119
57
45
-30
-52
-137
4
-57
-201
-147
-230
34
230
149
44
-93
-23
34
123
57
88
-46
-162
-100
-17
40
-70
-147
-110
81
-19
-118
82
109
-155
-271
-139
14
124
-122
-157
-92
-58
34
68
-164
-251
-179
32
13
-39
-256
-234
171
250
398
65
-98
90
336
295
20
193
132
251
442
229
175
-60
15
291
257
-6
-154
-38
102
146
23
-158
-132
-130
-35
-74
-70
-98
-136
191
304
131
-218
-195
-132
-133
-91
-339
-167
-101
-158
-184
-434
-515
-205
-4
-94
-284
-219
-296
-85
-40
-276
-188
76
170
16
-112
-162
74
249
92
187
67
-93
245
-81
-194
-205
-301
-174
-95
17
37
252
121
-77
79
-4
204
277
209
119
245
365
370
393
227
143
543
402
-29
-121
96
186
193
-97
-178
22
152
380
32
-404
-79
88
-87
-160
-223
-248
-79
-14
-236
-245
-41
-249
-191
-40
-57
-1
-70
-343
-282
-139
-197
-66
-109
-259
-142
-94
-24
1
7
-174
-8
113
168
347
200
159
281
427
234
191
252
261
254
301
276
61
-1
155
120
-23
-95
122
205
202
152
159
-108
-227
-104
213
311
75
-53
128
333
328
248
286
220
273
14
-170
-116
136
103
-30
47
-255
-226
-46
82
-41
-475
-542
-479
-38
-98
-188
-436
-439
-238
-165
-388
-533
-320
-344
-398
-518
-423
-429
-545
-475
-440
-371
-471
-407
-480
-544
-566
-563
-311
-194
42
-49
-51
85
-48
-122
16
334
235
63
111
178
368
284
353
441
521
465
246
532
723
697
535
483
466
331
574
555
306
462
315
507
571
439
466
256
283
316
387
495
408
380
305
420
426
456
391
293
247
30
150
-64
-228
-216
-212
-253
-263
-274
-377
-368
-351
-363
-339
-480
-629
-742
-614
-346
-311
-422
-488
-565
-482
-344
-352
-478
-501
-281
-67
-201
-297
-344
-345
-32
36
-214
-299
-199
-155
-73
-133
-180
-162
-160
-186
-79
208
345
518
245
99
372
362
383
252
105
209
313
543
293
113
75
185
428
280
142
-59
200
6
67
39
-256
52
-122
155
262
77
3
38
279
91
191
-164
-177
227
308
228
-208
-308
-177
187
199
-221
-267
-259
-85
87
-129
-247
-290
-110
88
-171
-405
-580
-431
45
128
-17
-86
-304
-223
-16
-28
-12
-64
-153
-127
51
56
95
84
4
217
348
214
91
181
343
431
330
215
344
379
347
561
461
339
323
522
422
194
224
53
103
264
252
173
39
-48
77
203
91
-76
-337
-319
-152
-385
-498
-116
-55
-204
-208
-298
-278
-369
-384
-373
-319
-462
-862
-751
-383
-288
-580
-844
-782
-703
-470
-658
-600
-476
-517
-330
-345
-310
-152
-247
-172
14
103
-60
-109
-118
154
409
312
-71
1
578
785
745
361
180
140
408
691
813
687
523
738
395
517
634
399
691
836
693
464
363
571
823
633
125
171
545
694
518
-2
-149
29
-9
-96
45
4
-103
-154
-392
-329
32
31
-267
-550
-504
-239
-410
-365
-352
-451
-358
-551
-658
-552
-314
-126
-161
-500
-653
-220
-10
50
-128
-338
-168
58
229
254
-22
-558
-454
-150
-18
-86
-214
-180
-78
-73
-282
-162
8
188
-64
-245
-114
-58
72
-54
16
-65
127
346
373
347
294
453
399
243
321
253
247
457
296
87
153
279
229
222
206
98
-88
-31
23
187
42
22
-73
-279
-45
-101
-169
-115
-213
-177
-162
-128
-406
-615
-630
-444
-520
-699
-488
-564
-570
-475
-659
-450
-200
-410
-400
-328
-3
327
-3
-305
-172
-87
130
433
238
-33
-56
-200
259
365
328
196
111
88
119
431
487
532
296
258
462
385
390
355
66
30
403
713
991
893
319
189
560
711
670
780
531
556
467
320
267
220
414
570
738
467
207
143
-18
151
288
-28
64
196
-130
-321
-266
-221
-197
-370
-738
-976
-819
-674
-586
-713
-1084
-1185
-950
-925
-814
-817
-1172
-909
-584
-451
-417
-735
-669
-262
-160
-46
-127
-303
-78
21
116
216
90
150
281
198
181
156
51
197
175
322
291
-13
212
248
246
366
441
554
333
334
432
606
637
390
235
376
545
557
292
78
-72
90
261
158
117
-213
-99
86
290
216
-109
-160
-202
219
229
28
-185
-29
7
-195
-314
-561
-232
-161
-244
-450
-901
-587
-502
-404
-317
-719
-854
-793
-727
-545
-666
-504
-312
-131
-73
-241
-231
-213
40
297
331
374
208
433
529
592
282
186
445
556
743
502
513
343
310
570
553
645
573
583
559
479
559
524
541
394
408
382
380
480
160
120
308
455
334
-9
-22
191
354
120
72
-53
157
244
27
-49
0
40
227
-14
-224
-45
25
-52
-157
-323
-352
-162
-99
-366
-683
-1083
-876
-718
-818
-1031
-1189
-1105
-1094
-881
-960
-895
-849
-1052
-685
-790
-692
-486
-298
-286
-274
-226
-142
-65
125
241
178
174
195
158
324
403
397
459
318
305
418
424
598
577
549
453
329
452
569
658
516
180
300
598
530
505
390
82
336
437
400
340
109
11
166
301
270
225
141
390
281
142
344
146
140
226
135
177
-39
-230
60
286
206
-57
-247
-254
-137
-158
-510
-507
-530
-575
-483
-453
-645
-765
-914
-1052
-705
-812
-850
-531
-715
-845
-796
-908
-669
-402
-318
-133
-278
-168
-285
-302
-168
-284
-41
163
342
59
-133
223
299
543
535
387
160
478
729
522
699
427
531
647
597
680
504
490
671
753
632
517
423
374
419
381
491
592
387
205
192
438
358
331
426
561
542
628
471
321
241
182
296
357
193
36
-88
-256
-335
-331
-368
-394
-414
-575
-641
-988
-1121
-870
-793
-659
-719
-1059
-1013
-874
-768
-610
-690
-730
-831
-612
-327
-227
-329
-578
-368
-473
-209
102
9
44
30
194
43
105
225
227
368
195
254
449
637
668
332
148
308
882
914
699
309
-97
152
455
673
512
230
-28
225
172
-13
33
-265
-150
182
257
3
30
198
195
268
211
150
457
424
285
136
-71
-180
-79
105
-91
-493
-568
-523
-236
-265
-601
-573
-704
-615
-314
-364
-671
-731
-810
-662
-266
-538
-844
-715
-488
-447
-407
-579
-771
-506
-201
-92
-219
-498
-276
142
148
15
182
212
580
891
783
551
577
678
848
719
378
753
929
941
815
485
296
602
810
426
238
434
456
590
411
76
111
446
315
183
32
156
569
956
542
341
176
226
455
592
315
-1
109
233
215
73
-203
51
-46
-372
-532
-503
-460
-370
-587
-918
-1149
-1039
-875
-787
-853
-902
-745
-957
-1054
-758
-1060
-873
-460
-327
-330
-457
-544
-312
-4
-120
-21
222
111
384
495
614
631
357
288
648
720
575
558
635
639
512
73
232
383
390
313
194
171
478
614
172
40
151
314
321
76
123
-102
-277
52
90
48
140
22
-82
-191
-91
-119
-163
-133
122
-126
-247
36
-150
-319
-415
-326
-158
-154
-280
-381
-385
-441
-329
-278
-203
-380
-603
-448
-528
-418
-423
-562
-379
-502
-486
-373
-363
-584
-640
-375
-460
-451
-272
-298
-139
-85
-145
10
44
279
531
439
305
661
799
1038
1158
866
826
970
975
1089
1144
1018
791
730
766
850
855
776
577
361
284
406
426
268
259
251
218
65
-132
-291
-118
172
38
-30
-17
-139
-79
-287
-332
39
450
197
-157
-406
-395
-82
-154
-282
-422
-501
-749
-940
-717
-560
-453
-910
-1335
-992
-839
-693
-653
-579
-569
-458
-537
-733
-482
-360
-346
-251
-453
-713
-433
-156
-105
116
-219
-97
303
336
386
680
595
339
644
744
720
743
650
842
895
660
835
688
648
770
440
610
683
654
466
367
389
293
145
-51
67
229
296
-110
-460
-244
55
-88
-123
-283
-507
-278
-101
-246
-397
-330
-223
-219
-337
-347
-394
-232
-335
-509
-282
-84
-49
-301
-601
-472
-269
-182
-368
-690
-702
-500
-294
-222
-469
-654
-629
-506
-323
-427
-561
-578
-274
-253
-464
-109
-186
-161
-122
10
176
106
143
181
497
669
461
503
804
907
674
694
845
781
718
765
793
878
869
777
755
531
435
537
540
255
175
211
406
138
-114
5
205
252
-122
-205
223
86
-372
-504
-83
181
177
1
-430
-269
-59
67
80
-184
-284
-184
3
-141
-240
-327
-339
19
-142
-501
-610
-240
-287
-416
-557
-428
59
-182
-687
-485
-66
161
81
-523
-406
-125
-87
1
-121
-166
-173
-176
-226
-155
-26
-54
-53
-136
189
358
179
-35
74
223
403
508
438
288
279
521
608
372
132
191
68
136
195
-40
-112
7
4
-116
-371
-311
-20
-3
-322
-562
-452
-46
-117
-499
-549
-395
-133
-275
-569
-617
-521
49
294
-299
-583
-486
84
472
262
-395
-482
202
461
275
-215
-200
218
321
-85
-227
4
29
91
114
72
162
203
87
-101
-81
121
479
404
146
-86
96
253
417
553
206
381
517
508
215
274
724
800
844
390
323
371
396
601
432
502
424
643
631
137
109
207
92
-133
8
3
-213
-218
-440
-478
-72
-238
-574
-628
-684
-480
-264
-482
-733
-571
-629
-824
-615
-556
-579
-358
-610
-886
-979
-749
-383
-140
-393
-801
-886
-522
-204
-340
-383
-151
-57
10
-57
-44
130
188
-110
-95
275
622
556
125
-25
312
571
662
869
304
322
676
690
687
406
426
692
809
523
337
356
303
598
594
251
98
57
403
777
356
-50
83
296
148
60
-105
-70
268
154
-375
-444
-108
-289
-251
-454
-321
-73
-231
-135
-551
-525
-250
-240
-327
-366
-651
-577
-307
-89
-92
-362
-447
-391
-273
-161
-75
-148
-213
-119
-87
33
196
137
164
277
101
88
360
351
395
337
102
285
537
317
-55
-11
125
190
-3
-124
-119
71
170
125
123
-29
-87
195
319
362
231
49
-13
67
-59
80
246
47
248
257
107
61
-364
-154
225
82
-199
-252
-347
-226
-46
17
-287
-206
-228
-372
-231
-273
-511
-561
-283
-228
-351
-503
-212
-243
-612
-415
-269
-89
-224
-613
-480
-208
-146
-107
-126
-322
-393
-397
33
222
239
155
96
188
349
442
275
766
1025
846
792
809
488
467
683
570
776
624
332
237
84
152
486
486
131
233
23
13
333
85
-169
41
19
134
2
-250
26
109
-31
-164
-276
-181
-6
-23
-538
-257
19
-185
-288
-130
-128
-435
-186
-317
-107
-27
-335
-478
-433
-409
-475
-282
-322
-406
-506
-370
-208
-461
-363
-449
-385
-197
-160
-319
-312
-251
-230
23
-83
-136
-144
-321
-233
-65
10
-30
-273
-375
-144
189
37
-84
83
-12
-22
5
407
732
570
405
358
328
591
612
649
850
771
519
395
488
505
646
571
295
313
311
149
50
225
496
414
267
-155
-347
48
-86
-10
179
30
17
6
-61
114
67
-229
-118
22
171
54
-25
-59
-339
-195
-34
-124
-25
-275
-515
-215
-425
-345
-245
-500
-522
-576
-387
-201
72
-335
-647
-184
-40
38
-111
-42
88
-48
-98
-157
50
-56
93
100
-50
-100
-192
201
455
279
-64
-214
164
615
538
117
-33
103
146
54
122
110
268
423
306
-176
-562
-80
31
-38
-114
-342
-167
-202
-50
-9
-440
-480
-225
-140
-297
-428
-226
-92
-18
-63
-219
-211
-75
68
29
-82
158
311
-64
-200
-268
-99
24
136
-174
-272
-351
-126
59
-226
-141
22
54
-101
-75
48
270
106
-7
-33
-36
243
199
160
122
-34
63
172
248
459
343
-33
164
342
305
451
303
240
252
159
47
162
284
375
6
-115
236
322
399
278
5
-226
-161
142
-25
-212
-212
7
68
-236
-175
-279
-235
-177
-359
-622
-242
135
8
5
-182
170
302
243
411
332
124
235
466
241
145
-95
144
336
188
196
207
192
-11
-101
-26
-89
218
421
145
-113
-145
82
394
218
-121
-62
84
93
39
-93
-140
-132
-194
51
103
12
-106
-232
-237
-176
-107
-237
-205
-231
-379
-194
-75
-86
-215
-110
-220
-119
68
-114
-123
-447
-685
-409
-98
-128
-404
-689
-938
-583
-215
-463
-592
-499
-324
-154
-215
-123
-34
-123
-237
-126
-4
137
133
-86
-112
-92
-3
312
353
18
-13
47
248
362
49
186
600
556
429
251
-17
289
519
609
499
180
134
-31
118
335
130
-59
33
353
325
247
157
158
45
57
245
349
384
362
314
53
174
515
505
456
204
-32
-70
62
266
591
262
23
-103
-165
170
335
102
-151
-271
-302
-126
-147
-57
-184
-265
-89
-440
-456
-270
-435
-502
-227
-78
-360
-612
-502
-214
-26
-305
-524
-738
-622
14
-199
-372
-308
-424
-137
267
200
43
-33
-94
212
269
22
-64
216
442
194
105
181
370
233
181
42
0
365
557
471
-50
69
434
435
196
-96
-52
246
396
5
-225
-104
-146
-173
-96
-194
99
326
190
-19
-267
-286
261
419
11
4
85
44
94
-156
-313
-214
45
42
-288
-539
-391
-334
-343
-235
-450
-331
-335
-423
-251
-637
-777
-583
-86
112
73
-171
-341
-175
48
-231
-184
-103
-335
112
247
155
76
125
301
370
407
318
282
217
431
515
323
74
62
400
540
548
416
353
402
236
88
158
254
60
25
-16
239
345
91
326
231
146
48
117
230
238
90
-113
-79
-109
-56
-116
-103
78
-137
-372
-406
-215
-235
-352
-453
-349
-288
-178
-169
-439
-104
-89
-128
-70
-315
-142
-140
-53
-157
-332
-329
-77
-5
-158
-361
-540
-365
-466
4
20
-146
85
-315
-335
-131
289
396
433
171
50
125
64
432
655
467
371
47
245
395
390
146
377
580
451
587
560
596
723
705
279
416
653
474
786
421
-55
20
403
479
286
-4
-213
-247
123
-52
-263
-159
-391
-289
-426
-200
-295
-189
-324
-538
-562
-722
-327
-361
-423
-444
-716
-841
-877
-532
-556
-848
-929
-610
-661
-781
-757
-690
-564
-619
-785
-668
-581
-511
-332
-137
-171
-421
-377
49
479
239
124
-43
194
711
608
364
124
447
717
795
589
231
358
502
667
389
331
434
590
764
529
676
350
513
817
857
677
368
536
528
461
601
682
711
415
220
277
208
156
-27
-108
-79
-121
-327
-545
-574
-481
-198
-288
-274
-356
-562
-410
-597
-650
-194
-231
-441
-435
-326
-419
-276
-321
-331
-372
-733
-649
-154
-79
-564
-718
-606
-444
-39
106
-318
-242
-15
-72
-4
48
163
383
417
444
535
401
338
725
623
581
806
655
284
471
561
592
665
291
262
303
388
348
358
315
330
503
330
381
295
420
277
104
178
166
127
-272
-31
-16
-293
-144
-376
-450
-474
-328
-514
-631
-679
-664
-325
-433
-502
-537
-790
-806
-591
-605
-680
-629
-917
-909
-500
-504
-868
-1014
-969
-527
-192
-525
-621
-649
-255
35
-61
10
-132
120
403
556
197
279
528
439
551
528
458
623
643
652
612
418
491
707
601
699
588
290
327
473
604
359
142
127
381
546
521
270
-86
290
439
538
532
287
394
299
383
200
263
233
65
130
-276
-223
-25
71
34
-333
-518
-452
-269
-467
-394
-296
-639
-495
-350
-404
-334
-354
-663
-622
-377
-389
-445
-486
-615
-471
-390
-387
-284
-503
-313
-178
-85
-339
-188
-32
118
373
119
-29
32
193
262
216
81
75
372
447
496
313
218
436
504
321
303
298
440
380
283
9
258
491
121
59
-26
395
558
158
-25
-3
385
436
314
-120
-50
273
144
209
-86
-293
-288
-265
-119
-147
-70
-148
-208
-348
-369
-380
-47
-47
-471
-596
-630
-510
-331
-476
-474
-391
-612
-770
-463
-295
-330
-253
-536
-769
-492
-418
49
205
-198
-524
-329
134
379
568
306
164
497
296
382
543
573
761
821
1027
610
552
570
624
546
287
504
365
390
278
2
331
191
21
-52
-171
-124
-9
47
-1
-113
-446
-113
100
89
29
-315
-565
111
425
-220
-246
-281
-195
193
169
-118
-1
-190
-278
-75
-199
-180
-308
-387
-213
-320
-718
-584
-460
-299
-553
-1081
-843
-376
-522
-582
-294
-333
-358
-340
-463
-25
-154
-99
124
286
280
48
102
248
730
592
376
746
475
455
222
330
506
675
786
346
330
229
406
866
689
537
191
239
299
286
433
74
334
515
587
397
119
310
30
176
184
134
93
127
93
-84
154
188
332
377
134
50
108
232
-180
-319
-434
-146
-53
-472
-589
-570
-468
-505
-829
-828
-666
-688
-694
-693
-887
-849
-612
-563
-786
-932
-681
-535
-705
-1101
-1124
-651
-457
-496
-481
-515
-451
-210
9
76
96
-277
-316
409
772
482
335
200
497
543
568
649
412
426
803
561
372
300
244
591
527
328
472
622
522
279
337
498
493
299
105
332
723
515
-26
-158
-60
276
379
101
-57
-72
190
251
336
166
136
59
126
299
351
321
158
209
86
-92
202
405
116
217
-63
-472
-232
-312
-229
-145
-236
-478
-453
-533
-689
-479
-694
-690
-283
-353
-748
-485
-150
-112
-75
-395
-268
-5
204
60
-53
113
257
416
304
136
196
252
208
415
591
178
13
-30
93
565
461
120
206
286
5
174
196
65
-172
-77
38
75
-15
48
65
13
-182
-326
156
475
180
-184
64
155
200
276
-32
-88
112
182
51
14
-371
-495
-155
-23
-129
-568
-969
-451
-263
-515
-588
-480
-473
-598
-542
-445
-205
-409
-719
-589
-348
-277
-465
-502
-499
-247
-373
-535
-288
-152
-19
44
103
-157
177
407
260
531
633
794
819
782
549
715
905
983
1058
634
548
252
139
328
98
149
32
105
307
-23
-133
-104
48
-61
-131
-141
33
108
-33
-4
73
54
-271
-362
196
324
-82
-84
-20
-185
9
0
47
291
169
26
130
334
26
-73
54
-42
207
-306
-224
-114
-278
-75
-349
-631
-609
-549
-442
-287
-268
-463
-511
-574
-679
-340
-245
-39
229
199
-148
-208
307
381
503
157
-22
612
643
533
277
313
446
622
523
146
129
263
468
503
387
-111
-103
244
325
270
71
-5
13
309
243
102
40
38
300
120
-251
-188
56
90
-68
-308
-551
-386
30
15
133
-151
-761
-515
-143
-106
150
-118
-239
-127
-407
-394
-268
-495
-406
-246
-344
-495
-230
-167
-327
-336
-294
-672
-761
-347
-14
72
-492
-862
-771
-456
1
-122
-419
-293
-111
89
119
-83
274
397
431
684
859
757
884
817
737
886
694
855
740
371
484
491
215
111
324
474
159
65
107
78
101
24
-201
-372
-336
-29
187
-144
-551
-306
-224
-134
-334
-594
-686
-481
-233
-536
-662
-459
-49
173
-95
-378
-473
95
275
218
45
-30
218
284
46
146
203
65
313
305
-73
-255
-214
169
121
-182
-526
-126
206
67
-46
-46
84
207
-44
-229
-11
96
194
166
31
49
193
235
248
431
205
12
-56
73
95
62
164
-36
-277
-207
51
282
374
258
256
25
-61
15
298
431
328
-6
-155
-57
167
-68
-184
-234
-176
-102
-62
-341
-262
-137
-293
-552
-409
-145
162
117
-334
-221
-185
89
332
168
284
-152
54
157
161
279
164
141
-56
-65
-23
-40
-275
-417
-130
-59
-125
-261
-402
-470
-421
-266
-87
-146
-420
-241
180
165
-197
40
498
505
221
-35
-127
353
475
244
513
302
487
690
368
330
264
193
369
642
385
34
-235
41
315
268
-84
-175
-62
-274
-41
-75
-486
-471
-409
-445
-448
-570
-536
-465
-487
-577
-718
-889
-461
-288
-306
-480
-409
-291
-379
-275
-253
63
43
169
254
-5
116
51
147
319
347
154
-6
144
357
465
140
-194
-130
44
324
372
291
109
54
378
380
288
239
220
172
366
412
338
338
340
365
498
510
372
236
202
278
183
188
45
-48
218
102
-39
45
178
186
220
3
-128
-39
70
30
218
239
-248
-493
-312
-285
-374
-469
-722
-615
-524
-549
-371
-525
-638
-379
-292
-153
-73
-132
197
162
-8
253
559
507
291
-138
-203
322
489
446
4
-68
-213
-136
99
-57
-305
-503
-343
-132
-304
-550
-616
-464
-129
-37
-115
-243
-268
-309
-357
-398
-101
-12
39
-251
-367
-199
-11
398
367
169
313
466
437
580
555
381
476
659
623
587
419
186
163
344
266
-17
158
-167
-21
302
303
395
30
-259
-349
-175
307
224
-267
-522
-234
-102
27
6
-181
-258
-114
152
-64
-73
79
-66
-30
-207
-407
-140
81
-25
-122
-315
-78
55
-238
-320
-383
-191
11
-168
-85
-169
-186
-134
98
-156
-211
-241
-177
39
-262
-208
48
-3
-101
-60
96
-30
134
74
-129
193
13
-145
-64
-147
116
183
-124
-229
-17
246
178
59
70
173
87
153
205
169
190
64
143
347
174
256
290
165
352
303
165
266
349
342
103
-162
-69
178
279
105
-109
6
291
182
216
218
247
279
27
358
368
376
-50
-169
276
27
-170
-283
-286
47
303
-54
-432
-362
0
163
-68
-506
-769
-285
-273
-391
-633
-780
-361
-422
-530
-761
-801
-637
-402
-385
-504
-180
-161
-402
-319
-160
-95
-99
11
111
44
181
278
422
321
-35
-240
255
518
396
-9
-271
-63
98
297
121
8
-187
92
207
172
217
134
92
301
380
130
345
495
376
273
205
339
387
645
616
703
516
123
17
225
231
243
285
-12
329
218
199
367
303
376
231
289
-2
9
-17
236
255
53
140
55
154
-175
-253
-205
-133
357
-132
-588
-416
-361
-363
-553
-346
-637
-950
-716
-769
-599
-593
-660
-807
-667
-557
-739
-661
-442
-330
-275
-329
-475
-75
206
302
71
-171
-29
271
404
262
100
60
292
280
-4
179
97
189
-77
-107
245
302
-20
53
136
159
407
96
-49
59
256
438
295
257
222
525
572
175
230
159
197
413
82
118
394
395
153
56
114
203
355
14
206
330
83
65
-174
-112
-132
-95
11
-9
-176
-518
-327
-337
-102
-229
-405
-19
-314
-315
-336
-429
-74
77
71
-408
-312
-60
58
269
-5
-161
-98
-30
302
57
-197
-445
-107
63
116
190
195
60
-208
-99
106
421
172
49
16
57
373
399
186
-225
-237
23
128
131
-47
-179
-391
-238
126
268
242
-150
94
352
17
-88
-98
322
326
98
-91
-106
414
424
-4
-101
-43
-63
111
329
248
264
75
111
388
314
45
171
121
-71
-84
-187
-31
-5
-108
-181
-19
69
-185
-268
-513
-533
-225
-89
-306
-25
-187
-448
-447
-601
-335
26
-82
-268
-346
-382
-155
20
-351
-84
316
431
364
41
-110
-115
41
244
448
74
-75
26
-79
-68
113
-68
-180
-160
-167
206
111
85
-37
11
373
355
177
87
235
379
538
260
-161
279
257
95
97
165
333
260
105
-119
-186
33
111
93
-201
-167
-164
-165
-121
-151
-172
-178
-364
-437
-386
-65
29
-262
-5
46
-245
-97
36
-92
-123
-49
122
10
34
-132
-151
-1
22
53
-96
100
189
-148
-148
141
176
263
294
1
-64
267
232
62
185
120
344
272
43
-108
-16
329
215
77
67
-19
5
-116
10
-163
-123
-20
97
103
-352
-250
-84
-44
-141
-187
-287
-246
31
-54
-187
33
136
-156
-366
-42
247
375
165
-58
134
233
164
54
116
203
240
74
-87
140
290
-139
-281
-18
-72
-66
-235
-275
-343
-202
-383
-259
-43
-248
-277
-326
-331
-165
-69
-71
119
87
35
243
366
261
166
141
121
374
434
206
43
205
491
450
230
-3
-2
218
330
153
35
-65
-168
213
104
-123
-114
-135
-10
-23
-231
-173
83
150
76
-229
-248
-126
-69
-58
-172
-205
-238
-177
73
-54
-550
-386
-211
-120
-199
-230
-141
-30
-169
-450
-170
172
164
-76
-153
-223
-68
0
-263
-255
-225
-222
84
50
-364
-363
-264
-28
105
62
-12
-87
-147
-159
-235
62
359
63
-15
57
204
329
307
336
319
334
350
581
626
876
758
323
289
593
748
541
675
505
143
444
156
129
357
180
65
-19
304
57
-13
-80
-423
-314
-132
1
-350
-296
-88
-404
-562
-310
-274
-299
-159
-336
-345
-219
-228
-313
-347
-257
-29
-23
-347
-621
-432
-162
-59
-331
-517
-197
-191
-363
-574
-587
-389
-131
-193
-483
-530
-403
32
206
-327
-435
-308
-74
75
-143
-298
-152
86
54
202
133
176
435
432
482
161
294
524
523
604
646
773
415
598
596
645
829
478
381
309
337
332
484
432
49
33
-47
228
206
128
130
33
-154
-247
-96
-10
27
-9
-23
-40
-174
-116
-200
-282
-120
-335
-370
-40
-165
-166
-205
-239
-245
-308
-442
-556
-299
-287
-411
-498
-632
-466
-340
-648
-407
97
-2
-288
-423
-486
-142
69
-92
-124
-73
-347
-407
-8
29
195
189
56
-257
177
298
499
563
201
349
469
730
720
562
319
340
658
820
881
653
477
402
629
484
79
144
429
501
-69
-189
-147
-37
-88
-270
-420
-502
-527
-693
-515
-189
-155
-389
-610
-557
-253
71
-292
-349
-230
-281
-333
-212
-221
-233
-139
-392
-251
-69
79
-5
-137
-199
-229
-32
-73
84
44
-89
-236
-32
-11
-187
140
-19
255
449
155
161
91
169
201
82
225
147
251
372
265
199
67
21
290
339
165
198
228
221
347
465
379
359
440
296
480
380
314
349
-99
-6
62
328
210
-127
-61
-186
-119
-159
-295
-189
-112
-337
-542
-418
-415
-199
-445
-554
-233
-275
-457
-581
-434
-128
-314
-468
-180
-141
-109
-341
-355
-78
189
136
-240
-225
-293
-339
-430
-5
298
-67
-206
-152
-174
76
159
-330
-231
-51
118
183
-45
-116
159
245
118
43
28
299
229
162
139
182
509
313
322
500
787
876
802
632
330
614
930
819
677
262
293
572
447
200
-108
-314
-82
131
106
-282
-569
-712
-298
-228
-561
-636
-468
-531
-550
-552
-582
-484
-603
-610
-408
-205
-229
-543
-537
-346
-205
-1
-84
-210
-280
-197
-196
-170
-97
-198
154
270
39
-6
-353
-178
198
66
47
136
147
350
509
73
-107
375
382
289
202
55
5
208
309
235
331
518
503
241
374
449
417
509
503
599
525
227
305
669
650
634
318
194
209
234
419
295
171
210
344
32
110
80
-151
41
175
-123
-399
-249
-306
-10
-224
-793
-635
-587
-370
-585
-819
-902
-740
-546
-428
-470
-723
-711
-698
-672
-567
-616
-426
-191
-441
-499
-443
-445
-154
-29
-367
-502
-516
-317
4
-209
-523
-335
16
-5
-346
-314
-235
-43
71
49
-156
-114
125
247
347
357
214
334
662
735
730
587
422
732
948
1063
1142
907
566
801
824
785
860
769
725
641
633
563
397
445
453
353
404
254
-61
-39
-163
-113
-4
-238
-266
-237
-276
-386
-446
-480
-272
-293
-574
-421
-656
-844
-683
-517
-495
-476
-444
-697
-580
-313
-253
-459
-683
-640
-412
-361
-313
-554
-567
-366
-232
-324
-448
-241
-73
-164
-355
-433
-311
1
40
-202
-29
-5
94
176
92
302
532
497
341
391
548
858
1003
827
496
605
940
1115
904
547
656
883
832
739
551
395
540
790
648
291
208
245
348
468
223
-32
23
112
-126
-298
-417
-522
-251
-147
-336
-786
-888
-504
-284
-343
-715
-832
-591
-357
-326
-624
-678
-495
-210
-194
-608
-637
-430
-276
-339
-582
-666
-659
-284
16
-226
-337
-409
-348
-192
-170
-253
-457
-302
-59
-115
-127
-181
-208
3
166
85
140
183
173
471
471
342
494
468
513
689
643
666
630
321
341
703
737
549
399
385
441
441
465
252
54
66
204
92
-122
-219
-186
-211
-111
-195
-360
-370
-243
-231
-358
-403
-384
-451
-488
-383
-157
-132
-215
-336
-394
-19
-19
-258
-396
-354
-171
-65
15
-66
-70
-55
-69
98
110
-286
-163
184
168
86
-120
4
402
385
257
171
174
198
292
396
274
278
300
218
308
306
394
479
446
234
255
479
539
480
353
104
104
188
130
217
227
133
54
49
104
134
185
-66
-96
101
-5
108
176
-87
-224
-182
-150
-110
-241
-449
-509
-431
-358
-501
-535
-566
-455
-353
-643
-1017
-900
-388
-393
-447
-588
-574
-326
-242
-91
-209
-585
-486
-290
-267
-229
-316
-181
-36
-34
51
165
539
400
10
47
166
304
487
510
480
161
15
444
595
395
281
516
602
659
427
505
971
969
533
219
386
698
872
548
140
167
403
458
319
24
104
353
156
27
-254
-465
-141
-28
-177
-367
-416
-448
-427
-519
-473
-391
-541
-503
-569
-505
-366
-277
-414
-437
-526
-411
-122
-392
-315
-478
-418
-31
-152
-294
-341
-354
-200
-108
-182
-292
-290
-262
-30
-4
-114
-232
-305
-82
203
162
-58
-296
-9
202
160
30
270
346
90
172
180
310
687
388
-23
285
354
419
464
320
135
213
549
555
476
323
158
328
212
38
132
379
432
431
259
126
266
400
415
390
167
17
112
99
218
111
-111
-13
88
-87
-13
142
270
227
-237
-598
-153
64
-224
-477
-694
-199
242
-236
-766
-754
-216
-76
-445
-756
-806
-562
-389
-503
-724
-806
-500
-438
-102
65
-330
-484
-185
127
34
-125
165
320
442
236
160
366
401
541
371
304
529
437
656
714
599
309
123
242
366
411
220
85
10
238
141
14
351
59
-149
-147
23
155
-85
41
76
-158
-367
-154
-9
102
26
-368
-506
-309
-29
-26
-328
-620
-799
-524
-255
-186
-317
-454
-581
-514
-458
-366
-423
-440
-293
-486
-411
-322
-313
-386
-509
-312
-48
-140
-178
-32
-198
-255
-162
-324
29
80
47
195
188
497
498
104
134
568
526
445
581
460
390
412
538
331
261
386
511
744
734
378
609
783
483
447
310
505
660
609
555
357
377
519
634
495
315
186
195
611
521
248
-49
86
187
-40
166
237
231
-152
-511
-301
-300
-98
-168
-281
-288
-279
-309
-287
-473
-251
-361
-676
-541
-639
-535
-522
-594
-826
-839
-797
-894
-809
-816
-770
-721
-654
-498
-813
-838
-446
-385
-104
-90
-219
-259
-284
32
576
451
98
-124
-15
302
535
615
222
93
202
349
337
-31
265
297
293
552
399
283
168
98
209
237
198
307
252
90
210
154
163
319
297
48
-4
-13
130
121
-106
-26
-77
-118
-22
12
-222
-133
101
-103
-60
-167
69
328
72
-57
-320
-89
328
184
-12
-113
-93
36
46
73
222
117
-94
-278
-276
19
143
-108
-140
-179
-103
419
419
131
-232
-201
259
328
113
-36
-15
131
175
75
9
158
169
-121
-113
-50
3
156
254
-90
-129
-53
250
296
-118
-145
-253
18
-14
-118
-153
-405
-196
-225
-100
-217
-117
-290
-543
-112
-194
-116
-120
-261
-47
84
2
-163
-93
-4
182
311
132
95
120
258
331
199
93
186
473
218
-215
-175
-248
164
102
-362
-360
-323
2
149
210
-89
-269
-66
204
249
-147
-236
-80
-47
-21
-174
-62
171
438
414
-14
54
130
126
239
179
87
68
156
139
230
34
-130
8
311
651
103
-209
127
170
260
191
-82
-164
41
-10
-234
-179
-488
-477
21
-188
-344
-434
-382
-134
-393
-618
-530
-222
-93
-85
53
-212
24
-59
-3
27
-71
-60
-255
9
195
-113
-200
-45
299
164
-18
-109
-84
192
355
168
-133
-47
-101
50
145
89
181
-52
79
50
-63
43
95
42
298
284
13
-164
128
429
242
169
47
-242
215
428
507
422
158
205
193
251
225
215
62
-7
169
186
30
-98
-253
-49
182
-69
-294
-66
42
-183
-365
-372
-110
42
-77
-48
-311
-267
-137
108
107
-234
-452
-68
328
203
-47
-368
-235
-306
-186
31
13
-146
-140
12
-202
30
30
-297
-115
86
-160
-308
134
248
338
181
-35
51
124
149
46
65
141
103
111
71
87
16
-37
161
100
2
91
45
174
-101
-266
-160
40
407
150
97
-43
-99
111
79
323
45
224
328
-17
-270
-411
113
77
82
-91
-351
-72
-89
230
102
-152
-321
-300
-72
-76
20
-133
-172
-33
-122
-162
44
-46
-341
-241
-160
166
222
-31
-200
-296
4
297
-57
-196
22
324
484
165
81
167
294
100
212
482
86
-28
-38
161
248
41
-233
-290
-243
-12
138
-397
-404
-255
-299
-130
-115
-270
-22
272
361
202
177
-159
-25
115
63
247
-84
-198
20
-64
-93
46
132
-193
-259
-190
-7
266
-39
-408
-317
-84
106
43
9
-1
-103
35
180
117
-123
-53
237
213
-66
-36
137
-29
257
116
-6
46
-8
163
88
-20
45
130
184
182
97
239
296
283
165
-210
-5
346
483
439
207
48
144
175
220
225
6
0
-4
-226
-288
-12
60
-169
-271
-356
-60
-75
-255
-330
-308
-200
-461
-579
-120
18
57
-27
-240
-326
-111
-21
-293
-156
26
84
-30
-152
-50
86
17
-136
-100
-105
-137
-165
-20
-71
77
-57
-85
-77
26
144
-24
101
-14
-311
-139
-115
193
324
131
-124
-172
185
289
243
37
-83
95
311
391
152
-18
118
396
454
385
317
181
70
147
181
213
157
71
-253
-43
137
-139
-254
-351
-226
-132
-122
-294
-309
-8
-89
-146
-280
-221
-147
-152
-115
36
38
-64
-74
90
-98
-13
-22
-345
-67
98
194
241
-47
-190
-346
-125
162
323
257
-76
-107
46
231
218
164
246
209
99
22
184
169
120
325
302
50
-74
59
148
386
685
100
-249
-53
345
604
199
-216
-190
234
325
201
-193
-273
14
109
17
-63
-104
-136
-37
-151
-189
-71
216
201
146
269
-53
-45
39
7
-119
-47
-6
-51
-133
-209
-307
-335
-397
-451
-378
-338
-401
-576
-615
-491
-339
-70
90
-334
-423
-123
5
151
150
33
-203
-103
31
293
408
186
-64
-44
56
278
142
-205
-92
-124
-204
-114
-59
15
-125
-124
-77
-30
-4
-84
-229
-89
159
100
34
91
253
221
115
-168
40
234
321
418
162
136
83
281
358
414
366
95
206
119
113
188
111
137
176
10
117
189
199
-110
-67
166
190
227
-91
-302
-233
74
92
206
86
-113
-118
-117
173
-81
-494
-483
-283
-3
-49
-159
74
227
219
-194
-263
290
414
332
143
-29
-20
-131
-70
-126
-4
179
109
-215
-173
11
-271
-206
-3
-133
-74
-157
-129
144
-99
-15
21
-208
-244
-57
-124
-307
-80
23
-286
-280
-99
-95
198
-45
-262
22
210
50
-72
-52
220
431
234
-139
-121
60
309
215
9
-119
-347
-84
67
-147
-136
-392
-292
-261
-76
-166
-451
-358
-89
-36
-185
31
113
-6
-199
-132
73
206
201
159
90
-66
-29
-42
30
146
248
310
206
-46
-77
-4
234
205
281
406
260
448
187
227
417
480
448
207
324
67
-51
38
144
459
363
7
-105
-65
31
208
117
-12
-53
-260
-78
205
185
213
-92
-123
-86
-230
-169
-100
82
-269
-547
-537
-222
-202
-270
-77
-440
-330
-255
-305
-366
-263
-216
-178
-156
-326
-355
-219
-276
-375
-613
-411
-40
-100
-502
-431
-235
-38
-15
-73
-3
180
149
122
156
243
283
196
71
140
429
600
393
598
561
654
532
347
483
439
526
475
448
263
333
429
282
290
61
-30
62
49
-103
-324
-404
-158
-273
-180
-213
-134
43
-24
-50
-466
-383
-97
73
214
44
-341
-456
-17
-114
-101
-84
-378
-415
-384
60
-110
-582
-483
-340
-273
-337
-357
-439
-484
-526
-263
-437
-400
-299
-256
36
81
-155
-335
-41
263
227
144
-160
-127
286
641
456
3
-294
119
438
432
402
342
370
527
291
200
524
581
443
150
478
485
332
465
444
299
64
195
302
324
165
62
126
164
48
-52
-85
122
251
262
27
-112
-190
118
268
-88
-364
-189
-52
-125
-132
-199
-141
-70
-146
-211
-177
-306
-465
-248
-232
-381
-634
-512
-464
-418
-425
-586
-575
-555
-657
-661
-377
-347
-381
-350
-364
-449
-241
-276
-225
-219
-202
-311
-92
210
286
128
-31
142
446
723
609
500
520
462
513
486
561
776
894
673
836
858
788
644
721
851
823
683
719
944
480
207
293
171
76
-58
42
267
184
-467
-642
-291
220
103
-622
-391
-269
-187
-332
-467
-466
-543
-401
-438
-420
-304
-259
-309
-415
-391
-639
-656
-406
-268
-417
-847
-1018
-838
-721
-665
-669
-655
-703
-787
-826
-673
-356
-302
-297
-608
-427
-34
-202
95
-70
-91
22
61
390
369
259
-30
139
392
660
633
546
698
794
744
810
1162
664
577
767
563
787
922
741
524
695
705
536
530
362
394
369
185
402
341
-3
115
-24
-104
154
51
-275
-328
-90
-147
-260
-590
-445
-102
-85
-24
-433
-386
-220
-75
-200
-233
-89
-128
-58
-150
-209
-339
-231
-41
-325
-422
-566
-517
-329
-147
-257
-340
-520
-614
-386
-109
13
-461
-420
-173
-120
116
162
4
-67
-16
-262
-71
184
333
191
-15
224
607
760
502
471
398
588
927
735
443
455
598
646
695
376
59
170
356
345
-46
-119
-40
-32
-28
-277
-430
-443
-99
-367
-477
-488
-434
-330
-98
-342
-809
-310
-215
-88
-230
-467
-259
-264
-173
-342
-271
-486
-196
-121
-464
-207
-483
-599
-427
-496
-368
-245
99
-10
-47
-207
-149
26
-76
-21
17
45
28
-135
-267
-194
59
290
106
-232
-70
126
154
398
190
99
394
433
416
460
488
462
519
519
658
672
481
448
368
376
543
861
696
628
411
337
574
564
467
244
-91
265
447
426
104
-183
-404
-257
32
17
-221
-453
-563
-544
-411
-400
-507
-505
-657
-530
-293
-515
-741
-728
-462
-323
-358
-563
-557
-377
-179
-297
-336
-161
-74
-189
-512
-368
-91
-3
85
-204
-315
-57
-3
191
73
-56
94
148
250
-47
-169
-12
394
355
223
273
263
366
665
567
461
431
537
591
707
627
704
858
727
770
545
201
413
796
532
-76
205
101
44
64
-204
-224
-55
-99
-484
-517
-278
-205
-211
-318
-669
-603
-758
-575
-602
-570
-447
-526
-603
-777
-610
-455
-405
-403
-545
-395
-130
-226
-310
-327
-372
-236
-92
139
-74
-52
-73
-274
-383
-133
138
-239
-137
-116
-56
-22
36
-40
-20
87
-25
48
95
490
521
107
22
-30
32
673
661
20
142
444
673
574
345
204
360
411
455
401
137
34
256
370
442
163
-285
-323
212
471
343
104
-129
24
292
246
-258
-319
-375
-219
2
-200
-360
-365
-329
-319
-127
-363
-527
-505
-458
-125
-112
-118
-113
-330
-198
279
330
142
177
-51
62
527
378
153
-145
-76
270
421
236
-97
-73
24
277
157
-86
-33
206
29
-38
158
148
173
109
-22
32
-100
72
88
-77
373
320
54
246
271
127
249
204
171
154
168
528
294
175
398
301
291
313
454
280
166
225
-92
-225
-202
303
400
-52
-524
-550
-106
-162
-319
-695
-767
-556
-526
-364
-630
-660
-764
-635
-90
-422
-672
-760
-460
-232
-139
-85
-403
-252
102
-116
-206
-323
-234
-3
-136
-166
-399
-383
-281
-210
-334
-319
-385
-357
-9
-56
-133
-57
-642
-256
115
195
30
-328
-244
-176
143
269
306
96
39
343
380
487
416
356
171
560
680
508
794
667
820
991
759
801
637
819
1066
797
492
491
393
512
514
504
144
125
283
174
155
-69
-133
256
234
-148
-574
-202
-33
-103
-332
-555
-384
-275
-402
-432
-621
-652
-100
75
-114
-285
-480
-244
61
413
-12
-249
16
230
558
81
-255
-61
195
522
232
97
92
293
-52
-76
157
-7
77
184
-81
-259
79
188
354
162
-291
144
-59
-133
-124
-276
-367
-158
28
-322
-424
-384
-190
114
-218
-490
-480
-341
-156
-108
-258
-347
-440
-269
-55
-115
-265
-490
-506
-413
-427
-647
-698
-349
-219
-336
-398
-454
-371
-395
-481
-257
-360
-415
-329
124
150
-149
29
112
321
575
394
508
578
589
680
708
538
710
765
460
823
762
508
528
319
465
597
679
642
340
364
315
349
245
-142
-221
51
313
116
-58
-409
-145
-81
-221
-331
-742
-395
-48
-182
-261
-450
-227
129
-143
-317
-272
-337
-176
-86
-434
-434
-306
84
391
-51
-507
-593
-366
13
86
-245
-556
-374
-461
-240
-96
-423
-302
-224
-226
-140
24
-34
-230
-101
-364
-252
161
126
43
29
-15
248
194
181
260
466
536
544
272
417
1094
775
474
530
466
1018
1062
646
498
317
604
470
296
318
211
312
388
165
69
34
107
81
-97
-222
-18
-265
-272
-194
-440
-560
-624
-371
-278
-455
-705
-601
-439
-333
-86
-355
-282
-92
-270
-266
-142
-315
-430
-176
-232
-475
-301
-229
-28
-271
-388
-336
-222
-74
-65
-121
-363
-165
-107
-393
-252
-414
-481
-46
7
-204
-111
-128
-28
137
246
303
467
488
354
216
469
489
700
531
416
432
556
825
670
664
483
298
515
356
300
318
112
-10
156
163
-81
-30
40
-294
-629
-615
-279
37
-317
-807
-646
-349
-291
-415
-586
-522
-457
-309
-274
-620
-789
-990
-401
25
-151
-174
-310
-217
4
-114
-231
-52
136
-84
217
351
87
-86
34
151
146
95
166
127
-101
-27
85
-44
-104
-16
267
327
318
13
-225
201
224
213
314
20
251
537
417
314
226
323
388
519
458
345
243
488
467
487
350
257
504
465
236
78
-25
120
260
175
-119
-199
-164
170
482
224
-372
-657
-446
-271
23
-206
-386
-454
-421
30
142
254
-15
-612
-522
263
610
260
-463
-710
-261
18
120
-236
-474
-187
78
-6
-179
-316
-249
233
360
37
-278
-270
-229
-111
147
42
-280
-300
-155
10
-138
-372
-337
-120
85
-89
-366
-301
29
22
-184
55
200
217
327
-16
-119
26
241
584
576
230
-108
-43
171
473
300
-240
-171
143
299
-82
-309
-422
-68
209
-65
-496
-441
-182
-268
-391
-656
-409
-174
-65
-108
-370
-331
-203
-182
-455
-303
-99
224
-35
-516
-355
-93
370
216
4
32
5
89
227
467
250
176
421
350
197
119
-139
180
539
330
-10
146
185
29
80
-158
32
170
271
121
-48
-128
-228
22
49
129
103
-21
409
434
185
5
138
390
591
626
501
240
247
308
94
408
490
625
485
257
158
309
471
181
-138
-182
108
166
140
-76
-167
-100
-226
-106
-442
-615
-237
-197
-176
-381
-570
-471
-370
-171
-198
-262
-434
-402
-403
-335
-381
-356
-114
-205
-216
-73
-233
-104
-106
-47
290
14
4
134
96
-22
-156
44
182
-122
-314
-195
18
300
-167
-553
-75
31
-3
-168
-287
-126
-180
-136
-14
37
-18
6
50
78
401
303
-70
113
-104
-13
427
250
180
333
-87
-303
-76
-207
258
468
-193
-128
67
-34
-133
-96
-217
-162
91
-108
-224
-273
86
-73
-195
-200
-259
-81
-238
78
5
-170
131
264
-9
-20
310
310
444
411
69
69
153
77
83
324
417
337
311
46
64
271
267
69
67
544
399
216
-205
-213
179
323
346
173
-247
-118
-62
116
176
-82
-56
-88
10
168
-35
-49
-54
-209
-236
-127
-160
-106
-242
-405
-262
-419
-378
-31
-109
70
19
-162
-18
-67
-73
-184
-286
-189
-365
-367
-318
-342
-245
-389
-466
-284
-253
-263
-263
-78
-33
-176
-152
-52
188
3
179
217
3
192
538
488
373
481
245
428
729
451
242
339
331
537
571
425
449
201
298
392
307
203
246
382
433
213
-57
-6
250
313
117
-112
-307
-371
82
29
-75
-257
-516
-331
-348
-321
-166
-179
-196
-229
-245
-197
-80
-214
-520
-361
99
106
-302
-578
-242
32
-10
-247
-501
-450
-368
-504
-447
-644
-527
-401
-674
-566
-493
-431
-43
-150
-407
-380
-204
-10
-128
-12
-20
256
174
-96
102
245
292
293
150
526
501
274
137
174
451
655
383
74
94
192
392
551
267
261
306
479
309
78
131
396
664
399
158
300
402
327
181
-6
-45
181
161
212
4
-276
-149
-223
21
40
-129
-171
-260
-226
-106
-46
12
-179
-356
-133
-36
-88
-52
45
-252
-329
-105
34
-68
-241
-366
-226
-67
-189
-384
-103
12
-188
-125
-69
222
253
105
64
-49
-258
-257
82
163
101
82
-21
189
203
324
343
241
140
230
498
471
414
189
184
437
635
608
418
403
330
281
350
296
173
19
20
298
94
-305
-420
-397
-357
-322
-549
-717
-498
-437
-371
-536
-539
-427
-277
-302
-298
-259
-340
-486
-474
-402
-319
-457
-493
-498
-286
-305
-667
-580
-479
-279
-321
-517
-572
-606
-618
-505
-276
-298
-460
-333
-140
114
-55
-47
528
494
613
481
331
363
625
877
676
472
359
539
842
963
604
436
760
827
865
808
746
938
803
454
542
898
1041
885
637
242
261
507
516
283
145
-16
291
64
3
-58
-233
-116
-267
-545
-636
-326
-407
-688
-870
-819
-431
-512
-534
-709
-656
-480
-742
-848
-588
-446
-573
-819
-897
-660
-481
-679
-729
-578
-406
-526
-385
-402
-420
-297
-159
81
23
-191
98
77
86
178
113
341
615
535
261
211
535
514
585
357
215
277
478
669
697
620
446
625
867
860
801
718
821
818
586
411
546
534
574
312
225
165
172
-165
-149
-105
-177
-208
-397
-517
-542
-466
-490
-519
-579
-568
-435
-540
-275
-483
-732
-442
-708
-573
-370
-361
-431
-684
-705
-457
-324
-689
-647
-269
-265
-542
-768
-770
-496
-200
-149
-183
-64
86
68
113
141
266
504
623
747
595
502
291
428
609
760
754
457
157
258
569
828
499
262
297
449
661
369
199
538
718
507
476
277
395
585
401
276
142
2
175
248
284
24
-316
-203
86
59
-230
-180
-197
-251
-284
-218
-82
-204
-406
-439
-558
-381
-395
-434
-324
-251
-522
-658
-743
-750
-230
-495
-745
-888
-817
-503
-479
-590
-706
-487
-535
-650
-289
-79
58
-285
-573
-448
-134
154
159
-125
-91
154
255
358
345
67
415
562
336
455
570
358
356
470
473
580
514
594
716
570
238
459
656
841
807
425
764
1019
752
922
764
795
866
559
631
531
345
269
206
175
117
226
-20
-154
-49
-166
-345
-357
-311
-201
-376
-606
-587
-414
-594
-778
-974
-858
-567
-752
-1099
-1024
-896
-972
-817
-741
-888
-852
-808
-694
-613
-535
-515
-317
-138
-360
-347
-144
-29
69
49
80
-84
28
70
70
382
512
422
292
350
518
518
692
762
532
343
577
864
936
768
442
817
835
632
482
286
575
727
491
194
28
227
386
481
344
56
52
-68
39
234
77
308
287
8
-28
-227
23
274
13
-279
-45
-145
-354
-296
-601
-570
-609
-447
-356
-502
-550
-972
-1047
-670
-361
-392
-737
-662
-742
-877
-606
-494
-318
-609
-791
-6
156
-133
-281
-343
142
403
281
126
29
23
264
275
241
276
82
339
547
296
302
383
337
493
568
316
380
664
542
705
604
210
408
309
493
452
218
188
147
128
205
248
-309
-216
239
35
3
-206
-87
144
242
-112
-74
20
21
295
13
-139
-104
147
-22
57
-93
-353
-150
-94
-80
-265
-365
-291
-381
-501
-768
-615
-391
-391
-682
-806
-658
-737
-384
-478
-472
-142
-326
-476
-224
-146
-213
100
-354
-316
165
-34
225
123
119
400
460
408
391
198
262
457
291
419
586
303
226
194
384
399
177
247
254
68
63
215
191
286
273
340
377
98
52
-15
88
199
288
150
354
258
-391
-22
352
268
133
-79
-139
103
124
-50
18
-64
-163
-70
-211
-218
-240
-346
-502
-788
-565
-295
-226
-346
-319
-444
-289
-23
-23
-434
-520
-365
-94
-120
-171
-99
-99
-178
55
73
227
145
-18
174
58
334
287
-55
-51
219
595
789
578
-28
70
463
644
762
317
-49
269
290
392
553
324
-33
13
249
302
268
-49
26
85
-141
-120
-458
-466
-74
-6
-285
-306
-424
-308
-206
-263
-281
-260
-331
-445
-327
-344
-384
-255
-298
-406
-74
-31
-356
-422
-560
-543
-372
-273
-340
-559
-476
-369
-246
-298
-369
-112
24
-67
-203
-143
-105
22
262
187
64
-142
0
285
513
598
463
382
247
486
674
883
828
599
674
719
722
702
717
748
589
517
509
672
554
325
187
269
347
456
571
152
-85
65
383
164
-160
-200
-189
-74
-95
-288
-379
-311
-321
-418
-544
-582
-563
-697
-364
-320
-614
-544
-399
-556
-619
-473
-620
-466
-484
-599
-445
-335
-326
-218
-436
-696
-316
-140
-405
-349
-395
-375
-297
-515
-658
-187
49
-179
-295
-216
261
431
201
51
293
613
600
551
311
581
1025
924
602
313
792
966
951
814
672
614
393
584
862
758
430
446
452
385
426
400
443
307
247
-6
-19
198
-28
-83
-255
-293
-363
-482
-346
-251
-364
-593
-720
-584
-580
-829
-853
-730
-796
-820
-788
-897
-933
-505
-515
-735
-987
-977
-692
-499
-351
-529
-671
-740
-679
-314
-173
-248
-404
-447
-494
-317
-80
47
-17
-197
-6
210
222
372
419
863
920
812
885
993
1141
1645
1675
1723
1943
1868
2348
2716
2550
2666
2905
3204
3046
2703
2227
2514
2399
1959
1406
695
529
18
-756
-1183
-1691
-2229
-3020
-3185
-3504
-3739
-3762
-4223
-4199
-4139
-3976
-4156
-4171
-3967
-3876
-3462
-3108
-3171
-2959
-2642
-2508
-2048
-1892
-1847
-1698
-1194
-867
-833
-745
-766
-93
401
312
684
1027
1215
1508
2003
2106
2166
2570
3235
3716
3730
3805
4770
5842
6287
6231
6835
7263
7517
7731
7739
7071
5880
5432
5011
4418
3379
2583
1234
89
-632
-1824
-2750
-3483
-3681
-3979
-4117
-4413
-4623
-4594
-4633
-4331
-3827
-3054
-3110
-3302
-3249
-3056
-2348
-2416
-2818
-3114
-3101
-2946
-3114
-3598
-4080
-4039
-3914
-4369
-4493
-4495
-4278
-3749
-3468
-3190
-2861
-2721
-2305
-1835
-983
-130
548
820
1034
1405
1663
2240
2749
2827
2622
2379
2636
2591
2562
2258
1892
2171
2453
2585
2965
2968
2707
3037
3469
3426
3603
4013
4328
4364
4919
5480
5752
6242
6440
6399
6092
6028
6058
5064
4269
3434
2749
2174
1069
-205
-1041
-1746
-2403
-3320
-4270
-4774
-5120
-5116
-5300
-5603
-5448
-5060
-4837
-5095
-4877
-4548
-3895
-3540
-3577
-3759
-3516
-3262
-3297
-3603
-3679
-3430
-3479
-3499
-3674
-3901
-3511
-3407
-3408
-3322
-3374
-2787
-2242
-2158
-1988
-705
-150
-793
-663
-413
351
1115
1397
1365
1428
1621
2029
2757
2566
2037
2222
2715
2769
2702
2724
2826
3417
3375
3194
3318
3738
3828
4033
4086
4118
4448
4510
4463
4811
5089
5650
5536
5691
5834
5785
5540
5449
5121
4401
3945
3180
2599
2142
1302
277
-456
-914
-1659
-2381
-3123
-3344
-3811
-4221
-4606
-4972
-4813
-4891
-4962
-5469
-5482
-5271
-5070
-4854
-4971
-4762
-4518
-4182
-4160
-4609
-4364
-4228
-4165
-4030
-4005
-4091
-4428
-4002
-3939
-4002
-3591
-3410
-3592
-3287
-3299
-3552
-2841
-1897
-1571
-1184
-1288
-1102
-238
445
942
1348
1551
2032
2228
2445
2639
3205
3515
3538
4167
4432
4677
4719
4833
4795
4702
4918
4591
4720
4884
4691
4299
4250
4556
5287
5619
4783
4225
4702
5360
5316
5166
4949
4686
4732
4271
3433
3143
2584
1958
1438
643
-258
-1359
-2496
-3114
-3012
-3799
-4766
-4895
-5023
-5314
-5664
-5906
-5267
-4795
-5053
-5110
-5097
-4231
-2031
-2193
-3387
-3499
-3118
-3285
-3656
-4450
-4394
-4259
-4480
-4492
-4018
-4474
-4590
-4710
-4654
-2981
-1587
-2345
-622
-152
-929
-1957
-1924
-2710
-937
-223
-1331
-259
373
-465
-260
736
1572
1948
2065
2461
3829
5027
4935
4545
4159
4644
6070
6422
3813
2480
3031
4097
5481
6974
6494
5939
7934
10612
11215
10233
9011
8723
9811
9991
7719
4393
2872
1843
580
-1706
-3733
-5337
-6043
-6342
-6629
-7341
-7173
-6729
-6317
-5215
-3353
-2974
-3286
-2408
-1637
-1271
-1881
-3445
-3685
-2969
-3385
-4761
-5109
-5328
-5656
-6120
-6933
-7414
-6895
-6677
-6915
-6546
-5789
-5482
-5569
-5674
-5157
-4156
-3693
-3561
-3343
-2328
-2171
-1789
-1218
-639
230
350
374
817
2095
1931
2185
2294
2189
2749
3280
3571
2860
3321
5788
10608
14558
14043
13960
17333
21489
21839
19936
17562
16620
16368
14553
10062
6430
4056
1317
-1621
-3958
-6253
-7853
-8217
-8572
-8482
-7507
-6893
-5950
-4120
-1847
-1189
-1248
-803
-132
-246
-1209
-3116
-4081
-4528
-5732
-7320
-8790
-9313
-9707
-10555
-11101
-10754
-10475
-10303
-10175
-9963
-8600
-7463
-7665
-7599
-6678
-6239
-6203
-5986
-5270
-4940
-4489
-4013
-2602
-1810
-1508
-1064
-235
934
336
-306
404
823
-304
-1026
269
1158
2350
2012
1090
2677
7282
10447
15956
19270
19875
21348
26435
28429
27068
24698
22562
21540
19383
14548
8353
4595
1535
-2336
-6471
-8637
-10719
-11435
-10969
-9921
-9275
-7829
-6086
-3749
-987
963
1909
2145
2446
2290
1457
-551
-2080
-3440
-4590
-6672
-8677
-9769
-9841
-10886
-11943
-12418
-12034
-11591
-11472
-12027
-10723
-8759
-8307
-9076
-8360
-6777
-5694
-5030
-4781
-3687
-1843
-1160
-789
-107
736
1679
1485
806
332
132
-364
-997
-1997
-3185
-4038
-3362
-2140
-2110
-3165
-1326
3480
6187
9582
16075
19782
21174
24029
28192
28715
27875
26166
23007
21372
19242
13717
7088
3789
586
-4251
-8246
-10266
-12097
-12973
-12576
-11451
-9595
-7350
-5701
-3986
-919
2046
2897
3377
4478
3910
2634
2016
268
-2485
-3493
-4715
-7793
-10307
-10528
-11877
-12814
-13211
-14097
-13198
-11932
-12522
-12549
-10240
-8939
-8855
-7733
-5998
-4889
-3123
-1769
-492
518
1876
2969
3183
3194
3112
2815
1852
-383
-1071
-1184
-2313
-4388
-5131
-5071
-5073
-4519
-4308
-3775
-1379
1535
4636
7687
13682
19577
21927
22770
25959
28883
29587
27708
24529
22404
20890
16873
10871
6399
2300
-2058
-5749
-7932
-10303
-12042
-12283
-11561
-10574
-8221
-7002
-5601
-3477
-279
1416
1602
2053
2749
2357
1326
-216
-1715
-3217
-5240
-7759
-10399
-12218
-13157
-14604
-16131
-16566
-16997
-16214
-15588
-14639
-13147
-11114
-9685
-7949
-5109
-2827
-2458
-606
1204
2531
2665
2922
3545
3739
2457
2108
1141
-803
-2303
-3297
-4931
-5181
-6238
-6183
-4904
-4315
-3664
-2123
-121
1896
5847
7365
9458
11568
15771
20089
21961
21136
21979
24770
25561
23537
20781
19108
18146
16341
11536
7030
4334
2587
-1020
-3650
-4628
-4996
-6144
-6846
-6753
-5081
-4123
-4858
-4251
-1526
-72
-441
-934
-163
-163
-1268
-3625
-5346
-6180
-7771
-11005
-13921
-14560
-15064
-16484
-18080
-17038
-15301
-14518
-14361
-12615
-9369
-7654
-6266
-4338
-2140
-315
1131
1027
1136
1641
1090
11
-774
-747
-1891
-2521
-3887
-3893
-4528
-4800
-5068
-5042
-5536
-3239
-3591
-3502
40
3505
3278
4973
6857
8404
9975
12305
12385
12184
13338
12529
12989
14174
15267
13276
12569
12584
12967
11396
10143
8079
8602
9156
8340
5212
4273
3804
3700
1820
392
-600
-806
-731
-1386
-2279
-2610
-2858
-4079
-4498
-4318
-4538
-5915
-7402
-8568
-8550
-9323
-10006
-11559
-10694
-11443
-11845
-11358
-9050
-8880
-7534
-6403
-4738
-3429
-2064
-1679
132
-83
-316
140
-191
-929
-1562
-1285
-2309
-3542
-4170
-3894
-4298
-4410
-5732
-5700
-4940
-4389
-3338
-1910
-1393
-180
124
1644
2079
3484
4285
5854
6674
7705
7844
7721
6677
8205
9555
8239
8280
7479
8584
9383
8346
6854
7498
7841
6498
6566
5643
6051
5905
5419
5255
4815
5020
3902
3599
3721
3990
2565
1335
1077
120
-971
-2812
-4349
-5325
-6218
-6561
-8813
-9593
-8663
-9610
-9924
-8802
-7632
-7572
-7016
-6188
-5257
-3643
-3471
-3295
-1966
-1272
-1253
-1535
-1398
-1657
-2100
-2970
-3237
-3856
-3895
-6082
-5941
-6687
-6088
-6347
-6488
-7601
-6251
-5103
-5202
-5030
-3528
-3070
-1653
-2178
-1293
901
1677
1159
2165
3704
3280
4300
4324
5359
6184
7419
6143
7492
7679
8061
7326
8120
7645
7474
8384
7186
6503
6422
6939
5506
5287
5355
4854
5364
4475
3615
3928
4069
2824
1657
2443
658
54
-601
-1489
-2090
-2246
-2745
-3677
-4766
-3399
-4281
-4156
-4617
-3140
-4677
-3657
-3673
-2933
-2389
-1191
-1826
-1167
-1161
-40
-522
233
-203
-87
576
780
-1304
-2082
-1866
-2317
-3366
-4185
-5126
-4879
-4645
-6229
-5781
-5091
-5558
-6907
-5279
-4232
-3316
-3220
-2603
-2395
-1368
10
-322
40
1588
2185
2921
1894
3132
3922
3890
3667
4312
4466
4475
4594
4471
4233
4666
3109
3113
3366
2964
3415
2606
1241
1434
2580
2711
1323
1774
2678
1698
2348
2124
2332
1023
1944
1241
1064
-356
-645
-2105
-1130
-2219
-2866
-2524
-2804
-3656
-1448
-1649
-1714
-1818
400
831
2046
2070
2486
3389
3842
3805
2812
3480
2454
1891
1565
347
-959
-2602
-2734
-2921
-4328
-4368
-5087
-4445
-5575
-4299
-4974
-3364
-2859
-3377
-2748
-1609
226
-976
-548
-2
1350
1313
1327
1649
1187
1205
201
433
1821
1708
218
-195
207
890
894
-498
-1358
866
1333
-643
-1013
1176
1138
108
136
1193
1568
912
-162
0
1727
1281
-292
-686
-105
-1582
-2075
-1699
-2967
-2684
-2855
-3059
-3026
-2564
-1264
-2893
-1033
610
951
1780
1753
778
3862
6038
5034
4421
4681
4628
5095
3933
2718
985
1270
366
-179
-1843
-648
-1883
-2097
-2779
-2998
-2410
-1510
-2634
-2284
-61
-1154
-2470
-664
806
531
1530
1235
169
-426
1635
882
1106
133
-441
26
-81
-1022
-529
628
-164
-1427
-702
254
623
-86
-129
945
1625
799
737
1655
1906
1065
251
-791
427
721
-1255
-2328
-2127
-1349
-3055
-4189
-4977
-3358
-4062
-4530
-3955
-2899
-3152
-2433
-1625
-174
-894
1288
1390
1786
2082
3402
3441
2178
4210
3406
1799
1251
1813
1988
1612
241
-614
-1042
-1095
-1125
-227
55
-859
-1655
-1146
174
325
327
1552
1081
1867
911
2492
719
2244
1063
1189
-605
94
-550
-502
-509
-1394
-1548
-907
-1634
-1905
-374
-708
-906
1137
2151
675
2856
3034
3097
2671
3141
2361
2591
2065
2264
1434
1976
-412
611
-695
-808
-2812
-2994
-4380
-3543
-4349
-4514
-3880
-3899
-4030
-2677
-1027
-2754
-1742
-2590
-829
1227
1634
795
1754
2978
2519
2192
1837
1797
2711
1865
-964
-1341
695
596
-1506
-1580
-1095
-1936
-1024
-2215
-1066
675
117
-254
588
2363
2616
1891
1717
2321
2727
1143
-23
1054
862
507
-1628
-1694
-2503
-1654
-2256
-3167
-2539
-2762
-1332
-418
376
1473
1262
2379
2337
2919
2848
3546
3319
3648
2459
1741
2919
2007
-650
-675
-287
-1093
-3039
-2484
-2422
-2497
-3640
-4039
-1399
-2244
-2427
-3479
-1508
-1885
-1276
-1519
-218
120
1437
1097
554
811
2518
1621
208
1890
2290
1096
951
430
-237
391
367
-1119
-1972
624
-850
-343
-589
506
650
1190
-22
-448
2613
2581
626
355
1409
1885
-160
-296
-1174
-879
-623
-2387
-2746
-2399
-1586
-3018
-1999
-2547
-1228
-1895
-673
-345
415
1688
2250
1236
3030
4340
4414
3016
2686
3748
3413
2696
1233
1805
1176
1232
-920
-1066
-1163
-1026
-2538
-3184
-1989
-2267
-2103
-3530
-2312
-2309
-837
-2558
-2279
-551
-310
-1015
-1128
-701
565
-210
16
444
342
-93
490
-131
479
519
164
-762
316
392
1283
32
957
1879
2217
1491
1158
2424
2197
2405
938
1137
766
1585
488
-554
-154
-361
-1732
-1849
-1615
-2604
-2110
-2215
-2529
-1314
-723
-1327
-1028
521
104
957
1064
951
1841
2696
1185
1672
2604
2586
1336
1568
1554
203
857
-106
-175
-401
-111
-1754
-573
-895
-1028
-1577
-1250
-1412
-627
-604
-1001
-206
-62
-1396
-45
-366
-1215
-1659
-1585
-1213
-586
-1233
-1281
-1464
-662
-215
-158
-536
-677
58
821
835
1032
1998
2386
3215
3138
3865
3518
4741
3818
3626
3158
3431
2205
2256
984
1014
-50
-726
-2040
-2410
-2612
-3275
-4223
-4499
-4566
-5002
-4771
-4616
-4068
-4310
-4327
-3844
-2577
-3118
-2769
-2746
-3024
-2946
-1482
-1440
-1566
-1718
-1640
-2198
-1020
-946
-659
-624
221
459
1149
1756
1667
1114
840
1959
4048
7818
7459
6322
7445
12196
12942
11328
9230
9412
10246
10187
7033
3996
3054
1874
-799
-2830
-4222
-5546
-6314
-5832
-5482
-5421
-5410
-4814
-2888
-1232
256
837
1580
1921
3025
3435
2375
1092
509
-481
-1260
-2959
-4258
-5863
-6203
-6790
-7520
-8170
-8090
-7679
-7760
-7656
-6557
-6026
-5906
-5771
-4882
-4307
-2896
-3101
-3352
-2786
-2132
-1736
-2061
-2317
-1260
89
186
-1262
-500
677
1273
1244
1256
1468
2014
2509
2035
2758
6106
11890
12963
11115
12412
17593
19618
18055
16104
15700
16609
16080
12776
8034
6083
4122
548
-3443
-5547
-7743
-8703
-9865
-9937
-10032
-8643
-8339
-6694
-4448
-2234
-1335
-352
454
1959
2176
1571
462
-371
-1298
-1791
-3074
-5230
-6611
-7490
-8186
-8876
-8767
-8697
-8122
-7799
-7416
-6883
-5801
-5971
-5739
-4992
-3927
-3911
-4154
-3730
-3276
-2767
-2575
-2548
-2164
-1808
-2018
-2344
-2190
-1852
-1861
-1164
-1043
-796
-1399
-127
204
1145
1842
2310
2197
4216
7218
11975
15233
15323
15634
19812
23384
22819
20696
19276
19281
18239
15559
10832
7133
4070
741
-2772
-5720
-8515
-10751
-11567
-10500
-9771
-8877
-8541
-7158
-4159
-1216
35
998
2342
3288
3432
2807
2020
949
-469
-2002
-3918
-6032
-7642
-8861
-9879
-10887
-10700
-10491
-11295
-11329
-10276
-8904
-7807
-7097
-7114
-6319
-4899
-4530
-4792
-3677
-2783
-2098
-1658
-1545
-2171
-2001
-1372
-1796
-3249
-3294
-2668
-3255
-4519
-4651
-3533
-3553
-3609
-3321
-1812
-287
561
1282
3693
7062
10323
15454
18813
18437
19758
24358
26585
24906
22355
21059
20071
18300
14523
9368
5388
2328
-861
-4073
-6974
-8872
-9296
-10125
-9961
-8591
-7403
-7056
-4503
-1768
480
1732
2758
2890
3695
3991
3197
1103
-374
-1657
-3750
-6499
-8684
-9704
-10650
-11787
-13270
-13755
-12771
-11330
-11319
-10726
-8977
-7736
-7254
-6489
-5175
-3432
-2794
-2413
-2651
-1692
-758
-1566
-2724
-2977
-1924
-3110
-4486
-5663
-5768
-6035
-6356
-6856
-6901
-5987
-5572
-5112
-3717
-1548
54
1868
3759
5290
7423
9463
11673
14920
20090
21426
19823
20437
24512
24869
23046
19971
18153
16882
15912
11611
6453
3724
1909
-706
-2943
-5205
-6541
-6896
-7097
-7088
-6510
-5800
-4720
-3206
-1351
-212
297
359
1031
1755
873
-857
-2485
-3899
-5581
-7686
-9537
-10731
-11433
-12153
-12496
-12641
-11266
-10027
-9139
-8485
-7138
-5197
-3622
-3319
-2313
-1763
-1014
-33
-416
-1663
-1654
-1957
-2855
-3918
-4533
-4756
-5366
-6256
-7018
-7248
-6888
-6331
-6294
-5845
-4607
-3237
-2989
-1566
969
2649
3971
5623
7320
8096
9011
9941
12257
15246
17600
17046
16275
17292
19812
19657
17710
15848
15342
14616
12924
9910
6846
4858
2302
343
-2114
-3877
-5094
-5967
-6374
-6378
-6142
-6296
-5645
-4585
-4271
-3901
-3704
-3389
-3597
-3481
-3698
-4607
-5586
-5941
-6792
-7502
-7533
-7892
-8545
-7916
-6666
-6420
-5681
-5228
-4248
-3735
-2828
-2185
-1946
-2290
-2318
-2814
-3246
-2954
-3552
-4179
-4949
-4752
-5027
-5224
-5551
-5213
-5105
-5073
-4435
-4457
-2459
-2537
-1576
-1225
-169
-522
1261
2077
2905
3840
4912
6554
6723
7670
9123
10215
9575
10009
10398
12775
15528
14617
12600
13121
15514
15504
14331
12093
11173
11785
11522
8885
5545
3859
2750
1254
-903
-3171
-4318
-4807
-5237
-6740
-7867
-8376
-8423
-8046
-8173
-7990
-7708
-6980
-7006
-6509
-6573
-5754
-5829
-5282
-5020
-4636
-3798
-4007
-4532
-4032
-3593
-3570
-3962
-4580
-4876
-4437
-4842
-5057
-6044
-6506
-6428
-6741
-7406
-7324
-7118
-7418
-6809
-7290
-6523
-5961
-4708
-4315
-3778
-3407
-2477
-1645
-1106
-454
-197
690
1804
1905
2820
4377
5251
6135
7037
8044
9465
10029
10521
11093
11851
11541
11092
11226
10656
11286
12851
12782
11127
10577
11739
12422
11989
10955
9563
8747
9127
8874
6151
3466
1684
997
-486
-2471
-4928
-6647
-7322
-7118
-8015
-9701
-10308
-9746
-8468
-7865
-7680
-7358
-6432
-5059
-4423
-3860
-3017
-2073
-1689
-1957
-961
-987
-1057
-2376
-3012
-3381
-4827
-5561
-6231
-7766
-7620
-9307
-9345
-10273
-11039
-9812
-10226
-8491
-8829
-6980
-6767
-5336
-4479
-2892
-1599
-1255
466
826
2772
2655
2755
3142
3694
4626
3790
5165
5035
6655
6468
6548
7027
7151
7411
7597
8839
8410
8413
8482
7764
7867
8252
7609
6795
6766
8402
9709
9749
7221
7411
8042
9010
7790
6180
4838
4540
4369
3022
1064
-1366
-2939
-3426
-4312
-5776
-8097
-8504
-7126
-7197
-7326
-7794
-6635
-5791
-3413
-3367
-2837
-2194
-1285
-840
-735
-743
-1121
-1617
-2269
-3203
-5175
-5429
-6663
-7475
-8630
-9351
-9798
-10425
-10276
-10450
-9530
-9567
-8841
-7931
-7226
-4941
-4947
-3044
-2770
-1263
-168
773
679
1725
2348
3270
2858
3753
3656
5036
5218
5285
5344
6136
6930
6291
5850
5993
7292
7392
6854
6527
6461
7547
7443
7635
6859
6918
6912
6612
5998
6076
5894
5523
3891
3602
3922
3132
1978
974
1312
898
786
5
-630
-154
252
959
458
-69
-573
756
1582
372
-253
-1054
-1283
-824
-2154
-3265
-4384
-4839
-5159
-5463
-5957
-6617
-7426
-6893
-7730
-7601
-7736
-7729
-7803
-7134
-7315
-7450
-6657
-6702
-6146
-5981
-6031
-5461
-5250
-4175
-4317
-3539
-3733
-2396
-2632
-1425
-1459
-223
-12
-86
786
851
2217
3019
3717
4104
5056
5193
5644
6348
5679
6410
6447
6612
6606
5882
6916
5646
5302
3781
3685
3904
4183
3642
2814
3490
3250
4182
3527
3235
3496
3549
4017
3607
3829
3621
3938
5551
5383
4331
3660
5364
5776
5270
3593
2416
2941
3035
2792
641
-1246
-1130
-1266
-1840
-3315
-4789
-5488
-5268
-5625
-6519
-7239
-7154
-7059
-7424
-7391
-7893
-7952
-7307
-6545
-7158
-6636
-7110
-7009
-6549
-6152
-5532
-5382
-5436
-5720
-4411
-4133
-3643
-3100
-2803
-1651
-1286
-479
-607
85
479
1321
1117
1891
1937
2189
1272
2377
2820
3021
2384
2492
2279
2552
2010
1458
1870
1412
868
1187
1591
1138
1416
1677
2502
2935
3360
3888
4595
5838
5894
6114
6915
7166
6761
7067
6701
6035
5759
4876
5579
6158
5100
4051
3485
4430
4494
4326
3481
2865
2801
3498
2873
1707
581
163
-379
-458
-2079
-3362
-4839
-4510
-5831
-6951
-8883
-8706
-8801
-8211
-8593
-9231
-8009
-7001
-6397
-6289
-5010
-4071
-2967
-2529
-2010
-1255
-1331
-1100
-1432
-1260
-1332
-1507
-2304
-1819
-2968
-2952
-3888
-4239
-4149
-4017
-3862
-3456
-2409
-2936
-2367
-3016
-2154
-1655
-810
-1100
-677
-318
198
733
69
578
1063
2722
2351
2560
3719
4163
3568
4639
4805
5169
5839
5330
5862
6056
6202
6019
5789
5751
4711
4970
8447
10104
7604
6691
8482
10541
11117
9934
7269
6207
7074
7386
4539
1549
-1281
-1289
-1446
-3247
-6158
-8100
-7381
-6491
-6552
-7520
-8281
-8023
-5947
-4893
-4408
-5144
-4309
-2820
-1197
-738
-1231
-1349
-1292
-1475
-2024
-2607
-3767
-3984
-3974
-5260
-6640
-6980
-7015
-6694
-7354
-7492
-7178
-6683
-6253
-6640
-5986
-5423
-4731
-3104
-3112
-3034
-2754
-2148
-1347
-701
-209
584
406
346
889
592
927
2012
958
1358
2518
2645
3111
4135
4432
4262
4966
6306
6683
6979
6568
6922
6467
7068
9276
12898
13694
11572
11368
13374
14965
14388
11175
7888
7890
8799
7122
2983
-870
-3129
-3114
-3366
-5128
-8110
-8484
-6875
-4832
-4547
-5967
-6203
-3575
-812
341
-1356
-1956
-1070
215
393
-1408
-3820
-4561
-4081
-4675
-5304
-6669
-7414
-7488
-7118
-7244
-7584
-7688
-7614
-7234
-6651
-6203
-6496
-6239
-6590
-6164
-5623
-5045
-5342
-4815
-3865
-3181
-2483
-2100
-1843
-1314
-163
202
173
-342
-87
1431
1068
53
64
925
2350
2947
2881
2760
3213
5704
6816
7261
6392
5734
6561
9816
11655
15268
17695
16947
16759
18667
19614
17626
15202
10982
8382
7214
5764
751
-3037
-5325
-5450
-5397
-5828
-7522
-8747
-5879
-2952
-1543
-2577
-2455
-1496
854
1987
34
-2523
-3462
-3070
-3855
-5109
-7354
-8441
-7555
-7215
-7702
-8279
-8835
-8361
-7200
-6867
-7518
-8093
-7804
-7641
-7551
-7975
-8456
-9318
-8522
-7596
-6535
-5867
-5359
-4757
-3936
-2790
-2442
-1687
-1112
-1489
-1103
-10
-141
-772
-1060
-748
-150
364
37
-161
533
2248
3107
2935
4008
5766
7233
9640
10519
9387
9709
10112
10202
11853
14985
20053
21964
19832
17142
19487
20093
17827
12351
6333
4853
5204
3487
-1390
-4424
-6024
-4521
-4020
-4753
-6104
-5246
-2001
-228
105
-1714
-2920
-2490
-537
-836
-4076
-6849
-7648
-7817
-8112
-8681
-10355
-10563
-9651
-7435
-6283
-7022
-8165
-7535
-5914
-6094
-7631
-9557
-9043
-9010
-8900
-8804
-8576
-8929
-8687
-7493
-7345
-6338
-6011
-6013
-5815
-4403
-3517
-3517
-3429
-3662
-2609
-1497
-1653
-2512
-1809
-759
263
493
1251
1375
1943
4418
5795
5730
6182
8904
9977
9540
8916
8768
9376
9767
8569
6605
9942
12416
16765
21004
21270
18632
19153
20355
18452
15751
10191
6402
5701
6676
3378
-1307
-3645
-2960
-506
-532
-2640
-4798
-3142
-1473
-1420
-4300
-6662
-5373
-4757
-5270
-8020
-9319
-10087
-8656
-8279
-9065
-7798
-7359
-6219
-5500
-4982
-5284
-5628
-6642
-8226
-9287
-9304
-9051
-10584
-11471
-11022
-8941
-7785
-7899
-8336
-7310
-6137
-5274
-4634
-4636
-4112
-3922
-2738
-2293
-2154
-1793
-1581
-1070
-1493
-936
-512
-423
-113
889
1449
2260
4047
5247
5047
5986
7103
8195
7494
7266
8698
9580
9035
7370
8562
8653
9276
8979
9082
9328
8644
9841
14852
19632
17644
14459
13531
15960
15628
11025
3737
-33
1949
3003
300
-5196
-6735
-5420
-3204
-4441
-6960
-8130
-6739
-3436
-3333
-4771
-6054
-5751
-5093
-4124
-5047
-6062
-5851
-5869
-5902
-6330
-7118
-8004
-8656
-10244
-10995
-11718
-12229
-12185
-12265
-12190
-11891
-10156
-9437
-7833
-6085
-5433
-5150
-4997
-3850
-4189
-4126
-4043
-4236
-3624
-3008
-2620
-2708
-1230
-114
94
753
1456
2682
3806
4873
5225
4868
5542
6424
6369
5265
5785
5893
6038
6484
7128
6804
8666
10617
10639
10972
13334
13206
11790
9456
6315
6231
8948
8015
1405
1750
7899
12166
9748
5194
4841
9704
13037
6984
2113
2641
4799
4831
1699
-1572
-2591
295
585
-1047
-3236
-4571
-4101
-3058
-3377
-6265
-7391
-7780
-6791
-6194
-6952
-8289
-8798
-7629
-7805
-8718
-9501
-9300
-9392
-10423
-10868
-10590
-9492
-9040
-9504
-9310
-7389
-6407
-7143
-7453
-7310
-6647
-5794
-5196
-5712
-5418
-4796
-4154
-3906
-3433
-2946
-1848
736
2261
3464
4035
4666
5113
5482
5106
4131
4124
5649
6419
6320
6156
6947
7275
5448
6277
8966
8921
8077
11179
12041
10427
8197
6301
6967
7293
4881
2093
3782
5515
5364
7145
9206
9920
9757
10684
9577
8451
8629
7660
5080
3666
4250
3901
2479
-368
-1893
-1252
-2071
-3824
-5422
-6832
-6281
-5264
-5857
-8367
-9392
-8344
-6773
-6157
-7165
-8025
-6677
-4759
-5861
-8039
-7855
-7091
-7222
-9041
-9851
-9676
-9064
-8724
-9731
-10247
-9383
-8780
-9240
-9259
-8120
-6730
-5789
-5498
-5109
-4175
-2507
-1862
-1770
-1397
-828
-175
712
2125
3778
4794
4376
3283
2653
3523
3722
2942
2404
4074
6096
7450
7515
6434
5477
7383
9543
8657
5710
3624
4554
5991
6761
6217
3806
3475
7557
11425
11737
10001
10288
12520
12885
10528
8247
7898
8184
6596
4839
3937
3705
2616
1684
451
-597
-2005
-3319
-4970
-5813
-6162
-7420
-7793
-7705
-7488
-7674
-6874
-6270
-6617
-6921
-6125
-6237
-6339
-5832
-5431
-6199
-6357
-6116
-7282
-8385
-9041
-9197
-9866
-9975
-10252
-10726
-9644
-8539
-7626
-7443
-6915
-5746
-4544
-3742
-3044
-1625
-223
683
421
592
854
1404
1571
1329
1955
3315
3852
3894
3232
2430
3765
4629
4012
2671
4662
7190
8491
6623
3434
4583
6831
8182
5817
4925
6411
10127
12518
11187
10715
10191
12251
12687
12491
11101
11287
11733
9137
7464
5815
5659
3473
3574
2553
185
-1490
-3156
-3965
-5959
-5944
-6829
-6992
-6677
-6750
-6740
-6172
-5014
-5449
-6150
-6493
-5531
-5551
-6080
-6849
-5975
-5405
-6130
-7621
-8139
-7596
-8565
-9103
-9337
-9098
-9459
-9303
-8823
-8615
-8008
-7578
-6568
-6449
-5345
-3751
-2445
-1813
-2032
-2046
-1324
102
-31
213
591
1095
467
1275
3273
3863
4058
3994
4267
5881
7063
6515
6471
5823
5923
6351
4945
4065
6025
8361
7570
8691
11185
12739
11626
11885
14098
13455
13103
12756
11594
10018
9554
9428
7274
4489
3287
3830
2979
870
-392
-1241
-1937
-3806
-5154
-5253
-6136
-7589
-7804
-6974
-6268
-6244
-7348
-7790
-5564
-4458
-6345
-7890
-7187
-5929
-6312
-7703
-8466
-8700
-8007
-8519
-9111
-9136
-9084
-8951
-8890
-8256
-7922
-8609
-7773
-6543
-6077
-5525
-4947
-4504
-2858
-1555
-1761
-916
542
754
1041
1389
2013
2510
2781
2067
2542
3822
2908
2649
3761
5280
6282
7991
6328
4315
5335
5781
5198
5052
6738
7696
10467
11230
10991
12669
14028
13694
12979
13711
13474
12751
11431
9444
8203
6448
4807
2584
1276
218
9
-1467
-3573
-3826
-3577
-4493
-6157
-5831
-4921
-5835
-6394
-5547
-4549
-4672
-5406
-5800
-4945
-4369
-5155
-5776
-5702
-5791
-7016
-7677
-7128
-7487
-8292
-9247
-9278
-9307
-9528
-10447
-10480
-9002
-8644
-8664
-7649
-5918
-5624
-5342
-4340
-3546
-2900
-2483
-1476
-684
604
446
290
1796
2330
2162
1856
2711
3149
4483
3806
3349
5593
6350
5208
4637
6757
6843
6196
6114
8818
11403
10833
11029
13544
15639
14095
14400
14817
13843
12253
11081
10665
9118
6822
3582
2825
2078
-2
-1908
-2555
-2863
-3952
-4224
-4572
-4602
-4982
-5590
-5767
-5567
-4526
-5181
-5255
-5171
-4976
-5037
-5302
-6301
-7182
-6307
-6241
-6815
-7503
-7333
-7091
-7297
-7629
-8179
-7858
-8027
-8195
-8090
-7197
-6958
-7646
-7495
-6483
-5842
-5656
-5384
-4984
-3757
-2747
-2354
-1595
-973
-881
-255
740
474
251
698
2010
1606
2286
2463
2779
4321
5148
4951
5233
6945
6482
8562
9808
9495
11056
13651
13838
13711
15736
15837
16340
15714
14816
14382
13025
11463
10720
8711
5586
4194
2444
272
-1205
-2490
-3683
-4437
-5604
-6387
-5537
-5633
-6111
-5774
-5021
-4648
-4590
-4743
-4887
-4743
-4651
-5114
-5591
-6221
-7253
-7099
-6567
-7325
-7893
-8089
-7616
-7372
-7105
-7134
-7330
-6984
-7270
-7156
-6902
-7168
-7016
-6226
-5906
-5936
-5320
-5394
-4796
-4386
-3769
-3488
-3028
-2542
-2208
-1131
-807
-436
-763
-310
1105
383
1304
3230
3350
2995
5085
6474
5874
6541
8014
9081
9125
11441
13152
13955
14814
15723
17042
16448
16231
14749
15215
13581
11045
9778
8956
6728
3430
3080
1198
-138
-2437
-3816
-4331
-5068
-6371
-7376
-6716
-7278
-6594
-6268
-6590
-6498
-5985
-6088
-5802
-6357
-7043
-6155
-6337
-7439
-7553
-7112
-7584
-7372
-7291
-6848
-6103
-6331
-6311
-5593
-5423
-5049
-4807
-5279
-5277
-5012
-5034
-4768
-4213
-4036
-4044
-4011
-3959
-3359
-2914
-2874
-2761
-2562
-2306
-2030
-1341
-688
-164
506
73
366
2357
3037
2583
4106
5029
5438
7964
8489
7476
9674
10720
10827
14757
15059
14532
16332
17622
16863
17658
16007
14165
14953
12608
10900
9236
5883
3460
2599
475
-1917
-3005
-5151
-5522
-6232
-7445
-8013
-7717
-8251
-8075
-7736
-7596
-6876
-6828
-7042
-6631
-6729
-6851
-6825
-6228
-6999
-7128
-6571
-6351
-6032
-6089
-5705
-5675
-4799
-4601
-4694
-4480
-4870
-4975
-4882
-4618
-5194
-4811
-4993
-5411
-5042
-4615
-4561
-4286
-3582
-3782
-3177
-2659
-3623
-3090
-2653
-2667
-2605
-1947
-1802
-1456
-774
-199
861
1791
2684
3982
5475
6451
7739
8713
9193
11072
11953
13647
15746
15980
17587
18589
18510
18719
19009
17030
16565
15647
12869
11932
9972
6829
4567
2781
319
-2063
-4057
-5992
-6636
-7633
-8649
-9656
-9802
-9400
-8660
-8051
-7836
-7774
-7405
-6759
-6821
-6542
-6408
-6461
-6125
-6109
-5624
-5655
-5667
-5413
-5098
-4885
-4648
-4337
-4577
-4304
-4521
-3874
-3775
-4732
-5497
-4961
-5009
-5261
-5336
-5836
-5568
-5266
-4539
-4385
-4409
-3788
-3206
-2869
-2907
-2831
-2556
-1948
-1378
-1409
-1291
-640
-412
1036
1783
1630
3740
5140
5831
7964
7926
8104
9750
10785
10905
14106
15338
15356
18357
17948
18055
18550
18975
16755
16359
14380
12276
11788
8585
6089
3151
1128
-1797
-3337
-5069
-7628
-8838
-10295
-9997
-11012
-10930
-11209
-10748
-9391
-8895
-8530
-8155
-6488
-6447
-5799
-5279
-5050
-4126
-4063
-3841
-3455
-3019
-3216
-2981
-2902
-3401
-3684
-4032
-4292
-4175
-4909
-5194
-5364
-5909
-6004
-5950
-5947
-5762
-5588
-5733
-4950
-4530
-4587
-3907
-3219
-3047
-3034
-2549
-2714
-2287
-1736
-1512
-1241
-556
-424
200
734
1753
2601
3618
4981
5920
7898
8004
8174
9260
10993
10850
13415
15636
14899
17041
17769
18345
18183
18297
16372
16001
14706
11810
11024
7885
4988
2532
1090
-2156
-4671
-6167
-8208
-8974
-9910
-10135
-10868
-10272
-9813
-9022
-7778
-7351
-6711
-6154
-4894
-4253
-3777
-3607
-3379
-2578
-2494
-2472
-2531
-3308
-3118
-3039
-3638
-3862
-4458
-4937
-5330
-5904
-6718
-6716
-6708
-7150
-7583
-7778
-7486
-6843
-6368
-6249
-5549
-4560
-3921
-2828
-2364
-2507
-2148
-1473
-1020
-1262
-1281
-1006
-431
-13
-186
342
1304
2430
3219
4843
5987
6440
7867
8320
9030
9654
10054
11519
14600
15758
15890
17716
18537
19171
18308
17825
16737
15967
14419
11775
9904
7100
4299
1376
-651
-3099
-5330
-7695
-9365
-10067
-11131
-11197
-11631
-10970
-10443
-9380
-8257
-7358
-6482
-5870
-4548
-3997
-3478
-2742
-2455
-2518
-2815
-2838
-3084
-3495
-3725
-4301
-4980
-5663
-5975
-6748
-7290
-7464
-7667
-7492
-7977
-7593
-7732
-7471
-7123
-6689
-6209
-5773
-5069
-4660
-3450
-2758
-2516
-1945
-1419
-1158
-1350
-999
-462
-355
-304
40
617
1270
2392
3194
4215
5639
6265
7362
8130
8573
9050
9903
11313
12616
14677
15912
16384
16837
17710
18595
18188
16596
15008
14400
12985
11008
8285
5864
3145
633
-1118
-3325
-5136
-7140
-8658
-9260
-9163
-9074
-9648
-9597
-8952
-6978
-5990
-5970
-5497
-5018
-3523
-2875
-2547
-2655
-2021
-1658
-2107
-1837
-2640
-3461
-3853
-4092
-4326
-5445
-6690
-7218
-7467
-7657
-8104
-8637
-9226
-8838
-8452
-8162
-7560
-7068
-6406
-5413
-4409
-3748
-2886
-1889
-1252
-758
-456
-336
-128
79
522
702
630
494
926
1733
2626
3084
3560
4233
5219
6209
6773
7234
7285
7209
7504
8252
9567
10606
12111
12160
11950
12060
12666
13117
12576
12293
11538
10601
9314
8105
6605
4325
2346
544
-630
-2339
-3754
-4815
-5819
-6761
-7122
-7444
-7379
-7255
-6891
-6402
-5502
-5076
-5111
-4689
-4088
-3247
-2483
-2428
-1963
-1987
-2035
-1840
-1999
-2524
-2904
-3613
-4597
-5068
-5808
-6564
-7136
-7372
-7869
-7930
-8432
-8386
-7768
-7418
-7190
-6837
-6233
-5531
-4339
-3397
-2438
-1707
-1263
-696
-328
164
494
765
1009
1109
1817
2145
2379
2761
3222
3810
4251
4788
5161
5049
5414
5519
5397
5678
6058
6840
8135
9474
9374
9843
11611
12513
13294
13516
13360
13211
12861
11842
10031
8290
6151
4541
2963
618
-1330
-3333
-4956
-5818
-6998
-8156
-8676
-8697
-8203
-7656
-7455
-6875
-6198
-5512
-4333
-3349
-2496
-2142
-1903
-1514
-986
-392
-720
-1544
-2311
-3289
-3923
-4274
-5460
-6973
-7883
-8238
-8415
-8880
-9435
-9645
-9514
-8957
-7939
-7128
-6533
-5624
-4947
-3714
-2841
-1879
-918
-289
383
688
805
1439
1791
1648
1846
2017
2562
3014
2883
2974
3014
3375
3659
3926
4569
4937
5200
5452
5547
6002
7701
9501
10346
10592
11367
12971
13717
14217
14369
14503
14151
12704
10889
9069
7220
5444
3972
1839
-388
-2463
-3764
-5134
-6130
-6851
-7749
-7810
-7870
-7302
-6964
-6417
-5711
-4955
-4028
-3767
-3271
-2767
-2091
-2040
-2065
-2287
-2622
-2608
-3463
-4474
-5480
-6215
-6794
-7636
-8456
-8725
-8498
-8805
-9328
-8973
-8611
-7907
-7070
-6270
-5290
-4664
-3738
-2724
-2019
-1449
-834
-700
-373
343
319
510
716
391
618
1297
1530
1310
1324
2082
2676
3394
3692
3304
3748
4778
5203
5622
6431
7460
8514
10204
11156
11491
12475
14004
14520
15084
15398
14959
14556
13315
11652
10145
8176
5904
4035
2682
508
-1801
-3634
-5227
-6072
-6636
-7490
-8097
-8156
-7862
-7664
-7198
-6786
-6346
-5726
-5249
-4961
-4298
-3772
-4242
-4250
-4127
-3967
-4235
-5005
-5436
-5847
-6303
-6631
-7239
-7282
-7150
-7056
-7295
-7728
-7575
-7324
-6624
-5841
-5669
-5230
-4220
-3548
-3027
-2349
-2246
-1631
-882
-1057
-985
-569
-529
-476
-147
276
470
266
768
1287
1965
2851
3197
3879
4451
5212
5913
6027
6231
7122
8344
9674
11180
11615
11876
13045
14573
15259
15828
16247
15809
14935
13976
12571
10749
8638
6297
4264
2506
699
-1566
-3708
-5277
-6379
-7316
-8433
-9185
-9196
-8793
-8531
-7980
-7610
-7639
-7085
-6214
-5046
-4298
-4101
-4030
-3516
-3092
-3010
-3267
-3479
-4045
-4214
-4582
-5168
-5823
-6190
-6081
-6361
-6995
-7644
-7712
-7370
-7102
-6543
-6229
-5769
-4914
-4257
-3638
-2935
-2634
-2054
-1516
-998
-710
-558
-678
-164
34
26
266
444
869
1137
1754
2584
2802
3184
4337
5031
5440
5683
6151
6728
7529
8934
10935
11333
11269
12783
14525
15017
15335
15947
15932
15203
14383
12783
10586
7879
5976
4653
2659
173
-2045
-4129
-5646
-6982
-8454
-9708
-10357
-10459
-10144
-9355
-8645
-8392
-8094
-7189
-5799
-4755
-3981
-3046
-2508
-2338
-2245
-2654
-2606
-2486
-2658
-3014
-3949
-4596
-4809
-5476
-5777
-6265
-6987
-6898
-6752
-6762
-6580
-6097
-5921
-5590
-4964
-4182
-3468
-3234
-3034
-2491
-2000
-1392
-1209
-1386
-1549
-1454
-1251
-969
-1134
-1144
-847
-743
-46
1502
2923
3260
3130
4346
5647
5756
6002
6979
9440
14141
18727
20403
18723
17509
17378
17380
17590
16688
14265
11478
9293
7342
5317
3821
2033
22
-2545
-5188
-6797
-7048
-6902
-6894
-7866
-9177
-9600
-8277
-6110
-4095
-3660
-4381
-4727
-4665
-4020
-2847
-2358
-2449
-3325
-4329
-4816
-4379
-3577
-3423
-4283
-5587
-6446
-6311
-5536
-5003
-5658
-6770
-7596
-7797
-7339
-6522
-5482
-5480
-5204
-4569
-4334
-3806
-3027
-2716
-3193
-3577
-4255
-4753
-4457
-4034
-4199
-4176
-4232
-3591
-2142
-899
-322
935
2260
3267
5279
6702
7656
8828
8722
8206
10526
14437
19408
23468
23699
20459
18236
18911
18103
17315
15384
11117
7535
6568
6559
5461
3772
859
-2065
-4033
-4904
-5548
-5975
-6835
-8399
-9287
-9734
-9265
-7180
-5150
-4950
-5364
-5749
-5738
-4846
-4157
-4446
-5370
-6571
-6993
-6271
-5408
-4474
-4721
-5456
-5321
-5139
-4992
-4475
-4386
-4621
-5082
-5477
-5068
-4829
-5054
-5239
-4849
-4561
-3942
-3227
-2917
-2977
-2827
-3390
-3861
-3766
-4243
-4650
-4577
-4481
-4474
-3834
-3142
-2548
-1554
-448
896
1982
2918
4111
5267
6087
7496
9425
10351
9372
9072
11056
14371
19294
24294
23873
18283
15030
15331
15486
15059
13203
9044
5313
4306
4392
4759
3747
841
-1920
-3693
-5839
-6299
-5457
-5633
-6708
-8083
-9799
-9521
-6701
-4352
-4015
-4506
-6149
-7307
-6456
-4902
-4461
-5112
-5616
-6370
-6270
-4739
-3454
-3288
-3538
-3917
-4511
-4863
-4841
-4319
-4492
-5185
-6051
-6644
-6765
-6329
-5691
-5489
-5555
-5517
-5181
-4706
-3772
-3468
-3866
-4410
-4251
-3779
-3529
-3189
-2746
-2475
-2326
-1664
-1074
10
1275
2186
2993
3685
4789
6311
7418
8054
9359
9862
8294
8626
11308
14064
18592
22907
22598
18476
15905
15363
14991
14500
12614
9159
6112
4658
3872
4272
3542
681
-2204
-4474
-6896
-7647
-6683
-7132
-8141
-8619
-9354
-9335
-7720
-5522
-4187
-3897
-4921
-5765
-5067
-3911
-3134
-2831
-3483
-4352
-4623
-3771
-2579
-2181
-2741
-3931
-5310
-5991
-6315
-6043
-6006
-6839
-7632
-8232
-8470
-8464
-7962
-7197
-6829
-6276
-5795
-5197
-4306
-3397
-3301
-2978
-2939
-2974
-2816
-2544
-1787
-1015
-855
-790
-256
591
1372
2357
3374
4296
5320
6135
6233
7455
8548
8701
8294
8011
7739
9046
12572
15308
18652
20716
18549
16125
15272
14116
12427
11687
10023
7754
6270
4146
2098
917
-716
-2442
-3491
-5521
-7674
-8102
-8387
-8074
-7677
-8449
-8707
-7522
-5568
-4009
-3051
-2707
-2657
-2394
-2587
-2470
-2294
-2062
-2355
-2576
-2943
-3547
-4522
-4909
-5265
-6034
-7559
-8437
-8857
-8734
-8261
-8446
-9181
-9827
-9683
-8720
-7740
-6752
-5912
-5080
-4307
-3827
-3191
-2526
-1605
-825
-752
-637
-1138
-647
-3
563
1632
1838
1837
2431
2936
3633
5324
5673
5127
5864
6692
7233
7902
7954
7541
7894
9216
10506
12701
16290
18247
16616
14310
13805
12613
11281
10661
9221
7992
6775
4750
2804
1200
-1023
-2311
-2355
-4051
-5569
-5911
-6652
-7664
-7345
-6545
-6591
-6279
-5024
-4061
-3363
-2859
-2874
-2620
-2102
-2246
-2602
-3043
-3418
-3393
-3570
-4784
-6200
-7111
-7922
-8708
-8707
-8656
-9247
-9115
-9182
-9339
-8960
-8627
-8237
-7345
-6369
-5863
-4861
-4133
-3872
-3006
-2242
-1518
-1582
-1561
-1035
-843
-961
-930
71
677
375
302
883
1508
2506
3179
3481
3867
4029
4283
5263
6119
6487
7515
7584
6566
7913
9781
10794
12400
14971
14755
12342
11622
11988
11497
10633
9750
8758
8654
8316
6836
5428
3213
1432
1159
419
-911
-1572
-2269
-3041
-3435
-4330
-4880
-5080
-4580
-3647
-3089
-3354
-4030
-4318
-4652
-4609
-4862
-4945
-4662
-5025
-5351
-5828
-6568
-7636
-8389
-8576
-8614
-8371
-8179
-8546
-9284
-9154
-8449
-7790
-7031
-6562
-5981
-5307
-4885
-4069
-3253
-3293
-2563
-1695
-1627
-1430
-1322
-909
-571
-64
599
835
1025
1637
1727
1818
2488
2980
2964
3404
3252
2915
3971
4609
4442
5115
5591
5600
6227
7077
7903
9478
10695
11892
11809
10673
10642
11584
10494
10125
10595
10403
9762
9031
7724
6251
4472
2904
2543
1367
-583
-1625
-2307
-3725
-4789
-5144
-6002
-6151
-5185
-5281
-5424
-5160
-5386
-5623
-5574
-5481
-5259
-5202
-5010
-5257
-5723
-5899
-5965
-6718
-6999
-6811
-7124
-7209
-7079
-7529
-7846
-7446
-6963
-6640
-5980
-5451
-5031
-4628
-4205
-3480
-3165
-2748
-2122
-1623
-1474
-1065
-180
388
581
413
994
1386
1430
1688
2196
2258
2452
2580
2112
1755
2256
2495
2388
3598
4505
4720
4583
5592
7035
7983
8830
9841
11922
13364
11755
10967
12035
11810
11350
12409
11510
10716
10619
8946
6648
5594
3694
2210
1299
-763
-2060
-2550
-3896
-5384
-6062
-6681
-7251
-6945
-6426
-6229
-6212
-6569
-7186
-7159
-7117
-6890
-6394
-6271
-6355
-6286
-6544
-6851
-6886
-6808
-7013
-6977
-7136
-7138
-6934
-6807
-6914
-6448
-5790
-5241
-4811
-4902
-4734
-4220
-3692
-3530
-3310
-2936
-2342
-1449
-1152
-1001
-658
-478
86
513
305
1068
1288
1145
1475
1945
2033
2172
2757
2571
3103
4164
4685
5031
6248
6955
6770
7641
8886
9457
10827
12134
13045
12404
11556
11799
12482
11528
11351
11716
11203
10461
9343
7748
5519
3363
2509
2251
407
-1614
-2341
-3828
-5154
-5335
-6458
-7532
-7689
-7324
-6917
-6647
-7233
-7686
-7422
-7388
-7085
-6982
-6741
-6014
-5348
-5243
-5572
-5867
-6100
-5939
-5380
-5126
-5388
-5477
-5480
-5288
-4966
-4921
-5064
-5078
-5372
-5391
-5460
-5187
-4834
-4850
-4353
-3565
-3279
-3179
-2570
-1936
-1662
-1207
-785
-653
-60
596
814
1019
1583
1826
1929
2385
3770
4491
4845
5504
5917
7075
7544
7004
8208
9479
9753
11084
12872
12026
11115
11768
11693
11851
12397
12142
11745
12171
11349
9700
7671
5553
3675
2719
1633
-361
-1766
-3011
-4737
-5815
-6540
-7330
-8257
-7989
-7427
-7234
-7166
-7118
-7318
-7152
-6830
-6637
-6055
-5276
-5026
-4877
-4718
-4846
-5165
-4676
-4607
-4812
-4800
-4765
-4497
-4711
-5130
-4924
-4782
-4935
-4846
-5111
-5592
-5141
-4736
-4688
-4415
-4588
-4217
-3478
-3201
-2796
-2286
-1355
-907
-619
-370
-26
654
993
1015
1395
2284
2704
2622
3516
4519
4286
4050
5560
6023
5556
6505
6886
7148
8945
10589
10703
10433
10411
10957
11606
11746
11955
12189
12040
11726
10859
8802
6457
4836
3044
1995
1069
-727
-2567
-4369
-5423
-5966
-6752
-7546
-7539
-7520
-6968
-6372
-6152
-6356
-6135
-5672
-5292
-4891
-4202
-3821
-3536
-3384
-3372
-3544
-3561
-3560
-3508
-3886
-4105
-4247
-4586
-5164
-5417
-5305
-5389
-5441
-5926
-6188
-5911
-5531
-5315
-5651
-5476
-4782
-3989
-3494
-3085
-2702
-2274
-1217
-719
-354
122
318
550
876
1227
1477
2090
2692
3107
3797
4426
5075
5498
5914
6210
6056
6135
6811
7726
8834
10337
11077
10384
10082
10967
11470
11831
12243
12278
11959
11366
10156
8233
5898
3806
2817
1764
175
-1861
-3506
-4385
-5445
-6353
-7597
-8110
-7878
-7155
-6746
-6658
-6595
-6416
-6133
-5860
-5063
-4391
-4333
-3887
-3093
-2856
-3061
-3050
-3588
-4001
-3875
-3690
-3785
-4358
-4935
-5098
-4943
-5029
-5296
-5821
-6004
-5713
-5565
-5506
-5315
-5254
-4839
-3817
-3317
-3440
-2908
-1865
-870
-740
-1049
-737
-63
475
887
847
1086
1437
2100
2623
3408
3897
3967
4285
4753
5676
5960
5750
5651
6118
6681
6612
6307
6269
6284
6527
7198
8058
7973
7716
7604
6629
6052
6645
6926
6560
5887
5316
4308
3134
2269
1386
350
-189
-362
-1346
-2092
-2274
-2935
-3419
-4070
-4404
-4362
-4162
-3970
-4187
-4692
-4742
-4328
-4209
-4275
-4063
-3797
-3745
-3855
-4314
-4965
-4651
-4501
-4323
-4629
-4965
-5009
-4962
-4877
-4942
-5071
-5200
-4566
-4526
-4803
-4458
-4225
-3726
-3193
-2693
-3045
-2639
-1770
-1102
-382
-201
-32
513
1517
2121
2456
3116
3370
3789
3768
4061
4232
4078
4247
4237
3886
3896
4256
3566
3566
3737
3594
4001
3593
3611
4067
4042
3968
4084
4194
3948
4144
3861
3716
3286
2818
2701
2614
2299
2371
2164
1861
1569
1286
1402
1871
1912
1486
1293
1555
1646
914
80
-31
310
339
-80
-745
-1406
-1158
-1360
-2505
-3232
-3794
-4005
-3972
-4093
-4761
-5095
-6019
-6382
-6245
-6702
-6788
-6267
-6092
-5974
-6176
-6414
-5911
-5160
-4857
-4432
-4187
-3654
-2918
-2722
-2871
-2334
-1881
-1054
-301
-368
-66
437
1109
1134
1288
1359
1520
2075
2439
2560
2057
2350
2483
2114
2471
2864
3267
3149
3148
3332
3499
3760
3722
3489
3372
3881
4156
3999
3933
3508
3126
2778
3124
3186
2775
3087
2759
2694
3034
2528
2398
2820
2854
2750
2438
1354
2256
2866
1867
1455
1372
778
756
790
-214
-475
-608
-1649
-1819
-1910
-2023
-2100
-2172
-2685
-3134
-3004
-2868
-2697
-2925
-3393
-2991
-2893
-3403
-3401
-3304
-4059
-4217
-3739
-3221
-3340
-3774
-3984
-3709
-3022
-3182
-3383
-2852
-2674
-2215
-2270
-2448
-2048
-1376
-1118
-1328
-1051
-368
-399
-379
-78
-64
-321
-216
499
430
423
2581
2465
578
521
1076
1057
1593
1877
1211
1317
1493
1820
2684
2895
2216
2149
3344
3445
2842
2810
2923
3923
4622
4051
3181
3758
4029
3699
2977
2354
2477
2614
2548
2474
1735
1372
1153
1117
1155
1177
-139
-345
-245
-496
-301
-1070
-1465
-964
-473
-614
-1364
-1410
-1512
-1415
-1697
-1562
-1744
-1626
-1502
-1161
-1386
-1831
-2093
-2420
-2532
-1992
-2214
-3153
-3669
-3448
-2594
-1556
-1993
-2892
-3359
-2596
-2217
-2253
-2533
-3003
-2612
-1539
-1157
-1990
-2292
-2959
-2553
-1332
-338
-688
-1706
-1489
-1315
62
454
-64
98
12
622
640
451
516
533
784
1452
1445
1025
818
1731
2386
2273
1774
1138
1748
2914
3557
3018
2727
2749
2377
3361
3578
2965
2359
3247
3850
2979
2280
1856
2279
2802
2607
1240
373
1130
2007
2527
2521
2201
1701
1333
1316
1708
1505
1476
2029
2607
2238
1258
-335
-1093
-1053
-948
-1516
-2149
-2326
-2640
-3195
-3890
-4195
-4470
-4556
-3816
-3533
-3697
-3817
-3808
-3859
-3978
-3900
-3739
-3184
-2593
-2970
-3332
-3161
-2827
-2699
-2298
-2194
-2064
-1961
-2236
-2263
-1536
-1163
-1329
-829
-1034
-1170
-687
-470
124
392
-77
-42
662
1253
1022
478
112
460
2039
1862
815
799
1191
1092
1727
2638
2224
1472
1990
2550
2753
2838
2470
2937
3897
4096
3487
3289
3327
3564
3096
2681
4168
6099
7830
8666
8402
7034
5384
4384
3976
4758
4991
3793
2470
1438
528
-1013
-2688
-3766
-3836
-3464
-3118
-3261
-4220
-5142
-5276
-4742
-4784
-4916
-4734
-4284
-3187
-2737
-3326
-4159
-4558
-4196
-3575
-2970
-3410
-3499
-3447
-4020
-3788
-4262
-4741
-4135
-3423
-3476
-2597
-2167
-3156
-3777
-3864
-3576
-2643
-1284
-1510
-2234
-2310
-2253
-1007
570
704
441
366
779
1282
1594
1984
1561
1650
1880
2034
2433
2239
1827
2381
3823
4590
3968
3504
3925
4539
5419
5447
5309
5029
4694
4429
4977
8266
11161
13465
15096
14774
12518
9982
8050
6411
5657
5717
5181
3422
899
-1983
-4904
-6841
-7492
-7238
-6544
-5490
-5023
-5548
-6254
-6831
-7083
-6404
-4701
-3020
-2576
-3168
-3922
-5038
-5964
-6278
-5785
-4910
-3961
-3109
-3381
-4464
-5221
-5603
-5198
-5078
-4517
-4315
-4634
-5099
-5347
-5761
-5991
-5445
-4886
-4368
-3781
-3425
-3379
-3183
-1948
-1381
-1052
-631
187
466
35
101
211
709
801
900
1369
1569
1972
2135
2439
2710
3654
5229
5868
6111
6505
6862
7489
7479
7175
6705
6424
6412
6554
8096
11946
14835
17028
18442
17118
14714
11513
8705
6653
5056
4342
3004
1036
-1818
-5044
-8232
-10399
-9877
-8413
-6760
-5123
-4246
-3721
-4092
-4613
-4762
-4170
-2700
-1628
-1410
-2258
-4196
-6542
-8077
-8904
-8616
-7596
-6677
-5911
-6204
-6446
-6441
-6154
-5553
-4940
-4688
-4766
-5159
-5458
-5779
-5619
-5143
-4844
-4293
-4011
-3819
-3833
-3979
-3419
-2631
-1198
-262
347
560
-19
-288
-783
-529
615
1164
1232
1220
1073
1298
1815
2128
2736
3855
5105
6080
6958
7752
8506
9061
9014
8558
7827
7168
7128
7457
10307
14809
18637
21451
21090
18130
13988
9803
6717
5051
4686
4404
2745
22
-3480
-7128
-9735
-10369
-9217
-6885
-4185
-2247
-1994
-2690
-3790
-4322
-4094
-3206
-1867
-892
-1471
-3182
-6235
-9056
-10459
-9920
-8747
-7306
-5834
-6050
-6935
-7802
-8637
-8606
-6895
-3785
-2465
-2237
-4124
-6957
-9238
-9103
-7515
-6014
-3951
-2904
-2694
-2782
-3122
-3538
-3500
-1830
-58
1114
1414
885
20
-546
-645
-446
149
1346
1734
2126
1980
1317
1426
2347
3332
4929
5503
5963
6638
6832
6737
6766
7010
7528
7442
6772
5591
5488
6555
10696
15430
19085
21295
20275
16306
11556
7255
4711
3618
3656
3261
1566
-1538
-5802
-9158
-10936
-10671
-8211
-5044
-2433
-671
-693
-1778
-2677
-3019
-2368
-946
71
-12
-1871
-4524
-7318
-9437
-10425
-9570
-7966
-6812
-6273
-6838
-8240
-8766
-7920
-6608
-5137
-3354
-2613
-3491
-5043
-6151
-7135
-6904
-5244
-4193
-3364
-3040
-3298
-3515
-3267
-2817
-1881
-376
636
1032
929
508
260
118
427
997
1052
1232
777
490
543
530
1274
2059
3290
4164
4880
5759
6429
7197
7608
8082
8678
8580
8464
6980
6249
7151
10541
15452
19258
21302
20021
16565
11553
7514
5322
4895
4976
4260
2335
-1100
-5407
-8711
-10614
-9748
-7258
-4218
-1596
-1405
-1923
-2569
-3436
-2989
-1931
-425
72
-741
-2644
-5195
-8206
-10129
-10588
-9911
-8636
-8079
-8106
-9123
-10310
-10466
-9349
-6752
-4402
-2700
-2944
-4294
-6088
-7440
-7238
-6308
-5138
-4206
-4434
-5137
-5949
-6215
-5585
-3871
-2027
-949
-259
-470
-908
-846
-1027
-386
520
844
621
83
-808
-1554
-1510
-1056
297
2369
3888
5370
5889
6026
7000
8090
8826
9447
9460
9377
9173
8140
6428
4339
3101
3541
6177
11281
15223
17933
18192
15917
12305
9112
8040
7664
7894
6962
4047
26
-4429
-7059
-8674
-8564
-6521
-4744
-3680
-3196
-3146
-3002
-3181
-1939
-726
250
500
-636
-2502
-5105
-7028
-7784
-7951
-7453
-7812
-8419
-9248
-9523
-9834
-9576
-7903
-5395
-3541
-2784
-2986
-3051
-3771
-4717
-5227
-5214
-5034
-4972
-5365
-5699
-5804
-5707
-5075
-4111
-3278
-2348
-1639
-1060
-531
31
211
204
370
-134
-1215
-1893
-2328
-1985
-1121
-238
712
1878
2852
4566
6139
7430
8809
9506
9735
9321
8727
7600
5956
5396
5521
6684
11369
15733
18541
18773
16632
14073
11368
10877
11095
10483
8828
5620
1963
-2529
-5351
-6571
-7014
-5705
-5086
-5179
-5554
-5939
-4878
-3122
-803
769
1085
697
-656
-1929
-3386
-4252
-5034
-5783
-6523
-7503
-8704
-9962
-10569
-9863
-9244
-8718
-8239
-7536
-6569
-5307
-4031
-3786
-4043
-5107
-5781
-5562
-5420
-4716
-3666
-3365
-3223
-3337
-3786
-3485
-2309
-761
-99
397
276
374
368
-253
-514
-950
-825
-1035
-1348
-1441
-833
929
2499
3738
4836
5383
5884
7133
8023
8947
9406
8788
7521
6010
5402
5383
5215
3956
3008
3054
5876
12076
16334
18613
17461
15575
12783
12427
13398
12455
10534
6001
1309
-3150
-6102
-6856
-7272
-6438
-7212
-8144
-9525
-9312
-6141
-2657
123
63
-952
-2442
-3435
-2453
-2449
-2322
-3709
-5597
-7715
-9938
-10593
-10905
-10386
-10141
-10570
-10935
-11219
-9361
-7012
-4409
-2804
-2949
-3588
-4293
-4114
-3674
-3745
-3629
-4314
-5019
-5458
-4567
-3392
-1948
-1336
-1657
-1776
-1234
-12
1358
2342
2700
2057
864
-362
-98
87
244
152
-465
-612
560
1872
3925
5835
6865
7000
6684
6917
7491
7763
8172
7690
6730
4161
3733
5459
10336
16237
18967
17981
14260
12354
11987
14560
15630
13434
7879
1398
-1995
-3526
-3502
-4152
-6464
-9555
-12286
-11795
-9429
-5497
-2419
-1697
-2593
-3587
-1987
849
3012
2869
624
-2672
-5671
-6641
-6512
-6339
-8050
-11163
-13892
-14937
-12902
-10071
-7753
-6563
-6837
-6957
-5602
-1916
1103
2120
714
-1142
-2964
-3334
-2187
-1834
-2110
-4030
-5391
-5578
-4379
-2035
-1509
-934
-1061
-259
1038
1770
2328
1475
968
104
-176
-724
-624
310
605
1391
1425
2189
3481
5262
6960
7474
8128
8377
8392
7585
6387
6507
6038
5834
5495
4397
3813
5774
11119
14005
14693
12452
12111
12632
14341
14927
11851
7662
3471
2707
2265
341
-3311
-8093
-10534
-11446
-9282
-8169
-7623
-7676
-7453
-5383
-3001
-532
285
533
88
338
697
-574
-1884
-4931
-7238
-9618
-11096
-11351
-11791
-11459
-12327
-11674
-10670
-9157
-6995
-5235
-3389
-2331
-1427
-940
-419
-1056
-1666
-2164
-2931
-3226
-3990
-4857
-5509
-5378
-4226
-3350
-2410
-1684
-657
546
2153
2970
2466
2505
2526
2192
1869
1525
1148
1305
1449
1238
1531
2136
3594
4918
5572
5688
6590
7263
7737
8586
9012
9091
7051
5735
6318
8442
13348
13876
13006
10340
11607
12879
13846
13073
8930
6741
5297
6682
5291
1468
-2750
-5901
-5436
-5129
-5094
-7678
-9172
-8898
-5802
-3254
-3630
-3514
-3089
-922
1073
1926
159
-2273
-2761
-2892
-2762
-5802
-9389
-11626
-11752
-10825
-10922
-11955
-13034
-11795
-9340
-6998
-5605
-4991
-3656
-1899
-342
-557
-1452
-2864
-2359
-1757
-2062
-3774
-5441
-5253
-4326
-2979
-2734
-2719
-2588
-1856
13
923
868
836
1760
2381
2513
2369
1955
1703
1744
1956
1783
1950
2139
3202
3963
4095
4337
5071
5661
6455
7375
8062
7249
6497
5929
6034
6793
9732
12596
10373
9092
9671
13059
13418
13207
10795
8817
8381
7803
7891
4069
226
-3027
-3853
-4407
-7109
-8888
-11178
-10574
-9870
-8701
-8913
-8788
-6467
-3566
-1150
-1397
-1653
-1638
-1328
-1204
-2204
-3491
-6062
-7342
-8098
-9064
-10773
-12272
-12694
-11901
-10569
-9382
-7817
-7149
-6130
-3861
-1830
-1291
-1772
-1134
-428
87
326
-125
-1486
-2586
-2418
-1511
-1520
-2108
-2128
-1748
-1273
-444
48
1101
1560
2601
3315
3080
2141
2156
2428
2617
2556
2726
2623
2919
2949
4245
4763
5291
6512
7449
8010
8924
8860
8687
8397
9313
9609
12075
12767
10444
10818
11641
12376
10634
11371
9635
8698
8037
6922
5510
1957
-441
-2514
-2980
-5166
-7336
-8647
-9714
-9747
-9823
-8392
-8958
-7809
-6510
-5150
-3916
-3121
-2385
-2612
-2293
-2317
-2717
-3778
-4752
-5829
-7162
-8158
-9541
-10195
-10451
-10694
-10134
-9316
-9083
-9409
-7123
-4403
-3890
-3679
-2515
-1568
-1051
-198
324
138
-77
-246
-355
-681
-1450
-1446
-946
-681
-721
-670
-333
26
846
948
1072
1701
2386
3133
3667
4132
4188
4790
4578
4484
5176
5449
5312
5996
6785
6393
6353
7502
7463
6818
5686
6704
7264
8542
10930
9430
9578
9275
11622
10701
10583
9287
8531
8193
6580
5890
3305
1398
-1452
-2685
-4633
-7190
-8956
-9828
-9422
-10601
-9854
-9960
-9000
-8077
-6587
-5004
-4136
-2841
-2049
-1223
-1757
-1907
-1998
-3049
-4392
-5867
-6379
-7499
-7983
-8450
-10237
-10686
-9293
-9044
-9119
-7974
-6220
-5972
-4280
-2666
-1948
-1354
-679
717
1684
1667
-150
-259
702
533
166
-108
-24
-923
-739
-359
-205
131
1270
2025
2364
2807
2796
3322
3381
4401
5321
5570
4763
5126
6213
6636
6467
6822
7575
7717
8658
7799
6894
6159
6256
6565
7111
8546
6913
6498
7763
9365
7494
6867
7107
7537
7485
6349
5228
4168
3047
527
-926
-2732
-5120
-6237
-6358
-7293
-8922
-8968
-9650
-8995
-7919
-7603
-6321
-4902
-4030
-3942
-2864
-2367
-2702
-2148
-2324
-2913
-3871
-4855
-5770
-6897
-8286
-8581
-7639
-8268
-8935
-8840
-7731
-6761
-6106
-4635
-3777
-3009
-2055
-1061
-400
428
675
485
712
1044
914
394
73
-783
-552
-158
-775
-564
-840
-569
150
799
1659
2124
2553
3533
4095
4111
4554
5234
5894
6419
6594
6614
6912
7248
7188
6561
6652
7342
6548
5095
4230
5135
4282
5467
4931
5063
5697
6663
6776
7060
7907
7008
8440
7545
6543
5211
4023
2653
1344
-521
-2707
-4110
-5746
-6795
-7388
-7400
-7848
-7639
-7450
-7245
-6911
-5474
-4195
-3803
-3591
-3289
-3430
-2059
-1629
-3316
-4013
-4375
-5033
-5948
-6379
-7525
-7450
-7634
-7646
-7884
-7113
-6473
-5791
-4618
-4009
-3047
-2653
-1785
-993
-411
-543
-49
286
-219
-576
-622
-647
-880
-466
-895
-1109
-941
-403
176
1124
1872
1921
2411
3038
3596
4200
4986
5270
5722
6228
6092
5665
5883
6606
6885
5981
5271
5731
5831
4679
3944
4510
3588
2720
2567
2424
2215
3628
4714
4409
4763
6096
6248
7087
7947
8050
7167
6967
5813
4969
4302
2423
195
-322
-1090
-3389
-5351
-5402
-6101
-7226
-7100
-7047
-7706
-7577
-6788
-6054
-5734
-5992
-5857
-5614
-5655
-5547
-5373
-5957
-6807
-7236
-6863
-7145
-7533
-7847
-7339
-6777
-6735
-6447
-5656
-4915
-4755
-3923
-3541
-2793
-2915
-1930
-1357
-2479
-2786
-1747
-1095
-1551
-1579
-1100
-1285
-237
509
688
1237
2065
3291
4655
5316
5134
5703
6330
6842
7027
7023
6522
6702
7557
7256
6505
6479
6301
5751
5455
5181
5163
5008
4651
4443
4281
4431
4442
4468
4660
4851
5030
4534
5375
5797
5576
4440
4779
4659
3749
3203
1899
1828
713
-15
-1197
-1490
-2042
-2532
-3251
-3940
-3977
-5404
-5559
-4730
-4544
-5902
-5905
-5549
-5806
-6170
-5723
-5658
-6474
-6200
-6489
-6799
-6540
-6637
-7015
-7168
-6687
-6949
-6264
-6260
-6613
-6300
-5519
-5109
-4704
-4578
-4669
-3499
-2454
-2363
-2159
-2241
-2245
-1016
-182
-1024
-203
-201
1134
2760
2410
1125
2860
4628
4447
4507
4423
4933
5992
6985
6075
6410
6369
6921
6870
7708
6632
6327
6814
6776
6401
6357
5688
5310
5552
4472
5425
4368
3383
3676
4829
2742
3032
3989
3802
2080
1951
1648
807
159
215
-533
-672
-355
-926
-1390
-869
-1010
-1853
-1690
-841
-1498
-2861
-2795
-1602
-1692
-3111
-3082
-4113
-3545
-3424
-3878
-5278
-5338
-5201
-5800
-4845
-5485
-5397
-5510
-5236
-5570
-5510
-5576
-5619
-5816
-5262
-5312
-4680
-4714
-4580
-3363
-3532
-3231
-2606
-2262
-1798
-1809
-1174
-1258
-56
52
2031
775
1212
1033
2452
1617
2394
3348
3748
3538
3784
3970
5061
5141
4416
4415
5165
5699
4909
5434
3843
5606
5242
4986
3926
5196
4605
3950
3740
4749
3976
3834
4199
3829
3443
3704
3447
2325
2476
2207
1611
85
497
-158
-906
-1640
-651
-2073
-1854
-2331
-2264
-1496
-1222
-1639
-2092
-1036
-806
-1324
-1303
-770
-533
-1961
-2044
-1473
-2394
-2041
-3134
-3153
-3175
-3385
-3372
-4448
-3358
-3824
-3719
-3579
-2735
-3501
-4568
-2858
-2988
-2308
-3216
-2121
-1571
-2336
-1981
-1658
-357
-926
-272
-962
155
1319
721
596
631
1562
1088
496
436
558
1753
369
471
-63
1744
370
1045
1093
2132
1261
1267
3032
2622
2558
1248
2050
2280
3283
1764
1509
2016
2624
1983
142
1655
2526
2264
1254
1950
1831
1786
299
-259
436
1661
11
-627
-714
98
-145
-1307
-2129
-757
-1468
-1268
-1474
568
-251
-13
-424
817
805
180
-1393
-609
157
151
-1217
-1673
-1036
-951
-1234
-1447
-1662
-1053
-1134
-694
-1390
-456
-239
-280
-393
-75
-156
-936
-330
-1097
-892
-1416
-1010
-2002
-1628
-1576
-1660
-766
-246
-342
-779
-559
196
-18
596
-117
261
261
884
1099
245
293
13
835
315
1041
69
778
563
672
93
1282
1482
1064
645
1127
699
902
713
1269
1585
1854
1287
979
2054
2070
2774
2267
2497
1530
1693
1469
841
273
-326
57
-784
-1113
-1157
-1358
-760
-1293
-1352
-1758
-1064
-1491
-140
-106
212
-825
537
383
536
-68
-486
-79
257
-477
-640
-509
-521
-841
-536
-271
-1190
-28
-713
938
-482
-71
-1645
-64
-687
-821
-1876
-689
-602
-1352
-2634
-1234
-1578
-1557
-2019
-1540
-1181
-862
-688
-1330
150
-1226
44
-1690
349
-466
-238
-589
-252
-133
-160
231
-218
-54
886
786
867
652
1057
740
440
696
886
615
520
-231
545
1524
843
711
778
1264
927
1496
680
1967
1914
1531
1426
661
1072
1453
1296
205
1028
570
1090
-667
371
546
1161
389
703
-171
341
954
1238
656
593
687
947
194
236
51
27
-176
-380
-369
-264
-422
-495
-545
-126
464
154
-159
222
-113
475
128
-411
-676
-1158
-700
-908
-539
-1885
-1199
-2246
-659
-1912
-1474
-1988
-1128
-1417
-605
-716
-1231
-1208
-711
-354
-327
-796
-470
-755
491
-387
-86
-578
168
113
-197
437
-81
158
-208
182
-452
-42
-489
-364
0
368
89
-137
117
433
502
766
167
1155
1247
1226
642
1008
1060
930
459
-208
1613
670
757
-160
36
97
95
921
509
931
567
838
337
756
813
383
-196
-408
-149
-374
-282
-594
-411
-1037
-617
-708
65
-779
-1162
-845
-37
614
289
164
-312
856
774
353
89
630
-250
746
427
934
184
320
-67
-186
-666
-247
-751
-742
-297
-412
-544
-1113
-947
-1109
-203
-1372
-345
-789
-812
-870
71
-816
210
-873
548
-786
732
-724
528
-323
-32
-591
70
-273
-47
-374
-132
-180
567
128
619
-772
540
379
782
407
531
380
428
464
160
356
649
22
501
-183
1038
109
660
-430
315
121
355
-390
-102
210
89
-354
487
-650
8
-790
-50
-665
116
-1443
-257
-172
-245
-141
-350
559
63
1297
-133
673
327
1619
917
887
807
720
1400
554
1167
84
330
-192
654
362
484
-219
-73
635
165
-536
-451
-45
69
42
-668
-317
-111
-239
137
-300
-215
-176
-857
-467
-526
-269
-724
-263
-762
466
142
329
-212
-98
-166
232
-866
64
-446
627
-775
392
-169
-366
-423
-114
-409
-97
-523
-421
-223
-548
-984
-767
-432
-1128
-43
-617
-209
-1177
-652
-816
-29
774
-82
925
-286
821
35
827
396
-86
683
61
555
-53
-169
-149
-293
441
-221
-246
-228
-489
877
-1098
618
-618
1630
-160
811
-537
787
799
1092
182
276
546
511
790
-44
255
200
563
289
276
52
-331
-329
-99
-61
40
-266
60
-519
-60
-306
-287
-692
192
283
-285
59
-9
349
-204
421
-108
268
-370
39
423
605
46
-364
-438
55
-128
-41
-410
-125
-490
37
-77
-182
111
453
705
-231
15
99
467
246
587
376
-37
843
382
1379
591
-310
-6
383
968
334
364
127
-136
320
-335
851
-557
-172
-1015
271
279
-380
-1473
-1541
-741
-248
-214
-714
-1207
-713
-1015
-781
-987
-682
-542
-246
-635
-616
-205
-382
-356
688
541
4
-806
254
829
1035
282
161
589
488
725
192
375
348
483
-876
-254
-595
118
-381
-689
-382
-503
202
-588
-3
62
400
-59
561
-200
1548
568
1152
-223
863
126
854
1044
-30
-2
-227
676
529
-311
-625
-311
417
-571
899
-968
450
-913
700
-1035
302
-274
735
-578
401
-68
86
-56
785
-721
-82
-924
393
-136
588
-403
137
-393
-33
-209
-856
-438
-280
-47
-369
-652
-592
-214
185
-193
-301
-407
100
-1
244
395
393
205
-331
-623
-374
287
420
103
271
216
401
612
-362
332
235
3
-103
38
557
-372
-27
-405
764
13
322
-1021
142
-104
321
71
432
-38
647
458
671
-76
149
-597
857
543
897
309
585
391
545
-162
241
-94
265
-722
-60
-1223
169
-490
-180
-1000
-55
-233
35
-105
-735
-1056
-455
91
-245
-232
-396
-723
-671
270
-546
-530
-134
-142
735
480
512
-340
-1
419
801
646
477
623
282
512
237
229
238
-80
250
309
57
-366
83
-75
-245
-217
-147
-69
249
3
422
-89
178
-290
476
233
600
185
32
-30
348
287
-278
-217
-166
-1218
-715
-428
7
-779
-769
-1993
-384
211
-353
-577
-308
-272
620
-76
-75
-5
577
168
-65
296
-581
409
-391
91
-1042
-313
-447
-257
-990
-713
-784
-119
-120
62
-533
-19
-46
125
580
516
350
829
837
868
936
93
327
403
896
789
865
703
601
262
169
573
577
486
-174
380
947
564
1032
-122
767
-243
711
-29
459
-576
427
-60
810
-145
-90
-1144
604
-364
-698
-817
-286
-388
234
-685
63
-717
1036
-273
-279
51
715
-6
74
442
131
213
-278
292
398
-256
-805
-424
-14
-1292
-1472
-1398
-1208
-817
-344
-1038
-971
-147
-609
-443
-290
-237
-1235
-510
-759
22
582
-92
29
204
283
-435
-657
-239
234
412
258
176
526
189
1080
711
1114
401
-21
-377
948
959
521
1060
59
1563
284
1871
-83
1596
84
758
32
1189
71
715
-258
235
-36
471
-729
634
-589
-69
-1541
-159
-1608
110
-735
-262
-631
142
-478
581
-253
346
-243
-212
-1239
187
-739
-227
-797
-588
-27
-212
-431
469
566
885
-695
-57
-943
-368
-863
-545
-327
350
841
495
114
54
-299
-252
548
-763
-544
462
53
-135
-682
-75
-380
315
131
-333
106
-73
378
88
-2
-199
-83
651
551
754
286
881
718
137
205
300
565
46
777
178
358
-418
454
324
126
-415
17
-383
633
299
118
-95
760
362
1146
-251
-485
-1377
-12
-198
534
-59
-352
-532
-384
410
748
29
-1188
-540
37
309
-749
-1113
-1451
-801
69
99
-216
-299
-148
-122
-309
-418
-199
-452
-298
249
208
369
14
-130
-50
51
390
-101
286
-157
445
251
312
151
600
313
269
193
837
445
550
939
730
159
727
418
184
186
259
-91
215
20
104
186
310
-137
77
-78
-277
-310
-415
-277
-294
-64
-482
-663
-695
-721
-593
-552
-708
-644
-233
50
-436
-300
-205
-284
-421
-296
-202
40
-11
242
-136
40
-208
202
292
164
-229
-137
307
758
258
-60
-279
466
498
516
153
-52
144
13
185
-162
-394
-214
-239
216
-36
-20
-215
-112
100
165
287
236
-141
556
797
525
24
131
89
335
318
287
80
362
184
15
50
-204
-347
141
320
327
25
-14
-125
193
176
266
-39
146
421
177
424
441
-69
-416
63
337
63
-483
-653
-81
301
-240
-944
-874
-642
-482
-973
-1076
-1081
-658
-642
-1069
-1365
-1094
-684
-467
-650
-1153
-1218
-698
-568
-876
-1013
-689
257
1018
1371
977
935
1413
1923
1994
1469
1113
1671
2159
2446
1432
659
815
1387
1633
1070
68
-36
228
531
18
-641
-539
173
407
98
-214
-557
-142
530
441
-266
-678
-623
-247
-28
-483
-952
-1269
-1028
-629
-338
-1015
-1299
-906
-554
-655
-1032
-1437
-1156
-687
-332
-734
-638
-534
-48
-86
-83
-123
-79
0
413
492
351
225
217
-117
-109
2
-12
-42
-61
-109
-227
-229
86
27
37
236
348
264
192
261
756
806
859
641
669
727
954
954
921
668
512
471
426
154
61
745
514
430
64
-46
150
517
294
21
122
446
241
252
-154
-363
-164
77
-109
-21
-406
-431
-263
-63
-441
-706
-804
-493
-583
-957
-865
-736
-899
-953
-788
-644
-610
-483
-663
-385
-152
-46
-238
-338
-19
212
164
-195
-523
-494
-82
26
-200
-202
-155
-265
-426
-497
-303
-18
89
-124
-251
-439
-173
222
265
164
140
34
89
121
310
234
234
222
203
279
383
539
936
909
833
700
750
859
781
896
860
819
903
783
762
778
857
611
358
461
392
553
275
157
-173
-149
86
235
-83
-450
-144
139
-74
-403
-861
-719
-544
-544
-458
-578
-315
-172
-179
-314
-348
-113
-121
3
120
-122
-325
-135
-245
-403
-401
-526
-521
-281
-586
-587
-615
-478
-574
-489
-358
-154
-234
-197
-290
-457
-505
-224
67
310
166
-301
-229
266
457
386
332
371
623
907
571
276
754
792
771
720
480
323
592
923
591
511
304
442
724
845
618
300
303
463
481
122
-112
106
-54
-394
-408
-285
-440
-457
-484
-696
-452
-177
-195
-447
-494
61
2
-310
-437
-485
-288
-111
-378
-486
-433
-420
-338
-394
-649
-666
-495
-573
-589
-235
-269
-541
-669
-587
-199
-268
-670
-549
-300
-104
-98
-107
-155
-49
-14
-2
9
-36
228
88
-78
158
256
381
540
631
399
48
97
541
690
614
409
283
352
415
613
667
490
383
357
395
617
482
266
195
85
-50
-175
15
-78
-213
-192
167
-15
-147
11
-73
29
-120
-295
-122
-215
-337
-386
-262
-51
-192
-258
-276
-285
-148
-220
-157
-38
-165
-262
-208
4
38
-126
-206
-316
101
324
215
-128
-85
154
299
200
263
271
619
627
354
258
398
706
660
254
192
276
405
120
-19
292
465
226
196
160
75
449
380
401
293
96
195
428
500
160
-122
-433
-321
-130
-290
-607
-709
-916
-712
-498
-607
-864
-786
-815
-904
-663
-760
-604
-851
-620
-399
-657
-756
-644
-545
-404
-190
-125
-351
-442
-333
-399
-134
58
30
-158
-338
46
421
443
-63
-61
-8
283
447
445
347
165
29
135
542
610
387
116
178
535
665
608
191
112
333
608
491
343
461
481
874
425
148
412
476
599
512
259
205
502
699
539
306
68
11
406
283
214
242
158
194
167
-103
-479
21
269
192
42
-400
-454
-141
76
-48
-324
-431
-95
29
-280
-511
-896
-857
-230
-50
-395
-567
-705
-563
-542
-493
-616
-375
-439
-664
-541
-451
-235
-152
-490
-584
-575
-393
-243
-371
-402
-297
-300
-208
-15
-13
-145
-62
214
168
125
-38
-11
176
271
290
85
76
416
491
535
329
156
105
322
349
326
244
181
232
211
146
225
295
363
348
113
176
286
563
468
200
365
636
618
28
27
-105
185
312
-130
-100
11
125
-138
-108
95
414
374
-52
18
68
164
181
-106
-301
-243
94
230
154
-318
-714
-567
-308
-360
-474
-585
-622
-541
-222
-376
-445
-182
-349
-275
-172
-223
-176
-155
-40
-84
-70
10
229
595
290
27
64
450
453
420
345
373
754
839
986
878
788
977
1082
1090
844
771
867
887
664
436
544
333
326
285
14
-285
-768
-849
-703
-740
-942
-1294
-1608
-1637
-1392
-1120
-1471
-1613
-1354
-871
-1143
-1272
-1036
-671
-509
-285
-432
-402
-268
142
-30
-273
-378
261
619
293
-77
-285
-2
346
579
95
-109
485
1321
2122
2374
1954
1496
1276
1280
1316
1144
1207
963
1216
1236
922
470
56
-243
-634
-559
-285
-322
-864
-1386
-959
-675
-857
-1316
-1423
-1296
-815
-532
-772
-1422
-1845
-1976
-1385
-611
-863
-1232
-1057
-1006
-1041
-1066
-1468
-1811
-1496
-1270
-1261
-1181
-752
-754
-781
-922
-770
-641
-557
140
3988
8242
8656
5177
2939
3344
5449
5504
3352
825
1325
3553
5632
4555
1310
-781
-270
1148
424
-2379
-4703
-3966
-1069
631
-867
-3083
-2817
58
1746
1207
-1549
-3105
-2167
-470
-220
-1565
-2882
-2351
-810
-31
-844
-1935
-2823
-2570
-1735
-2022
-3019
-3177
-2755
-2059
-771
-718
-1622
-1608
-1210
-491
-197
-171
-806
-984
-293
362
152
-406
-1068
-963
51
341
-860
-1532
-1425
-761
-316
-895
-1938
-1800
-778
373
1167
919
347
1085
2279
2638
1764
1131
2936
7746
10987
10016
6584
6006
7642
8780
7074
4046
1834
2590
4817
6175
3969
888
-659
344
1351
-84
-3138
-4400
-3515
-1950
-1316
-2375
-3545
-2388
-590
34
-877
-2347
-2933
-2197
-1953
-2630
-3647
-4290
-4201
-3254
-2699
-2864
-3609
-3626
-3355
-3169
-3884
-4689
-4802
-4198
-2979
-2190
-2093
-1692
-1508
-978
-740
-635
-872
-773
-965
-990
-806
-930
-644
-148
-391
-924
-1723
-1770
-1096
-723
-1518
-1600
-983
-575
-252
227
720
1153
1620
2331
2619
2726
2255
1803
3880
7703
10898
10386
8573
7343
8163
8976
7986
5531
3258
3466
5168
5925
4344
1468
583
1504
2246
1115
-1417
-3189
-2708
-996
-774
-1936
-3342
-2838
-860
237
-588
-2524
-3149
-2660
-1781
-1817
-3608
-4713
-4476
-3454
-2954
-3326
-3851
-4174
-3639
-2969
-3355
-3948
-4284
-3960
-3132
-2692
-2935
-2936
-2639
-2477
-2251
-1850
-2011
-2168
-2146
-1907
-1736
-1866
-2191
-2005
-1813
-1867
-2199
-2192
-1892
-1268
-970
-891
-623
-140
641
824
853
1555
2839
3374
3511
3496
3373
3302
3692
5263
7059
7072
6090
6898
7795
8189
8120
7034
5950
6519
6905
6323
5381
4424
3671
4061
3422
2392
1323
276
-405
-411
-1028
-2141
-3004
-3335
-2893
-2485
-3341
-3746
-3918
-3680
-3482
-3782
-4234
-3971
-3278
-2737
-2695
-2761
-2887
-2854
-2601
-2154
-2147
-2358
-2884
-3120
-2925
-2904
-3289
-3187
-3097
-3312
-3171
-2985
-3420
-3492
-3486
-3133
-2710
-2931
-3092
-2456
-1877
-1742
-1917
-1897
-1690
-1193
-867
-917
-859
-593
-179
482
1068
1310
1311
1922
2898
3069
2891
2842
2807
3174
4026
4794
5252
5602
6311
7417
7714
7869
8397
8827
9027
9398
8969
8220
7826
7237
6278
5938
4761
2612
1452
394
-632
-1709
-3044
-3936
-4670
-4478
-4754
-5160
-5620
-5768
-5120
-4773
-4722
-4519
-4062
-3437
-2769
-2192
-2280
-2127
-1730
-1393
-1152
-1522
-2381
-2344
-2135
-2351
-2769
-3353
-3779
-3691
-3409
-3754
-4107
-4096
-4100
-3754
-3129
-2739
-3057
-2840
-2487
-1623
-915
-989
-1163
-949
-495
-329
-710
-940
-866
-214
-8
158
412
685
819
1335
1653
1950
2502
2523
2698
3421
3322
3239
4306
5961
6423
6244
6650
7317
8360
8954
8883
8437
8683
9045
8808
8209
6859
5589
4738
3639
2210
732
-988
-1932
-2254
-3276
-4164
-5268
-5904
-5541
-5545
-5816
-6026
-5533
-4966
-4439
-4468
-4393
-3582
-2760
-2641
-2625
-2473
-2316
-2096
-2309
-2952
-3147
-3365
-3440
-3995
-4296
-4358
-4443
-4451
-4731
-4917
-4991
-4323
-3871
-3641
-3575
-3481
-2691
-2058
-1744
-1308
-959
-814
-305
-166
-213
37
203
621
1088
1176
1307
2074
2369
1947
2478
2888
3147
3575
3967
4056
4608
5234
5042
5228
5465
5675
6212
6674
7016
7058
7452
8000
8424
8725
8363
7932
7883
8019
7370
6100
4975
3702
2969
2068
1166
-588
-1707
-2193
-2964
-3963
-4968
-5458
-5592
-5780
-5869
-6200
-6046
-5723
-5198
-4940
-5048
-5000
-4637
-4356
-4089
-3575
-3598
-3732
-3476
-3626
-3788
-3941
-4070
-3789
-3743
-3865
-3996
-4520
-4515
-4220
-4396
-4502
-4414
-4029
-3564
-3013
-2699
-2496
-2352
-1869
-1639
-1441
-908
-65
256
148
480
836
1652
2139
1789
1408
1533
2187
2680
2424
2740
3175
3628
4459
4731
4696
4447
4522
4921
5036
4866
4284
4133
4561
5612
5598
4786
5000
5540
5984
6250
6389
6122
6306
6690
6218
5489
4992
4356
3416
2570
1658
291
-911
-1722
-2590
-3541
-4132
-4897
-5006
-4854
-5223
-5175
-5635
-5202
-4815
-4734
-4473
-4420
-3839
-3498
-3484
-3232
-3255
-3288
-3477
-3649
-3827
-4234
-4031
-3993
-4394
-4383
-4394
-4300
-4398
-4227
-3643
-3317
-3441
-3251
-3090
-2916
-2257
-1663
-1315
-743
-241
248
779
1483
1783
2133
2351
2280
2290
2473
2877
3290
2991
2422
2450
2415
2485
2532
2908
3082
2991
3430
3774
3967
4224
4348
4271
4552
4794
4478
4139
3942
4200
4515
4206
4104
4305
4376
4795
5261
5269
5159
4801
4485
4034
3392
2474
1668
1341
889
73
-1157
-2324
-2824
-3322
-3789
-4390
-5001
-5660
-5490
-5174
-5098
-5138
-5435
-4944
-4369
-4357
-4130
-4002
-3850
-3942
-4033
-4094
-4046
-3920
-3851
-3740
-3634
-3182
-3422
-3484
-3253
-3132
-3002
-3002
-2676
-2494
-2293
-1890
-1362
-922
-701
-688
-470
7
516
877
1168
1509
1699
1371
1582
1883
1938
1922
1462
1269
1171
1358
1685
1551
1517
1776
2281
2674
2713
2772
3312
3848
4238
4012
3972
4524
4838
4411
4095
3609
3513
3555
2943
2265
1960
2097
1887
1677
1497
1128
1479
2017
2234
2110
2092
2014
1786
1850
1525
904
476
145
-467
-1028
-1598
-2572
-3325
-3928
-4078
-4310
-4715
-4829
-5152
-5550
-5338
-4858
-4624
-4468
-4443
-4344
-3689
-3365
-3274
-3395
-3346
-3257
-2788
-2026
-1880
-1988
-1892
-1757
-1514
-1378
-1658
-1640
-1084
-854
-859
-821
-656
-407
-131
-100
216
601
792
1076
1152
1051
1467
1968
2069
2133
2381
2429
2566
2834
2855
2585
2567
2466
2631
2653
2268
2533
2729
2824
2556
2585
2766
2685
2916
3010
2763
2867
2959
3063
2910
2834
3099
2957
2850
2511
2120
1985
2036
1846
1133
878
742
328
-94
-689
-854
-1018
-1391
-1912
-2034
-1699
-1370
-1195
-746
-555
-582
-365
-231
-76
-303
-668
-879
-1222
-1164
-1356
-1911
-2656
-3018
-3388
-3706
-4100
-4644
-4926
-5084
-5256
-5307
-5439
-5202
-4764
-4407
-4179
-3661
-3220
-2761
-2223
-1959
-1427
-764
-834
-647
-34
375
289
35
38
219
592
624
454
599
888
1379
1382
1605
1265
2512
3108
2605
2219
2834
4146
3742
3430
2955
3434
4084
3698
3232
3547
3850
3202
2687
1975
1280
1522
1077
744
1017
968
850
1105
899
1230
1760
1366
1619
2014
1641
2003
1893
1725
1575
1312
1628
1405
747
707
402
-237
-627
-744
235
893
-199
-1667
-1981
-2900
-2384
-2234
-2627
-2588
-2309
-2293
-1994
-2279
-2475
-2010
-2007
-1700
-1256
-1725
-1738
-1232
-823
-900
-1362
-1304
-700
-372
-995
-834
-1000
-1251
-1571
-1845
-1670
-1268
-1145
-1168
-1291
-1613
-1114
-398
-1067
-675
-142
-152
-121
-389
-491
-204
-465
-1073
-1291
-1520
-999
-414
-485
-1136
-469
-348
-807
-180
181
546
607
1768
1613
3224
4332
2698
1989
1965
1860
2031
2309
1915
1702
2489
2153
1844
2177
2061
1456
627
853
1265
1412
956
1032
422
282
-149
-1031
-1287
1985
3611
2627
1402
2786
4182
5514
5145
3321
3195
4284
4323
2708
1314
-20
-816
-2141
-2774
-3937
-4770
-5115
-4977
-4661
-4372
-4679
-4870
-3975
-2603
-1947
-1508
-1592
-1365
-1340
-1167
-1185
-1712
-2063
-2303
-2547
-3093
-2972
-3248
-3473
-3228
-2844
-3379
-3364
-2983
-2469
-2308
-2242
-2190
-1827
-1456
-1226
-894
-754
-493
51
262
716
1208
1225
1070
1379
1582
1485
1614
1352
1426
2054
2310
1749
833
1380
2509
2611
2505
2408
2894
3724
4402
4386
3926
3349
3164
3112
2363
1721
732
-178
607
3240
5069
5046
4307
5404
7407
8911
8001
5895
5640
5906
5231
2816
997
-399
-1231
-2669
-4081
-5354
-5572
-5259
-4835
-4795
-4374
-4046
-3708
-2677
-1504
-1211
-1592
-1861
-2631
-2839
-2759
-3370
-4410
-4775
-5346
-5323
-5372
-5542
-5900
-5517
-4897
-4586
-4354
-3783
-3521
-3567
-2856
-2025
-2172
-2363
-2184
-2244
-1960
-1200
-1136
-1547
-1156
-271
267
114
-6
411
830
1101
1235
617
-56
211
950
1078
611
479
669
1329
1698
2022
2439
3133
4054
4302
4470
5000
5363
4978
4746
4689
4380
3734
2985
2476
1412
1181
3186
6525
7339
6270
6964
9715
11232
10721
8191
7430
7803
7871
5316
2591
358
-1130
-2678
-4643
-6304
-7336
-7323
-7349
-7242
-6570
-6281
-5943
-5219
-4268
-2788
-2572
-2868
-2897
-2368
-2675
-3590
-4260
-4543
-4473
-4914
-5466
-5772
-5961
-6062
-5660
-5697
-5570
-4903
-4165
-3664
-3414
-3414
-3418
-3032
-2218
-1887
-2007
-1753
-1589
-1475
-1101
-331
243
327
58
331
1293
1807
1897
1658
1670
2105
1696
1369
1459
1559
1918
2191
2587
3508
4532
5056
5430
6112
6929
7834
8023
7598
7056
6727
6174
5240
3975
2944
3328
5776
7589
6842
5215
6480
9176
9572
7565
6002
6143
6431
5877
3890
1057
-1437
-2574
-4059
-5769
-6717
-7477
-8505
-8156
-7698
-7242
-7332
-6651
-5036
-3703
-2843
-2451
-2392
-2305
-2252
-2459
-2712
-3548
-4104
-5281
-5798
-5997
-6280
-6877
-7408
-7478
-7057
-6404
-6226
-6048
-5397
-4356
-3736
-3452
-3623
-3043
-2259
-1953
-1695
-1475
-856
-532
70
435
650
827
1176
1663
1986
1835
1871
1708
1691
1513
2180
2132
1445
2065
2411
2572
2894
4036
4699
5081
5911
6341
6951
7203
6860
6655
6409
6565
6232
4889
3791
3757
3651
3118
3170
3257
2462
2246
3019
3906
4428
4178
4250
4505
4799
4979
4375
3350
2298
1658
653
-510
-1877
-2976
-3900
-4793
-5157
-5934
-6668
-6983
-7119
-6564
-6231
-6171
-6217
-5783
-5105
-5001
-5535
-5809
-5436
-4812
-4975
-5343
-5313
-5300
-5319
-4775
-4647
-4860
-4400
-4227
-3813
-3226
-2770
-2714
-2439
-1742
-1301
-1150
-1070
-623
-44
149
320
675
1246
1892
2270
2506
2815
3149
3425
3181
2915
2943
3256
3492
3589
3361
2960
3006
3005
3402
3341
3176
3176
3230
3626
3918
3993
3818
3968
4047
4163
4017
3693
3560
3474
3519
3374
3224
3191
3433
3857
4119
4358
4783
5148
5154
5292
5341
4852
3810
2432
1412
540
-57
-1013
-2562
-3841
-4282
-5022
-5648
-6071
-6349
-6514
-6636
-6487
-6129
-6246
-6386
-6174
-5806
-5280
-5043
-5321
-5340
-4908
-5043
-5411
-5148
-4712
-4140
-4073
-3926
-3646
-3266
-2884
-2672
-2238
-2151
-2314
-2031
-1636
-1086
-848
-843
-836
-387
131
343
540
774
1455
1577
1334
1182
1161
1777
2591
2850
2601
2487
2659
2921
3082
3024
2817
2852
3264
3604
3444
3395
3830
4383
4507
4505
4613
4750
5010
5237
4857
4273
4145
4624
4860
4573
4174
4711
4971
4666
5094
5430
5574
6054
6164
5139
4056
3794
3344
2310
676
-1055
-2433
-3318
-3963
-5039
-6094
-6605
-7269
-7541
-7610
-7360
-7250
-7296
-6802
-6113
-5751
-5079
-4443
-4165
-4034
-3740
-3400
-2872
-2937
-3145
-3183
-3276
-3199
-3593
-3475
-3361
-3829
-3898
-3789
-3426
-3331
-3231
-3310
-3208
-2654
-2228
-2067
-1669
-1140
-818
-176
274
512
733
1221
1545
1682
1698
2133
2408
2699
2942
2959
3186
2780
2545
2917
3262
3214
3363
3395
4282
5123
5212
5344
5988
6340
6722
6895
6889
6311
5996
6381
6447
5739
5030
5307
5138
4617
4858
4873
4847
4928
4913
4188
3513
3267
2403
1586
868
-71
-1279
-2160
-2909
-3858
-4846
-5600
-6017
-6102
-6250
-6716
-7421
-7436
-6816
-6368
-6390
-6456
-6237
-5773
-5362
-5278
-5348
-5439
-5075
-4592
-4828
-5420
-5366
-4893
-4654
-4424
-4686
-5123
-4880
-4237
-3604
-3463
-3341
-2969
-2194
-1389
-1290
-1054
-746
-198
483
888
1033
812
1433
2205
2429
2255
2256
2549
3177
3770
3599
3389
3668
4216
4419
4227
4455
4783
4917
5260
5317
5196
5058
5197
5374
5497
5648
5408
5342
5201
5048
4675
4266
4307
3887
3369
3592
4119
3923
4095
4222
3692
3702
4274
4133
2998
2091
1615
1110
571
-309
-1793
-2854
-3315
-3840
-4840
-5569
-5808
-6116
-6576
-7194
-6951
-6623
-6540
-6472
-6736
-6652
-6018
-5519
-5270
-5057
-5017
-5146
-4999
-4681
-4531
-4462
-4558
-4536
-4398
-4450
-4535
-4130
-3657
-3409
-3264
-2581
-1868
-1379
-1141
-675
-97
621
1328
1582
1800
2277
2761
2773
2823
3083
3395
3653
3814
3981
3846
3972
4225
4080
4240
4404
4220
3994
4061
4441
4684
4378
4204
4545
4340
4299
4376
4573
4504
4380
4129
3978
4034
3612
3019
2909
2566
2218
1856
1493
1341
924
605
539
455
100
-228
-160
-73
23
-13
-444
-944
-1118
-1326
-1500
-1626
-2171
-2725
-2820
-3116
-3566
-3868
-4528
-5023
-4917
-5141
-5124
-5287
-5499
-5511
-5553
-5820
-5595
-5359
-5528
-4950
-4399
-4369
-4289
-4065
-3409
-2598
-2253
-2032
-1889
-1635
-1187
-782
-202
252
189
295
569
727
843
710
729
461
706
1086
1331
1416
1916
2436
2762
3185
3500
3946
3969
4400
4705
4614
4562
4216
4108
4234
4072
3830
3361
2910
2436
2129
1874
1851
1885
1486
1221
1221
1316
1361
1128
1131
1094
1086
1309
1290
1181
837
590
274
-195
-660
-1027
-1334
-1539
-1861
-1914
-2172
-2410
-2338
-2233
-2167
-2352
-2181
-1996
-1615
-1327
-1218
-1293
-1485
-1298
-933
-867
-662
-555
-699
-805
-1343
-1615
-1230
-1296
-1729
-1845
-1920
-2314
-2535
-2282
-2190
-2276
-2669
-2522
-2316
-1872
-1501
-1236
-1362
-1139
-812
-375
-151
-155
147
122
245
351
328
205
271
477
507
575
615
1061
1280
758
794
1252
1470
1658
1662
1568
1648
2043
2134
2057
1950
1784
2215
2261
2189
2303
2035
2241
1845
2175
5254
4759
2744
966
293
-14
932
365
-682
-367
-1025
-931
-331
-478
-1296
-1198
-628
-299
1167
3642
2436
1203
521
964
2900
4455
2660
1014
-103
-2770
-3787
-4475
-5796
-5299
-4385
-3893
-3560
-3270
-2823
-1780
-943
-853
-548
415
1330
1829
1536
1015
539
665
278
-492
-679
-1114
-1342
-1810
-2574
-3140
-2562
-1972
-2056
-2449
-2768
-1937
-1315
-1423
-1685
-1509
-347
-98
-519
-779
-815
-448
-403
-1034
-1159
-1214
-649
96
439
324
204
363
960
1059
-386
245
2055
2144
1559
591
344
1951
3502
3250
1868
2015
3717
4960
4525
2698
932
1596
2325
121
-2359
-223
6276
9605
7495
4938
6131
9459
10934
8450
3702
1784
3131
3552
1610
-2201
-4450
-4169
-2955
-2515
-4565
-5552
-3995
-1990
-853
-1854
-3591
-3549
-1822
-1161
-1937
-3595
-4586
-4455
-4489
-4704
-5002
-5506
-5583
-5395
-5076
-4736
-4609
-4571
-4688
-4855
-4673
-4274
-4022
-4341
-4062
-3395
-2974
-2810
-2643
-2209
-1393
-289
-154
-820
-1010
-341
264
471
350
399
1061
1091
1156
1731
2170
2790
3798
3690
2803
2987
3755
4296
4845
5158
4833
5010
5831
6808
5666
3824
2871
2872
3883
6905
11643
13361
12312
11788
13063
13658
12535
9521
5044
3546
3571
2202
-602
-4052
-6256
-6584
-5868
-5977
-7066
-7362
-5790
-3887
-2661
-3163
-4649
-4545
-2895
-1628
-2434
-4675
-6399
-6285
-5758
-6354
-7507
-8086
-7438
-6370
-5367
-5184
-5219
-4908
-4304
-3186
-3186
-3640
-4429
-4894
-4643
-4167
-4119
-5087
-5429
-5176
-3898
-2771
-2114
-1570
-1435
-587
520
911
499
517
1385
1845
2114
1988
1923
2154
2944
3321
3025
3280
3516
4424
5646
6127
5993
6314
7046
7485
7173
6437
6018
5494
5032
4889
4395
3774
3666
3622
3460
3211
3086
3019
2976
3118
2884
2124
1337
1731
2644
2978
2902
2630
2540
2745
2789
2429
2080
1731
769
40
-78
-775
-1707
-2557
-3282
-4050
-4583
-5016
-5591
-5763
-6177
-6274
-6194
-6107
-6050
-5935
-5772
-5493
-5459
-5437
-4926
-4846
-5057
-4880
-4422
-4131
-3742
-3592
-3245
-2929
-2526
-1672
-1826
-2087
-2019
-2112
-2026
-1532
-1511
-1264
-1094
-1217
-1063
-87
696
1063
1206
1899
2793
3124
3590
3713
3653
3742
3643
3624
3155
2898
2342
2101
2542
2907
3198
3355
3925
4479
4456
4949
4994
4851
5176
5166
4649
4262
4443
3980
3633
3159
2264
1924
2015
2309
1738
1131
1174
1138
1167
912
661
581
792
464
157
284
439
464
11
-525
-767
-440
-347
-828
-1429
-2467
-3052
-2917
-3592
-4820
-5729
-6595
-6960
-6702
-6959
-7265
-7229
-7370
-6930
-6227
-5899
-5599
-5468
-5099
-3762
-3238
-3048
-2781
-2908
-2127
-1455
-1239
-1175
-941
-620
-608
-174
300
502
843
875
1014
1300
1650
1718
1391
953
613
309
761
1280
1611
1739
2086
2647
3174
3708
3982
4306
4497
4532
4666
4531
3996
3577
3306
2729
2515
2183
1521
1516
1569
1856
1866
2176
2345
2642
3335
3281
3249
3629
3634
3373
3217
3424
2975
2649
2862
2921
2892
2633
2248
1705
1244
1256
575
-448
-931
-1409
-1803
-2189
-2532
-2899
-3198
-3236
-3226
-3354
-3702
-3704
-3755
-3942
-4159
-4208
-4553
-4880
-5021
-5269
-5332
-5523
-5458
-5212
-5083
-4726
-4088
-3466
-2989
-2533
-2186
-1823
-1316
-1129
-1209
-1724
-1912
-1757
-2048
-2282
-2148
-1926
-1836
-1513
-1465
-1524
-714
-48
114
347
626
1089
1678
1885
1929
1907
1999
2247
2302
2144
2160
2399
2445
3109
3488
3659
4031
4482
5369
5541
5173
5149
5173
5258
5314
5007
4069
3831
3989
3820
3508
2869
2318
2192
2368
2014
1617
1245
597
933
1394
1623
1372
1018
1380
1659
1748
1167
203
-259
-346
-309
-609
-1167
-1991
-2411
-2863
-3526
-4218
-4792
-4938
-5306
-5307
-5420
-5414
-4984
-4971
-4816
-4633
-4903
-4691
-4461
-4245
-4265
-4175
-4117
-4214
-4100
-3944
-3673
-3124
-2855
-2823
-2207
-1678
-1392
-968
-607
143
785
997
1066
1348
1484
1769
1690
1273
1355
1438
1764
1895
1805
1532
1679
2025
2077
2182
2101
2588
3073
3103
3011
3206
3567
3913
3958
3954
3760
3683
3628
3799
3673
3191
2774
2482
2420
2552
2088
1799
1878
1920
1642
1401
1330
1187
1216
906
1126
1209
1196
1288
731
510
361
210
199
259
-167
-519
-544
-582
-372
-563
-796
-996
-1184
-1442
-1658
-1942
-2889
-3316
-3321
-3375
-3604
-4277
-4533
-4699
-4861
-4757
-4929
-5018
-4906
-4695
-4654
-3984
-3716
-3490
-3019
-2629
-2053
-1694
-1401
-1032
-747
-529
-155
-300
-264
217
734
1324
1578
1213
924
1384
1496
1645
1680
1397
1478
1846
2250
2144
2074
2431
2695
2807
2682
2207
2216
2594
2533
2273
1820
1604
2143
2413
2125
1538
1276
1693
2097
1935
1585
1326
1540
1776
1725
1685
1428
1411
1410
1216
540
-45
-509
-804
-449
-652
-1002
-881
-757
-738
-484
-408
-865
-520
-7
332
379
-16
-4
45
358
204
-455
-1015
-1155
-894
-735
-927
-1390
-1426
-1558
-1668
-1459
-1972
-2025
-2017
-2183
-2258
-2441
-2499
-2404
-2601
-2539
-2513
-2634
-2426
-2104
-1899
-2016
-2090
-1879
-1418
-948
-734
-497
-571
-232
85
231
380
523
840
1131
1240
1148
1384
1152
914
994
968
787
1075
1116
881
1070
1283
1379
1577
1574
1494
1624
2057
2554
2378
1874
2184
2503
2673
2082
1313
1312
1720
1764
1318
970
947
1216
1100
782
676
676
947
827
620
613
453
556
180
-73
76
213
341
285
279
403
571
839
858
732
622
796
473
386
300
-148
-320
-224
-568
-937
-1385
-1599
-1617
-1985
-2124
-2375
-2198
-2207
-2280
-2411
-2684
-2460
-2280
-1892
-2488
-2829
-2631
-2701
-2619
-2597
-2235
-2408
-2397
-2331
-2276
-1840
-2071
-2111
-1892
-1715
-1267
-1275
-1311
-761
-170
92
-108
-45
231
748
1256
1503
1352
1227
1493
1675
1913
2112
2030
1978
2223
2657
2880
2633
2592
2688
3105
3132
2753
2653
2913
3084
3128
2843
2639
2614
2235
2074
1928
1547
1469
1699
1646
1521
1213
1106
1099
730
643
654
346
-212
-402
10
70
54
-342
-1036
-860
-569
-511
-600
-863
-1079
-1039
-852
-1014
-1122
-1275
-1479
-1450
-1814
-2567
-2732
-2583
-2735
-2886
-3454
-3633
-3485
-3091
-3335
-3728
-3682
-3586
-3110
-3092
-2977
-2822
-2357
-1845
-1654
-1370
-1223
-944
-832
-668
-459
-14
165
162
190
162
538
915
1100
1275
1350
1505
1349
1441
1465
1782
1931
1837
1913
1683
1723
2092
2585
2962
2895
2626
2599
2972
3279
2953
2627
2649
2660
2730
2587
2428
2437
1894
1876
1860
1683
1519
1169
1087
932
951
568
-93
-212
59
336
146
-440
-654
-551
-109
-215
-595
-869
-1136
-1192
-1409
-1428
-1469
-1863
-2174
-2147
-2098
-2065
-1906
-2024
-2117
-1879
-1806
-1748
-1720
-1810
-1732
-1935
-2284
-2474
-2317
-2266
-2187
-2463
-2624
-2083
-1854
-1388
-1179
-1460
-1022
-579
-207
81
552
567
558
912
1342
1356
1406
1361
1159
1063
1280
1451
1448
1372
1529
1635
1661
1634
1410
1317
1479
1216
1439
1580
1460
1809
1478
1340
1716
1697
1566
1176
1229
1574
1859
1436
1223
929
892
1107
624
181
-207
-244
-120
-121
214
710
828
-207
203
-306
400
840
-1558
-2287
-2222
-1324
-814
-296
-2428
-2840
-1555
-1611
-1562
-2977
-4285
-3857
-2071
-1383
-2303
-2980
-3380
-1885
-848
-280
-1268
-2173
-1402
-495
288
80
-590
-616
293
1281
1133
769
82
185
1457
1567
1053
460
163
812
1365
1530
961
893
1222
1944
2505
2141
2162
2158
2019
2370
1891
1043
1102
1663
1883
1677
780
216
708
1077
1409
1303
914
847
631
-58
-1311
-2052
-2555
-1818
-867
-281
242
-87
1016
1808
1202
-28
-845
-1211
-2369
-1986
-1234
-228
-638
-703
1176
1175
553
-206
-642
-1697
-2979
-2717
-2127
-1582
-1896
-2483
-3228
-4498
-3614
4212
13116
13555
7539
3060
2984
3838
3873
-912
-7568
-9106
-4272
3024
4261
937
-2512
-2348
1446
3499
213
-6188
-9054
-5719
-1009
-929
-4411
-6191
-3703
2044
5665
2828
-2589
-4897
-3099
-998
-2014
-5625
-8113
-7445
-3486
251
227
-1987
-3435
-1778
0
-953
-3832
-6075
-5102
-2045
-557
-1808
-3086
-1701
1930
5459
6019
3800
1722
3213
5724
6028
4873
3376
2244
1158
1499
2052
867
-1169
-1164
3610
12386
21465
22650
15812
8267
6285
7178
5790
635
-4888
-5944
115
9016
11758
6691
1191
114
3064
4049
-763
-8678
-12941
-9752
-3449
-1707
-4172
-6052
-3691
2192
5837
3070
-4152
-8686
-8019
-5924
-5413
-7903
-9859
-8308
-3084
1583
1462
-1408
-3266
-2159
-1208
-2632
-5851
-9017
-8620
-5401
-2586
-2541
-3338
-2771
-627
901
587
-1131
-3268
-3731
-2762
-1875
-2108
-2472
-1813
166
1461
692
99
-581
-947
20
178
-366
533
2673
3451
3022
3049
3855
4741
4952
5297
4632
3769
4158
5044
4365
1889
-1148
-1667
6260
18190
26045
22165
13910
9378
9800
9038
3809
-4432
-10118
-5973
4176
10747
9325
3257
33
2163
5078
1525
-7037
-13313
-11985
-5648
-1730
-3736
-6576
-4905
869
5782
4096
-2959
-8938
-9803
-6676
-5698
-8099
-11178
-10444
-5547
-821
-662
-4750
-6938
-5073
-2653
-3531
-6578
-8196
-7347
-3973
-1297
-1816
-3531
-3757
-2067
-856
-1252
-3013
-4549
-4260
-3371
-2104
-2059
-2410
-1486
-708
-465
-427
-943
-2009
-2381
-1304
-199
1219
2415
2978
3289
4367
5475
5554
5900
7481
7350
6514
6177
6443
6271
5508
3463
932
2335
7418
15578
21220
19525
15640
12235
10738
7672
2668
-2479
-3951
36
4678
7947
7452
4726
3324
3249
2948
-1304
-7271
-10546
-9690
-6905
-5232
-6035
-7328
-4558
-254
1502
286
-3678
-7237
-8243
-7296
-7132
-8277
-9306
-8573
-5479
-2504
-1796
-3473
-6324
-6336
-5060
-5624
-7297
-9644
-9419
-6139
-3262
-2163
-3493
-4781
-4637
-2100
-664
-2598
-4598
-5139
-3546
-572
554
53
-910
-137
1228
1290
337
-666
-603
836
1993
2033
1379
2036
4967
8087
7359
3653
3179
5630
7966
8263
7460
5231
4907
8376
9824
6611
1138
879
10318
23458
25859
16776
7510
5423
9348
10489
3291
-6528
-8630
-842
8568
10672
3326
-4378
-4202
1938
3889
-3216
-12441
-14203
-7798
-1121
-837
-6399
-9415
-4656
3378
4731
-1984
-9391
-10621
-6109
-1996
-3298
-8233
-10331
-6695
-1320
-723
-4532
-8884
-10027
-6731
-3494
-3996
-8157
-9960
-6322
-2346
-1877
-4918
-7196
-6700
-3328
-328
-1227
-3939
-4985
-2405
1170
1584
-211
-2296
-1540
569
1290
-273
-2405
-2086
578
2182
1331
-816
-683
2371
7078
8397
5037
3605
6352
10349
9728
7061
5816
4322
4206
5189
4972
4378
8057
18460
24813
21557
12820
7679
7709
7268
3959
-2120
-6397
-3928
3901
9737
6749
209
-1855
398
3046
839
-5483
-10205
-9749
-4757
-1669
-4069
-7920
-6600
-762
3056
1348
-3622
-7054
-6907
-4122
-3694
-7086
-9659
-8117
-4421
-2652
-4518
-7477
-8317
-6682
-4795
-4924
-6971
-8241
-6468
-4366
-4658
-6494
-7821
-6803
-4760
-3039
-2649
-3657
-3055
-1187
590
199
-1596
-1938
-1079
-467
-1127
-1786
-1938
-1493
497
1621
468
-538
2001
4209
4292
4099
4373
5812
8008
9809
9409
8106
6540
6128
6804
6833
7191
9216
15953
21401
21095
17459
13489
10810
8590
6357
2258
-1400
-2181
184
4042
3955
1708
-167
-81
1134
1017
-1200
-4885
-6667
-5408
-4412
-5943
-7588
-7708
-5518
-2011
-283
-1930
-4791
-6066
-5139
-4122
-4957
-6498
-7726
-7230
-5534
-4647
-5757
-8053
-8590
-7260
-5537
-4880
-5827
-5782
-4939
-4428
-3947
-4536
-5564
-6455
-5741
-4195
-3379
-2285
-2044
-1512
-1160
-1174
-888
-1476
-2060
-2230
-2774
-3054
-2506
-1761
-1439
-769
354
1789
3355
4629
5237
6351
8059
7810
5897
5634
6837
6076
5754
9358
15553
20930
20468
17093
15148
15356
14640
11624
6979
2362
665
1941
3169
1259
-1907
-2848
-1029
2181
2420
-346
-3481
-3529
-714
330
-2250
-5922
-6497
-3637
-890
-628
-3779
-6552
-6423
-3594
-1884
-3111
-6043
-7173
-4747
-2278
-2108
-5003
-7420
-7195
-5971
-4596
-5751
-8393
-9488
-7734
-5162
-4888
-5587
-6677
-5829
-3188
-1573
-1822
-3774
-4835
-4022
-2595
-2637
-3905
-4168
-3704
-2437
-1472
-1517
-2210
-3195
-2887
-2244
-1582
-990
-282
831
2226
4876
7002
7370
6485
5886
6912
8321
11356
16724
19669
18486
16284
16713
17898
17185
13975
9336
5983
4708
4930
4222
1075
-2678
-4100
-2645
-1511
-1600
-3098
-4028
-2715
-79
1345
-592
-2621
-3050
-1262
-249
-1701
-3825
-5485
-5388
-3754
-2918
-4549
-6512
-7152
-6112
-4720
-4445
-5506
-6666
-6678
-5460
-4634
-5821
-7562
-8179
-7417
-6278
-6131
-6868
-7326
-7114
-5854
-4242
-3687
-3871
-3466
-2504
-1368
-924
-1857
-3433
-4279
-4340
-3894
-4105
-4926
-4631
-3539
-1340
4
355
822
2443
5030
6527
7505
6969
6675
7539
11008
15772
17147
15400
13270
15659
18479
19618
16991
13067
10888
10620
11696
9418
5012
-76
-2009
-1525
-1618
-3322
-6281
-7053
-5911
-3210
-2373
-2928
-3589
-2541
168
1847
1230
-927
-2043
-2064
-1181
-989
-2315
-4494
-5878
-5588
-4792
-4744
-6166
-7313
-7570
-6753
-5964
-6221
-7275
-7657
-7101
-6025
-5211
-5465
-6063
-5820
-4904
-3783
-3606
-4491
-4530
-4096
-2994
-1948
-2145
-3071
-3074
-1986
-1382
-838
-1164
-1843
-1968
-1105
-144
-332
-534
302
1753
3671
5582
6598
6998
7660
8458
8520
7856
7845
8285
8535
7957
7728
8137
9231
9886
9939
8930
7670
7605
7779
7330
5797
3968
2475
1787
1267
315
-1527
-3642
-4401
-4461
-4378
-5309
-6347
-5967
-4589
-3347
-3297
-4262
-4588
-4334
-4394
-3908
-3988
-3837
-3502
-3045
-2443
-1964
-1464
-1198
-1476
-1638
-1331
-1627
-2267
-3172
-3623
-4034
-4222
-4337
-4499
-4493
-4334
-3493
-3259
-3633
-3744
-3780
-2893
-2193
-1831
-2156
-2222
-1730
-1118
-573
-729
-597
-204
180
1043
1692
2032
2304
2674
3220
3624
3786
3811
4271
5333
6122
5931
5465
4728
4215
3984
3890
3680
3512
3835
4783
5512
6030
6464
7139
7491
7682
7112
6126
5038
4076
3434
2194
362
-1183
-1932
-2481
-3288
-3840
-4845
-5210
-5391
-5575
-5741
-5923
-5584
-4862
-4333
-4294
-3664
-3081
-2439
-1702
-1251
-1083
-957
-727
-712
-570
-796
-1237
-1843
-2029
-2151
-3221
-4241
-5308
-5501
-5437
-5151
-5178
-5555
-5329
-4540
-3083
-2225
-1924
-1545
-642
587
1051
835
1001
1367
2071
2355
2341
2233
2158
2631
3642
4349
4112
3801
4044
4218
4494
4120
3638
3579
3309
3641
3673
3616
3600
3593
3741
3962
4552
3582
3559
3732
3388
3397
2923
2865
2688
2078
1021
108
-575
-1419
-1536
-1864
-2364
-2460
-2431
-2295
-1741
-1311
-1282
-1527
-1618
-1514
-1188
-1308
-1296
-597
-666
-791
-827
-975
-1256
-1719
-1928
-2424
-2623
-3229
-3195
-3171
-3494
-3663
-4469
-4509
-4278
-4329
-4134
-4282
-4200
-3856
-3105
-3081
-3129
-2635
-2583
-1836
-1092
-627
-138
-171
50
434
749
954
861
1304
1563
1915
2464
3038
3697
3779
3695
3666
3431
3535
3041
3006
3016
2528
2409
2186
2399
2814
2620
2473
2139
1975
2148
2238
2264
1941
1645
1567
1817
2071
1811
1398
1141
885
471
-228
-816
-1165
-907
-357
89
131
221
930
1501
999
190
65
-22
-567
-767
-1012
-1042
-332
228
-140
-811
-1466
-1829
-2067
-2678
-3337
-3942
-3888
-3569
-3317
-3309
-3392
-3175
-2795
-2977
-3386
-3290
-3356
-2594
-1996
-2098
-1560
-1221
-976
-836
-263
-504
-663
-406
-740
-334
243
561
949
1379
1545
1518
1659
1884
1834
1966
1850
1412
1571
1596
1790
1670
1035
681
713
916
1092
1251
1319
1428
1522
1744
1809
1269
1160
1223
1150
898
243
190
-88
-175
35
337
121
-490
-107
439
466
219
178
445
575
906
884
703
430
440
372
188
179
-502
-784
-221
-277
-516
-626
-1373
-1681
-1712
-1829
-1739
-1877
-1925
-1550
-1195
-978
-564
-527
-398
-31
392
217
108
655
894
1091
1123
572
400
197
35
-282
-299
-495
-436
204
198
28
1
34
302
250
367
196
-87
-251
-354
-456
-632
-599
-681
-791
-784
-836
-683
-848
-927
-819
-693
-311
72
279
87
6
-237
-376
-119
-93
-157
-69
-11
45
569
615
351
607
719
675
568
409
333
275
272
544
685
756
875
782
479
363
340
44
-206
-107
-74
-67
-223
-418
-215
-181
-33
235
181
96
171
316
396
216
165
473
881
1064
881
669
380
504
563
429
1
-287
-325
-569
-543
-480
-395
-374
-549
-485
-601
-546
-389
-596
-651
-448
-961
-1345
-1661
-1845
-1699
-1691
-1484
-1273
-800
-608
-174
71
137
559
539
583
758
940
958
1096
985
692
958
1081
723
597
614
439
408
337
247
135
175
271
435
400
334
340
447
737
741
599
431
435
661
641
552
379
204
222
70
-30
-139
10
-201
-369
-489
-191
21
-124
-108
-38
140
110
351
508
313
59
-46
-214
-221
249
30
-368
-382
-814
-823
-825
-946
-1201
-1462
-1617
-1613
-1457
-1265
-1255
-1278
-1333
-1006
-671
-594
-743
-1067
-1079
-701
-103
-109
-490
-186
391
947
1148
927
813
542
614
680
406
71
-465
-298
274
1010
873
693
586
313
661
702
661
776
949
1265
1209
669
1119
1842
4615
8280
3567
-3728
-7306
-5445
1561
5013
806
-5200
-6954
-3144
4263
6997
858
-5166
-6292
-913
6606
6587
1507
-3164
-2889
2540
6060
3693
-584
-3177
-1863
1886
1830
-806
-3900
-4769
-1694
1399
614
-1778
-3891
-3678
-467
1513
860
-1175
-2796
-1678
1027
1572
507
-663
-1585
124
1688
1119
662
-45
25
1361
1271
429
-352
-890
207
1018
218
-563
-1193
-818
623
1083
187
-171
-763
-431
960
965
1192
1023
118
990
1763
804
-208
-756
-207
756
305
-1144
-1856
-945
225
259
-252
-1647
-1709
502
2049
1812
73
-948
-17
1647
2394
717
-1083
-1292
-1205
2168
4545
140
-4003
46
6107
5227
-942
-7029
-6660
447
5159
2874
-3017
-7692
-5225
2351
6026
2039
-5156
-7609
-2705
4175
5164
-142
-4975
-2755
6952
11263
2727
-7358
-9991
-4726
4822
6080
-3846
-11345
-9690
-1145
8065
7477
-1004
-5733
-3010
5157
9901
4361
-4099
-6909
-2731
3821
4861
-950
-5338
-4729
309
5066
2511
-2910
-4941
-1213
4863
6502
2577
-2135
-2932
1087
5262
4263
-423
-3196
-2630
732
3987
2781
-971
-2051
130
3514
7282
5658
-654
-1978
1376
3677
4770
1104
-5242
-4464
24
2225
1707
-2877
-6049
-3311
768
2923
1079
-2913
-2655
463
3258
4780
757
-3297
-1835
83
964
228
-4002
-6540
-4071
-1498
-1050
-2814
-6051
-5418
-1724
187
-379
-2471
-3481
-1827
638
1221
-172
-1262
-1199
1042
2768
1389
222
48
1300
3664
3179
260
-167
931
1865
2834
631
-2186
-1552
2562
8777
8693
2810
2189
6123
9442
10675
8420
3534
1988
4435
6688
5579
-1483
-6811
-5461
-2394
-1884
-4481
-8134
-8576
-4526
-66
531
-2447
-4510
-2136
2003
3313
1324
-2834
-4463
-2392
-610
-1143
-4106
-7293
-7731
-5364
-4346
-5541
-7211
-7710
-6110
-3791
-3018
-4044
-6188
-6994
-4900
-2764
-2759
-4654
-6493
-5726
-2165
521
-556
-2965
-2443
798
4472
5992
4467
3083
3947
5975
7647
8285
12065
18228
17925
14007
14256
15240
14921
15110
11642
6170
4390
3353
3704
3183
-2803
-7137
-5654
-3325
-1821
-1566
-3991
-3434
400
2742
2735
358
-1769
-410
2255
2002
-1241
-5415
-6390
-4820
-4398
-5214
-7020
-9228
-8689
-5252
-4509
-6137
-7742
-8392
-6855
-4950
-4900
-6632
-7625
-7637
-5752
-3840
-4836
-6212
-6389
-5421
-3078
-1859
-2538
-3068
-2334
-1467
-678
-903
-2206
-2524
-2248
-1847
-1953
-2840
-3970
-2996
262
2127
3580
4232
4254
5915
8381
9653
12444
20647
27570
24687
18817
17597
18875
19659
18085
10705
2669
58
592
3787
2977
-4221
-9491
-7722
-2252
2210
548
-3832
-2934
945
4242
3905
-1228
-5105
-3934
-1411
76
-2316
-7171
-8144
-5459
-2739
-1800
-4182
-7840
-7709
-4658
-2752
-4326
-8562
-10964
-9651
-7528
-6668
-7686
-9834
-9405
-6629
-4548
-4368
-5462
-6639
-5811
-3273
-2018
-2514
-4511
-5319
-3695
-1916
-1690
-2730
-3983
-4561
-3277
-1536
-1430
-2656
-3270
-2179
-23
1642
1899
2001
3249
4271
5418
8329
12880
21339
28525
24962
19246
18282
18244
18910
17061
8216
1976
409
141
3351
2833
-3996
-7623
-4704
836
4654
2095
-2172
-1954
534
3246
1622
-4268
-7333
-5745
-2597
-874
-3296
-7062
-6047
-3033
-517
150
-3314
-6272
-7152
-6798
-5667
-7257
-10855
-11286
-8920
-7143
-6112
-5992
-6888
-5173
-3038
-1780
-1755
-3121
-3703
-2602
-1089
-598
-1415
-2609
-2587
-1624
-838
-392
-1473
-3294
-3415
-4054
-5342
-6603
-7332
-6430
-4655
-2564
-583
1752
3821
6755
9424
9757
8598
7997
10521
17274
26873
30464
22410
14577
13549
15549
16101
11257
2271
-2559
-1488
2226
6388
3641
-3512
-5057
-1244
3314
4259
-318
-4232
-3897
-1621
1438
529
-3538
-4243
-2253
658
2722
77
-3257
-4418
-5260
-5178
-6850
-10887
-13589
-14324
-13434
-11392
-10597
-10578
-9066
-7019
-5130
-3822
-3843
-4081
-3643
-2870
-2723
-3341
-3795
-3563
-3124
-2307
-2108
-2754
-3199
-2878
-2684
-3156
-4439
-5322
-6461
-7285
-7475
-7695
-6662
-5509
-4251
-1892
1803
4639
4811
5284
7310
10375
11752
10250
8012
7939
12059
22468
32732
29452
18988
13845
13800
15976
15966
8459
-517
-3394
-979
7025
10404
4263
-1832
-2858
695
5432
4311
-573
-4831
-7314
-3867
-1433
-3896
-5313
-5237
-3995
-1485
-1454
-3666
-5738
-8809
-9717
-9403
-11010
-12527
-13785
-13392
-11134
-9419
-6770
-4943
-4290
-3229
-2248
-1664
-1089
-1579
-2339
-2852
-4013
-3985
-3278
-2736
-2174
-2389
-2773
-3536
-4144
-3873
-4464
-5751
-6610
-7687
-8450
-7274
-6544
-5866
-4968
-4452
-2861
-1031
350
3611
6673
8238
8611
8958
10328
10429
8739
7621
8569
12028
23432
32767
28583
20590
12667
8685
10730
10636
6386
832
-4207
-1913
7481
11345
8343
3115
-249
840
3685
4758
1258
-4796
-8181
-7406
-5449
-3933
-4225
-5703
-5964
-5737
-4910
-4907
-7164
-9013
-10850
-11678
-10680
-9921
-8501
-6982
-6166
-4526
-2177
-90
527
-778
-2728
-4484
-5446
-4111
-3684
-5241
-5788
-5327
-3789
-1661
-977
-1789
-3542
-4443
-4371
-4687
-6190
-7661
-8849
-9531
-8858
-7805
-6408
-4709
-2398
-827
-821
-269
1786
4381
6231
6879
7031
8423
10057
11016
9303
6136
6930
11118
19749
29158
29390
22743
15382
10508
9787
9828
7255
1673
-2522
-1047
5128
10321
10288
6372
1853
-546
432
1319
-592
-5245
-10463
-11713
-10937
-9166
-6416
-5459
-5510
-6068
-5842
-4818
-4900
-5690
-6876
-8650
-9068
-7854
-5972
-4956
-4522
-3628
-3056
-2089
179
720
-1778
-4432
-5824
-5602
-4599
-4520
-5250
-5995
-4896
-2744
-1924
-2245
-3374
-4444
-4846
-4759
-5088
-5893
-6353
-6557
-5785
-4779
-3644
-3222
-2662
-1184
-493
-701
-285
2289
4667
6406
8702
9838
9979
10384
10593
9069
7255
8013
13613
24387
31595
29819
22388
13520
9202
8495
9034
6610
925
-2494
-891
5400
9846
9792
5545
-750
-3605
-3250
-2662
-4444
-8632
-11537
-12293
-10949
-7302
-4657
-3965
-4320
-5491
-5595
-6323
-6896
-6656
-7849
-9018
-9880
-9769
-7616
-4616
-2225
-1765
-2607
-2405
-1745
-1980
-2994
-6121
-9183
-9847
-9350
-7274
-6102
-6245
-5730
-4371
-2437
-1032
-1564
-3336
-4697
-5169
-5169
-4884
-5749
-6990
-6697
-5631
-4074
-2222
-743
43
1350
2410
2487
3931
6515
8601
9790
10837
11142
11439
11825
10630
9679
10939
16653
25939
29110
26156
19079
11563
7219
7461
8041
5716
3589
2471
4175
7329
9189
8160
3091
-2277
-5532
-7242
-7594
-7558
-8489
-9120
-9701
-9141
-6012
-3131
-2137
-3521
-6118
-8300
-8747
-7240
-5920
-5426
-5262
-5403
-4412
-2580
-384
95
-1246
-3823
-5777
-6002
-5852
-6258
-7409
-8166
-8164
-7004
-5566
-4716
-4483
-4489
-4583
-4612
-4563
-4881
-5641
-5958
-5824
-6291
-5881
-5292
-4279
-2884
-2590
-2097
-1532
-75
60
-453
34
1978
4429
7129
9739
10145
9976
10024
9979
9089
8266
8985
11314
20525
28032
28451
23643
16251
10248
7311
8731
8274
7702
5741
4262
4998
5197
4657
2307
-2137
-6679
-9874
-11024
-10578
-8904
-7485
-7170
-7896
-7309
-5289
-2851
-1087
-1808
-4918
-7849
-8486
-6957
-4544
-3128
-3882
-4956
-5303
-3753
-2094
-1944
-3928
-6733
-7568
-7279
-6596
-6224
-6197
-6655
-7180
-7509
-7151
-5941
-4701
-4145
-4154
-4378
-5085
-5412
-5257
-5049
-5366
-5936
-6308
-5643
-4399
-2813
-2272
-2248
-2704
-2491
-1182
430
2524
3788
5081
6795
9604
12346
13153
12804
10885
9098
9672
12862
20283
24981
25996
21959
15721
11948
9847
10770
9395
7504
3928
1380
2590
2636
3231
1590
-2214
-5490
-8049
-8372
-8444
-6908
-5383
-5519
-6273
-6371
-4312
-2025
184
-435
-3221
-5607
-7220
-6552
-5081
-4184
-4398
-5786
-6866
-6245
-4717
-3505
-3286
-4572
-6419
-7193
-7062
-6435
-5381
-5511
-6242
-6841
-6625
-5693
-4199
-2630
-2851
-3792
-5257
-5986
-5477
-4896
-4747
-5682
-6113
-5800
-4493
-3056
-2104
-1521
-1790
-1958
-1263
231
1864
4050
6716
8412
9643
10692
12329
12620
12069
10704
9338
10698
16854
23829
26149
23442
16881
11535
8108
8032
8173
6900
4666
1555
790
889
1194
1083
-442
-2778
-6123
-7597
-8512
-7704
-6222
-6136
-6660
-6736
-5611
-3652
-795
-29
-1593
-4222
-6827
-7366
-6555
-5435
-5378
-5517
-5994
-5589
-3662
-1951
-1209
-1445
-2420
-4057
-5080
-4639
-4580
-4176
-4841
-5646
-6292
-6191
-5452
-3996
-3671
-4338
-4795
-5985
-6580
-6946
-7118
-6634
-6064
-5001
-4878
-4382
-3619
-2122
-549
823
1810
1966
3072
4569
6845
8335
9971
10792
11002
10856
10294
11291
13473
18865
22655
22756
19880
15820
12547
11078
11339
9995
8270
4949
2970
3003
4107
4129
1905
15
-2785
-3689
-4340
-3535
-3302
-4741
-5776
-7879
-7794
-6249
-3145
-1450
-1651
-3257
-5855
-5971
-5481
-4935
-5096
-6354
-7645
-7233
-5523
-3980
-2769
-2585
-2805
-3069
-4310
-5462
-5870
-6071
-6057
-6375
-7042
-7725
-7427
-6440
-5587
-5250
-5342
-5535
-5520
-6139
-6317
-6587
-6142
-5390
-5132
-4725
-4862
-3497
-1783
-198
300
910
1876
2619
3952
4721
6510
7673
8942
9538
10063
11610
14153
19714
23445
23511
19437
15912
13088
12306
13580
12624
10467
6880
4579
3799
4222
3982
1915
-639
-3289
-4507
-4532
-3314
-3060
-3942
-5656
-7564
-8010
-6691
-4663
-3606
-3505
-4862
-6097
-5955
-4873
-4268
-4488
-5824
-7274
-7866
-7159
-6002
-5212
-4752
-4794
-4789
-4942
-4664
-4533
-4981
-5897
-6565
-6824
-6367
-5487
-5658
-5770
-6172
-6072
-5463
-5617
-6239
-6273
-5852
-5578
-5016
-5213
-6211
-5544
-4237
-3193
-2022
-412
1965
3694
5045
5172
5899
7281
7720
7784
8330
9762
14804
21876
25081
23178
20264
18136
16360
16509
15076
11733
8955
7814
7500
7492
6360
3193
507
-1338
-2783
-2953
-2815
-3776
-4256
-4745
-5127
-5224
-4612
-3492
-3409
-4291
-5842
-6027
-5498
-4757
-4822
-5834
-6880
-7277
-6969
-7209
-7158
-7437
-7680
-7523
-6978
-5668
-4951
-4995
-4619
-3658
-2974
-3128
-3247
-3620
-3563
-3443
-3570
-2977
-3077
-3694
-4389
-5242
-5244
-4566
-4653
-4997
-5371
-5790
-5672
-4836
-3904
-3712
-2457
-956
268
1889
3594
5280
6509
7769
8726
8912
9293
11943
15872
16828
15430
15008
15523
15844
16539
15938
13045
11123
9863
8335
7148
5083
3101
1880
747
-891
-1690
-3240
-4427
-4065
-4492
-5921
-6521
-6141
-5184
-4347
-4546
-5702
-6564
-6661
-6195
-5725
-6479
-7308
-6920
-6666
-6788
-7150
-6896
-6438
-5996
-5700
-5788
-6050
-6026
-4795
-3839
-3411
-2695
-2669
-2806
-2413
-2421
-2901
-3113
-3418
-3996
-4037
-3837
-3845
-4058
-3987
-3924
-3882
-3885
-3510
-3181
-3123
-2647
-1836
-1098
5
922
1876
3211
4321
5252
6550
7800
9282
11850
12390
11306
12229
13681
14013
14853
15508
14717
14730
14856
14002
12495
10525
7632
6237
5304
3626
2386
1068
-834
-2272
-2739
-4357
-5674
-5741
-6717
-7667
-7581
-7544
-7459
-7359
-7408
-7609
-7578
-7293
-6907
-6729
-7063
-7111
-7177
-6496
-5868
-5150
-4343
-4187
-3865
-4015
-4339
-3791
-3063
-2794
-2758
-2747
-2652
-2297
-2233
-2363
-2987
-3842
-3809
-3360
-3295
-3552
-3554
-3599
-3417
-3486
-3771
-3403
-2602
-1966
-1482
-1413
-1093
89
1155
1949
3051
4161
4515
6996
9764
9186
9740
12608
13943
14653
16255
15694
14972
16468
16085
14768
14241
13067
11193
10204
8517
5536
3544
1916
-795
-1885
-3088
-5238
-6243
-6161
-6259
-7290
-7721
-8679
-9123
-9019
-9153
-9206
-8875
-7925
-7716
-7460
-6840
-6568
-6123
-6498
-6785
-7020
-6532
-6024
-5624
-5156
-5179
-4386
-3784
-3679
-3686
-4053
-3793
-3122
-2820
-2542
-2544
-1881
-1394
-1390
-1677
-1973
-1842
-1864
-1400
-1522
-2347
-2567
-2203
-1700
-964
-744
-854
-563
79
485
1402
2493
5282
7182
7209
9019
11489
12682
14095
16258
16477
16941
18567
18490
17529
16284
14454
12905
11640
10356
7644
4560
2843
1172
-472
-2640
-4834
-6444
-6891
-7485
-8012
-8035
-8565
-8756
-8831
-8523
-8096
-8160
-8386
-8132
-7722
-6945
-6656
-7077
-6683
-5906
-5626
-5723
-5916
-6422
-6693
-6440
-6242
-6058
-5550
-5146
-4755
-3625
-2836
-2528
-2107
-1347
-570
-142
100
47
377
882
1394
1498
914
283
-324
-587
-1152
-1424
-1501
-2146
-2342
-1530
-638
-124
99
736
3086
4918
5461
7427
9885
11849
13850
15484
15547
15537
16641
16701
15988
15552
13973
12132
11538
10146
7169
4454
1800
-275
-1202
-2786
-4823
-6240
-6806
-7475
-7609
-7661
-8237
-8615
-8193
-7523
-7170
-6980
-7328
-7266
-6831
-6336
-6503
-7309
-7924
-7535
-7276
-7843
-8515
-8712
-8295
-7868
-7475
-7620
-7127
-6055
-4935
-3624
-2815
-2325
-1097
321
1455
2234
2680
2890
2605
2682
2922
2921
2891
2305
1256
923
602
-55
-983
-1727
-1708
-1266
-1303
-1100
-110
581
1426
2539
4052
5540
6798
8325
9840
10953
12456
13990
14649
14671
14824
14435
12913
12168
11494
9900
8952
7517
5305
3343
1796
-187
-2032
-3176
-4304
-5216
-5871
-6601
-6973
-7113
-7094
-7077
-7101
-7361
-7213
-6978
-7343
-7447
-7072
-7053
-7426
-7983
-8002
-7969
-7923
-7454
-7721
-7921
-7735
-6635
-5251
-4607
-3588
-2681
-1900
-868
86
853
1491
2008
2639
2947
3033
3332
3362
3077
2681
2339
1654
865
195
-519
-1068
-1536
-1835
-2023
-2139
-2204
-1984
-1227
-225
417
917
1399
2538
3658
4912
5591
6137
6800
7264
8001
8625
9181
9604
9372
8985
8905
8628
8046
7203
6418
5927
5594
4936
3733
2919
2114
1340
764
-356
-1384
-1813
-2342
-3039
-4135
-5155
-5700
-6019
-6859
-7662
-8547
-9555
-9703
-9796
-10038
-9804
-9243
-8653
-7800
-7201
-6448
-5347
-4136
-3147
-2445
-1471
-735
540
1310
2056
2462
2525
2283
1641
1580
1353
1368
900
368
-87
-812
-1645
-2084
-1984
-2205
-2329
-2521
-2517
-2424
-2244
-1751
-766
-215
-119
281
641
1507
2586
3188
3847
4095
4361
4812
5278
5592
5917
6443
6525
6861
6776
6256
6274
6277
5992
5805
5261
4621
4719
4633
4380
3908
3622
3175
2453
1873
979
511
-61
-872
-1496
-2767
-3774
-4202
-4666
-5512
-6351
-7191
-7653
-7100
-6769
-6573
-6233
-5856
-5342
-4261
-3047
-2466
-1741
-1430
-1012
-101
346
849
1497
1424
1032
523
159
54
-311
-1091
-1766
-2156
-2408
-2620
-3086
-3512
-3518
-3757
-3552
-3538
-3592
-3445
-2803
-1963
-1535
-1602
-1143
-855
86
753
900
1382
1732
2395
2585
2765
3164
3845
4452
4658
4675
4565
4916
5382
5501
5710
5504
5286
5522
5568
5192
4512
3957
3580
3456
3108
2576
2137
1245
402
-279
-1123
-1890
-2168
-2735
-3309
-3560
-3894
-4066
-4144
-4047
-3793
-3719
-3423
-3205
-3004
-2514
-1459
-871
-770
-298
-222
196
759
1108
943
747
1048
1199
1259
808
679
467
-72
-652
-1027
-1553
-1515
-1659
-2150
-2208
-2287
-2667
-2552
-2620
-2591
-2920
-3165
-3315
-2645
-2512
3350
2043
-3114
-3352
-1972
-715
-396
-458
-1681
457
841
1222
3241
3583
2057
2236
3004
4069
4450
4674
4279
4103
3971
4298
2968
7586
9433
4395
1151
-844
-2070
-2961
-2987
-3992
-2786
-2312
-4574
-4916
-3582
-3191
-3544
-3847
-4057
-2973
-1888
-1424
-748
446
1788
1914
1735
1840
2058
2631
2523
2046
2157
2139
2312
2425
3109
3072
2316
2126
1898
1778
1832
973
996
765
-150
-324
232
-100
-2339
-3793
-5268
-4489
-2786
-3484
-6256
-6656
-4575
-3797
-4023
-5039
-5572
-4546
-2113
-2077
-3021
-2245
-1836
-1659
-602
-382
-58
914
1948
2311
2765
4696
4008
3489
4694
5869
5428
3876
2813
1595
1082
3336
7867
7549
6192
6750
8581
8999
9264
7386
4278
4147
3975
2381
-473
-2355
-4100
-5692
-6642
-7529
-8687
-8392
-7189
-5923
-4705
-3564
-2863
-1597
920
2333
2535
2267
2239
2077
1734
1056
-174
-1340
-1722
-2201
-3278
-3574
-3941
-4438
-4909
-4573
-4494
-4386
-4399
-4812
-4627
-4270
-4265
-4767
-5339
-5193
-4367
-4218
-4286
-3929
-3314
-2316
-1347
-305
-141
732
1697
1409
1150
1419
1632
1258
1322
1413
1642
1871
2580
2991
3079
3765
4893
6283
6622
6467
7048
7679
6974
5648
4063
2844
1815
2731
9091
12234
8873
6954
9704
11693
11267
9837
4955
2402
3190
3025
-263
-3892
-5882
-6425
-6359
-6239
-6604
-7680
-6558
-2236
-132
350
-667
-958
2384
3433
3841
761
-943
-1766
-2193
-3381
-6083
-6198
-7175
-6481
-6275
-7093
-6352
-6385
-4715
-5333
-5070
-5696
-5158
-4742
-5114
-5049
-5759
-5761
-5783
-5862
-5193
-5218
-4484
-3377
-2462
-1813
-990
241
-30
206
371
486
-285
-96
-518
-965
-300
-436
-612
-181
1245
2968
4005
4342
4691
6303
7501
7496
6331
5144
4156
3185
4656
6035
9323
11931
10266
10096
11491
13233
12734
11014
8436
6667
6133
5190
3328
458
-2541
-4149
-3894
-3029
-3701
-4754
-3138
-1437
282
1446
1087
620
1600
2586
2348
633
-1381
-2769
-4523
-5284
-6390
-8148
-8865
-8921
-8450
-7755
-6797
-6348
-6273
-5233
-4490
-3604
-4350
-5251
-5813
-6255
-6202
-6678
-7128
-7429
-7494
-6682
-5372
-4082
-3522
-2839
-1141
162
1412
2258
2281
1958
1531
1920
1405
-28
-1131
-1440
-1561
-1392
-1170
-1278
-592
208
1490
2824
4088
4984
4669
5321
6900
7796
6301
4440
4848
5966
5712
5161
3318
2480
6167
14265
17674
13648
10686
12779
16588
18355
15295
8235
4968
5561
6941
5412
-523
-6853
-8067
-5145
-3273
-4812
-8647
-9323
-5332
-1098
244
-2405
-4246
-2152
616
945
-1672
-4923
-6524
-5636
-4979
-6487
-9105
-11321
-11516
-10009
-8850
-8577
-9893
-9965
-7511
-5278
-4241
-3842
-4012
-3367
-1986
-1425
-2346
-3694
-4267
-3531
-2806
-2942
-3780
-4225
-3284
-1752
-760
-1455
-1570
-357
661
1483
1254
426
759
1255
1142
121
-811
-1415
-1642
-1225
-758
560
2188
3356
4423
5675
7103
7976
8545
9556
10171
9372
8211
7575
7473
5845
3321
2265
4214
9485
12819
9804
6803
8664
12606
14807
13030
8433
5337
4548
4529
4735
1216
-5663
-9631
-9220
-6720
-6181
-9146
-11846
-10254
-5790
-2696
-2061
-3428
-3746
-1216
1470
2256
-718
-4337
-5580
-5614
-4780
-6017
-9042
-11484
-10765
-8445
-7073
-6732
-7156
-6076
-3764
-1566
-280
-980
-1879
-1888
-1121
-1410
-3180
-5828
-6946
-5921
-5219
-5877
-6245
-5648
-3922
-1501
300
1331
2025
1793
2456
3642
3930
2534
726
204
189
449
-200
-321
25
1053
3189
5082
5899
6564
8017
9236
10528
10540
9814
9303
7532
6331
5287
4054
2968
1062
-898
-1243
2563
9040
12372
9623
6414
8607
14073
16789
13262
7167
3712
2566
2895
2529
-1689
-8388
-12094
-11275
-7597
-6006
-8307
-10083
-8012
-3849
152
606
-817
-1269
-224
1572
2103
-586
-4882
-7278
-7566
-7164
-7786
-10194
-12105
-12224
-10663
-8261
-7165
-6951
-6144
-4506
-2412
-1110
-1032
-1486
-1556
-1546
-1453
-1258
-2027
-2925
-3883
-4263
-3360
-2449
-1896
-1800
-1109
-15
1178
2538
3147
3024
2793
3379
3985
4113
3384
2430
1920
1890
2109
1812
1288
921
2061
3843
4639
4588
4662
5704
6361
6088
5743
5252
4655
4133
3907
3285
2127
654
-400
1084
6817
13043
13427
9584
8302
11625
16465
17034
11812
6319
2895
2053
3500
2351
-4191
-10872
-12909
-9314
-5216
-6044
-9274
-9249
-5626
-714
1454
-149
-1848
-2109
-248
1880
-6
-4906
-9141
-10074
-8908
-8371
-10605
-13538
-13726
-11619
-8551
-6854
-6489
-5972
-4177
-1085
795
1018
330
-772
-591
-593
-932
-2142
-3762
-5016
-4932
-3504
-2489
-2395
-2871
-1577
587
1933
3174
3425
3528
3495
3501
3697
3237
1721
607
127
78
171
343
-131
-42
1547
3836
4990
5234
6179
7184
8406
9005
8436
8094
8033
7141
5535
4991
4064
3220
1923
160
-114
3723
11706
13934
9797
6902
9387
14407
15180
10592
4707
917
123
2073
2170
-3808
-10759
-12530
-8489
-4659
-6267
-10027
-10313
-6392
-1526
122
-2100
-4812
-5032
-1981
351
-1637
-6565
-9971
-9533
-6804
-6627
-9103
-11653
-11822
-8731
-5297
-4484
-5715
-6646
-4504
-82
2403
-142
-2850
-2722
-1289
-172
-1851
-4865
-6294
-5713
-3172
-1782
-2866
-5257
-4462
-693
1987
2436
1497
1055
2066
4044
5203
3567
1017
-254
874
2169
1752
-119
-1159
16
2757
4672
5208
5145
6091
7834
9240
9821
8659
7068
6017
6035
6355
5188
3255
1692
838
31
-168
1564
7568
12220
10389
7801
9316
13474
14686
11091
5804
3044
2591
2511
901
-3546
-8900
-10748
-8482
-6396
-7616
-9465
-8445
-4425
-854
234
-1652
-2735
-1253
1318
2114
-1134
-6006
-7587
-6868
-6536
-8472
-11265
-12530
-11782
-9577
-7661
-7652
-8389
-6978
-3821
-1346
-924
-1743
-2172
-1822
-1099
-1433
-3372
-5795
-6114
-4907
-3839
-3928
-4104
-3939
-2661
-489
1150
2132
2498
3008
4222
5053
4888
4168
3446
2658
2494
2249
1470
849
399
617
1582
2452
2966
4206
4956
6096
7383
7535
7099
6544
6469
6553
5541
4739
4193
3524
2673
1096
186
1060
7112
12767
10626
6968
8525
13829
15037
10484
5271
4162
4568
3676
1363
-2601
-6566
-7324
-6077
-5689
-7685
-8974
-7423
-4165
-2480
-2283
-3426
-3487
-1427
-199
-997
-3849
-6037
-5796
-6172
-7392
-9234
-10349
-10135
-9981
-10206
-9719
-8879
-7755
-6512
-5024
-3917
-3023
-2694
-1829
-652
-593
-1583
-2673
-3145
-3108
-3221
-4006
-4120
-3387
-2873
-2433
-1454
216
1215
1681
2138
2879
3270
3590
3691
3121
2303
1998
1529
848
297
218
683
1108
1711
3062
4980
5480
5804
6956
8291
8354
7515
7566
7420
6758
5351
4039
3550
1972
1146
1862
6228
10278
8224
7152
9132
12689
12828
10002
7754
6257
6107
3765
541
-1911
-4512
-5717
-6572
-7516
-8471
-8168
-6954
-5809
-4640
-3491
-2899
-2496
-1673
-767
-1314
-2851
-4104
-4590
-5462
-6852
-8578
-9693
-9838
-9606
-9396
-9075
-8842
-7875
-6556
-5084
-3915
-3012
-2691
-1799
-1601
-1157
-952
-2140
-3219
-3520
-3009
-3072
-3374
-3558
-3274
-2273
-1605
-885
99
1395
2360
2873
3122
2996
3394
3428
3048
2505
1884
2032
1532
1187
1298
1669
2589
3439
4158
5118
6582
7663
8573
9079
8630
7895
7071
7487
7220
5693
4667
3154
2057
1673
4280
8930
7104
5822
6521
10622
11460
9146
6556
5322
6972
4928
1343
-1625
-2891
-3612
-4964
-6290
-7887
-7617
-7838
-6757
-5722
-4664
-4487
-4613
-3087
-1771
-949
-2171
-3217
-3900
-4011
-4841
-6761
-7606
-8251
-8133
-8908
-9311
-9137
-8515
-7249
-6793
-5698
-4399
-3654
-3440
-2876
-2182
-1340
-1196
-2100
-2169
-2207
-2181
-2880
-3052
-3262
-2999
-1977
-1282
-607
457
1920
3070
3128
3285
3546
4474
4759
4085
3537
3549
3052
2584
2250
1620
1743
2456
2766
3083
4537
5675
6331
6631
6868
7452
8172
9046
7424
7016
6561
6258
4485
3814
3563
6177
8068
5726
5376
7326
9239
7829
7551
6169
6395
6075
4437
2245
889
-560
-3259
-4354
-5687
-6453
-7841
-8527
-8313
-7244
-6452
-7106
-6201
-4432
-3176
-3161
-2929
-2766
-2969
-3369
-4435
-5763
-6106
-6853
-8315
-9269
-9231
-9027
-8906
-8963
-9007
-8346
-7004
-5768
-5352
-4649
-3576
-2653
-1840
-1325
-1644
-1641
-1181
-992
-1657
-1834
-1703
-1120
-98
-147
230
1236
2670
3166
3206
3694
3796
3984
4481
4390
4584
3937
2752
2140
2928
2815
3066
3155
3372
3994
5594
6157
6213
7382
7464
8379
8502
8272
7222
6909
6990
5237
3857
2811
4595
5535
3824
2937
3893
5331
5440
5531
4422
5344
6162
5145
3272
2625
1341
-15
-1565
-2969
-4433
-5410
-7016
-7734
-8011
-8176
-8729
-8542
-8137
-7135
-6396
-5544
-5084
-4411
-3680
-3850
-4365
-4500
-4789
-5465
-5616
-5815
-6252
-6765
-6775
-6722
-6054
-5756
-5149
-5631
-4499
-2971
-2057
-2533
-2035
-1309
-738
-1147
-1149
-1426
-551
-1159
-642
-184
436
364
1188
2694
2747
5038
4198
4766
5087
6210
5821
4793
5152
3576
4690
3751
3964
3011
2960
4013
3846
5095
4303
5812
5875
7060
6222
6823
6109
6530
6049
5779
5531
3796
3140
1964
1601
1382
2157
974
515
974
2302
2582
2546
1609
1835
2291
2684
1863
713
145
-355
-763
-2007
-3504
-4428
-4422
-4613
-5603
-5884
-6236
-6058
-5669
-5064
-5015
-5371
-5181
-5033
-4919
-4546
-5126
-5402
-5886
-5441
-5966
-5660
-5706
-5092
-5089
-3950
-4291
-3464
-3605
-2553
-2397
-1742
-860
-1159
-456
-1618
-1316
-1332
-475
-1414
-1267
-1533
-289
-1022
1114
195
3225
1793
4402
2863
4100
4870
4627
5289
3847
4326
3587
3849
3888
2511
2327
2724
2923
3965
2681
4724
2731
5201
3450
4988
3979
4478
3862
3968
4923
2645
3083
892
2095
667
1496
-42
241
1295
1567
2103
991
1227
1421
2138
2264
1813
1365
897
836
-218
-388
-1480
-1290
-2680
-2579
-3301
-2643
-3485
-2643
-3341
-2951
-3380
-3043
-3624
-3764
-3338
-4498
-4225
-4123
-4580
-4549
-5940
-4849
-5707
-4121
-4975
-3849
-3427
-3186
-1683
-2714
-775
-2104
-152
-1076
-194
-353
-1059
-1456
-1250
-1210
-1127
-1821
-1591
-1709
-543
-409
53
816
646
2129
1736
3190
2482
2614
2389
2636
2873
2839
2244
2277
1758
2765
2348
3596
3212
3657
2924
4441
3096
4156
2803
3688
2762
2903
2578
1973
1830
1594
1976
2083
869
1377
1412
2360
1694
1833
2334
1777
2470
2362
2104
2312
2594
1142
948
884
845
659
4
-613
-924
-935
-659
-1839
-1483
-1776
-1572
-2157
-2388
-2614
-2697
-2411
-4501
-3772
-4631
-3831
-4862
-4785
-5804
-5048
-5437
-4953
-4898
-4817
-4641
-3359
-3321
-3039
-3298
-2282
-2709
-2059
-1547
-2000
-1937
-2250
-1827
-2638
-1375
-2188
-1342
-1337
-1035
-289
-868
283
-518
637
586
1389
1481
1363
1691
1909
3302
1766
2117
1780
3112
2491
3833
2920
3547
4274
3974
4791
4345
4737
3852
4202
4124
3861
3258
3317
3218
3108
2423
2028
1729
2138
2143
1892
1886
2349
3402
4423
4061
2976
3782
3601
3979
3438
2495
2563
1694
1498
18
-494
-1279
-1275
-1367
-2592
-3353
-3554
-3139
-3700
-3753
-4017
-4234
-4914
-4723
-4681
-4180
-4476
-4942
-5035
-4997
-4441
-4923
-4894
-4336
-4201
-3465
-4412
-3130
-4083
-2980
-3012
-3349
-2675
-3330
-3047
-2993
-1968
-2827
-2258
-2705
-1634
-1117
-345
-199
161
1043
1550
1287
1702
779
2212
1846
3023
1463
2374
1877
2632
2439
2425
2365
2436
2542
3071
3809
3230
3809
3845
4608
4340
3964
4169
4878
3547
3725
2924
3047
2279
2710
1621
1830
3841
3616
2906
3082
4329
3966
4474
4306
3482
3700
3969
2769
1887
793
66
-1071
-1561
-2374
-3547
-3567
-3761
-4090
-5215
-4436
-4533
-3490
-3234
-3375
-3187
-3114
-2709
-3015
-3025
-3276
-3452
-2802
-2869
-3629
-4238
-3865
-3512
-3487
-3578
-4124
-4178
-3079
-2779
-2920
-3187
-2662
-2318
-1797
-1826
-1700
-1372
-512
-188
-698
-664
221
386
1039
790
980
2024
2633
2397
1957
2106
2432
2348
1790
1853
1099
1584
1902
1697
1695
2008
2033
2094
2858
3040
3736
3697
3287
3094
3932
3796
3444
1944
4424
7066
6321
4728
4959
5926
7361
7850
5361
4242
4799
5413
3429
1605
-900
-2387
-2883
-3265
-5375
-6877
-6585
-5644
-5449
-5018
-5729
-6411
-4292
-2657
-1985
-2073
-2043
-1862
-896
-531
-1422
-2318
-2050
-2377
-3214
-3889
-4109
-4660
-4497
-5053
-5231
-5056
-4347
-4288
-4099
-3014
-2949
-2365
-1962
-1355
-1599
-584
-341
58
-223
335
532
1066
1060
970
1055
880
2132
1747
1975
1583
1208
1052
1400
1223
614
679
956
948
589
507
1425
2479
1928
2486
2562
2898
4120
4451
3342
3541
3467
3724
3197
7249
9255
7998
6445
7347
8655
10201
9540
5825
5090
6319
5994
3164
1059
-2272
-2862
-2730
-3466
-6155
-6924
-6699
-5569
-4544
-3856
-5338
-5022
-2403
-1027
-1265
-1881
-2201
-2043
-313
-1052
-2846
-3480
-3112
-3776
-4347
-5111
-5682
-5278
-4747
-5056
-5154
-4783
-4324
-3572
-3134
-2628
-2479
-1904
-2080
-1629
-1368
-900
-1183
-1540
-1879
-1574
-1377
-1514
-1596
-1246
-1001
-352
34
28
27
125
168
1063
1598
969
481
901
1406
1409
1838
1614
1523
2248
3061
2686
3165
3364
3022
3338
4488
4571
4152
3960
3056
2804
3202
4176
8079
8954
7905
6792
8840
10361
12215
9911
6259
5782
6481
6310
3740
635
-2990
-3329
-2997
-4361
-7181
-7754
-7282
-5348
-4149
-4338
-5401
-4046
-1504
170
63
-1084
-1699
-1032
-298
-1746
-3759
-4843
-4931
-5522
-6609
-7472
-8199
-8173
-7233
-6967
-7118
-6431
-5183
-4471
-3911
-3123
-2911
-2151
-1273
-1396
-1834
-1880
-1976
-2025
-1883
-2072
-1944
-1224
-872
-723
-470
237
982
845
1039
645
1042
1311
1104
772
794
1183
1733
1663
2112
2511
3073
4134
4110
4385
4546
4924
5470
5893
6036
5062
5280
5603
4640
3837
3325
2876
1974
2250
6992
8525
7220
5753
7589
9348
11329
10449
6433
5316
6876
7201
4757
1710
-2462
-3026
-2269
-2452
-6141
-7906
-7680
-5927
-4055
-4270
-6376
-6391
-3247
-1525
-1347
-2757
-4159
-3712
-2676
-3191
-5504
-7045
-7062
-7026
-6880
-7804
-8646
-8084
-6594
-5543
-4882
-4429
-3500
-2633
-1377
-845
-1306
-1233
-1231
-1295
-1435
-1535
-1828
-1845
-1479
-1428
-831
-926
-632
-417
54
865
1698
1544
1564
2176
2634
3710
2721
2138
1311
2820
3282
2724
1829
2429
3862
3954
3692
2941
3152
3860
4384
3430
3457
3401
3645
4422
4946
3426
2275
2297
3280
3239
2237
1368
2967
7049
7598
5789
5226
6714
7646
8087
5957
3499
3029
3800
2469
559
-2432
-4523
-4263
-3839
-5106
-6808
-7040
-5950
-4381
-3884
-5559
-6425
-5260
-3593
-3210
-4321
-4535
-4194
-4199
-4957
-5643
-6297
-6098
-5039
-5635
-5962
-5708
-4831
-4426
-3460
-3784
-3693
-2927
-1787
-1381
-1365
-1531
-1725
-1576
-1112
-1041
-1908
-1584
-859
-1055
-880
-678
-388
1248
2199
2480
2661
3913
3566
3660
4448
4055
3693
3233
3059
2072
2671
2736
2541
2554
2280
2329
2131
3506
2376
3485
3669
4465
4707
4721
4557
4177
5117
4701
4510
3534
3535
2822
2826
2171
1025
669
339
-202
-1662
-740
-1270
-296
-74
418
376
1497
2129
1572
1535
1554
2793
2896
2738
1247
1012
660
-24
-781
-2699
-3618
-4468
-4548
-4984
-5331
-6407
-6753
-6823
-5633
-5915
-6608
-6182
-5275
-4659
-4328
-4701
-4258
-3333
-2480
-3179
-2251
-2411
-1430
-1779
-2406
-2471
-2977
-1787
-2472
-2478
-2891
-2853
-1877
-1979
-1589
-2994
-1545
-1298
153
697
-344
1544
1306
2733
1887
2603
2174
3372
3622
3365
3284
3816
4404
4537
3699
3088
3242
3757
3525
3226
3047
2648
3281
3023
3490
1934
2950
2476
4020
2807
3018
3046
3153
4304
3747
3320
3076
2935
3249
3407
2605
1788
1000
1325
980
337
76
-523
100
-721
-450
-1631
-233
-472
12
-655
173
-346
-366
-894
-1227
-1317
-2530
-2523
-3214
-2723
-4204
-4537
-5282
-3733
-4838
-4835
-5429
-4924
-4005
-3655
-3534
-3451
-3409
-2433
-2743
-2217
-1800
-2427
-2825
-2626
-2934
-2321
-2397
-1493
-3311
-2223
-3490
-1420
-2427
-2002
-1585
-1143
-580
-1233
115
-581
1689
1062
1865
1163
2513
2967
3824
4316
3318
4585
3426
5311
5062
5026
4324
4102
3633
4320
3336
3351
2362
2105
2405
2423
2672
1307
1702
1283
2152
2116
2178
2012
2280
2340
3069
2319
2697
1937
2527
1927
1730
1011
696
386
-550
-552
-1436
-1559
-1506
-1772
-2015
-2248
-2524
-2225
-2122
-1508
-2273
-1875
-2642
-1205
-1799
-1784
-2263
-1411
-3008
-1365
-3384
-2349
-3304
-2127
-2829
-2646
-2974
-2585
-2090
-1940
-2959
-2005
-3059
-1866
-2636
-1664
-1606
-1922
-1421
-1112
-1337
-851
-817
572
182
1809
292
1263
1450
1493
1541
1349
1225
1213
1152
1545
1248
1584
911
1819
372
1810
1142
1875
1421
1698
2289
2637
3214
1125
3114
1681
2742
1323
2192
1294
688
547
582
-51
71
-46
-677
-518
315
-932
-490
-666
353
281
-88
-133
116
1419
247
898
506
617
943
175
1389
-108
1405
-1049
-85
-763
48
-1731
-1870
-1415
-2573
-1259
-2200
-1500
-1965
-2355
-1916
-1648
-1276
-1311
-810
-2029
-542
-508
274
-418
-156
-606
65
139
17
19
220
-69
236
-500
410
855
899
1293
165
1068
-16
1893
1045
860
537
423
838
-508
101
-793
789
287
-409
-188
-403
567
-339
652
-837
-60
122
-120
318
413
281
-80
193
-310
-553
446
79
-51
-716
-256
-644
12
-521
-147
799
-1043
656
-1282
946
-322
273
-574
22
-116
-370
356
-451
-354
-256
-485
-539
-739
-390
-313
790
567
388
382
779
350
351
670
104
-101
50
-351
114
-52
-725
681
144
-564
-315
-236
1053
-55
366
268
282
781
558
826
801
841
386
376
257
114
22
139
-224
-448
210
-702
536
-1000
490
-1003
534
-600
108
-433
-176
-782
67
-557
81
694
364
541
-437
482
32
588
-464
676
245
211
-99
242
-24
154
-1204
455
-794
-488
-1145
-630
-734
-94
-624
-675
-453
-756
-245
170
-81
314
-677
-85
-834
436
-538
-403
-525
-34
-469
-409
-361
281
1258
125
729
289
2013
1378
2486
457
2298
1174
2004
957
1304
151
1041
-63
795
-368
114
-1101
-232
-1189
-1021
-1074
-1216
-854
-1503
-557
-1254
-126
-572
-357
-326
-784
-38
-169
-465
47
-720
259
-442
312
-1545
771
-1367
734
-1358
297
-940
-195
-969
-384
-774
-71
-316
60
-567
367
453
911
421
549
500
369
1239
-350
677
-315
1108
560
-174
-586
-292
140
-249
73
-228
-29
205
500
1217
121
1025
1001
1168
1228
696
1043
1282
973
752
391
952
-473
-119
-491
109
-494
-150
-1039
-634
-729
-598
-477
-294
-274
-703
557
169
212
-1034
219
31
631
-393
-569
-313
163
-236
-675
-1151
-688
-1156
-307
-1795
-386
-1737
-268
-2025
-303
-1283
-309
171
-33
-142
705
265
414
300
-274
700
-199
-131
19
708
-239
29
-748
668
173
416
-442
1015
273
1656
1373
946
1724
1434
1801
1662
1273
202
1661
462
2060
417
1350
660
1805
301
1061
2
825
1383
663
516
115
153
-230
404
-913
176
-1308
-511
-1102
-970
-1604
-1413
-1978
-979
-974
-954
-1050
-1630
-537
-646
-860
-1273
-1180
-1007
-1476
-809
-1182
-524
-1272
-1613
-1121
-1026
-413
-885
-664
-395
-247
544
50
-167
330
1363
571
542
108
1415
-380
652
-200
734
-1166
145
-982
-55
-1037
-191
-255
574
-1313
430
-493
965
15
986
656
1280
1519
407
1224
749
1241
1613
683
2727
154
1377
798
1827
636
837
199
491
753
1276
343
322
-338
-164
795
-141
51
-364
667
33
663
37
-193
843
-46
-193
-429
236
-709
-286
-769
-1319
-1017
-1602
-985
-1082
-1760
-1457
-566
-1026
-923
-875
-1112
-444
-488
-208
398
-518
-509
623
-343
360
-18
-110
243
276
274
-873
-265
-786
1157
-625
527
-989
292
121
920
-113
497
687
1180
683
1093
68
1767
641
1198
292
1636
-321
1496
-529
1733
-279
866
77
-410
741
-859
599
-328
140
396
174
681
-354
885
7
20
444
-459
138
-155
-539
-434
-546
-876
-1530
-669
-1547
-296
-1336
-1095
-1456
-781
-1200
-705
-806
-828
-943
-306
-711
41
-1128
157
-531
-222
-8
-22
-289
-312
-1033
-5
345
-592
-956
1012
-970
381
-1258
410
-868
246
39
41
708
90
819
1366
1175
1285
893
1501
1017
1745
1488
1754
2017
655
860
1216
761
696
544
755
767
58
-814
834
-317
180
273
516
304
617
958
-134
1033
-523
767
-271
1106
-786
1185
-772
-387
-969
-967
-1371
-552
-274
-1230
-1123
-1247
-1641
-1235
-1751
-673
-1646
-563
-885
-144
-759
-834
-709
112
-179
-134
-88
379
142
81
-648
555
-809
868
-161
-367
-387
297
514
129
-61
149
958
1165
648
632
1096
1036
1564
293
556
-185
1000
774
289
435
55
43
-343
683
419
-539
-367
-1084
574
212
683
-479
14
187
-80
48
-118
784
-239
597
-800
238
-119
361
-276
-154
-384
-561
-1234
-818
-1156
-1727
-1451
-832
-979
-1412
-376
-1823
-622
-1202
-704
-654
76
-118
-730
-171
225
264
-292
104
-155
-340
-130
-522
-101
-175
62
-321
174
108
512
-5
472
196
725
933
72
35
1502
1306
1334
457
1152
576
899
206
881
468
1047
644
555
1206
500
651
624
317
856
958
1049
44
942
1341
1170
696
444
565
728
267
445
928
591
495
-399
-549
-594
-409
-857
-188
-1500
-974
-811
-823
-1009
-759
-945
-1330
-468
-677
-522
-998
-381
-831
-333
-253
-286
-878
-948
-1229
-91
-208
-560
-463
-296
-17
-351
-654
-524
331
14
20
151
271
-432
-544
263
-224
-911
-131
-218
-548
-136
569
170
451
466
37
1008
1460
1327
719
579
470
730
806
345
-75
369
-501
-320
305
-115
-463
496
720
654
809
1022
485
1291
1556
907
772
774
377
111
373
-743
-773
-327
-435
-297
-502
-1364
-1405
-545
-984
-1431
-1122
-1250
-1080
-654
-1196
-1662
-1564
-1220
-1259
-1009
-1189
-993
-1292
-1050
-1300
-1293
-1281
-1229
-450
91
-1546
-1307
153
578
-728
-139
-112
195
1272
439
-812
-78
426
-485
1176
3164
4229
5784
6808
6447
6530
7641
6609
4873
3943
3376
1915
1265
-103
-1527
-2374
-2718
-3140
-3161
-2695
-2323
-1939
-981
-567
-51
457
415
42
-361
-758
-1120
-2216
-3208
-3416
-3154
-2643
-3057
-3323
-3398
-3277
-3848
-3542
-4000
-3855
-3997
-4222
-4707
-4771
-4938
-4826
-4188
-4192
-3875
-3309
-2774
-2830
-1903
-1595
-1180
-187
517
889
1308
2691
3249
3221
1306
961
4262
11242
13629
12273
10633
12628
15200
14774
10346
5552
5491
6783
6090
2572
434
-925
747
1146
-112
-1345
-472
750
2023
2195
1141
-751
-790
-292
-217
-1449
-3109
-3750
-3043
-2450
-3469
-4809
-4672
-3648
-3598
-3826
-4365
-4611
-4976
-5302
-6310
-6478
-6357
-6348
-5920
-5615
-5312
-5205
-4558
-4323
-4499
-3674
-3406
-3246
-2779
-2733
-2732
-1793
-1719
-1673
-1880
-1698
-1904
-1246
-1214
-1562
-1411
-1302
-969
-785
-1012
-1306
275
730
860
1577
3244
5020
6055
5161
3943
5291
7897
11195
17352
18001
15382
13594
16235
15687
13983
8070
3003
3237
4643
2883
-731
-2261
-2931
-1331
170
-691
-2538
-1767
11
1131
659
-1481
-3133
-3005
-1748
-2567
-3692
-5079
-5513
-4390
-3035
-3487
-4286
-4089
-3459
-3409
-4083
-5234
-6333
-6181
-6515
-7299
-7062
-6786
-6978
-7431
-6800
-5898
-5022
-4814
-5199
-5198
-3930
-2573
-2374
-2811
-2981
-2802
-2218
-1690
-2854
-3633
-3180
-3416
-3204
-3278
-3622
-3635
-3311
-2646
-2424
-981
787
2299
4283
5651
6383
7458
10603
16267
22416
22215
18552
16543
18277
17894
15282
9399
4324
4311
5231
4318
1279
-943
-1548
595
2562
1353
-225
-20
1872
3258
2986
-709
-2987
-1809
-83
-541
-2293
-3884
-4165
-2473
-2227
-3416
-4570
-4569
-4248
-4790
-5507
-6482
-7135
-7554
-8085
-8119
-8153
-7865
-7725
-7067
-6033
-5083
-5141
-5530
-5127
-5149
-4461
-4591
-4400
-4565
-4080
-3701
-3784
-4081
-4086
-3969
-3893
-4022
-4637
-5766
-6031
-5811
-5840
-5881
-5380
-4581
-3274
-1814
-67
2550
3730
6175
6724
7457
7035
9233
12425
18415
22352
19799
17640
16330
18219
17029
14277
8101
4710
5277
5184
4423
683
-1224
-1342
1573
3014
1612
980
1110
3412
4348
3817
554
-1564
-1528
-1148
-1244
-4082
-6605
-7326
-5722
-5164
-6202
-7375
-7527
-6124
-5066
-4663
-5701
-6355
-6317
-5732
-5462
-6042
-6694
-6907
-5113
-3124
-3766
-4495
-3984
-2940
-2585
-3039
-3944
-3701
-3145
-3302
-3652
-4473
-5359
-5743
-5452
-5216
-5351
-5912
-6004
-5150
-3987
-3574
-3383
-2989
-1511
132
1715
3260
4765
5962
7282
8272
8587
7188
8020
9832
14143
19764
19631
17337
15016
16547
17376
16972
12710
7218
5557
5671
6528
4440
-155
-2842
-2201
498
1432
-155
-2117
-2012
529
2193
821
-3158
-4747
-3782
-2533
-2801
-6184
-8833
-8554
-6788
-6380
-6937
-8503
-8737
-6698
-4791
-3864
-4437
-5249
-4779
-3561
-3085
-4304
-5432
-5996
-5286
-4412
-4842
-6127
-6994
-6195
-5142
-4534
-4542
-5203
-5040
-3823
-2819
-2812
-2951
-3497
-3952
-2859
-2456
-2771
-3185
-3092
-2375
-1643
-1402
-994
-541
846
3196
3993
4889
5839
6404
7289
8156
7858
6472
6311
8268
12423
15180
13494
10988
10979
13459
15709
15080
11709
8667
7831
8940
9374
6869
2756
88
226
1435
680
-2242
-4915
-5255
-4452
-3823
-5046
-7270
-7704
-6382
-4915
-4666
-5772
-6500
-5976
-4508
-3464
-3263
-3581
-3883
-3181
-1959
-1721
-2391
-3084
-3027
-2668
-2993
-4474
-5177
-5712
-5798
-6034
-6214
-6236
-6215
-5942
-5807
-5039
-4817
-5019
-4884
-4530
-3607
-3196
-2852
-2900
-2464
-2290
-2302
-1529
-1660
-850
-253
103
931
2125
2564
3233
3926
4679
5830
6191
6200
6428
7126
7014
6414
6002
6160
6953
6872
7134
8709
10027
10512
9742
9163
9597
9997
9833
8641
6991
5378
4647
4192
2457
359
-1846
-2889
-2721
-2850
-3318
-4014
-5040
-5421
-5229
-5622
-6091
-6386
-6331
-5334
-4959
-4889
-4728
-4540
-3743
-2641
-1816
-1774
-1718
-1748
-1598
-1272
-1875
-2885
-3917
-4335
-4848
-5391
-5777
-5964
-5858
-5580
-5577
-5609
-5130
-4625
-4135
-3839
-3721
-3372
-3213
-2639
-2435
-1801
-1446
-1142
25
694
768
1241
2051
2614
3040
3076
2883
3792
3977
3645
4083
4390
3924
3878
3488
3602
4019
4340
4641
5145
6085
6157
6250
6365
6641
7812
8375
7428
5743
4744
4263
4579
4239
2871
1385
526
448
782
798
-145
-1089
-1255
-1163
-1433
-1692
-1971
-2425
-2679
-2455
-2231
-2437
-2418
-2579
-2104
-2076
-2054
-2439
-2400
-2240
-2169
-1855
-2209
-2769
-3300
-3838
-3831
-3877
-4515
-5128
-5213
-5377
-5181
-4909
-5139
-5201
-4699
-4430
-4401
-4031
-3644
-2758
-2123
-1788
-1680
-1067
-319
-429
-263
544
1270
1882
1817
1738
2451
2717
3396
3032
3059
2830
2584
2785
2732
2640
2074
2779
3317
3468
3613
3906
4529
4695
4733
4286
4297
4031
3500
2916
2387
2843
2861
2106
1200
613
495
962
1682
1770
2002
2059
2126
2238
2737
2791
2404
1461
1214
779
747
-141
-923
-1284
-1978
-2347
-2982
-3173
-3336
-3489
-3346
-3314
-3571
-3585
-4159
-4454
-4185
-3666
-3475
-3724
-4161
-4229
-4217
-4017
-3691
-3780
-4001
-4031
-3845
-3208
-2564
-2787
-3207
-2940
-2562
-1890
-1682
-1794
-1013
-276
102
316
977
1313
1738
2010
2495
2893
2706
2162
2307
2799
2547
2229
1896
1760
1401
1033
1234
934
666
761
818
693
1124
1397
1548
1876
2117
1899
3597
5891
6853
6137
4712
4783
5912
7015
7407
5956
4713
4549
5234
5275
4348
2331
603
603
882
241
-894
-2219
-2925
-2628
-2147
-2718
-3807
-4376
-4284
-3362
-3481
-4132
-4577
-4621
-3964
-3351
-3350
-3556
-3935
-4002
-3504
-3161
-4004
-4549
-4489
-4295
-4023
-4105
-4414
-4701
-4261
-3770
-3985
-3970
-3930
-3083
-2189
-1737
-1295
-919
-427
-343
357
866
1197
791
265
550
985
833
358
-206
-730
-764
-1095
-656
-750
-920
-557
-425
710
4591
10075
11501
10683
10043
11806
14300
15345
14360
11010
9079
9584
10533
9366
5918
2006
-572
162
957
-184
-2965
-5138
-4967
-3832
-2824
-4048
-5246
-5061
-3549
-2010
-1462
-2267
-2820
-2197
-1629
-1451
-2029
-2860
-4250
-5431
-5354
-5706
-6294
-7687
-8064
-7656
-7799
-7654
-7948
-7572
-6797
-5721
-5269
-4958
-3966
-3056
-2205
-1606
-1001
-1112
-1045
-484
-325
-119
164
378
-38
-180
-447
-990
-1372
-1862
-2089
-2079
-2036
-2385
-2284
-1774
-1170
5
281
-46
-113
1614
6026
12400
16156
15115
13448
14415
16717
17880
16754
13310
10781
10133
11417
10187
6826
3059
184
247
1095
186
-3122
-4739
-4653
-3234
-2016
-3448
-4866
-4668
-2311
-562
-181
-1217
-2407
-1581
-521
-337
-1874
-3942
-5106
-5039
-4933
-6088
-7983
-8905
-8669
-8034
-7737
-7713
-8234
-8095
-6343
-4812
-4464
-4961
-4856
-3183
-882
678
356
-528
-80
1090
1158
122
-1450
-1877
-1954
-2347
-3209
-3958
-4870
-5452
-4914
-5181
-5616
-5269
-3208
-1620
-931
246
1356
2432
2989
3301
5069
8685
13836
18023
18663
16776
16522
18036
18491
17424
13616
9945
8351
9176
8019
5168
1488
-492
-1103
-294
-880
-3037
-3994
-3870
-2727
-2318
-3115
-4377
-4010
-2379
-1306
-1706
-2914
-4085
-4377
-3734
-3943
-5602
-7203
-7850
-7979
-7549
-8136
-9082
-9549
-8880
-7579
-6982
-7127
-6320
-5038
-3967
-3469
-2865
-2746
-2709
-1793
-588
-257
32
200
-395
-703
-1266
-1737
-2064
-2789
-3104
-3783
-4520
-4660
-4513
-4059
-4325
-4428
-3655
-2788
-1524
92
980
1686
3386
4599
5973
6982
7019
7338
8751
11025
13935
16359
16325
13889
14450
15981
16029
14462
13060
10837
10213
10934
9925
7539
5483
3787
2415
2071
826
-1220
-2657
-2857
-3112
-3392
-4562
-5789
-6287
-5516
-5369
-5773
-6777
-8028
-7801
-7627
-7811
-8506
-8539
-7959
-7450
-7118
-6852
-6607
-5831
-5368
-4868
-4392
-4175
-3929
-3745
-3424
-2913
-2802
-3132
-3166
-3136
-3150
-3411
-3110
-3304
-3888
-3910
-3314
-3576
-3763
-3654
-4188
-3731
-3192
-2893
-2654
-2538
-2273
-1657
-1064
-855
20
926
1263
2029
3015
4284
5558
6392
6771
7170
8116
9324
10669
12091
12661
12088
12222
13549
14314
13986
13985
13354
12643
12876
12286
10421
8311
7201
5599
4223
2310
-778
-3283
-4341
-5164
-6535
-7605
-8924
-9941
-9363
-9027
-9726
-10107
-10271
-9483
-8078
-7618
-7387
-6776
-5738
-4953
-3591
-2897
-2680
-2583
-2053
-1454
-1425
-1839
-2430
-3004
-3293
-3627
-4275
-4865
-5471
-5574
-4858
-5034
-5489
-5578
-5240
-4480
-3895
-3483
-3485
-3129
-1929
-1322
-1690
-1860
-1143
-560
-94
-26
-517
-206
475
1162
1967
2685
3178
4060
5300
6234
6625
7603
8214
8610
9728
11378
12425
12037
12375
13437
14505
14938
15040
14639
13836
13514
12911
11242
8927
7053
5336
3680
1618
-866
-3343
-5050
-6359
-7457
-8374
-9595
-10253
-9952
-9836
-9430
-9144
-9259
-8681
-7323
-6024
-5557
-4874
-4153
-3274
-2639
-2404
-2034
-2028
-1810
-2303
-2811
-3097
-3786
-4606
-5037
-5553
-6328
-6714
-6980
-6889
-6686
-6603
-6928
-6640
-5550
-5258
-5295
-5068
-4168
-3072
-2374
-2373
-2162
-1153
-483
-572
-454
-282
-51
650
1417
1974
2241
3115
4109
5264
6336
6879
7140
7383
7970
8746
8981
9826
11171
11187
10978
11917
12560
12314
12510
12215
11112
10767
10481
8812
6897
5149
3471
2043
777
-1390
-3527
-4896
-5722
-6502
-7383
-8126
-8973
-8850
-8205
-8035
-7736
-6989
-6526
-5477
-4446
-3973
-3186
-2401
-1549
-1008
-1189
-1088
-1191
-1314
-1454
-1826
-2560
-3157
-3541
-4324
-4657
-5105
-5503
-5928
-6079
-5835
-5795
-5370
-5477
-5313
-4825
-4174
-3439
-3207
-2822
-2110
-1625
-1036
-915
-240
-46
-233
195
720
1012
1573
2399
3056
3735
4457
5130
6127
6830
7168
7415
7916
8265
8285
8888
9318
9470
9372
9516
8992
8659
8873
8331
7249
6433
6022
5318
4134
2687
1466
497
-625
-1520
-2498
-4057
-5140
-5452
-5719
-5944
-6306
-6610
-6283
-5521
-5107
-5097
-4815
-4217
-3483
-3167
-2933
-2571
-2315
-1952
-2115
-2339
-2339
-2423
-2643
-2648
-2787
-3469
-4118
-4235
-4804
-5065
-4851
-4878
-4805
-4845
-4907
-4823
-4329
-3966
-3791
-3411
-2984
-2576
-1847
-966
-351
-265
279
886
1473
2047
2346
2496
2722
3471
4270
4787
4845
4958
5468
6058
6391
6731
6725
6743
6901
7048
7082
6634
6483
6018
5600
5407
4503
3559
2830
2445
2058
1436
865
-32
-167
-214
-469
-1039
-1742
-2101
-2335
-2160
-2246
-2376
-2465
-2610
-2312
-2339
-2797
-3167
-2849
-2677
-3000
-3179
-3275
-3267
-2907
-2803
-2381
-2479
-2892
-2814
-2520
-2172
-2190
-2461
-2352
-2231
-2450
-2700
-2932
-3112
-2952
-3435
-3938
-4025
-3932
-3860
-3644
-3650
-3778
-3513
-2803
-2421
-1953
-1425
-766
117
667
974
1588
2448
2914
3367
3830
4522
5015
5486
5578
5438
5924
6095
6147
5924
5280
4899
4824
4618
3866
2882
1626
1131
918
731
672
-222
-473
-490
-184
-185
-206
15
-69
48
-165
-280
-307
-380
-8
21
-344
-757
-840
-581
-522
-743
-1371
-1478
-1270
-1187
-998
-918
-735
-681
-309
-101
-72
269
147
500
834
526
369
267
272
-626
-1121
-1774
-2389
-2583
-2622
-3143
-4038
-4413
-4449
-4326
-4156
-3711
-3342
-3450
-3208
-2348
-1254
-410
190
564
766
1286
1544
1632
1973
2016
2237
2255
2255
2231
2167
2131
1827
1276
597
492
604
379
137
-528
-521
-470
-691
-617
-676
-646
-388
-164
79
198
679
862
939
1087
1253
1222
1277
1468
1153
894
771
560
435
813
1010
603
426
531
981
1052
684
859
1279
1547
1684
1606
1497
1531
2031
1929
1588
1292
922
898
446
321
-237
-800
-1578
-2151
-2447
-2984
-3011
-2964
-2781
-2590
-2649
-2575
-2155
-1512
-892
-126
287
503
838
1132
1634
1757
1601
1500
1521
1305
612
590
508
197
-237
-919
-871
-1030
-1282
-1514
-1464
-1165
-1336
-1199
-1288
-1235
-986
-1286
-1353
-1213
-863
-730
-763
-1014
-1033
-631
-801
-699
-428
-386
-245
-251
-155
110
478
496
286
709
1176
1360
1681
1742
1806
1872
2253
1982
1725
2089
2307
2295
1634
1417
1093
973
1015
645
175
-69
-236
-325
-416
-993
-1344
-1468
-1411
-1219
-1269
-1238
-966
-751
-790
-635
-170
-121
154
373
440
801
777
815
1055
969
607
482
535
449
231
-399
-591
-220
-308
-422
-1019
-1862
-1548
-1071
-1302
-1511
-1976
-2012
-1781
-1768
-2133
-2046
-1806
-1391
-1239
-1522
-1876
-1278
-828
-494
-159
-277
58
862
822
477
693
1023
1338
1761
1715
1552
1812
1889
1791
1895
1732
1639
1586
1564
1586
1440
1316
1030
1119
1136
953
486
-33
334
653
457
-64
-143
-25
163
497
205
161
319
453
289
101
282
347
289
551
285
-75
254
209
195
257
32
294
491
536
190
201
279
340
17
-529
-629
-1045
-1079
-1148
-1259
-1407
-1784
-1683
-2052
-2370
-2269
-2361
-2415
-2114
-2024
-2247
-2030
-2056
-2047
-1849
-1497
-1047
-740
-457
-246
88
218
652
868
921
991
1397
1463
1295
1299
1056
977
788
677
746
884
774
856
731
658
894
381
466
148
-81
119
-46
-18
-233
-476
-430
-207
104
-177
-215
-238
-305
161
236
515
669
434
435
609
632
540
480
528
465
293
443
465
454
428
451
513
473
401
347
314
264
250
197
87
-64
-327
-510
-588
-653
-772
-907
-784
-862
-916
-775
-664
-759
-447
-144
-239
50
-231
8
330
586
855
844
892
981
978
800
781
832
437
485
707
452
260
209
99
-74
-64
-386
-641
-556
-385
-350
-800
-947
-916
-828
-958
-1101
-1449
-1290
-656
-693
-1129
-1210
-757
-242
120
119
-173
-114
246
308
3
175
471
544
211
285
122
200
520
529
220
152
480
652
375
275
157
424
564
311
-49
-203
-188
-51
-263
-667
-867
-973
-818
-620
-1010
-987
-1043
-614
-434
-468
-271
-168
82
448
192
355
613
1255
1562
3388
1937
509
904
1542
2204
3652
4412
1691
274
33
510
1647
834
-791
-958
-936
-605
-514
-786
-1499
-1501
-1346
-1230
-1423
-1039
-1017
-794
-329
-500
-1116
-1266
-535
-275
-290
-557
-806
-575
-307
-154
-615
-600
-669
-615
-138
-83
-281
-500
-573
-22
215
221
263
-65
88
397
329
330
366
-225
-222
99
-59
-177
-214
-611
-796
-432
-310
-652
-581
-394
-726
-910
-638
-230
30
72
-248
66
138
554
637
922
1343
1564
1988
1702
1851
1843
1689
1869
1664
1155
1542
1543
1498
1290
648
410
528
358
-58
-593
-736
-820
-693
-686
-557
-427
-787
-653
-785
-468
-99
87
-299
-633
-219
99
61
-353
-896
-957
-744
-321
193
229
-295
-504
235
458
3419
3552
66
-1942
-1896
-1377
-135
-491
1254
3190
178
-2970
-2435
-2135
-2914
-1794
-2037
-1204
-458
-1465
-1232
520
1694
1063
-69
-1330
-841
-747
-204
-2301
-2899
286
2290
2172
2692
-234
-1328
93
-1571
-2728
-1110
490
1226
3567
2932
410
-374
971
1158
2176
1283
-879
-602
359
954
845
843
-344
-1228
-925
-229
734
1257
-55
-1285
-983
-222
635
1006
589
-562
-155
989
1804
1440
547
-8
962
1343
1209
947
700
1333
1543
1241
712
286
388
1020
1432
772
-37
-487
-913
-230
44
-778
-1427
-1603
-1624
-1156
-428
-653
-878
-324
-434
-335
-91
-804
-521
614
433
-252
-525
-1313
-1727
-889
-967
-1271
-1004
-1130
-3586
-1936
1645
1493
-899
-3313
-4455
-2943
29
-614
-2426
-3968
-4176
-1848
1250
905
-1994
-2551
-2141
-628
1285
1408
-153
-1245
-1004
-942
885
1476
-217
-866
-1341
-1214
221
1718
2394
4271
7797
9673
12599
11443
8662
5897
5101
4698
3587
2125
689
1912
4446
5571
4037
1763
-333
-1296
-1449
-2661
-4349
-5233
-4893
-3426
-1856
-1696
-2339
-2884
-2312
-1490
-1356
-2828
-4073
-4288
-4048
-3147
-3376
-3974
-4674
-4508
-4847
-4173
-3564
-4124
-4569
-4220
-3340
-2916
-3032
-4211
-4730
-3829
-3558
-3075
-2066
-1528
-851
299
1044
1145
656
-378
-1037
-1152
-151
1470
2767
2416
2378
2201
2965
3409
3210
3160
3103
1494
1433
4823
9809
16560
19089
17041
11590
7949
5534
6725
5918
2708
1342
1642
4749
8524
8592
4435
462
-2100
-3224
-2251
-2899
-5179
-5739
-5009
-4339
-1773
-1807
-2758
-2716
-2742
-3017
-3903
-5461
-6955
-6189
-5714
-5475
-5353
-5224
-5670
-5075
-4383
-4614
-4820
-5973
-6363
-5434
-4668
-4921
-4665
-4642
-4555
-3549
-3778
-4569
-3412
-1456
-843
-306
-563
-1064
-951
-12
-414
-397
92
-19
371
834
645
868
814
196
-678
182
1223
2785
4420
5299
4321
4390
3673
2874
3029
3031
5464
11848
19508
21385
20221
13107
7845
5472
4902
3152
1732
1532
2751
8061
10442
8773
4468
-142
-3688
-4381
-4102
-5603
-5590
-4925
-2943
-972
-580
-1456
-2070
-2178
-2641
-3407
-4415
-5679
-5981
-6081
-5186
-4502
-4717
-4889
-5180
-5018
-5866
-5439
-5813
-6198
-5961
-6372
-6036
-5262
-3043
-2384
-2740
-3296
-4129
-2831
-1022
-1031
-1823
-1974
-2414
-2042
-1322
-1744
-2550
-3601
-5028
-4738
-3192
-2170
-1454
-1508
-1973
-1902
-526
-35
-393
-350
338
2916
6375
8299
8617
6699
2417
-82
419
2616
6964
15428
22118
24370
21527
13344
5056
877
-7
-261
2294
3043
5608
10018
12407
11513
7189
737
-4197
-5524
-5985
-5265
-3740
-2790
-1455
-817
-555
-655
-498
-1876
-3947
-5976
-7940
-8883
-8238
-7527
-6195
-4700
-4271
-3693
-3262
-3609
-3656
-4755
-5467
-6213
-6145
-5238
-4763
-3944
-3476
-3109
-2390
-2061
-2822
-4099
-4809
-4379
-3494
-2820
-3017
-3365
-3270
-3162
-2606
-1969
-2811
-3828
-3765
-3419
-2505
-1649
-1756
-1676
-1190
-800
730
2324
2462
2479
3412
4344
5997
7184
7400
6129
3875
1782
1774
4322
8734
16048
23806
26012
22581
13705
5247
-1146
-1969
-432
2604
5116
7677
10082
11278
10326
5777
-417
-6776
-9976
-9535
-7212
-4413
-2715
-1604
-2160
-2558
-2691
-2090
-1558
-2735
-5053
-6825
-8156
-7273
-5294
-3412
-2324
-2202
-2580
-2472
-2297
-3198
-4418
-5804
-6978
-7537
-6625
-5274
-4287
-3489
-3646
-3916
-4554
-5179
-5205
-5195
-5432
-5081
-3921
-2634
-1573
-1106
-1569
-2145
-2050
-1504
-789
-553
-877
-1059
-1708
-1678
-952
464
1919
2852
3981
4255
3812
3815
4118
4261
4997
5392
4925
5211
5682
5044
3813
4552
7048
16554
23770
25752
20960
10653
161
-4752
-3036
-449
3597
4110
4046
5106
5868
6302
4128
92
-5195
-8921
-10544
-8842
-5491
-2224
335
76
-504
-1149
-928
132
179
-1735
-5559
-8375
-8138
-5482
-2149
-475
-918
-2666
-4367
-4648
-5166
-2955
-2849
-5443
-7597
-10011
-9781
-7335
-2587
-1796
-1971
-3909
-5616
-5435
-4738
-3915
-4688
-4860
-5655
-4380
-1950
-813
83
-398
-522
-2263
-3155
-3007
-2199
-112
822
1644
2069
2318
2845
2898
2554
2384
3356
3772
4844
7184
7790
7209
6027
2647
1882
4520
11671
21901
27034
26000
16952
6350
-2719
-5282
-3013
421
4124
4693
6039
6127
6743
5951
3168
-869
-6096
-9512
-10595
-7589
-4091
-806
746
-613
-1396
-1604
-82
1190
414
-2821
-6641
-9305
-9622
-6643
-3416
-1169
-963
-2049
-3590
-4688
-5095
-5395
-6126
-7129
-8432
-8911
-7933
-6061
-3460
-2306
-2032
-3135
-3523
-3389
-2781
-1190
-1106
-1646
-2671
-2956
-2029
-812
695
501
79
4
-57
196
204
16
-246
-11
49
48
1017
1710
2435
2622
3207
3498
4387
5397
5608
6553
6358
4697
2965
2292
3809
10399
19302
23132
23631
16422
6420
-2014
-5148
-5084
-2215
1449
2711
3685
4817
4934
3992
2220
-469
-4908
-6811
-7347
-6613
-3847
-1313
67
-432
-790
-1193
-286
990
456
-1356
-4394
-6453
-7554
-6490
-4827
-4030
-4024
-4465
-5424
-5948
-5538
-4943
-4974
-1829
-1092
-4287
-6005
-8507
-8215
-5894
-1207
-1233
-966
-1986
-4048
-2605
-936
-1077
-2320
-2676
-3505
-3194
-508
104
860
288
-598
-3119
-3857
-2157
-384
2400
3118
1495
-726
-1351
-225
1110
4849
6388
7151
5999
4652
3525
3194
5637
11156
18983
22849
23023
17217
9877
3318
242
113
1215
2927
2786
2840
3891
4373
4788
3732
2259
-546
-2771
-4197
-5083
-4292
-2962
-1788
-2193
-2671
-2495
-1393
509
1091
5
-3155
-5902
-7267
-7134
-5865
-5355
-4840
-4739
-5311
-5610
-5327
-5031
-4991
-5178
-5619
-6849
-7568
-7490
-6436
-4872
-3868
-3936
-4237
-4152
-3753
-2720
-1430
-1479
-1838
-2113
-2577
-2568
-1810
-1284
-577
-405
-902
-1300
-1325
-464
341
817
1108
1179
333
85
-91
-21
1508
3396
4984
5852
5940
5287
4860
5685
6286
8612
14037
20035
22347
21914
17106
10624
5715
3993
3443
3553
3406
2224
1442
1232
915
1931
2507
2110
386
-981
-2182
-3170
-2219
-2054
-2753
-3556
-4001
-3898
-1901
270
611
136
-1777
-4302
-5191
-5483
-4602
-4149
-4001
-5390
-6781
-7416
-7172
-6304
-5658
-5556
-5803
-5680
-5512
-5540
-4025
-3399
-3414
-4614
-6044
-6638
-5548
-3215
-1842
-995
-1517
-2741
-3381
-3036
-2393
-2330
-2276
-3216
-4517
-4480
-3570
-1483
-448
-293
-938
-1241
-663
147
2197
4077
5822
6604
5208
4456
3792
5301
9623
16895
21622
22307
20190
14507
10471
8285
7700
7341
6606
4102
845
241
427
1718
2661
1219
21
-1157
-681
-167
938
1574
404
-1808
-4316
-5395
-3970
-1235
539
40
-1542
-3053
-3615
-2808
-2023
-2027
-3509
-5207
-6051
-6276
-5996
-6011
-5573
-6396
-7020
-7917
-7984
-6173
-3947
-2551
-3319
-4819
-5961
-6060
-5320
-4471
-3442
-3302
-4005
-4335
-3785
-2839
-2037
-2220
-3169
-4188
-4677
-5269
-4681
-3259
-2338
-1580
-1708
-1905
-1469
301
1947
3702
5204
5596
5625
5430
4856
5225
6201
7610
10375
15555
19151
20072
19099
15411
12050
10443
9614
7854
6293
3421
590
706
820
314
516
-588
-1606
-1619
-1231
-1146
-226
373
-675
-2292
-3551
-3972
-3311
-1468
-1028
-2287
-4075
-5478
-4495
-2914
-1597
-2268
-3215
-4440
-5120
-4958
-4993
-5034
-5568
-6226
-7025
-7450
-7059
-6146
-5096
-4401
-4292
-4868
-4941
-5210
-4419
-3946
-3866
-4357
-4462
-4082
-3518
-3066
-2254
-2506
-2907
-2815
-2630
-2230
-2065
-2169
-2235
-1332
204
746
1427
2047
2851
4484
6414
6889
5969
5364
4187
3952
5913
8419
13138
17615
19155
18347
16175
13777
12853
13356
11650
8581
5240
1857
348
631
998
123
-1259
-3090
-3998
-3439
-2155
-1878
-2255
-3152
-4248
-4361
-3694
-2437
-1410
-1595
-2619
-4204
-4723
-4452
-3639
-2920
-3462
-4308
-4900
-4392
-3038
-2999
-3898
-5395
-6748
-7476
-7598
-7673
-7466
-6375
-5811
-5084
-4479
-4608
-5183
-5345
-4789
-4574
-3867
-3740
-4021
-3726
-3509
-3472
-2995
-2886
-2893
-2162
-1697
-1756
-1548
-1187
-614
217
1117
1682
2568
3866
5714
6983
7874
8280
7626
7605
7574
7579
8041
9759
13149
15266
16684
15641
13958
13501
13767
14293
12735
9882
5928
3766
2579
1798
-211
-2514
-4579
-6498
-6144
-5194
-4049
-3756
-3567
-3967
-4202
-3576
-3572
-3335
-2634
-2185
-2271
-2174
-2245
-2380
-2542
-3058
-3616
-4136
-4657
-5209
-5742
-6034
-6512
-6747
-6716
-7154
-7798
-8139
-7899
-7184
-6041
-5444
-5216
-4791
-4839
-4758
-3795
-3294
-2646
-2609
-2721
-2654
-2614
-2231
-2139
-1747
-2412
-1843
-1109
-457
236
906
1928
2490
2791
3169
3887
4395
5572
6903
8074
7757
7772
6915
7054
7255
7904
8037
8690
9960
10548
11602
11455
10759
10460
10972
10902
9901
8492
5997
5060
3921
3318
702
-1499
-3866
-4704
-4036
-3810
-4165
-5311
-5837
-6477
-5992
-5501
-5097
-4607
-4365
-3770
-3040
-1795
-1392
-1022
-1418
-2150
-2793
-3327
-3708
-4088
-4886
-5631
-6099
-6508
-6887
-7375
-7452
-7953
-8093
-7716
-7009
-6373
-5075
-5134
-4185
-3752
-3290
-2504
-2503
-1703
-2539
-666
-1055
-381
-1095
-448
-759
-161
449
1219
1769
1895
2963
3060
3930
3654
3691
4698
4311
5037
4281
4970
5070
4788
5925
5768
6497
6354
6589
6750
6554
7402
7236
7952
7414
6878
6568
6472
6840
5738
5317
3341
2309
1321
760
-24
-1341
-1951
-2878
-2414
-3026
-2739
-3597
-3470
-4233
-3986
-3848
-4372
-4020
-4132
-2753
-2804
-1808
-2361
-2021
-2372
-2612
-2505
-2962
-2828
-3487
-4014
-4933
-5203
-6352
-6016
-5944
-5601
-5810
-6221
-5692
-6515
-4272
-5239
-2700
-3911
-2351
-2291
-1802
-1304
-1302
-803
-508
417
8
894
727
1727
1592
2705
2652
2109
3146
2489
4204
2785
4514
2604
4017
1834
3087
3053
4060
4349
4041
4559
4577
5607
5617
5258
5201
4507
5078
4361
4611
4412
4387
4046
3890
2617
1697
1031
1006
1164
791
655
343
386
520
208
-159
-868
-972
-1135
-1657
-1387
-2216
-2161
-2553
-2478
-2448
-3221
-2752
-3210
-2507
-2842
-2953
-3752
-3734
-3971
-3766
-3913
-3981
-3948
-4031
-3036
-3831
-3430
-3945
-4061
-3727
-3868
-3201
-3214
-2953
-3031
-2751
-1359
-1917
-1285
-2285
-1505
-1354
-599
-526
-74
416
394
1345
685
2089
1344
2789
1950
3342
2608
2367
2006
1818
2160
1238
2227
1667
2336
2306
2402
3427
2757
3504
2980
3821
3706
3280
3940
3207
3856
2977
3066
2747
2092
2289
1413
1081
784
610
762
1420
1131
937
650
833
350
1036
593
1581
1109
966
168
151
-234
-817
-590
-930
-967
-1583
-2985
-2927
-3421
-3322
-4400
-3756
-4583
-3142
-4504
-3103
-3577
-3099
-3807
-2949
-3720
-2962
-3012
-2397
-1946
-2146
-1791
-2735
-1722
-2788
-1195
-1904
-2046
-1491
-1892
-55
-1238
329
-884
-415
656
-511
1266
-275
1798
1259
2251
1738
737
1489
119
1598
825
2105
1613
2913
1677
3475
2826
3529
2795
3253
3238
3620
3208
3131
2663
3255
2904
3717
1762
2680
817
3353
1497
2848
842
1754
673
1685
1232
1344
1609
1476
1840
856
1286
958
1018
808
92
377
-1609
-959
-1982
-1538
-1976
-2820
-3084
-3388
-3615
-3160
-3043
-3133
-3553
-3736
-2707
-3394
-2182
-2787
-1658
-2631
-1940
-2302
-1827
-2314
-2471
-2404
-3140
-1980
-3245
-1577
-3106
-1510
-2378
-1276
-2418
-1677
-1223
-1072
-192
-322
-162
-306
760
408
1263
176
399
-15
1363
1800
1280
1978
1054
3040
2546
3419
2544
2570
3270
2219
2942
2030
3268
2223
2875
2935
3230
2241
2312
1830
3159
1490
1805
1137
1501
1019
996
1231
2089
1626
1624
1274
1965
1035
1471
-322
1271
-313
703
-1071
-573
-1430
-1376
-1287
-2076
-1353
-2726
-2475
-2673
-1991
-2335
-2826
-3394
-3194
-2876
-2217
-2237
-2153
-1046
-2083
-1778
-1557
-1660
-2175
-2531
-1109
-2005
-924
-2091
-1229
-2514
-1763
-1808
-1549
-833
-1373
-146
-1496
316
-913
626
-167
-437
708
-184
1678
36
2238
328
1847
2170
1028
3037
619
3626
1917
3474
2935
1871
2692
852
3509
1804
2591
1682
1938
3976
3391
4321
2377
3520
3083
4031
3768
2684
2342
1460
2597
1882
1484
11
-920
-314
-85
90
-1172
-1914
-2103
-1877
-1402
-2525
-2797
-3114
-2847
-1766
-2154
-2116
-3183
-2583
-2966
-1977
-3090
-3152
-2861
-2613
-1867
-2054
-3036
-3297
-3370
-2581
-3170
-2205
-3190
-2292
-2830
-2107
-2156
-2331
-2435
-2470
-1903
-1685
-1467
-875
-1183
-500
-420
1
-400
-483
-467
341
645
269
810
1340
1788
1972
2664
1772
2279
2369
3514
3377
5196
7579
9751
9997
8525
8918
8667
10138
9721
8470
6492
5436
5521
5655
4583
1473
-1281
-2021
-1203
-1528
-2571
-4385
-5366
-4443
-2961
-3127
-4007
-4355
-4317
-2448
-1284
-1597
-3031
-2894
-2485
-1843
-1534
-2720
-3898
-3785
-3757
-3724
-3899
-5110
-5640
-5639
-5032
-5249
-5042
-5050
-4786
-4429
-4099
-3853
-3509
-2948
-2999
-2311
-1534
-1599
-1629
-1690
-1410
-986
-347
-349
-662
-492
-450
-266
-452
-1229
-1084
-1268
-246
84
924
1777
2895
3582
3592
3911
4256
5349
7118
11951
15453
15364
13644
13626
13016
14334
14623
12189
8774
6911
6984
6476
5832
3112
-731
-1942
-1653
-1811
-2181
-3677
-6200
-5929
-4837
-4594
-5212
-5474
-5538
-4775
-3022
-2932
-3273
-4138
-4119
-4245
-3867
-4005
-4737
-6454
-6623
-6462
-6523
-6975
-7341
-7667
-7717
-7475
-7115
-6749
-6439
-6206
-5346
-4691
-4236
-3625
-2811
-2149
-1258
-394
-208
-285
-122
-255
-389
-764
-1002
-1480
-1576
-2438
-2604
-2638
-2531
-2744
-2599
-2505
-1460
575
1762
2605
3658
4754
5588
6797
6903
7284
9250
14145
17866
18537
15728
14985
15331
16129
15494
12898
8846
6300
6464
6585
5501
1882
-1207
-2472
-1430
-1316
-1927
-3978
-5183
-4733
-3479
-2846
-3351
-4205
-4481
-3814
-2322
-2320
-3935
-5094
-5720
-5079
-4674
-5464
-6957
-8202
-8252
-7805
-6937
-7406
-7965
-8209
-7497
-6238
-5588
-5813
-5765
-5104
-4190
-3624
-3547
-3194
-3069
-2248
-1806
-1332
-2077
-2150
-2097
-2399
-2122
-2885
-3261
-3671
-3423
-3376
-3303
-3261
-2769
-2628
-2584
-1855
-793
429
1882
2829
3782
5057
6219
7144
8360
8507
7695
7789
10086
14107
17049
17382
14822
13465
14346
15242
14815
12532
9455
7110
7811
7949
6511
3499
570
-1227
-67
17
-1812
-3700
-4779
-4897
-3979
-4026
-5586
-6238
-6460
-5577
-4905
-5076
-6479
-7248
-6846
-6033
-5415
-5579
-6325
-6379
-5607
-5263
-5085
-5422
-5415
-5748
-4801
-4490
-4345
-3966
-4554
-4477
-4224
-3686
-4332
-4764
-4316
-3501
-3106
-3452
-3238
-3242
-3224
-2788
-2627
-2968
-2107
-1829
-2222
-2061
-1622
-1232
-753
-413
-552
-46
1002
1623
2125
2730
3894
5156
5478
5813
5861
6234
6732
6941
6864
7486
8624
10025
11688
11953
10709
10835
11365
11694
11646
11022
8901
8217
8047
7712
6167
3692
1010
-515
-973
-2010
-3438
-4960
-6256
-7030
-7267
-7440
-7971
-7693
-7496
-6874
-6031
-5495
-5688
-5323
-4747
-4025
-3517
-3204
-3172
-2778
-2632
-2783
-2830
-3672
-3819
-4174
-4272
-4562
-5014
-5715
-5771
-6007
-6439
-5582
-5340
-5788
-5525
-4826
-4099
-3792
-3699
-3852
-3323
-2537
-2297
-1913
-1378
-1269
-1229
-854
-424
-128
117
495
737
904
1306
1995
2668
3152
3380
3628
4031
4622
5334
5603
5998
6749
7468
7469
7365
7942
8796
9680
10077
9473
9401
10030
10544
10870
10361
9178
8584
8112
7038
5933
4171
2872
1587
717
-869
-2479
-4377
-5489
-5708
-5792
-6176
-6344
-6732
-6343
-5110
-4529
-4148
-4073
-3584
-3080
-2808
-2407
-2242
-2052
-2272
-2059
-2197
-2811
-3782
-4437
-4389
-4865
-5819
-6436
-6910
-6379
-6017
-6428
-6703
-6539
-6097
-5325
-4526
-4298
-3471
-2589
-2006
-1473
-1147
-471
-499
381
726
898
1138
1020
1402
1591
2133
2388
2314
2168
1786
1677
2015
2565
2969
3359
3750
4414
5077
5219
5760
6298
6143
6500
6838
7123
7192
6965
6763
6554
5889
5703
5727
5389
5137
5076
4740
4673
4325
3681
2942
2231
1292
888
572
-221
-1121
-1980
-2648
-3212
-2930
-3167
-3951
-3992
-4187
-4185
-4558
-4383
-4362
-4558
-4280
-3957
-4159
-4258
-4741
-5058
-5115
-4991
-4892
-5195
-5436
-5534
-5561
-5576
-5735
-6014
-5852
-5287
-4978
-4708
-4361
-3898
-3354
-2934
-2426
-2088
-1706
-1031
-403
280
1082
1409
1838
2001
2300
2536
2480
2690
2404
1983
2119
2344
2479
2827
2546
2506
2751
3363
3509
4083
4263
4430
4524
4773
5451
5565
5872
5602
5169
5111
4922
4793
4162
3602
3355
3028
2764
2678
2506
2620
2332
1911
1988
2106
2047
2276
2439
2172
2041
2121
1623
1229
833
277
-172
-708
-1478
-2241
-2677
-2989
-3520
-3800
-4435
-5013
-5012
-4974
-5088
-5400
-5320
-5357
-5444
-5434
-5333
-5289
-5341
-5009
-4952
-4763
-4654
-4568
-4283
-4043
-3726
-3272
-3457
-3122
-2560
-2072
-1911
-1850
-1257
-711
-487
-4
351
890
1073
1178
1526
1712
1727
2251
2536
2491
2049
2292
2495
2644
2738
2830
2897
3056
3245
3495
4241
4395
3812
3649
3519
4223
4400
4422
4030
3615
3623
3919
4210
3827
3535
3121
2846
3040
2612
2297
2250
2407
1843
1380
1014
883
938
831
224
-447
-869
-1108
-1164
-1250
-1616
-2192
-2868
-3111
-3016
-3102
-3316
-3797
-4003
-3680
-3653
-2147
-1829
-3064
-4661
-4489
-3584
-3129
-2474
-3162
-3248
-3457
-3276
-3315
-3003
-3393
-3367
-2483
-2094
-2309
-2620
-2608
-1483
-314
-610
-1384
-367
72
275
476
-117
-714
-617
154
-605
223
300
292
21
661
625
379
1669
1616
1568
1263
2028
1895
2744
2511
2485
2605
3360
3426
3107
2770
2152
2513
3314
2917
1983
1792
1781
3164
3338
2278
1297
1534
1751
2211
1915
963
1025
2067
1441
338
406
-705
583
763
479
-1101
485
1943
1640
438
-1435
-1521
-1360
-785
-2858
-3195
-2795
-1809
-1510
-1315
-1747
-1099
182
-65
-304
357
1064
651
610
-1453
-2166
-1726
-1361
-1909
-1918
-2163
-2014
-982
-1224
-1483
-831
-564
-1043
-1089
-1881
-2196
-1235
-742
-1363
-1527
-893
-344
-70
289
394
90
339
671
253
-26
631
998
154
-57
-56
384
757
1011
14
-501
651
1298
943
275
815
1068
2497
2002
-30
-870
7
502
1165
1348
-2
71
760
507
-463
-611
-1955
-1696
45
1244
946
-559
-949
-1405
-946
-1233
-1339
-888
-21
1139
1685
2036
265
-1020
-1585
-1023
1208
2624
1556
-195
736
2107
3031
810
-1446
-2344
-197
2741
2230
-173
-1259
-575
-304
828
289
-1263
-367
1419
1907
2049
1547
-672
-1112
214
420
-2261
-2396
86
1007
3791
3389
-10
-2456
-742
-546
-297
-323
-3513
-2766
381
1229
-1375
-1982
-2821
-2204
259
-701
-2584
-3030
-449
185
-288
-1724
-3852
-3500
-1911
-1066
-2089
-1726
-1337
45
1644
691
-322
-1613
-828
-149
1171
-29
-1696
502
2186
3903
3284
1482
456
2170
3116
1758
1003
1078
2905
3037
3730
3174
1283
605
1030
2263
1972
2662
1774
1765
3716
3404
2535
476
-841
362
3571
3946
1290
-211
505
1842
2943
3004
1756
1394
2661
2622
2645
2440
-835
-3252
-2269
-245
-128
-1137
-2873
-3255
-852
-127
-3186
-5161
-6224
-6720
-5164
-3447
-4876
-7437
-7147
-6631
-5782
-5061
-5713
-6138
-4442
-2863
-2015
-2309
-4012
-5023
-5138
-4532
-3918
-3649
-2588
-702
1612
2195
1516
-976
-2553
-1567
-19
719
913
1565
2522
4346
4031
3129
2261
1691
3542
6144
5845
3392
3996
4704
5225
4890
2374
1397
3208
7378
8047
6857
4705
2549
3609
3697
3060
1768
1478
2952
3644
5247
3713
3375
3547
2594
691
1152
2812
1669
2084
2036
1655
1804
1015
-80
-621
-169
-1852
-1337
20
-1219
-2480
-3164
-3890
-3909
-4243
-6668
-7740
-6050
-5543
-5476
-5217
-6361
-7267
-5827
-4416
-5513
-5903
-6271
-6578
-4710
-3179
-4988
-6433
-5252
-3990
-3123
-2436
-3648
-3416
-897
541
-967
-2155
-2576
-2624
-30
366
-981
-1797
107
4193
7393
7153
2703
783
3304
4202
3149
1213
592
2423
6211
5830
3538
3277
4727
6791
7086
6080
2908
1576
3903
5065
4013
2923
3000
4834
7106
8029
7382
5893
3190
1942
4205
4951
1792
968
1481
2361
3367
1055
-1569
-751
730
402
-884
-622
-1723
-1363
-1145
-3155
-4925
-5164
-5446
-5689
-5051
-5700
-6078
-4779
-5008
-7016
-6840
-6082
-6563
-5465
-6025
-8194
-7877
-6263
-5578
-5174
-4693
-4442
-3807
-2543
-3274
-4130
-3392
-2297
-1506
-1591
-920
-921
-484
-71
-881
-1428
-949
-424
498
3830
5603
5150
5198
6462
4859
2861
2046
681
883
3730
6948
6869
5500
4743
4047
4815
4929
4304
2524
1709
4347
6870
8184
6592
4459
3387
6066
7890
4766
1754
1745
2859
5079
6328
4743
1146
1997
3754
2687
19
-2958
-3266
-401
1644
107
-2048
-2761
-3672
-2984
-2268
-3847
-6126
-6482
-5239
-3775
-3597
-5740
-6776
-5681
-5123
-5475
-6394
-6383
-5567
-5243
-4499
-4478
-5485
-6347
-5784
-5110
-4970
-4154
-3814
-3287
-2633
-2914
-2878
-2964
-3146
-2389
-1104
125
124
-165
440
943
143
-514
177
1181
3420
4922
4040
3695
3998
4703
4809
3316
1184
1448
5689
7461
5622
3653
2203
4762
8233
7664
5437
4376
6501
8495
9599
7594
3675
3053
4534
6133
5320
2978
2581
4568
7110
6755
3168
-866
-1232
2214
1307
-4056
-5970
-5778
-3450
-1198
-1377
-4218
-5166
-4173
-3611
-2984
-5268
-8112
-7237
-4676
-2546
-3871
-5923
-6353
-5306
-3570
-4437
-5969
-7261
-6365
-4215
-3331
-3447
-4696
-5290
-4393
-4164
-4780
-5186
-5611
-4954
-3468
-1287
86
709
1017
447
279
-53
204
-301
-628
429
2157
4679
5343
3549
2938
3143
2706
2856
2970
3778
4113
4412
4428
3721
2034
-793
256
3016
4967
6809
6981
7648
9201
9210
7893
5996
5128
4911
6381
8072
6885
5116
3125
2706
3086
2219
365
-1350
-583
-6
-102
-716
-2814
-3773
-3791
-3455
-4611
-4893
-4042
-3740
-3245
-3458
-3158
-2951
-2784
-3674
-4934
-5245
-4688
-4038
-4300
-4980
-5386
-4895
-4002
-4058
-5158
-6288
-5632
-4462
-3549
-3375
-4683
-4847
-3550
-3418
-3628
-4748
-5228
-3444
-456
1333
801
-1015
-1693
296
2620
3125
1890
286
-35
2508
4305
3359
2062
1961
3417
5761
6457
3956
2015
2144
4264
4641
2508
968
2141
5151
6487
5562
5278
7031
9316
10182
9290
7904
6460
6995
6865
4293
1248
-562
811
2860
2466
-20
-2144
-978
1040
463
-2312
-5232
-5144
-3430
-2934
-3904
-5868
-6447
-4299
-2248
-2046
-3540
-4240
-3748
-2009
-1227
-3488
-5554
-6044
-4480
-3249
-4232
-5542
-6193
-5211
-2687
-1941
-2879
-3780
-3970
-3152
-2499
-2731
-4114
-4649
-3673
-2414
-1740
-2436
-3284
-2600
-1186
208
253
-167
-1237
-670
1468
1961
998
-635
-929
487
2696
3270
2637
3272
4600
5983
6410
5131
3535
2901
4233
4190
2951
1984
2295
4725
6515
8090
10509
12049
12501
12276
11375
9887
7029
4802
3207
1143
-53
-147
841
371
-165
101
-119
-252
-652
-2063
-3269
-4478
-4738
-4538
-4926
-5259
-5785
-4699
-2918
-2772
-3149
-3713
-2886
-2423
-2618
-3432
-4526
-4934
-5313
-4777
-4952
-5849
-5785
-5377
-4474
-3646
-3876
-4102
-3382
-2986
-2824
-3009
-3917
-4199
-3715
-2955
-2932
-2769
-2628
-2432
-1525
-594
312
388
-347
-167
444
310
-448
-592
482
849
1388
1763
2464
3027
2996
3459
3841
4361
4933
5246
4683
3391
3854
4282
3673
2042
1865
2812
4101
5783
8816
14025
15121
13789
12224
10580
9007
5817
4265
2952
645
-758
-785
1054
608
-1652
-2501
-2104
-1608
-2076
-2427
-3227
-4767
-4626
-4032
-4351
-5623
-6063
-4853
-3271
-3040
-3096
-3186
-3373
-2980
-2736
-2787
-3718
-5938
-6960
-6788
-6061
-6408
-7712
-7587
-6596
-4913
-3868
-3927
-4145
-4265
-3631
-3346
-3161
-3695
-4798
-4117
-2622
-1371
-1048
-1723
-1317
-59
1475
2188
1369
1012
579
771
1364
789
-74
-344
346
1512
2598
4073
4050
3462
4310
5735
6592
7208
5871
5031
5607
6339
6797
5144
3238
2303
2730
4595
5521
8113
13895
16386
15015
11444
9079
8179
6498
3853
-359
-3474
-4488
-3210
-387
-332
-2728
-4012
-2840
19
480
-1811
-4215
-5437
-4560
-3315
-4267
-6718
-8345
-6591
-3210
-1967
-3629
-5372
-4849
-2892
-1571
-2737
-5571
-7971
-8561
-7905
-6985
-7599
-9043
-8710
-6075
-3838
-2679
-2804
-130
4210
2091
-4092
-7212
-4276
-1911
-3036
-5435
-6115
-3296
-156
2823
3729
203
-1814
571
3978
3231
-2105
-4787
-2738
-388
201
-1040
-2274
-1189
2232
5820
6620
4819
4192
5982
8657
8703
6649
5254
5136
4895
4246
4613
4224
3369
4377
7949
14519
17951
16064
12480
10299
10307
9489
6310
2104
-2000
-3083
-1188
990
1306
-1444
-3459
-1481
1209
2007
-614
-3423
-4716
-4486
-3228
-4453
-7073
-8198
-7386
-4657
-3374
-3824
-4289
-4184
-3285
-2510
-2854
-4563
-6579
-7601
-7393
-6949
-7396
-8592
-8338
-6428
-4329
-3308
-3201
-3514
-3240
-2434
-2101
-2563
-3633
-4064
-3795
-2407
-2033
-2475
-1778
-485
1007
1160
751
819
1266
1954
1643
646
-396
-584
149
428
286
-23
1180
2848
4151
4795
5535
6135
5350
5274
6482
7062
5621
3453
3323
5407
6420
5341
4420
3971
3610
3108
3177
3966
5654
11547
15814
14700
10332
6861
8037
8834
6475
1517
-2886
-3660
-2322
636
883
-3587
-7072
-5827
-1375
961
-1728
-5000
-5934
-4063
-2711
-3847
-6045
-7865
-6934
-4150
-2753
-4173
-6611
-6924
-5179
-3936
-4628
-6566
-8082
-7532
-6585
-5767
-5896
-7101
-7429
-6598
-4828
-3936
-4226
-3751
-3178
-2980
-2270
-2122
-2355
-3466
-3255
-1881
-606
-258
-1150
-485
1210
2209
2635
1870
1146
626
574
1584
1467
339
-523
-149
1608
3176
3451
3386
3914
4813
5425
6982
7034
5146
3830
4607
6754
6994
4248
2464
2986
4254
5047
5587
7247
12708
17379
17335
12886
8377
7779
8362
6975
3093
-2143
-4759
-3136
380
1118
-2580
-6316
-6120
-1625
1819
-184
-3163
-4829
-3721
-1480
-2179
-4669
-7437
-8077
-5742
-4308
-5370
-7826
-8612
-6941
-4493
-3565
-5255
-7832
-9088
-8270
-6421
-6575
-8702
-7754
-5322
-4833
-5591
-5517
-3657
-2809
-2994
-2797
-2666
-2531
-2117
-939
-291
-1672
-2629
-1956
278
1325
1067
669
1299
2144
2559
1893
1432
1511
2213
3583
3442
1625
672
2169
5061
5671
4179
2685
3544
6379
7966
6951
5393
4454
5470
7467
9132
8493
5074
3465
3942
5223
5748
8341
15332
16998
13377
9474
9518
11725
9866
5001
258
-2674
-3658
-2754
-1372
-3498
-8208
-9184
-5867
-2168
-2361
-5783
-6052
-3897
-1404
-1266
-4617
-7473
-8506
-6519
-4298
-5798
-8858
-10797
-8329
-4934
-4312
-5217
-6918
-7684
-7080
-5671
-5026
-6505
-8561
-8771
-6788
-4874
-4541
-4948
-4613
-3327
-1709
-538
-843
-2299
-3226
-1522
675
511
-1075
-2365
-1268
997
2040
2164
1365
1335
2364
3393
3740
2707
1255
626
1563
2692
2364
1685
2386
4419
5830
6533
7573
8390
8437
9602
10726
10491
9439
7856
7358
7285
6096
4693
4038
6094
13096
17604
15351
9628
7817
10371
11162
8317
2046
-2532
-3763
-2803
-1040
-2591
-6812
-9476
-7605
-2718
-745
-3200
-5772
-5507
-2836
-657
-2354
-6052
-9230
-8600
-5561
-5587
-8193
-11190
-11555
-8098
-5705
-5537
-6977
-8738
-8311
-6521
-4926
-6073
-8434
-8868
-7058
-5523
-5821
-7154
-7490
-5746
-3649
-2128
-2357
-3436
-3331
-1381
25
-182
-1936
-2919
-1636
611
1442
1000
628
562
1415
2191
2770
2805
2379
2496
3089
3598
3997
4490
4480
4948
6023
6802
7243
7396
7302
7916
8678
8959
8238
7578
7908
8007
7124
5575
3805
3264
4496
9863
15431
13769
8653
6144
9533
12596
9779
3285
-1070
-1014
428
136
-2138
-6319
-9156
-7596
-4190
-3166
-4959
-7172
-5168
-1872
-781
-2721
-5909
-6638
-4537
-2838
-4004
-7387
-9277
-8577
-6260
-5109
-6566
-8502
-8256
-6726
-4836
-5380
-6844
-7875
-7729
-6452
-6173
-6923
-7773
-7857
-5797
-3802
-3513
-3554
-3752
-2466
-777
-205
87
-237
-191
153
1073
1832
1429
1442
1407
1741
2076
1711
1650
1857
1690
2406
3138
3129
2870
3152
4664
4925
5167
5826
6352
7035
6475
6881
8144
8966
8532
7255
6168
5554
5081
4558
5207
7016
11849
12933
10946
9340
9789
10971
9442
7114
4113
1437
1173
1106
-65
-3417
-6331
-6578
-5335
-4814
-5427
-6476
-5520
-3843
-2622
-2433
-4053
-4793
-3807
-3065
-3796
-5966
-6904
-7270
-7124
-6399
-6861
-7202
-7185
-6706
-5618
-5712
-6119
-6222
-6118
-6138
-5429
-5291
-5645
-5277
-4877
-4903
-4190
-3487
-3206
-3145
-2687
-1901
-519
151
263
639
829
1189
1375
1538
1796
1517
931
309
415
948
1383
1242
1281
2124
3488
3718
3662
4075
5021
5792
5344
5182
6391
6899
7891
7744
6451
6051
6748
7212
6575
4855
3160
3362
6399
10502
10759
8150
7142
9034
9998
8580
5691
3794
4170
4047
2608
-300
-2841
-3989
-4383
-4996
-6536
-7458
-7237
-5745
-4148
-3862
-4202
-4826
-3687
-2354
-2260
-3165
-4071
-4521
-5476
-5795
-6046
-6680
-6683
-6590
-6241
-6257
-6309
-6133
-5954
-5937
-5793
-5157
-4783
-5045
-4889
-4654
-4022
-4071
-3941
-4248
-4263
-3356
-2917
-2392
-1936
-992
-1055
-668
-76
-240
-362
-618
-407
-450
296
495
82
-236
473
1800
1693
1839
6367
6915
5170
4365
5692
9611
9717
9774
6183
6212
6528
8366
10491
7228
5388
2839
5206
6122
7264
7904
7409
8217
8116
9846
8801
8560
7837
6743
6117
4702
4099
1384
-199
-1478
-2774
-4433
-5692
-7166
-7063
-5908
-5348
-5561
-5577
-4557
-3516
-2797
-2829
-2362
-2496
-2779
-2836
-3609
-4982
-5358
-5995
-6635
-6616
-7429
-7780
-7472
-6644
-6091
-6445
-6411
-6249
-5777
-5523
-5487
-5519
-5452
-4783
-4235
-4627
-4590
-3594
-3177
-2393
-2126
-1828
-1279
-131
552
468
419
706
837
1183
1325
1026
744
1494
2487
2784
3529
4619
5334
6382
6891
7507
7122
7275
7709
8071
8492
8006
7560
6800
7102
6940
6342
5601
5191
5036
5796
5914
4784
4935
5120
4981
5004
5309
5169
4873
4819
4003
3176
2449
1153
-178
-1413
-2582
-3996
-4905
-5510
-5793
-6061
-6222
-6017
-5787
-5787
-5570
-4591
-4088
-4147
-4694
-4570
-4807
-5341
-5175
-5729
-6014
-6731
-6925
-7319
-6345
-6642
-6418
-6165
-6257
-5791
-5876
-4893
-4761
-4503
-4412
-3986
-3454
-3168
-2586
-1737
-1763
-1084
-1231
-366
168
1130
1790
956
1521
1539
3484
3637
3330
1918
2692
4080
4486
4744
3818
4322
4995
5629
5507
4454
4726
4532
5908
5458
5346
4572
4825
5799
5355
5788
4777
4645
4369
4506
4279
3242
2823
2542
2463
2454
1930
1307
889
577
505
406
434
16
-543
-894
-726
-851
-1974
-2468
-2855
-2782
-2881
-2959
-3276
-3220
-3081
-3065
-2482
-3227
-3088
-3304
-3825
-3933
-4436
-4557
-5640
-5721
-5903
-5472
-5351
-5718
-5206
-5221
-4811
-4037
-3772
-3247
-2921
-1909
-1508
-1139
-1207
-971
-588
-82
375
365
787
844
1166
1083
1045
705
987
1399
1671
1517
973
1156
1209
1354
1890
2769
3184
3385
3543
4319
4741
4622
4163
3867
4408
4069
4145
3850
2942
2351
2484
2801
2218
2157
1722
1962
1882
1700
1404
836
1200
629
797
265
358
173
160
-3
40
-143
126
-424
-832
-1063
-1157
-1927
-2277
-2878
-3056
-3017
-3022
-2822
-2931
-2426
-2064
-1857
-1524
-1240
-1137
-1374
-1555
-2462
-1786
-1937
-1458
-1639
-1603
-2121
-2153
-1565
-1333
-1034
-1594
-1607
-1417
-1016
-1030
-1204
-1448
-1018
-286
-468
-472
-319
205
869
1282
680
535
954
1135
1824
1418
902
87
-67
571
316
333
287
504
847
1238
1331
1550
1795
1809
1505
1580
1779
1590
1257
941
1280
1114
1133
1182
1357
1091
717
712
1094
1037
271
59
-92
-64
-160
-109
-614
-913
-1129
-915
-378
-326
-748
-623
-707
-814
-433
-566
-511
-667
-560
16
-227
101
-188
-190
86
326
245
120
-117
254
-35
168
-519
-94
-451
15
8
70
286
-234
243
255
427
-218
113
489
485
120
232
-4
128
-194
85
-318
-31
-500
-561
-235
-732
-1067
-997
-483
-458
-495
-712
-1344
-708
-1123
-853
-834
-1001
-758
-744
-109
161
-177
-192
-551
-26
-656
-277
-937
-569
-964
-787
-916
-1103
-448
-850
-152
-720
-335
-218
72
440
189
758
879
1137
747
524
471
589
707
596
896
387
868
78
663
-251
525
-30
56
113
543
569
1218
1279
1770
884
1537
1834
1772
1667
1041
1667
1206
1686
631
696
430
740
554
459
445
269
558
412
784
-46
579
-419
-55
-582
-111
-1083
-890
-1187
-1131
-626
-814
-1332
-1107
-952
-445
-316
-526
-1097
-323
-739
-472
-1490
-1174
-1369
-820
-1127
-1625
-1274
-1448
-729
-703
-803
-1254
-489
-815
326
-559
-749
-943
-227
-311
-630
-605
-1030
467
-263
258
-828
502
246
1326
329
747
332
1101
1454
1421
1452
443
1675
937
1982
427
1244
305
923
189
566
842
1299
157
763
826
920
173
882
377
928
867
801
311
255
-239
-581
552
-188
118
-559
-128
-633
-230
142
-1071
-29
-596
-66
-840
-452
-1061
-943
-416
-1237
-1260
-1140
-294
-581
-783
-838
-1305
61
-398
175
-61
907
-553
-489
-504
-588
-67
-574
-762
-182
-14
216
-150
262
115
227
347
393
879
853
942
1229
361
417
-540
651
828
1154
24
126
318
292
2160
-731
2111
-541
2617
-19
1737
-249
647
575
1329
298
531
234
710
-670
117
-1062
-454
-1453
-439
-970
96
-483
-919
205
-663
481
-553
404
-881
-413
52
-979
-535
-1604
-1093
-1011
-1366
-481
-1494
-254
-1190
-814
-826
-329
94
-885
313
-54
86
-337
-727
-89
-1209
-345
-1140
-167
-795
417
-222
-374
349
154
746
-21
748
218
886
-28
1165
137
1627
-223
1037
479
1775
949
490
806
1042
1354
419
1255
329
759
368
1025
-214
481
-290
829
-92
688
-390
884
-900
682
-161
737
-307
219
489
-46
479
-8
141
239
-584
-160
-711
-954
563
-1443
-294
-1695
506
-1375
1
-1264
105
-665
673
-772
133
-152
478
-335
250
-306
541
142
-28
-370
-434
-636
-819
-39
-260
-87
-576
245
-1784
685
-1280
908
-592
638
145
550
905
-392
-283
-216
333
-250
621
-264
801
-432
-72
-6
-213
843
-1106
628
-1643
683
-8
984
-69
356
545
647
456
1415
81
903
22
313
-86
834
-400
324
-599
870
-1661
525
-1149
-772
95
-881
558
-1067
1234
-1307
1243
-210
546
-153
-247
578
-260
1419
-1250
-268
-1131
758
-1080
898
-1164
78
-1474
789
-287
-280
381
-1765
1713
-906
2373
-1137
1354
-1092
67
182
-612
945
-1251
1494
-1458
1774
-1874
827
-195
1110
222
938
127
-238
1301
-161
1314
-780
876
-1104
1339
-695
-29
453
-483
103
-459
1163
-277
899
189
-669
757
151
119
-1304
433
-1498
1144
-507
-599
-1811
-697
196
-489
39
-1156
-829
-348
-312
-568
-489
-245
94
-70
-1038
-482
-1596
952
-848
1157
-506
420
291
177
1638
-1123
997
-705
1308
471
445
181
-220
340
-424
1125
389
285
-196
-368
1189
195
966
374
427
1595
-239
2195
-1070
1330
-847
1030
-183
-1428
321
-1607
663
-1937
734
-1721
-526
-463
-164
334
-520
1285
-68
1184
-4
121
1494
-103
1245
-380
771
-1120
830
119
-281
123
-157
389
-787
1285
-803
312
-371
-335
-290
16
304
-687
-74
-594
383
-688
745
-1153
724
-845
805
251
-229
-1068
80
-1095
-364
-1419
-67
-1068
-324
-777
-190
-7
-252
-604
-189
192
1664
-1165
949
-770
1738
-554
788
-595
452
925
-399
476
473
-322
169
-681
619
-909
687
-39
201
1066
-1461
735
267
2036
-207
-104
875
-414
1436
-12
-93
-341
840
-505
-1116
88
-516
731
-21
-187
-378
288
284
-307
484
-479
653
357
-21
-1047
-300
462
315
-1223
-105
-766
-511
155
-392
487
-888
1420
-1335
933
-2411
-152
-1631
217
-487
-1217
880
-1147
1861
-1200
1234
20
-650
919
-1209
1841
-1504
1820
-706
125
-275
226
1034
285
-124
335
-132
1175
-1309
1561
-1451
1027
-496
872
215
-622
803
-1307
1911
-1656
1950
-828
665
-162
384
1001
-285
930
-1062
1032
58
9
676
40
249
-411
1012
758
-143
1308
-444
474
60
-414
246
-231
334
595
-7
449
-1431
1017
-884
286
-68
138
268
-1256
1089
-973
95
-1435
-386
-749
-355
521
-1388
225
-1989
943
-2035
1300
-1376
-95
64
-383
1096
-1185
1134
-1435
235
-643
523
-444
-718
453
-1141
1298
-291
215
-1066
234
648
-779
1478
-1649
1241
-560
1018
57
-152
1059
-563
1234
-227
744
482
-726
588
-242
612
-842
185
-600
-275
411
269
-912
-59
-338
634
485
-44
-247
182
947
15
1619
-413
-457
701
1006
532
-1104
474
-575
1137
-581
-55
-201
-792
385
-1307
853
-1790
538
-772
383
-4
-322
-224
-60
539
-73
-748
519
-1298
1182
-597
414
614
-1307
981
-1685
1569
-1614
1170
-101
-394
1911
-937
1980
-2454
2119
-892
2986
-451
164
102
521
1053
-21
943
-416
19
275
1138
309
-176
-1600
-430
-470
1067
-1233
184
-697
1277
-703
830
-1404
1038
-794
-80
108
-848
1188
-1647
1262
-1521
1251
-1359
-467
-23
628
-1007
-454
-1310
515
-1333
1088
-841
-204
-977
-182
-644
340
-427
-465
132
-748
-650
-251
-533
-177
-334
690
213
-712
321
-1025
1612
-1177
467
-482
720
538
-57
1559
56
668
-1078
533
694
998
328
430
958
370
484
1265
205
740
-319
1471
333
486
-86
-775
531
-575
1408
-958
1443
-720
1955
-1420
564
-889
-771
752
10
823
-1406
167
-1082
980
-627
-367
-1284
768
-176
395
185
-236
608
-1718
1739
-2401
835
-1508
662
-562
-1403
1059
-1624
969
-1885
555
-1195
-554
682
-1590
1447
-1314
1124
-1007
297
-518
-274
520
-1729
1134
-736
662
-521
640
217
-648
1055
-1450
1160
-1284
1237
-840
1271
-436
1093
-112
38
-1097
1059
-547
681
-721
892
323
941
514
-1296
1955
-1522
2635
-1585
1760
-1447
1070
538
-1995
2478
-2736
1830
-2410
2442
-1325
-422
187
-899
877
-390
1533
-1433
1494
-1002
662
-39
191
-132
-338
828
-582
1684
-356
-807
606
147
937
-665
837
-506
507
805
968
147
-843
1112
-431
-86
-210
-805
388
-122
94
128
-568
-497
-873
911
-629
-420
140
-202
43
-628
509
-291
766
71
-156
3
-26
171
-26
364
-486
286
-400
935
-1158
1046
-907
-522
693
-1165
923
-1276
1296
-1451
90
-731
-675
359
-582
70
-1181
565
-832
-366
30
-990
-372
-663
-61
-577
-406
-579
-870
48
-35
-447
939
-1293
1320
-1548
1571
-1193
1091
-123
409
-136
407
783
1070
-311
1522
-1013
1052
-1274
278
354
459
996
-355
237
733
256
591
-759
250
-286
-206
1498
-533
565
-375
396
905
109
988
-357
317
558
-284
1383
-979
1399
112
192
441
-1569
2213
-944
1477
-458
-265
411
-1028
1828
-1289
1717
-1611
1133
-1127
-391
-330
-397
-4
-944
151
-787
-621
476
-1081
110
-1628
453
-1339
-515
570
-1621
1694
-1198
905
-960
-94
277
-842
1785
-2382
1315
-7
115
81
2
959
-811
1749
-257
346
430
506
68
134
370
-56
723
463
46
793
15
-430
479
-182
513
-712
749
-56
-571
483
-982
1031
-919
515
-143
-599
1493
-2275
1923
-2071
1315
-1091
-505
195
-1740
1927
-2178
642
123
-1577
1606
-2528
1308
-2256
837
-160
-1966
881
-2819
1494
-2531
1875
-1487
-1103
320
-1875
1367
-2767
1414
-1832
1501
100
-594
989
-1919
2116
-1108
1654
-159
1080
555
932
997
249
1118
-197
1767
-76
1298
-20
885
663
246
1845
-690
2006
-830
1607
617
-97
984
-1036
1528
-1573
1509
-699
1459
-453
-312
309
-1314
771
-1401
926
-1398
740
-917
-139
-410
-233
-641
-311
-280
-215
-427
-657
189
-498
552
-1298
452
-952
253
-107
-120
223
-1085
439
-1582
339
-963
-200
-128
-648
520
-1369
1449
-1762
15
-505
-281
-308
-320
1136
-354
869
-1066
833
-554
1512
49
527
737
857
671
217
850
683
173
963
473
806
486
225
830
800
752
-78
471
116
803
-449
356
-818
186
-216
-393
-89
-667
-305
-562
185
-714
-325
-541
-268
-209
-650
-729
-398
-395
-52
-1048
122
-570
381
589
-438
78
-925
796
-590
697
-381
377
-506
75
209
-386
170
-2
387
-217
-330
-549
-199
-111
-900
-249
-276
-145
-111
-364
-641
136
-43
433
-255
-445
-173
-241
633
18
560
40
301
-247
309
555
85
868
117
234
204
362
659
452
578
322
103
569
237
131
146
369
308
374
48
26
-13
-68
-16
-429
-261
-413
-308
-510
-522
-695
-608
-181
-693
-537
-677
-687
-820
-162
27
-223
-109
-221
212
140
-21
407
-134
209
194
173
282
290
573
239
415
326
113
383
322
237
393
271
437
245
189
11
408
-85
319
276
458
102
-17
235
138
336
148
-72
207
-48
23
-68
493
125
373
-91
573
353
660
190
111
319
213
445
240
179
-241
279
543
192
-77
-507
-330
-387
-327
-391
-637
-595
-509
-318
-630
-644
-357
-448
-380
-694
-582
-896
-493
-349
-77
-658
-386
-535
-370
43
-557
-600
-610
18
-507
-461
-371
-191
-183
-39
-115
-14
-67
277
11
324
-79
-44
-25
10
-152
-328
342
209
204
-204
-461
-355
408
314
118
132
16
468
337
310
519
155
493
470
721
548
511
380
335
293
624
465
276
83
-37
-7
289
80
-138
104
-185
-215
-120
257
160
-105
-6
-399
-64
111
-95
-127
-129
153
5
-373
-214
-318
47
-139
125
-429
49
-154
-329
81
-482
10
-75
788
-11
13
-25
119
114
138
4
215
458
483
310
304
171
441
438
150
92
225
530
-20
329
-63
156
192
-28
184
-65
71
-201
-23
-380
-417
245
129
154
-250
-167
183
417
352
-33
-72
-108
695
484
142
-181
-97
262
331
120
-252
-597
-145
283
-70
-104
-500
-245
-347
-145
-361
-518
-167
-26
-100
-305
-378
-497
-86
-78
-312
-423
-445
-335
-237
-524
-461
-759
-488
-161
74
-67
-475
-619
-144
0
271
-217
-205
-413
276
62
14
-170
-162
209
-72
92
-224
-62
-37
-264
33
-188
-466
-438
-122
235
252
154
-294
106
487
82
157
136
316
228
394
209
46
190
21
448
223
274
-52
234
411
378
466
166
716
438
609
883
503
472
475
690
355
511
468
445
316
282
190
-233
-423
-131
65
48
-243
-576
-497
-435
-139
-255
-237
-573
-331
-156
-430
-473
-771
147
98
34
-226
-505
-225
62
271
-43
-243
-279
393
427
196
-8
12
252
609
189
195
46
9
148
327
363
183
312
237
57
66
-27
232
170
248
234
78
-51
-50
-92
51
627
-58
53
103
150
482
59
-49
-183
195
112
-41
-85
-171
134
-40
-403
-223
-487
-135
-69
-280
-114
-493
-246
-248
-303
-135
-331
-173
-195
-179
-472
-344
-79
-63
-397
-502
-106
-90
-395
-525
-502
-241
-279
-178
-380
-434
-333
107
227
-199
-251
-328
29
119
116
-115
-329
-69
1
124
-110
-243
343
409
197
-57
-152
96
317
332
-60
-315
-112
186
-97
80
-92
-48
39
13
144
179
205
122
191
303
41
243
372
288
482
218
271
399
477
517
592
242
436
774
528
139
211
243
565
434
38
110
32
203
36
-48
-75
56
-69
-184
-290
-481
-275
-113
-47
-211
-413
-401
-231
-52
-133
-327
-203
-70
42
-7
-18
-11
20
-25
-156
-339
-140
263
137
29
-154
-50
208
128
-44
-153
107
69
-38
-492
-547
-71
-39
-206
-374
-249
-263
85
-194
-90
-79
120
275
225
-18
91
185
66
264
181
-113
93
148
527
214
-2
-309
-18
283
-64
-3
-399
-111
17
67
-245
-108
87
17
-215
-285
-410
-27
224
260
22
-114
-112
30
317
-68
97
-89
-120
-81
-20
21
13
10
-210
-258
-286
107
415
217
169
7
146
327
176
-34
59
494
594
62
19
52
252
590
487
235
196
206
56
142
-175
-337
-159
-169
34
-309
-476
-547
-548
-220
-373
-277
-690
-487
-91
-32
-171
-446
-406
-176
-205
-244
59
-356
-244
-404
-304
27
157
176
-231
-62
-321
3
-154
267
205
-347
-144
43
200
137
25
96
138
11
14
189
105
368
465
102
-194
168
356
422
342
38
-140
246
125
607
279
-84
203
303
497
517
476
409
188
-39
448
77
1228
2203
-1217
431
-1159
684
675
550
628
-888
925
-1098
1025
438
53
-127
-196
1040
-84
202
-1467
-144
4133
1059
-1627
-4176
-1205
660
164
305
-3592
224
1782
2133
-1232
-3815
-820
1521
4091
-914
-577
-3050
528
1260
157
-1037
-3871
-1013
-995
2919
725
-1501
-1329
-583
2697
-72
-2143
-4019
438
1766
899
-1734
-3871
-2360
-288
1578
-1148
-1687
-3291
-659
1130
2162
1507
-1864
-179
-64
2068
1323
128
-283
-103
1424
356
1571
-539
-62
1033
254
974
748
1195
-320
1656
2421
1254
1885
-250
1219
645
1103
169
469
815
-409
1137
951
1068
245
-30
469
801
847
-721
-189
25
880
287
436
-678
-1249
-21
-815
-583
-79
410
-207
-87
18
471
999
10
-752
-1230
-292
-343
1
-58
-1574
-1415
-219
-102
-468
-2022
-3050
-161
1104
417
-2017
-2073
-1456
-114
1222
-354
-2000
-1856
-1437
899
400
186
-1266
-872
210
386
515
-753
-1028
-807
693
767
174
718
86
925
624
519
-356
-49
765
697
573
198
-386
-699
325
631
-98
-338
-284
414
369
862
69
-144
384
-290
-67
-84
-358
-500
-231
-78
-464
-384
-223
160
973
904
102
-222
565
678
1189
1194
975
593
701
1062
422
374
-375
137
96
314
-113
15
-12
-112
391
-264
-364
-198
-62
431
79
-233
17
441
175
-258
-248
209
224
669
310
243
949
1125
522
236
824
859
473
-57
-1035
-450
353
87
-800
-474
-214
-130
-189
-408
-628
-293
61
-124
-54
354
-249
-445
-839
-886
-966
-1344
-1409
-1277
-1097
-1128
-1340
-1248
-1052
-952
-383
-284
-303
-237
-315
-639
-874
-630
78
322
19
-278
-614
-583
-204
315
929
565
323
697
591
247
1393
1180
462
704
528
629
1106
904
395
-40
162
-305
-646
-551
215
2661
4677
6183
7269
6442
5439
4739
5229
4788
3992
3334
1381
99
52
-995
-1978
-2907
-3760
-4158
-3753
-3015
-2592
-1670
-1254
-1206
-2090
-2322
-1953
-1246
-1236
-1165
-2511
-4014
-4231
-4082
-3338
-3265
-3328
-4264
-4936
-4812
-4703
-3946
-3878
-4200
-4175
-3978
-4128
-3373
-2622
-2519
-2034
-2008
-1984
-2020
-1055
304
1206
1466
1663
2462
2453
3311
4006
3977
4328
4702
4595
3049
2096
1533
535
1922
4672
7705
9701
11545
11311
10457
9934
9331
9371
9387
8543
6484
3936
1996
314
-252
-663
-1519
-2285
-2856
-3214
-2845
-2389
-1691
-1609
-1844
-2284
-2905
-2258
-1592
-1577
-1983
-3083
-4075
-4776
-4724
-4628
-4074
-4097
-4509
-5302
-6093
-6172
-6069
-5451
-4862
-5379
-5661
-6471
-5860
-5638
-5040
-4885
-4806
-4469
-4255
-3722
-2792
-1797
-1004
-517
-24
-161
69
207
837
1477
1567
1483
1429
815
657
1036
1312
1587
2073
1960
1405
2442
3657
4906
5498
5515
5094
4137
4184
3612
3649
3828
4333
6497
9662
12861
14306
14215
12931
10524
9045
8124
6974
5883
4396
2119
-502
-2460
-4058
-4533
-5078
-5297
-5603
-5283
-4674
-4201
-2961
-2316
-1651
-1584
-1652
-2031
-2487
-2775
-3266
-3629
-4448
-5030
-5360
-5427
-4909
-5041
-6076
-6552
-6354
-6643
-6234
-6354
-6596
-6286
-5919
-5649
-5617
-4970
-4569
-3522
-2371
-1651
-1260
-765
-453
-822
-137
-276
-534
-514
-293
-460
-943
-978
-1339
-1628
-1054
-1238
-839
-477
681
1694
2317
3089
3716
4668
4671
5647
6416
6617
6777
6709
6434
4828
3689
3648
5401
9404
13117
15698
15464
13745
11044
8231
7303
6410
5833
4928
2969
1239
-609
-1918
-2569
-2539
-2102
-1879
-1430
-1777
-2254
-2820
-2920
-2909
-3649
-4357
-5616
-6275
-6295
-5821
-5488
-6190
-6257
-6434
-5934
-5152
-4987
-4581
-4531
-4369
-5013
-6130
-6964
-6972
-6006
-5955
-5672
-5584
-5620
-4988
-4545
-3833
-3310
-2262
-2417
-2968
-3293
-3364
-2654
-2090
-1018
-440
-272
-288
-22
-222
-47
258
367
588
763
957
1198
2154
3247
3974
4184
4251
4528
4880
5858
7120
8160
8003
7604
6957
6343
5618
4478
4023
4864
7362
11725
15214
17525
16896
13505
9547
6236
4623
3671
3324
2770
2296
1284
-584
-2493
-3352
-3607
-2909
-2633
-3504
-4386
-6081
-7593
-8189
-8735
-8493
-8022
-6807
-6086
-5246
-4854
-4898
-4530
-3615
-3173
-3441
-3735
-4416
-5239
-5694
-6773
-7492
-7940
-8067
-7636
-6689
-5854
-5732
-5066
-4554
-4260
-4491
-4721
-4726
-4034
-3385
-2893
-2276
-1843
-1378
-616
43
400
366
565
917
1130
797
474
368
922
1823
1892
1926
2535
2822
3296
3574
3856
4279
4360
4448
5369
6937
7712
8173
7995
6747
5399
5202
5780
7266
11896
15957
17744
16619
13339
9566
5582
3370
2271
2459
3465
4570
5005
3669
1548
-957
-2908
-2966
-2831
-3187
-3451
-4154
-5147
-5660
-6523
-6910
-5582
-3391
-1775
-1053
-1128
-2714
-3993
-4760
-5310
-5688
-5833
-5946
-5969
-6108
-7103
-7852
-7976
-7771
-6727
-6540
-6539
-6706
-6907
-6675
-6351
-5493
-5106
-4621
-4424
-4451
-3761
-3148
-2589
-2362
-2000
-1591
-686
35
-3
-83
-36
-119
435
660
683
1046
1338
646
261
944
1462
2933
3872
4000
4627
5526
6536
6919
7357
8052
8670
8527
7953
7319
5780
4936
5621
6651
9197
12709
14067
13298
12263
10032
5897
3780
3168
2524
3759
5220
4977
3951
2901
-154
-3055
-4371
-5296
-5038
-4087
-4234
-4308
-4665
-6151
-7380
-6770
-6085
-5074
-3881
-3230
-3087
-4122
-5793
-6946
-7305
-6678
-5642
-4980
-5050
-5424
-5651
-6162
-6328
-6566
-6909
-6415
-5684
-5123
-5107
-5343
-5464
-5167
-4802
-3914
-2992
-2687
-1983
-766
-22
93
-137
-67
299
903
987
-14
-810
-410
-166
-749
-581
-325
-113
514
1518
2086
2905
4430
5668
6694
7397
7313
6990
7099
7408
6407
5997
6203
5600
5103
6148
7718
10614
13677
14225
13918
13874
11753
8258
6723
4779
3732
4442
4981
4881
4128
2743
376
-1407
-3254
-5525
-5896
-5610
-4967
-3955
-4154
-5706
-6382
-6466
-6306
-5873
-4810
-4079
-3778
-3921
-5417
-6043
-6807
-7619
-7638
-7539
-7200
-7292
-6984
-7351
-7605
-7963
-7996
-7749
-7810
-7138
-6811
-6386
-5441
-5324
-5179
-4301
-3145
-2303
-1916
-1776
-1166
-314
-274
-254
269
518
716
393
90
-113
-542
-222
195
821
1581
2136
2756
3391
4396
5501
6289
6932
7399
7778
8076
8711
8586
8171
8219
8043
6953
6660
8179
10146
13073
15373
15547
14297
13179
10588
8738
7575
5290
4409
4136
4077
4356
3930
1638
-503
-2025
-4443
-6437
-7278
-7301
-6527
-5774
-6171
-7029
-7681
-7691
-7395
-7010
-6815
-6278
-5170
-4793
-4729
-4994
-6353
-7216
-7513
-8188
-8485
-8512
-8475
-7043
-4540
-4896
-6540
-6437
-6179
-6518
-5691
-5181
-5447
-4243
-2691
-1998
-1350
-1790
-2771
-2279
-1516
-1355
-922
-581
-295
579
1158
498
-158
-54
789
1907
2427
2565
2720
2447
2959
3879
4591
5218
5840
6517
7102
7753
8173
7895
7544
7166
6759
5968
5719
5840
6340
7157
10121
11954
11426
11081
10900
10754
10050
8810
6265
5242
5150
4497
3751
2256
907
-877
-2668
-4369
-6315
-7782
-8485
-8279
-7851
-7624
-7959
-8237
-7463
-6783
-6582
-6709
-6491
-5426
-4360
-3968
-4486
-5173
-5696
-5683
-5816
-6288
-6798
-6934
-6671
-5954
-5913
-6757
-6866
-6342
-5563
-4689
-4383
-4689
-4636
-3811
-2725
-2125
-2360
-2225
-1512
-793
-43
742
935
1196
1949
2663
2492
1774
1222
1829
2530
2358
1709
1471
2194
2960
3060
3204
3525
4164
4693
4831
5371
6332
6297
6006
6010
5593
5305
5230
6195
7423
9363
11229
10980
10092
9584
8936
8041
7989
7939
7268
7221
6702
6000
4620
2390
691
-154
-1517
-3352
-4299
-4425
-4426
-4260
-4672
-5767
-6391
-6506
-6224
-6198
-6236
-6038
-5772
-5303
-5289
-5474
-5352
-5436
-5833
-6701
-7191
-7222
-6833
-6253
-5820
-5710
-5507
-5274
-5656
-5671
-5409
-5057
-4133
-3587
-3488
-3242
-2218
-1547
-1192
-974
-1050
-689
-242
224
17
378
849
878
785
791
1117
1290
1555
1469
1152
1609
2309
2459
2765
3364
3459
3902
4474
4613
5410
5714
5563
5595
5316
5355
5381
5394
5307
6113
6396
7773
8682
7206
6713
6908
7150
7209
8015
8115
7771
8167
7986
6781
5249
3303
1841
1164
449
-1243
-3004
-4281
-4965
-5240
-6024
-7705
-8187
-8006
-7818
-7575
-7313
-6823
-6250
-5758
-5107
-4549
-4444
-4692
-4639
-4951
-5191
-4967
-4586
-4255
-3984
-4362
-5077
-5246
-5377
-5489
-5662
-5088
-4458
-3997
-3942
-3902
-3341
-3126
-2845
-2539
-2602
-2175
-1386
-1105
-865
-398
-206
779
1308
1258
1101
1341
1621
1697
1500
1078
1337
1895
2510
2791
2718
3278
3893
4529
4844
5222
5526
5967
6799
7063
6899
6738
7173
7788
8625
9955
9948
9080
8647
8611
8304
7967
8178
7566
7720
8111
7057
5363
3663
1393
208
-187
-1644
-2817
-3527
-4668
-4933
-5305
-6497
-7863
-8320
-8134
-7809
-7199
-7219
-6817
-5797
-5312
-5411
-5662
-5726
-5822
-5822
-5591
-5658
-5273
-5125
-5288
-5525
-5665
-5797
-6195
-6514
-6209
-5703
-5278
-4791
-4723
-4432
-3912
-3608
-3465
-3259
-2954
-2335
-1225
-679
-330
179
997
1767
1805
1805
1636
2016
2074
1972
1994
2296
2790
2975
3449
3710
3833
4034
4397
4678
5350
5876
6188
6917
7423
7582
7449
7453
7141
7217
7728
8385
9489
8819
7760
7882
8103
7535
7668
7979
7675
7976
7842
6653
4892
3426
2161
1552
466
-1419
-2477
-2995
-3688
-4623
-5387
-6719
-8053
-8109
-8287
-8131
-7352
-6840
-6840
-6735
-6131
-6506
-6630
-6795
-6785
-6177
-6068
-5986
-5798
-5896
-6160
-6516
-6276
-6587
-6983
-6801
-6519
-6269
-5887
-5483
-5569
-5280
-4841
-4440
-3714
-3249
-2586
-1981
-1544
-910
-108
795
1513
1864
1639
1944
2198
2381
2743
2733
2763
2897
2724
2965
3435
3300
3553
3830
3610
4185
5119
5379
5569
5692
5924
6791
7134
7013
7493
8081
8797
10141
10027
8939
9056
9656
9135
9365
9610
8979
8933
8637
7144
5222
4186
2133
598
221
-1020
-2207
-3193
-4424
-5641
-6103
-7114
-8586
-8146
-7431
-7320
-6999
-6608
-6673
-6297
-5632
-6022
-6014
-5833
-5625
-5283
-4953
-5043
-5474
-5708
-5813
-6031
-5921
-6150
-6564
-6251
-5736
-5927
-5925
-5441
-5241
-4787
-4380
-4341
-3504
-3120
-2566
-1897
-650
-153
350
1142
1802
2394
2200
2213
2496
2718
3039
3181
3302
2970
2464
3211
3212
2807
2968
3488
3628
4417
5362
5648
6197
6783
7084
7446
7893
7710
7545
7546
7748
7648
8011
8170
7206
7023
6901
6087
5642
6559
6518
5829
5990
4769
3062
2219
808
-824
-1247
-1784
-3140
-3962
-4923
-6179
-6677
-7053
-7831
-7990
-7601
-8027
-8064
-7712
-7285
-7090
-7056
-6954
-6341
-5525
-5452
-5518
-5418
-4593
-3919
-4365
-4696
-4946
-4921
-4494
-4259
-4206
-3877
-4250
-4138
-3648
-3819
-3956
-3662
-3271
-2745
-2524
-2038
-1400
-870
-236
404
700
1345
1594
1933
2828
3351
3025
2929
3115
3492
4035
4102
3640
3397
3852
4447
4786
4745
4795
5027
5592
6396
6575
6506
6719
7113
7155
6957
6539
6321
6568
6555
5999
5626
5742
5140
4517
4427
4023
3118
3115
3372
3448
3364
2378
1127
351
-230
-660
-1174
-1720
-2549
-3597
-4318
-4976
-5381
-5909
-6552
-6941
-6887
-6655
-6771
-6659
-6670
-6583
-6491
-6104
-5485
-5202
-5114
-5222
-5276
-4942
-4483
-4728
-4831
-4570
-4273
-3884
-3811
-4010
-4272
-3867
-3627
-3616
-3072
-2433
-2353
-2267
-1701
-1223
-638
-140
-347
398
1098
1347
2241
2427
2524
3258
3881
4037
4178
3580
3584
4168
4130
4064
3878
3714
4037
4428
4559
4490
4421
4088
4165
4524
4688
4896
4848
5300
5027
4394
4086
4048
4449
4243
3298
2970
3068
2875
2175
1714
1368
901
585
362
262
192
129
-20
-250
-164
-36
-165
-457
-679
-508
-655
-811
-843
-1063
-1047
-1498
-2279
-2725
-3070
-3252
-3582
-4115
-4828
-5274
-5442
-5676
-5518
-5846
-5868
-5557
-5255
-5131
-4894
-4229
-4361
-3961
-3707
-3552
-3275
-2826
-2391
-2090
-1886
-1880
-1257
-940
-796
-703
-344
101
-73
-62
98
404
823
884
1016
930
854
1035
1180
1384
1744
2372
2768
3083
3319
3327
3548
3870
4026
4014
4208
3958
3652
3635
3799
4014
3590
3266
3189
2878
2915
3120
2747
2398
1979
1672
1940
2007
1747
1455
1172
1264
1040
694
905
1103
884
724
175
-198
-278
-149
-424
-602
-602
-1144
-1482
-1845
-1941
-2156
-2314
-2483
-2523
-2428
-2656
-2528
-2489
-2631
-2603
-2393
-1988
-2009
-1818
-1950
-2212
-2425
-2697
-2549
-2868
-2964
-2912
-2715
-2558
-3025
-3544
-2856
-2020
-1856
-1798
-1517
-933
-295
-178
-341
2
352
693
838
332
162
261
606
490
652
945
922
966
924
631
747
1421
1448
1319
1282
1233
1654
2110
2219
2236
2087
2072
2543
2523
2563
2630
2590
2209
2259
2280
1423
867
821
729
221
-286
-282
-418
-132
-52
-274
-270
-261
-65
178
180
-61
331
519
451
384
406
472
254
79
-93
-339
-533
-443
-387
-598
-744
-825
-991
-1205
-1140
-1237
-1380
-972
-671
-1130
-1523
-1215
-792
-733
-682
-742
-877
-753
-799
-754
-1129
-1239
-1313
-1297
-1007
-967
-889
-854
-651
-1084
-1113
-1063
-823
-545
-289
-167
-222
-410
-383
-7
237
471
597
506
273
303
400
615
605
313
677
670
1053
1175
922
776
1037
1304
1388
1561
1193
1412
1455
1463
1834
1509
1340
1038
1114
1111
861
650
384
260
173
239
267
22
-123
-319
-261
-159
-351
-363
-462
-210
-322
-632
-690
-352
124
-63
-350
-660
-340
107
491
249
-230
-268
238
489
328
187
-251
-470
-628
-739
-522
-423
-951
-1313
-1147
-1101
-1036
-1091
-1219
-1023
-678
-757
-701
-304
-209
175
142
-56
-226
109
691
1740
-21
-989
-680
148
-40
107
-28
351
563
-116
-138
834
583
692
2630
-856
-2289
-617
1283
123
-896
-416
-582
-315
-12
583
419
139
-575
-67
577
205
171
195
843
251
202
-28
-504
474
611
-99
-429
-492
-298
72
114
-577
-1012
-1074
-1113
-1289
-1064
-365
-771
-1174
-829
-673
-362
230
598
246
-96
41
972
1958
3084
3078
-450
-90
1670
740
138
39
-537
-1318
-510
91
609
1029
-450
-408
797
944
1387
1424
535
255
1006
1751
1260
249
528
897
113
-339
-339
-186
-740
-946
-185
-401
-249
-790
-925
131
-118
-448
-160
346
39
887
473
-750
-402
-932
-513
-1097
-1705
-1392
-786
-732
-633
-565
-725
-642
-621
-701
-1013
58
-486
-128
83
-304
509
-595
-418
913
423
-572
-514
258
45
459
6
-733
-787
-394
-419
-481
-338
-501
29
-567
32
531
-340
257
76
-424
433
580
859
590
93
-161
988
567
516
1330
-135
355
740
334
126
971
289
-833
1396
-16
264
864
346
902
557
263
-57
1341
419
-14
796
226
354
367
79
-97
191
-61
297
471
-389
-307
703
-75
-170
465
28
35
941
-529
-725
-245
-1156
143
-800
-1045
-1246
-376
-109
-152
-276
-1437
-471
-758
-477
-521
-338
183
-74
-66
-149
74
378
46
-866
171
-276
-950
-401
-429
-1104
-633
99
-1061
-370
-459
-674
37
32
-583
224
383
231
584
767
562
621
1141
-79
465
827
222
178
181
-4
94
-79
-41
239
206
303
705
659
990
499
320
477
612
864
384
186
296
-50
187
-15
272
88
38
132
241
712
-246
433
253
121
741
205
259
722
321
-90
-132
-208
596
-501
-90
-461
-1222
-69
-1107
-975
-1026
-1568
-958
-1060
-1218
-680
-1377
-808
-756
-337
-101
-1170
-560
-1201
-429
75
-255
155
-1191
-516
94
129
141
-373
-457
129
-245
-113
399
-173
178
622
708
925
1070
770
774
691
1191
1341
1083
-163
486
977
341
538
-489
-641
1092
2047
1862
2246
1525
1399
2753
4099
3377
2604
2226
1869
2139
1892
1448
609
-582
-1497
-1635
-2157
-2182
-2767
-3059
-2813
-3340
-2987
-3125
-2912
-1761
-1786
-1670
-1597
-1108
-741
-534
-265
-422
-622
-394
-862
-184
-156
-1218
-862
-1777
-1478
-1549
-2184
-1699
-2153
-1398
-1841
-1515
-923
-1097
-953
-1208
-778
7
25
440
16
1105
1202
975
889
1129
1485
1598
1547
1020
906
1288
1671
1090
1226
935
1790
1690
1413
1650
1474
2293
1780
1875
1746
1658
2577
1948
2281
1483
852
1279
1951
3155
2700
2947
2854
3086
2873
3651
4135
3560
3769
2902
2501
2395
1594
1094
31
-1542
-3105
-3580
-3281
-3557
-4000
-4607
-4912
-4767
-4360
-3522
-3409
-2745
-2664
-2903
-2190
-1895
-1547
-2218
-2279
-1941
-2103
-2361
-2650
-3001
-2855
-2621
-2995
-3345
-3295
-3719
-3073
-2883
-2719
-2263
-2189
-1544
-1496
-1250
-688
-316
220
792
771
707
924
1544
1464
1734
2183
1429
1547
1481
2112
2730
2442
1818
1739
1991
1991
1960
2750
2504
2596
2602
2650
2640
2446
3059
3094
2474
2949
3290
2552
3007
2785
2680
2581
2410
1698
1381
942
929
2223
2798
3264
2334
1820
2389
3064
4023
3781
3190
2469
2238
1825
1521
454
-1151
-2083
-3677
-4424
-4361
-4499
-5448
-6385
-6492
-6601
-5593
-5335
-5106
-4698
-4402
-3997
-3415
-2406
-2570
-2792
-2570
-2753
-2699
-2834
-2635
-3250
-3406
-3019
-3204
-3012
-2769
-3183
-3392
-2830
-1878
-2216
-2145
-1479
-1450
-835
-566
-408
126
409
-187
685
1111
1650
2084
2023
1452
1940
2943
3226
2776
4465
8912
5679
4677
1649
1329
134
332
-728
-1179
684
1313
3152
4874
3757
3563
4501
5847
5888
4968
3354
2872
3273
4413
2577
367
-619
-2595
2202
7806
8353
6258
4384
4074
5493
9146
7717
2885
-500
-2412
-2046
-1319
-2019
-6611
-9450
-8459
-5669
-2863
-2695
-4269
-5724
-2735
-51
-81
-1741
-4822
-5263
-4166
-2233
-3244
-6333
-7417
-6556
-4159
-2425
-2923
-4742
-5479
-3646
-1528
-1316
-2830
-4783
-4928
-3263
-1702
-1726
-2770
-3307
-1702
838
1481
-189
-1420
-606
679
1446
414
-1304
-1039
-123
1245
1726
223
-391
3
1766
3272
2911
1493
440
1464
2902
3510
3707
3174
3441
3551
4013
3957
4249
4768
5197
5013
5062
5295
4743
3666
1887
-43
-416
444
1570
7270
13742
12798
10974
9876
9525
9204
9428
5054
-1218
-2538
-1478
-184
-1553
-4402
-7201
-6685
-2321
-1162
-2552
-4409
-4785
-3609
-1102
-1319
-5148
-7368
-6813
-3839
-2225
-3704
-6193
-6496
-3297
-1094
-1267
-3333
-5152
-4634
-3415
-2600
-5036
-7261
-7623
-5844
-3839
-3681
-4172
-5261
-3551
-1063
-182
-1011
-1874
-1347
-715
115
-757
-1744
-1768
-260
1197
708
331
415
1475
1894
2120
1594
853
1307
1721
2136
1290
362
308
1031
2087
2159
1635
3245
5043
6084
5728
4980
3489
3406
3603
3973
3266
2343
2671
3908
4006
1199
367
-142
688
1176
6469
13265
11978
10733
8442
8469
7486
7082
2999
-2882
-2898
-1953
628
-1007
-3322
-5482
-4626
-471
-409
-1681
-4473
-3452
-1459
-761
-2804
-6671
-7299
-5770
-2983
-2933
-5451
-7197
-6655
-3436
-3134
-4381
-6708
-7024
-4889
-3564
-3825
-5821
-5505
-4189
-2155
-1698
-2882
-3812
-4028
-1407
-173
-1773
-3353
-3500
-2230
-968
-118
-1371
-1929
-648
1751
3146
2702
1916
1425
2139
3230
2631
581
-401
340
835
1321
1344
784
1613
3312
4500
4064
4071
4777
6123
6634
4901
2920
3243
5184
5911
3894
1192
1198
4615
6698
4696
695
59
1889
2938
3543
6464
11768
12318
11191
9144
8724
7061
5378
2731
-1837
-2453
-1583
374
-950
-3129
-4423
-3698
-728
-848
-2632
-4694
-3316
-1920
-2576
-5090
-8473
-8617
-6579
-4781
-5336
-7673
-8186
-6505
-4210
-4798
-6553
-7329
-6444
-4606
-5507
-7330
-8256
-7212
-4954
-3326
-4204
-4755
-3320
-1558
-861
-1411
-2091
-2492
-1905
2547
3354
-606
-3656
-1588
1353
320
-319
-1657
444
3963
5919
4219
1218
2186
3320
3783
1839
32
-351
964
3721
3600
2522
1658
3750
6565
6873
5480
3878
4793
5870
6695
5608
4017
3980
4739
4249
2025
2193
3645
3604
1981
183
895
6439
14885
14301
8798
6256
9321
10627
7235
562
-5426
-3209
505
692
-3745
-7221
-5941
-1694
1167
-1696
-5195
-5565
-2361
-664
-2833
-6942
-10200
-8375
-5850
-5376
-7524
-9342
-7946
-5961
-4626
-5281
-6341
-6774
-5406
-4722
-5907
-5772
-6016
-5385
-4086
-2964
-2782
-3669
-2778
-1603
-679
-964
-2081
-3228
-3170
-2108
-2113
-2348
-2262
-2014
-899
691
1617
1179
1919
3582
4756
5017
4058
3117
2690
3202
3218
1905
956
1003
2576
4210
4663
4964
4999
5286
5719
5435
4410
3944
4494
4427
4507
4336
4697
3719
2810
3725
4313
2956
2611
4015
3630
2450
1220
300
-1172
-2034
-863
5525
10659
8466
5746
7464
10223
7762
4312
1030
-1185
-1884
-1238
-1526
-3970
-5103
-5799
-4738
-3501
-4162
-5762
-5958
-3878
-2516
-3154
-6225
-7954
-7072
-5801
-6152
-7941
-9065
-8976
-7268
-5863
-5485
-4788
-4530
-3639
-1830
-1433
-2424
-2929
-3034
-3187
-2872
-3046
-3862
-4041
-3568
-2993
-2175
-1408
-975
-1058
-733
834
1500
715
822
1965
2534
3117
3065
2220
2807
3597
3665
3049
2797
2919
2950
3200
2988
3273
3107
3031
2851
2727
2574
2842
3362
4060
4222
3499
3865
4565
4235
3479
3137
3368
3211
3523
3069
2894
1929
1195
1240
1096
-761
-2466
47
7083
10057
6097
4966
8554
10004
5897
3266
2240
1373
-359
-1092
-1554
-2139
-3194
-5265
-5463
-4337
-3972
-5757
-6278
-4154
-3098
-3589
-5608
-5240
-4243
-4736
-5935
-6351
-5574
-5534
-5654
-5698
-4609
-3857
-3538
-3006
-2770
-2049
-2647
-3150
-3189
-2231
-2076
-2781
-2786
-2449
-1674
-1557
-2033
-2000
-1825
524
2976
862
-1243
537
3387
872
-496
1182
1948
2034
1759
1973
1768
1950
770
249
1231
1741
-114
-696
2050
3055
1102
-323
1488
4204
4503
3229
3292
4686
5424
4504
3209
2545
3334
3565
2793
2185
2610
2723
2204
1550
1173
1420
4677
10265
8742
6216
8181
10493
7272
4905
4942
3212
1168
-96
-485
-1973
-3124
-5222
-5533
-4324
-4385
-6026
-5961
-3035
-2646
-3481
-5027
-4717
-4211
-4703
-5303
-6074
-5761
-6094
-6286
-6546
-5916
-5473
-5778
-5369
-4293
-3811
-4558
-4683
-4177
-3664
-3046
-3217
-3089
-2033
-1623
-2948
-3157
-1500
-1254
-1962
-1750
-966
-1200
-868
94
-331
-515
490
991
1119
2376
3451
2643
2538
3860
4558
3696
2965
2768
2070
2683
3691
3195
2608
2931
3493
3780
3981
3518
3374
3860
4099
3767
3157
2877
3074
3048
3082
3351
2269
2308
3626
3613
2462
3273
2869
936
1310
2129
-1032
-2297
4431
7911
4228
3959
8476
8731
5994
5828
5525
4430
2782
1081
198
367
-2112
-6542
-6851
-5140
-7149
-9694
-8480
-6566
-6772
-7041
-6601
-5935
-5360
-5609
-5582
-5550
-5566
-6051
-6368
-5870
-5848
-6065
-5768
-4277
-3063
-3126
-2950
-2429
-2203
-1986
-1830
-2335
-3360
-3208
-2799
-2883
-2728
-2322
-2637
-1644
-365
-329
-277
932
2290
2524
2438
2551
2903
3339
3892
3717
3079
3690
3497
3026
3292
2937
1703
1156
1589
1340
390
724
1478
2280
2884
2832
3562
4314
4748
4333
4156
4141
3108
4242
5414
4467
3198
3438
3301
1623
229
-981
3084
7564
5816
5367
8615
9127
4967
5357
5868
2503
-208
-306
316
-272
-1371
-4633
-4182
-2347
-4169
-6582
-5550
-4839
-7352
-7488
-6696
-7388
-7723
-7232
-6383
-5767
-5886
-6424
-5594
-4016
-3898
-4782
-4278
-3368
-3910
-4315
-3518
-3326
-3709
-3279
-2125
-1688
-2024
-1653
-853
286
-27
-1283
-916
243
-504
-1121
198
361
-340
190
1374
1890
1904
2247
2805
3203
3015
2836
2990
3206
3614
3244
2644
2298
2576
2302
2031
1856
2173
2902
2845
2796
2476
2918
3257
2940
3029
2603
2543
2627
2187
2146
2567
2840
2600
2321
2132
1848
966
988
350
-70
1421
5565
5750
4681
6811
7196
4798
3943
4601
2834
1767
1001
842
841
-604
-2767
-2944
-1935
-3863
-5226
-4121
-4778
-7003
-6442
-5820
-7377
-7588
-6588
-6763
-6370
-5480
-5736
-4957
-3723
-4015
-4198
-3084
-3661
-4446
-3566
-3291
-3801
-4297
-3750
-3755
-3677
-3305
-2936
-3031
-3192
-3002
-2348
-884
-155
27
136
1115
1059
590
1142
1711
1288
1365
2454
2253
2267
3241
3687
3349
3431
3355
3157
3653
3981
3429
2999
3025
2737
2892
2952
2317
1358
1675
2612
2583
2548
2517
3364
3863
3399
2800
2825
3627
2707
2611
2459
2840
2538
2427
1118
-504
2061
5347
4689
4802
7572
6918
4591
6014
6589
3821
2479
1991
1750
2169
75
-2410
-1721
-2049
-5064
-5366
-4488
-6466
-8134
-6929
-7150
-8712
-8456
-7845
-7032
-5641
-5175
-5181
-4376
-3748
-4181
-3508
-2970
-3774
-4113
-3549
-2589
-2259
-2164
-2027
-1974
-1980
-1968
-1860
-1906
-1944
-1876
-1379
-1384
-2094
-1794
-1412
-1065
-747
-25
405
893
2218
2869
2660
3184
3289
3060
2953
3139
3095
2591
2258
2098
2304
2462
2596
2603
2147
1833
1840
2042
2336
2438
2736
3154
2949
3400
3812
4311
3977
3972
3996
2989
3372
4172
4371
2721
1794
1860
124
-790
1575
4757
3649
3415
5563
4978
3739
4541
4841
2794
2583
2584
1963
1590
248
-1453
-1744
-2369
-4216
-4503
-4890
-6380
-6844
-6551
-6596
-7553
-7616
-7018
-6439
-6062
-6080
-5302
-4878
-4818
-4839
-4050
-3780
-3713
-3269
-2779
-2533
-3060
-3156
-3186
-2805
-2780
-2805
-2485
-2661
-2213
-1646
-1385
-1538
-1047
-790
-863
-613
228
342
174
642
1465
2228
2011
2439
3261
3412
3894
4322
3849
3787
4047
4416
3839
3376
3434
3129
2694
2716
2534
1937
2851
3066
2706
3068
2937
2580
2845
2821
2451
2918
3336
3135
2665
2940
2507
2526
2643
2211
1906
1399
1220
1820
3974
3597
4003
4833
3705
3130
3865
3780
1850
2392
1821
1120
1545
1097
-1094
-1915
-1882
-3368
-3706
-4305
-6086
-6999
-6661
-6727
-7687
-8451
-8484
-7847
-6864
-6091
-6207
-5944
-5136
-4520
-3836
-3591
-3856
-3588
-3196
-2662
-2622
-3299
-2881
-2410
-1793
-1486
-1700
-1665
-1388
-1428
-1334
-923
-1034
-1179
-720
-314
-293
-217
151
760
1478
2190
2395
2424
2405
2736
3502
3457
3027
2984
2757
2449
2603
2604
1812
2243
2406
2182
2138
1664
1564
1863
2412
2421
2615
2756
2384
2638
3626
3460
3424
3245
3212
3562
3508
3692
3013
2051
2652
2745
1291
1363
3278
3737
4220
5571
4324
3996
4608
4887
3357
2960
1672
719
1678
1303
-823
-2241
-2426
-3550
-3953
-4995
-6633
-6786
-6379
-6635
-7076
-7584
-7894
-7376
-6334
-5942
-5062
-5078
-5211
-4765
-4482
-4041
-4399
-4076
-3598
-2846
-2806
-3088
-2471
-2448
-2393
-1932
-1898
-2129
-2279
-1637
-1142
-893
-811
-1538
-1352
-823
-356
-3
322
160
728
1721
1547
1786
2493
2758
3111
3408
3639
3899
3927
3659
3586
3447
2941
2580
2602
2211
2165
2863
2433
2248
2640
2938
3434
3524
2785
2252
2959
3214
3276
3441
3408
3594
3814
3647
2591
2197
2259
1953
1744
1552
487
2441
4317
4179
4386
3338
2548
3198
4084
2049
1657
1707
1251
1044
771
-1373
-2108
-2640
-3292
-4097
-4684
-6463
-7052
-6620
-7053
-7502
-7624
-7559
-7311
-6274
-6127
-6251
-5919
-5144
-4969
-4528
-4104
-3640
-2867
-2605
-2541
-2518
-2249
-2227
-2241
-2062
-1580
-1186
-965
-1421
-1349
-998
-1135
-882
-863
-885
-240
118
502
1236
1702
2046
2853
3479
3752
4429
4368
4819
5034
4697
4297
4036
3695
3337
3182
2713
2698
2241
2247
2111
1797
1855
1556
2045
2452
2205
2212
2176
2452
2771
2729
2422
2711
3332
3124
2844
2664
2786
2265
1676
1260
792
855
829
148
-309
555
1090
1866
1329
1403
1653
2509
2975
1974
1533
1112
1040
983
343
-1231
-2810
-3134
-3453
-4653
-5415
-6443
-7022
-6686
-6302
-7037
-7467
-6653
-5984
-6075
-5581
-5299
-4802
-3958
-2962
-2643
-2288
-1724
-1477
-1075
-656
-893
-1093
-791
-411
-660
-1097
-1066
-1424
-847
-1036
-1584
-1730
-1383
-722
-525
-182
51
335
1100
1771
2641
3096
3259
3278
3674
3659
3559
3381
3122
3072
3110
2631
1689
1401
1453
1777
1617
1083
1034
1584
1732
1503
1205
1176
1441
1924
2326
2583
2597
2530
2569
3177
3675
3346
3277
3593
2815
2332
1901
1454
849
320
-234
-1240
-1503
-1513
-1080
-891
-549
-738
-431
112
431
751
802
676
392
463
349
252
-278
-1174
-1634
-2076
-2724
-3395
-4009
-4574
-4693
-4778
-4718
-5398
-5799
-5004
-4165
-3704
-3497
-3409
-3110
-2165
-1982
-1856
-1503
-1440
-1064
-659
-627
-382
-469
-669
-699
-1089
-1843
-1663
-1634
-1618
-1710
-1778
-1103
-851
-748
-333
68
1033
1715
2092
2347
2961
3423
3537
4061
3816
3729
3708
3405
3756
3084
2556
2243
2122
2194
1900
1366
919
823
820
829
877
916
1256
1536
1933
2645
3094
3295
3285
3599
4292
4210
3606
3312
3480
2959
2349
1773
692
142
98
653
683
-213
-502
421
807
290
261
454
457
668
730
505
-34
-614
-1224
-1992
-2778
-3296
-3877
-4670
-5523
-5891
-5958
-6500
-6968
-6830
-6339
-6222
-5766
-5323
-5211
-4543
-3959
-3702
-3531
-3265
-2466
-1878
-1464
-1460
-1639
-1683
-1177
-805
-986
-942
-1236
-930
-609
-652
-1066
-1412
-1108
-428
150
197
50
590
1325
1772
1851
1884
2331
2885
3548
3643
3361
3388
3871
4075
3635
3576
3598
3514
3460
3091
2859
2772
2510
2565
2368
1950
1745
2432
2783
2397
2448
2741
3053
3431
4176
4268
3963
3881
3519
3440
3093
2282
1974
1603
842
-91
-492
-122
-131
-863
-1284
-582
-640
-1456
-1181
-959
-1070
-838
-989
-1391
-1445
-1794
-2288
-2122
-2289
-3190
-3816
-4151
-4245
-4327
-4539
-5082
-5157
-4558
-4226
-4274
-4514
-4455
-3930
-3497
-3179
-3113
-2922
-2422
-1973
-2106
-2199
-1825
-1238
-1255
-816
-705
-1096
-906
-872
-936
-656
-777
-638
-317
-191
-244
107
279
160
297
987
2153
2433
2355
2265
2729
3152
3791
3813
3378
3211
3562
3852
3525
3265
3285
2999
2483
2100
2002
2395
2683
1918
1468
1142
1122
1674
1837
1322
1102
1360
1568
1511
1276
1534
1721
1628
1632
1361
1265
2175
2599
1803
1887
2431
1725
1903
2026
1518
1146
1496
1440
121
-586
-1224
-1602
-1290
-1520
-2481
-3332
-3393
-3901
-4392
-4497
-4762
-4839
-4727
-4585
-4726
-4892
-4578
-4077
-3665
-3481
-3210
-3150
-3023
-2331
-1943
-1842
-1865
-1836
-1394
-1232
-1538
-1751
-1390
-569
-406
-616
-569
-485
-211
93
-30
-125
188
490
891
1071
989
941
1205
1229
820
1312
1966
1780
1658
1749
1642
1861
2273
1902
1743
1431
1359
1759
1757
1725
1507
1523
1448
1345
1392
1515
1585
1771
2433
2515
2193
2288
2563
2700
2939
2868
2408
2281
2658
2239
1418
2298
2712
1940
2108
2632
1784
1724
2510
1839
909
1047
794
232
-175
-486
-1272
-1587
-1831
-2400
-3093
-3296
-3529
-3713
-3679
-4257
-4253
-3493
-3771
-4016
-3673
-3884
-3736
-2873
-2614
-2851
-2876
-2681
-2321
-1888
-1833
-2442
-2774
-2655
-2279
-2193
-2478
-2546
-2497
-2352
-2373
-1876
-1806
-2041
-1680
-1225
-1065
-1034
-752
-379
-613
-169
219
240
773
1155
1217
1403
1865
2126
2154
2422
2539
2681
2876
3035
2953
2917
2977
3204
3485
3199
2607
2738
3162
3249
3061
2592
2105
2489
2589
2088
1776
1804
1887
1653
1652
1363
1214
1140
1220
1840
2302
1931
1974
2962
2880
2596
2961
2914
2568
2803
2733
1890
1485
776
-105
-717
-1045
-1725
-2480
-2945
-3636
-3966
-3747
-3873
-4687
-5011
-4905
-4807
-4399
-4151
-4210
-4334
-4270
-4085
-3715
-3265
-3463
-3565
-2970
-2837
-2678
-2605
-2585
-2587
-2266
-2064
-2257
-1953
-1719
-1722
-1434
-1166
-815
-530
-287
74
479
848
1010
1428
1892
2283
2420
2522
2639
2807
3067
3351
2854
2596
2660
2593
2570
2459
2464
2225
2091
2116
2055
2148
2650
2737
2463
2304
2183
2458
2832
2754
2403
2215
2591
2723
2423
2584
2277
1822
1466
1659
1532
1318
1737
1416
990
1845
2143
1378
1105
2064
1853
1522
1473
824
93
-448
-798
-1653
-2457
-3122
-3896
-4712
-5146
-5670
-6122
-6528
-6542
-6097
-5917
-5862
-5661
-5466
-4945
-4568
-3970
-3523
-3153
-2922
-2970
-2388
-2322
-1774
-1783
-1852
-1329
-1378
-1579
-1948
-1801
-1656
-1224
-980
-1119
-884
-520
-57
394
563
750
1429
1892
2049
2347
2852
2703
2360
2548
2576
3023
3191
2984
2925
2936
2780
2727
2804
2811
2737
2875
2737
2842
3129
3068
3359
3230
3136
3098
3174
3290
3166
3263
3311
2924
2521
2228
1967
1731
1305
1019
1135
918
364
101
-442
-650
-216
-264
-407
-512
-275
73
-320
-618
-429
139
288
-8
-535
-721
-584
-765
-1205
-1869
-2446
-2858
-3163
-3287
-3664
-3862
-4075
-4128
-4214
-4398
-4355
-4335
-3839
-3310
-3353
-3463
-3174
-2755
-2588
-2552
-2346
-2135
-1848
-1701
-2152
-2288
-1481
-997
-1408
-1729
-1222
-725
-342
-319
-482
18
430
814
806
713
995
1705
2427
2425
2388
2686
3104
3455
3322
2925
3089
3825
3676
3123
2761
2476
2523
2536
1998
1436
1182
1432
1552
1649
1235
731
914
1598
1838
1878
1487
1343
1504
1955
1887
1413
1578
1613
1764
1279
870
794
645
518
322
-16
-354
-241
-366
-389
-413
-650
-710
-870
-1105
-892
-752
-1078
-1317
-1471
-1511
-1182
-1483
-2059
-2428
-2468
-2541
-2659
-3040
-3530
-3471
-3664
-3401
-3162
-2926
-3268
-3224
-2559
-1953
-1429
-1462
-1481
-1606
-798
-149
3
293
255
128
436
856
892
800
434
489
864
944
793
552
401
645
930
818
620
880
862
892
1220
1499
1487
2074
2149
1869
1751
2149
2359
2238
1720
1508
1597
1871
1631
1248
692
732
1374
1481
439
182
584
5476
6140
17
-4027
-1327
1879
1051
-1013
-2692
-1750
-717
-54
611
-187
-2494
-2460
-71
1706
875
-938
-1037
456
1360
1049
-762
-1693
-891
26
81
-1189
-2619
-2683
-1740
-1193
-1504
-1792
-1649
-1705
-1791
-1259
-1165
-1279
-1140
-565
-74
-60
-435
-1011
-891
-263
-9
-387
-1529
-927
-121
409
108
-803
-782
-483
171
1018
922
271
5
395
1024
651
114
19
460
421
456
469
418
228
-15
860
1159
1233
529
841
1251
1501
961
793
1043
1204
1150
1265
995
815
571
317
248
211
531
-247
141
613
329
-228
-587
-481
82
367
-58
-517
-947
-277
184
-102
-1107
-709
-764
-183
49
-365
-1887
-233
2582
5532
4930
933
-1503
-679
969
-470
-2331
-4100
-3143
-1431
-810
-1017
-1844
-2374
-1685
-397
456
4
-534
-299
210
644
2022
2665
591
-1753
-1200
-42
-871
-2934
-3787
-2219
-1139
-653
-985
-701
114
921
1183
2365
3006
2344
1582
1810
2287
2174
1069
-70
223
495
2004
2327
428
-1242
262
1417
864
-82
-542
215
612
552
673
724
141
-76
208
1111
588
-381
-791
253
392
92
-438
-297
-655
1303
4340
988
-3010
-2324
937
822
-252
-2281
-2390
-808
-137
-864
-626
-1375
-2437
-2001
13
715
-259
-1044
-914
-216
496
326
-1185
-1078
-219
224
-180
-1604
-1947
-1622
-691
-479
-843
-1543
-720
-363
-366
-877
-781
-353
-590
-489
-627
-454
-61
45
-97
288
551
-29
-360
168
769
745
638
552
648
748
1330
1298
1323
1175
1221
1052
885
681
753
1058
871
815
340
237
959
851
545
429
566
362
487
411
171
184
631
814
278
172
991
739
140
95
694
1019
769
485
459
408
770
208
-297
-135
-571
-971
-579
-805
-921
-713
-647
-745
-930
-741
-789
-70
112
340
-115
-173
96
335
518
-63
-569
-186
432
-46
-873
-679
-149
151
61
-365
-475
-44
181
475
17
-747
-722
-562
-740
-810
-1033
-1092
-1272
-1159
-616
-455
-460
-514
-120
404
840
663
621
727
414
435
402
662
593
232
163
412
53
-406
-249
-51
87
211
-91
-111
73
526
637
528
-134
-581
-361
53
337
-174
-342
37
357
91
-46
-402
-522
-290
221
381
-261
-608
-356
168
370
74
-383
-180
437
387
292
-218
-598
-162
10
187
-143
-541
-341
-22
33
-349
-207
-23
-414
-130
31
204
98
-328
29
189
-32
-433
-410
126
137
130
70
166
180
507
403
-105
23
-239
293
131
-375
-386
-248
-481
-833
-371
-244
-86
-124
103
297
251
336
364
534
280
641
966
1116
758
673
802
866
259
17
191
130
-441
191
582
-116
68
258
184
272
199
-43
610
632
245
-331
-297
285
732
-91
-910
-394
108
386
117
-348
-375
241
25
-181
-162
222
351
-46
-270
-114
-68
-402
-772
-592
-330
-105
110
-230
-73
-11
-186
-111
-103
-43
-1
224
-107
-180
-251
-490
-25
224
419
-115
-15
-117
-45
238
303
156
-389
-100
240
178
145
-479
-761
-775
-699
-748
-589
-99
-43
-289
-914
-1136
-553
-549
-123
-293
-545
-637
-877
-62
518
450
33
-137
632
810
555
-257
-258
-169
157
286
-127
347
292
222
354
68
-374
-683
-83
167
238
89
-424
-130
-46
-21
53
-117
149
505
544
-11
-504
-95
-166
44
154
66
73
494
640
12
13
165
-213
-370
-87
786
889
767
524
716
509
11
328
627
829
779
666
762
713
354
-401
-262
39
65
212
113
-52
-27
-50
-455
-335
-84
-136
68
-55
123
-253
-597
-477
-594
-430
18
480
150
313
211
51
-99
-553
-497
-112
278
-39
40
127
-356
-386
207
-103
-550
-576
-266
120
171
-390
-434
91
79
137
288
592
465
397
117
26
-159
-304
-212
-327
-19
-141
-598
-610
-300
-252
-173
-133
-273
57
276
287
293
312
178
74
138
194
373
98
17
-192
-194
309
-35
1
188
375
-151
-399
-359
-288
-316
-262
134
-22
-180
-38
-285
58
407
-50
54
406
763
439
189
5
-159
271
470
292
112
157
173
96
-210
-494
-483
-866
-734
-474
-391
-654
-692
-454
12
374
-11
-248
-489
-370
-134
122
192
-38
-75
-409
-549
-494
-446
-469
-734
-351
-78
-21
-30
98
129
366
394
-121
208
736
1394
1569
1165
408
410
459
-30
174
189
434
494
236
158
57
-39
-183
-357
-474
174
745
663
450
162
8
-12
46
75
-111
19
235
229
150
-96
78
-109
-407
-307
-454
-267
-36
-23
-2
118
-170
-273
84
171
334
322
230
44
123
422
251
206
85
271
71
-151
-157
-406
-352
-257
-211
-179
-624
-804
-570
-695
-1028
-908
-518
-149
-29
-272
-297
44
181
232
317
355
156
200
442
643
798
593
211
148
236
446
149
292
-14
-402
-459
-201
285
235
88
-212
153
411
620
316
-272
53
398
630
484
-90
27
254
244
-283
-336
-153
-184
-49
-127
-310
-253
-518
-376
-285
228
462
31
-152
-76
-161
-70
-418
-733
-296
-1
-211
-459
-464
-398
-616
-814
-678
-657
-559
-360
-430
-627
-635
-227
-64
-399
-453
-468
-106
440
523
157
-107
63
439
344
-190
74
313
658
875
470
189
74
112
123
105
264
769
687
467
544
619
515
128
230
604
963
1036
945
688
611
879
828
488
202
190
488
224
57
17
-6
-308
-800
-481
-69
-3
-237
-178
-123
99
-90
-306
-138
90
99
-222
-186
-446
-392
-170
-441
-799
-739
-571
-697
-625
-681
-777
-599
-609
-437
-286
-208
-401
-382
-415
-538
-211
-175
-224
-568
-762
-564
-329
-265
93
-126
-396
-222
89
308
-7
109
359
552
292
446
517
649
821
314
363
531
853
814
137
-26
261
700
781
850
405
202
491
548
534
295
123
28
336
549
246
131
-110
-221
-268
-69
82
23
171
39
212
271
32
0
-27
58
28
-35
-336
-474
-89
-107
-131
-202
-743
-848
-674
-623
-624
-907
-1028
-758
-718
-629
-484
-543
-452
-416
-422
-343
-288
-226
-181
222
232
93
99
-91
100
398
99
-310
-394
-107
192
154
203
-91
-151
190
362
480
345
144
351
526
583
686
655
339
495
503
129
301
236
466
502
78
-137
87
183
-137
-210
-86
-10
96
-399
-633
-280
-53
-259
-4
1
-263
9
-106
-64
176
-133
-86
-214
-137
50
-115
9
176
116
128
-4
-147
158
411
643
624
100
-105
-64
249
498
341
378
389
297
94
282
203
192
448
263
39
-317
-456
302
225
-190
-548
-421
8
414
34
-306
-250
102
381
283
-68
-126
45
449
440
130
-49
137
180
151
-296
-498
-292
-102
-175
-165
-257
-474
-486
-464
-427
-228
-159
-352
-296
-417
-518
-323
-315
-398
-289
-360
-547
-309
65
117
-437
-712
-619
-310
-41
-229
-496
-787
-682
-264
23
-34
-549
-297
-31
-281
-213
-51
-67
150
19
245
120
112
213
345
378
284
533
550
269
257
188
230
603
612
255
175
401
493
455
496
664
597
416
279
273
521
581
604
858
515
310
490
553
682
769
512
382
430
187
172
241
345
497
126
-244
-91
172
-29
63
26
-194
-100
-400
-672
-678
-471
-482
-563
-544
-790
-682
-742
-661
-703
-757
-819
-345
-277
-762
-626
-660
-287
92
-136
-450
-287
-15
40
-182
-394
-177
117
84
-230
-193
-20
216
316
26
-153
-432
-5
229
-74
-66
-204
-269
44
145
257
564
443
168
429
722
807
532
215
365
416
438
548
138
-37
190
148
168
396
-20
-102
371
155
-123
124
9
470
297
-237
-197
-146
179
437
74
-188
-173
-89
-146
-122
2
-166
113
54
-408
-436
-458
-494
-379
-334
-427
-487
-398
-244
-312
-377
-438
-296
-74
-1
-45
79
259
-39
-84
-221
-328
191
441
128
-23
-300
-254
276
221
36
117
-137
-162
71
193
34
103
-93
122
234
511
279
272
608
270
144
242
164
126
82
317
76
211
261
35
-26
-45
-45
106
286
590
233
232
284
49
78
132
19
-46
208
76
-176
-435
-413
-29
-302
-351
-451
-322
40
-147
-516
-980
-778
-264
-161
-260
-632
-601
-213
91
58
-272
-379
-374
163
74
284
339
-37
-76
-427
-357
206
474
178
-132
-220
43
493
619
92
-204
208
498
590
259
-267
-26
231
416
-77
-370
-132
405
437
-138
-278
-143
170
230
219
-240
-124
96
67
343
128
103
175
221
331
262
276
-44
-165
-31
-26
108
313
184
24
-99
-106
127
107
49
310
129
-90
-81
-197
-308
-31
26
0
-96
-341
-265
-45
-134
-64
120
-271
-273
2
-61
-185
-527
-591
-280
-51
-295
-585
-552
-138
299
489
137
-62
140
88
197
238
37
195
153
79
55
-5
201
513
812
412
29
-86
-172
194
623
234
-181
-195
-105
196
302
-12
-60
-56
-283
-384
-117
136
97
-240
-352
-98
183
43
-333
-153
-54
-95
-309
-604
-423
-179
-7
-143
-177
-381
-284
-148
-29
-243
-623
-780
-310
-211
-405
-573
-698
-340
-151
-101
-155
-462
-204
90
121
-240
-248
213
506
497
256
19
133
433
648
701
673
564
635
739
469
460
434
531
511
304
420
587
401
435
423
447
606
552
458
312
133
495
195
2
181
181
388
246
-19
144
301
221
132
-169
-92
379
366
288
-72
-340
-203
-237
-218
-630
-566
-618
-700
-393
-631
-579
-730
-540
-372
-630
-400
-341
-326
-367
-694
-664
-604
-405
-547
-529
-570
-551
-395
-472
-423
-151
-136
-430
-386
-272
-216
-124
-54
-80
-25
69
-90
-182
49
364
346
415
97
54
327
215
293
76
234
564
660
337
207
182
489
623
55
73
267
658
597
65
-138
-6
327
306
-58
28
295
409
261
45
-56
206
494
410
200
147
220
286
359
409
171
41
260
278
256
73
-28
-141
-180
-175
-522
-569
-652
-410
-318
-665
-621
-441
-371
74
-68
-450
-712
-624
-111
287
131
-556
-228
-120
40
187
-205
-357
-187
2
-260
-235
-129
45
367
133
-146
-84
77
255
631
359
119
398
358
405
305
171
440
518
504
503
37
-246
103
239
26
255
257
-66
151
-12
-5
220
169
192
-343
-325
83
190
601
436
-128
-407
226
347
523
275
-261
40
104
-125
-359
-377
-462
-381
-356
-622
-435
-511
-665
-595
-549
-493
-726
-545
-332
-301
-411
-536
-558
-468
-199
-198
-466
-648
-686
-197
-3
106
135
0
-96
-180
198
192
231
123
146
380
264
248
305
440
658
655
546
214
514
467
549
552
413
409
299
155
196
241
301
153
234
47
409
823
407
139
13
219
571
536
119
-196
144
367
273
169
-226
-175
40
-63
-246
-266
-268
-116
103
87
22
-343
-843
-501
-228
-51
-108
-685
-653
-363
-374
-269
-286
-363
-360
-342
-235
-484
-528
-492
-356
-111
-285
-271
-353
-98
114
-87
-362
-147
-33
-246
-50
-17
-198
145
14
67
372
159
118
198
359
330
138
125
386
392
61
146
388
639
667
278
40
177
475
551
410
370
448
470
255
443
435
396
414
73
78
141
211
174
-26
-68
-72
-146
-153
-208
-139
-118
-328
-332
-214
-186
-192
-269
-392
-480
-243
-251
-293
75
-244
-450
-718
-762
-341
-316
-449
-466
-572
-941
-705
-353
-198
-240
-494
-458
-443
-302
-300
-55
206
114
-75
155
354
306
539
670
516
175
177
493
562
460
288
235
403
605
358
92
56
373
489
325
331
347
501
655
639
295
-96
228
790
466
314
223
73
228
468
89
-206
-199
-17
91
-251
-261
-132
-7
111
31
-204
-74
-10
-48
43
-72
87
74
-92
-333
-373
-111
64
98
-173
-380
-386
-338
-322
-181
-289
-609
-467
-605
-201
-244
-780
-548
-617
-332
-39
-271
-507
-424
-41
-120
-170
-329
-271
-122
-43
-45
-49
-233
-284
-111
-246
-183
-18
-15
169
109
-46
-8
111
141
419
286
158
374
326
297
29
196
295
284
280
48
139
229
63
-96
-113
-66
269
443
171
116
36
-4
189
91
262
182
217
354
311
300
243
432
410
421
222
161
459
500
303
-182
-170
106
382
493
280
-211
-305
-85
4
23
-77
-219
24
317
273
-15
-334
-286
49
321
269
63
-412
-400
274
200
-71
-381
-491
-352
-52
96
-149
-224
-393
-449
-472
-185
20
-194
-347
-572
-523
-139
-183
-438
-330
-606
-176
39
-412
-552
-529
-174
-357
-507
-281
-308
-310
-253
-146
-630
-478
-382
-550
13
-152
-195
-49
19
127
5
24
214
506
168
90
265
224
224
337
346
542
693
346
11
351
778
964
817
355
84
15
358
610
460
343
74
121
279
270
203
270
357
119
256
170
143
285
123
72
365
586
512
201
164
444
272
151
129
243
344
181
155
-2
-216
-454
-252
125
-101
-261
-661
-677
-299
-106
-233
-508
-864
-922
-493
-147
-433
-729
-600
-403
-129
-50
-527
-748
-414
-280
-98
51
-107
-53
-169
-233
-138
-100
-74
-34
147
379
59
-81
-133
-168
207
170
250
462
394
93
-42
85
214
195
-125
-243
-75
64
269
302
141
10
18
91
286
361
282
210
349
264
377
207
562
545
317
120
-198
144
398
423
151
-199
25
102
88
-83
-300
-82
-403
-150
-193
-422
-139
26
108
-193
-438
-274
-269
-160
-23
-203
-292
-275
-252
-14
61
-284
-334
-149
-129
-132
-211
-290
-4
191
-164
-262
-148
17
174
-76
-251
-149
78
103
158
-229
-294
377
305
170
-88
-324
-56
-105
384
433
-5
-138
-153
116
214
282
236
113
261
169
197
42
-192
-73
402
538
92
-123
143
618
410
326
28
302
711
791
531
-77
58
407
419
635
429
56
-127
-186
142
355
-193
-595
-472
-232
-226
-287
-30
49
-264
-513
-547
-475
-323
-263
-167
-106
-399
-445
-451
-320
-99
-145
-278
-190
57
-120
-65
-51
-21
29
40
131
-67
54
193
174
55
-203
65
349
204
63
-240
-183
77
97
67
-116
-160
-13
217
250
-58
-264
-198
-424
-193
40
-19
62
-20
-379
-167
39
-263
-434
-328
118
213
-183
-422
-238
271
-74
-191
-266
-251
233
213
-21
2
-199
-300
-32
350
301
-141
-201
16
399
314
-173
-23
88
302
378
180
228
418
198
93
287
498
149
56
311
470
438
228
278
574
533
25
138
299
159
128
36
418
328
-197
-353
71
154
28
28
-192
-153
116
-60
-394
-427
-488
-348
-72
-121
-150
-371
-645
-303
-130
-94
-370
-528
-430
-363
-62
-171
-148
-41
-43
90
18
103
298
346
301
368
226
182
242
481
293
-15
47
230
403
341
107
-279
-183
295
197
-106
-89
-170
137
-99
-487
-206
-125
10
-7
-180
-230
-361
-74
140
0
-73
-258
-231
-190
-160
47
59
-21
-68
-161
-257
60
68
-188
32
129
-106
-116
-77
-114
187
351
152
112
146
-57
238
65
-97
-33
63
130
194
151
-35
-7
-85
159
61
18
-76
-317
54
216
-22
-107
-266
-97
236
3
-255
-301
-273
-56
16
-75
-20
-89
-313
-485
-445
-140
-52
-124
-334
-383
-372
-123
32
-121
-370
-425
-299
-161
6
-275
-322
-154
-142
-45
-81
-71
158
42
182
277
161
344
452
187
191
454
673
643
310
227
421
695
792
680
502
662
547
333
170
158
621
763
534
121
-21
185
532
422
-218
-290
-223
215
312
-77
-395
-556
-193
119
41
-363
-743
-220
261
299
-21
-367
-245
236
331
-89
-322
-226
-80
125
-336
-272
94
-145
19
-164
-380
-416
-13
-73
-483
-491
-603
-423
-77
-223
-237
-114
-301
-405
-443
-680
-501
-6
-134
-313
-438
-368
-138
3
4
-311
-93
51
247
295
-227
-360
162
203
193
337
-178
-80
334
247
160
77
210
338
242
276
297
189
128
303
158
178
114
-266
21
193
154
153
-197
-200
37
4
78
-146
-137
-66
-252
-101
-205
-223
-126
-171
-129
-228
-137
-27
26
-38
-255
-352
102
226
205
72
44
192
292
463
264
169
33
243
440
210
169
23
126
-50
-77
119
-126
37
190
-197
-363
-250
-289
217
112
-124
-263
-415
-198
-46
7
-92
-75
-71
-3
215
552
169
-246
198
361
308
433
68
14
159
-17
-66
-81
-237
-36
-110
-437
-363
-366
-244
-47
-168
-375
-458
76
267
80
-84
-239
155
346
318
183
147
295
209
240
246
88
7
239
104
198
376
149
199
287
224
171
107
43
282
304
201
38
212
83
31
102
148
-1
121
279
137
189
-167
-405
89
234
24
-243
-102
94
393
113
-250
-166
-109
113
-238
-187
-163
-81
42
-247
-341
-393
-312
-326
-350
-421
-437
-322
-261
-486
-313
-278
-401
-299
-407
-285
-59
-687
-943
-620
-239
-190
-550
-549
-488
-430
-537
-499
-414
-137
-246
-579
-471
-377
-424
-259
-156
70
201
-46
106
389
430
445
377
314
499
853
926
757
529
480
580
898
846
776
675
596
549
196
314
469
648
657
320
149
369
496
334
131
122
460
584
388
208
144
254
237
327
162
238
193
150
188
-97
-97
-103
-216
-157
-133
-259
-190
-198
-298
-435
-573
-464
-525
-215
-273
-654
-728
-646
-177
-323
-436
-468
-475
-216
-288
-241
-277
-150
91
-38
-224
30
210
272
285
173
23
403
407
294
148
349
506
546
610
54
124
343
248
513
194
-61
182
-38
54
55
46
51
87
-120
42
46
-213
-171
-171
-123
-302
-205
-306
-400
-175
-469
-553
-416
-532
-646
-640
-432
-360
-323
-461
-371
-344
-346
-169
-132
9
99
150
143
41
141
-43
-23
249
276
-83
24
353
224
95
-157
-18
51
-127
-137
-220
-89
-226
-378
-449
-289
99
8
-153
-130
-377
104
262
127
168
57
-16
353
474
332
544
341
353
518
314
313
245
53
246
510
203
100
39
67
105
111
16
-150
-89
-86
34
82
177
163
-226
-78
0
159
-58
-388
-354
-275
-6
434
150
-206
-166
-148
-105
5
107
-72
-205
-274
-256
97
112
110
-11
-109
35
162
446
251
-84
-172
-149
84
37
74
17
126
241
-41
-128
-74
-13
95
208
307
14
-207
-124
218
217
218
-1
-66
343
293
261
351
87
282
341
325
476
395
241
260
400
273
375
199
177
207
7
24
166
8
-230
-250
-116
-38
-30
125
-20
-287
-252
-238
9
59
-304
-470
-637
-414
-276
-339
-431
-873
-857
-324
-227
-325
-436
-600
-253
-180
-403
-241
-364
-249
3
-185
-303
-274
-67
113
130
-312
-555
-379
-156
-149
-243
-435
-854
-841
-500
-265
-280
-488
-587
-351
-123
-183
-198
55
138
276
237
313
617
470
650
748
657
562
644
881
982
882
364
-80
325
803
622
334
93
385
564
292
273
325
356
539
311
243
292
376
356
252
178
62
61
152
77
86
6
-57
116
117
-63
-291
-205
-91
-67
-160
-536
-523
-245
-185
-379
-607
-634
-283
-211
-380
-371
-332
-234
-172
-267
-502
-437
-129
-171
-154
-301
-408
-182
-6
-190
-271
-374
-81
355
300
275
-2
61
541
669
335
138
169
347
711
650
221
198
449
376
617
656
445
449
313
514
653
391
305
321
525
517
169
43
90
359
164
34
-129
-204
-101
-443
-607
-283
-556
-548
-409
-745
-708
-659
-772
-761
-735
-672
-560
-549
-520
-270
-98
-135
-125
-237
43
91
-31
-15
0
-6
129
-119
-244
-197
-210
-212
159
-17
-652
-493
-419
-291
-352
-505
-470
-32
-138
-469
-144
-84
43
38
-206
-164
-4
318
640
494
201
86
150
572
673
683
389
112
338
648
768
854
528
383
469
474
322
380
195
226
214
-109
-289
-348
-3
-72
-132
-340
-501
-232
-298
-193
-244
-405
-594
-645
-431
-372
-252
-356
-374
-326
-322
-287
-363
-372
-167
-113
-189
18
3
-51
-161
-290
191
285
48
-37
129
301
391
241
223
480
475
317
484
667
659
680
237
388
690
612
656
496
518
720
602
474
283
279
203
267
289
282
296
397
501
437
456
359
163
309
362
325
528
260
272
583
489
157
144
287
321
355
188
-247
-414
-483
-523
-498
-432
-671
-997
-1060
-785
-892
-1003
-820
-1040
-964
-1029
-1206
-961
-639
-460
-443
-570
-550
-297
-355
-456
-345
-385
-231
-232
-565
-497
-640
-500
-440
-471
-457
-522
-330
-405
-311
-339
-381
-66
-33
-261
105
233
338
267
-116
-222
119
228
339
286
-132
98
334
451
398
108
-169
159
289
514
535
250
240
467
631
540
462
369
554
779
844
986
812
384
313
415
591
441
162
132
423
350
55
-10
-102
107
178
81
-21
7
-96
-260
-118
78
-105
-62
-231
-36
40
-145
-53
-218
-269
-311
-222
-14
-82
-16
-45
15
83
-35
-15
176
359
195
84
6
-42
114
244
389
47
-88
260
192
-172
-119
-76
-1
113
-76
-388
-155
56
29
63
-224
-525
-260
203
363
180
-154
-153
-52
354
364
158
175
221
346
490
168
-79
-235
-218
-22
-55
-26
51
-8
-336
-429
-485
-398
-157
-158
-337
-595
-317
-302
-396
-328
-239
-389
-164
-40
-220
-218
-322
-130
79
-140
-352
-463
-471
-44
-185
-292
-265
-93
-11
-143
-206
-278
5
194
38
-316
-332
-75
56
357
249
134
495
255
143
257
487
559
412
155
-35
61
49
251
142
-453
-618
-139
389
428
91
-111
163
452
360
255
317
547
616
226
-172
-188
92
-181
120
111
-23
-77
-155
41
177
208
342
243
378
378
355
150
-252
-58
-83
-243
-235
-186
-303
-332
-252
-27
-243
-426
-475
-248
-78
119
108
-24
-359
-195
-291
-287
-108
-182
-78
72
216
436
311
293
273
301
494
336
448
363
-101
-105
-208
-171
-110
-118
-537
-359
-63
135
-141
-482
-339
-252
-74
286
182
0
-220
-104
-3
-28
39
-556
-702
-443
-349
-141
-69
62
42
-94
-277
-113
220
452
559
681
608
771
640
283
335
621
468
174
-202
-225
-255
-255
-333
-469
-470
20
129
132
-45
-207
116
367
348
59
195
72
152
89
-41
227
253
55
-72
-255
-278
127
279
135
199
-113
174
647
719
119
43
-98
-190
521
410
-2
-66
-390
-123
262
59
-254
-230
-173
-242
-233
-275
-640
-565
-470
-394
-461
-565
-550
-448
-38
70
-326
-821
-712
-15
500
427
-111
-443
-500
30
138
-90
-247
-312
-31
36
-100
-234
-294
74
170
13
62
-7
229
312
33
-177
-36
221
427
165
-306
-245
26
202
-60
-368
-374
-29
259
103
248
173
79
145
408
112
34
46
273
569
468
251
335
783
807
645
370
331
539
672
709
514
97
-35
240
323
220
-420
-408
-258
-639
-673
-507
-496
-195
-270
-222
-30
-155
-279
-17
313
395
612
534
526
485
284
137
84
-92
-279
-61
-239
-410
-61
26
114
95
54
-82
88
288
252
81
-157
-426
-295
-70
-396
-719
-822
-528
-525
-560
-649
-637
-161
-1
-30
-122
-184
93
91
-165
-409
-348
-146
114
-233
-409
-130
60
-4
-1
76
6
65
-14
-200
-215
-67
-149
-426
-394
-533
-440
-370
-372
-93
-137
-48
145
-70
12
324
380
222
314
235
268
119
-43
61
-161
-67
237
-222
-142
145
134
402
679
543
687
854
567
617
1026
696
374
351
460
639
486
112
-2
187
257
408
317
53
-45
-2
-196
-362
-414
-235
-53
-213
-299
-125
-12
12
-292
-236
100
152
280
516
322
206
-109
-94
-40
-24
-256
-492
-301
41
-162
-263
-395
-235
-181
-210
-115
-325
-316
-388
-485
-548
-631
-744
-753
-533
-494
-457
-275
-513
-864
-724
-518
-299
-151
-228
-177
-20
-223
147
213
-192
-132
22
183
394
192
-93
92
417
690
670
226
345
627
196
417
419
340
690
581
381
446
519
649
933
802
468
435
287
685
942
611
163
-80
39
319
129
2
-107
-300
-85
15
95
116
-98
57
192
163
58
511
520
54
-84
-228
-267
-258
-491
-754
-594
-740
-811
-775
-780
-947
-1083
-937
-781
-577
-402
-479
-469
-603
-542
-457
-491
-570
-367
-335
-377
-258
-622
-261
37
8
-63
-410
-256
68
231
93
29
16
434
881
457
484
674
697
789
741
640
849
706
541
671
477
395
274
-31
-148
-119
-112
-36
32
179
204
236
264
268
289
379
366
516
669
547
501
312
255
418
317
251
235
28
38
62
26
-330
-371
-219
123
367
-45
-480
-158
-234
-214
-122
-81
-246
-638
-697
-505
-459
-237
-162
-469
-534
-259
-184
-681
-866
-644
-295
-10
-92
-238
-196
-124
100
387
366
179
180
6
316
341
42
-39
-147
52
-54
-215
-113
95
58
-504
-372
113
171
137
304
182
320
443
221
104
125
-30
-26
43
-149
-103
-137
-203
62
192
210
138
82
-84
218
592
404
64
125
72
152
113
-257
-296
-324
-183
-42
-67
-473
-449
-231
-76
-165
-281
35
42
341
373
121
-63
-62
277
400
238
-215
-225
-96
-136
-137
-308
-245
-242
-212
-500
-520
-392
-329
-179
-292
-418
-293
-215
95
277
316
458
338
201
67
62
-3
197
169
-84
-180
-127
-265
-134
-72
-182
127
87
-1
201
72
232
464
390
329
86
-268
-51
387
481
437
-13
-109
24
339
74
-196
-20
348
457
191
8
-115
242
663
285
-25
-243
27
625
544
-108
-349
-255
64
335
195
-6
-152
-208
-70
98
251
177
102
-175
-154
-28
30
-26
69
156
-193
-66
-296
-99
104
178
316
-68
23
10
61
482
576
285
318
242
326
453
93
-181
280
372
287
190
-89
-38
75
164
325
-32
-442
-322
199
338
52
-469
-392
-138
70
353
-93
-428
-396
-204
-253
-504
-650
-808
-847
-849
-1163
-1201
-1362
-1131
-639
-740
-568
-318
-501
-394
-129
-60
69
160
207
202
-60
-166
-340
-324
-502
-674
-534
-606
-772
-700
-536
-547
-268
-239
-231
159
268
56
349
499
581
612
315
472
820
810
652
1075
831
718
653
565
885
675
489
400
329
651
605
654
641
567
525
515
667
551
454
638
973
907
717
387
255
338
274
217
330
339
52
-190
-146
-21
173
225
-167
-305
-60
-103
-227
-246
-284
-269
-350
-248
-151
-249
-323
-289
-314
-324
-450
-339
-121
-7
-286
-44
-68
41
370
-110
-457
-221
-117
-63
-152
-469
-480
-224
-80
-219
-110
-159
-260
53
9
-305
-384
-338
-129
159
64
-190
-251
-83
-44
-44
9
190
306
59
-301
-2
346
172
102
-107
-131
-18
-502
-238
23
-22
29
-46
67
-123
-198
-261
-171
46
1
-102
-459
-784
-834
-768
-553
-1001
-1266
-1149
-885
-804
-821
-1080
-1115
-595
-629
-430
-221
-278
-203
-409
-627
-433
154
79
45
-43
-231
-156
-263
-26
275
433
35
136
496
585
665
548
286
615
630
774
960
1017
1207
986
794
845
858
902
1002
1275
1217
1001
631
661
1053
1007
1016
1044
714
749
937
860
897
615
254
556
1021
1164
839
300
329
723
544
434
283
218
-83
-354
-578
-568
-740
-868
-591
-738
-1092
-1209
-1104
-895
-695
-959
-1317
-1194
-841
-808
-889
-1107
-871
-611
-577
-328
-552
-830
-751
-587
-348
-211
-310
-335
-394
-247
-91
-30
283
110
-107
13
82
432
577
547
307
392
515
319
99
93
332
529
329
-59
-228
-168
-23
-99
-235
-56
39
45
-40
23
48
65
246
255
455
299
50
83
-19
238
288
90
-222
-195
-263
-345
-217
-176
-361
-383
-317
-246
-143
-495
-458
-143
-315
-290
-443
-504
-364
-277
-367
-719
-841
-506
-558
-356
-278
-336
-319
-319
-342
-324
-107
-21
173
193
306
272
98
123
168
209
499
326
148
342
347
384
539
488
695
887
499
620
883
904
1047
942
479
717
589
439
653
805
743
309
166
272
454
574
293
420
419
329
130
-16
386
517
551
475
320
472
393
184
-97
-204
-10
-115
-375
-334
-264
-604
-980
-950
-679
-530
-470
-469
-786
-890
-770
-767
-600
-438
-742
-845
-828
-842
-658
-641
-692
-774
-658
-615
-659
-473
-501
-217
-39
43
-154
143
415
940