21525
-19004
2171
39237
-111754
207766
-295730
322641
-223324
-59793
557005
-1251203
2074574
-2916432
3646937
13031664
-1193955
-956369
1480017
-1386574
1022919
-599262
231177
43742
-164528
166618
-130212
98829
-33688
9804
9222
611
4188
-13139
-7993
-5643
-11837
-4728
-10268
-8465
-4447
-16461
5698
4126
-13087
-11322
3463
4165
-11641
-13712
6454
513
-7068
13005
14433
-9834
5732
-1953
-1802
5792
-10072
14534
13727
-9603
6145
-3621
2000
-1049
336
667
-2369
5085
-8825
13342
14519
-9821
5735
-2562
471
646
-1032
900
-500
3
512
-1027
1524
-1924
2056
-1670
553
1538
-4670
8733
-13442
-14338
9629
-5566
2434
-343
-774
1119
-964
575
-159
-164
356
-437
448
-425
384
-384
384
-384
384
-384
384
-384
384
-384
384
-384
384
-384
384
-384
384
-384
384
-384
384
-384
384
-384
384
-384
384
-343
320
-331
412
-604
927
-1343
1732
-1887
1542
-425
-1666
4798
-8861
13570
14210
-9501
5438
-2306
215
902
-1247
1092
-703
287
36
-228
309
-320
297
-256
256
-256
256
-256
256
-256
256
-256
256
-256
256
-256
256
-256
256
-256
256
-256
256
-256
256
-256
256
-256
256
-256
256
-256
256
-256
256
-256
256
-256
256
-297
320
-309
228
-36
-287
703
-1092
1247
-902
-215
2306
-5438
9501
-14210
-13570
8861
-4798
1666
425
-1542
1887
-1732
1343
-927
604
-412
331
-320
343
-384
384
-384
384
-384
384
-384
384
-384
384
-384
384
-384
384
-343
402
-336
367
-494
606
-896
1176
-1444
1473
-1038
-60
2071
-4944
8836
19388
50495
43110
-7492
-25302
-35733
-18795
-6585
-17710
37976
-9896
44293
-3697
48163
110987
-190921
107631
-489487
21357
1191926
2987739
7168618
5371492
5259968
14898946
16391267
8908782
4930096
3751356
2025411
2025092
9280962
8708186
-783133
-2063987
-4744273
-10600926
-10836301
-10150635
-10951817
-7533596
-9638180
-14805784
-8936981
-10157661
-15847203
-18309401
-21583364
-14231669
-9410772
-14568351
-15830493
-7431394
894900
-454383
-5900350
-10113502
-9201845
-10045353
-9903014
-2909928
-86140
1955202
1828736
-5041127
-7814056
-5158860
-319289
986570
-765321
576326
-3263987
-3547374
488687
1436714
6118931
5107390
-131966
-886959
6790577
11310184
3861005
1513669
6012717
8775602
8837533
8400523
3323393
3590327
12973026
13728806
8543368
1993064
-3273109
-944923
4694731
11646918
15447453
3494154
-5882512
7043101
8841204
-3347957
-713422
-4098485
-8451513
5240490
4705526
-4530326
-3878529
-7670192
-5792550
1327932
-1755952
-2894751
-301757
-2225041
-6112075
-6241174
4377038
6009053
-3074204
-6173613
-7310839
849343
5098530
-1622147
-4871582
-7797406
-7018096
-2094421
3258700
3486238
-1153850
39748
1412627
-2871378
-5344715
470149
5570540
5951966
8393901
5190320
349819
2421071
2041807
2613088
6473379
5201388
4728377
7670778
10351012
8498883
3963172
2566664
728704
3167075
4625948
-542030
-316463
6401917
10589993
5916140
1895653
-312125
699777
19484105
22621647
1994251
-66459
919482
-361082
8564350
6390312
2393500
1735432
1760007
6962730
5709103
5284501
3704168
-345836
-2135422
-7054912
-2680410
1128325
-3295828
-5718971
-4656469
-691463
-1834560
1797015
-1830647
-17526018
-17751549
-16530572
-11310120
-319233
-7648949
-14562038
-17233249
-24064832
-13984271
-4338923
-16132688
-20785825
-18365367
-23516667
-20950311
-13266513
-15850210
-22134576
-20806341
-17951276
-12997468
-11217545
-18664321
-15170560
-6240911
-7452602
-9083537
-7507215
-9497462
-11495421
-9656403
-6593047
-752592
5038892
8645736
2660109
-3235467
2191298
2432315
5352230
10673833
7770271
7404866
9124202
13303822
13369051
16222136
29171991
27706222
21502925
21754529
18122711
19808483
26311378
31922979
34116510
30612154
22924832
18347230
25469592
24059936
18318187
18683244
10243513
14211729
17770684
9912182
8045821
50325
3296799
11446702
7040646
8447916
7585487
-3038188
-7197985
-4760320
-4379889
3338059
1729748
-14235746
-10238611
-419235
-4445427
-6262752
-9800267
-16670000
-15282073
-14953717
-12955973
-8507810
-17593217
-20178865
-12976027
-18260602
-19323666
-15884970
-23342648
-21698151
-13102460
-12998956
-16624230
-22830072
-22244282
-12845923
-3156194
-4787936
-19106026
-14467543
5155230
7753649
-1085533
-8175283
-7862745
1366167
8176512
4587673
3616315
6654482
5117631
7655354
10942982
11093476
14089437
14497290
11812204
17254946
20257595
10874431
8810160
9839262
8898067
13500745
7583725
2669774
12479729
13396217
7562933
5660284
-2241093
-6461409
-4252119
856174
13537612
12137707
-2068103
-5482842
-4148345
-2397748
72705
676501
1409980
2965014
3776883
-597204
-4507383
-8741801
-3471673
13559499
8106583
-4061268
-2262975
-3027143
51925
-1287970
-13080723
-13767584
-11420129
-16659416
-14582047
-13496677
-20139990
-20661320
-19836585
-18796585
-17523541
-19875106
-17626537
-17208762
-16172434
-14082725
-19785999
-17829969
-12826891
-13582745
-10757352
-7110516
-4697932
-5945709
-12263253
-9444283
1487586
2250986
-1363598
-1052117
1022188
3137235
5586947
6268265
1876415
9920563
18395161
12567042
15161637
18493672
14898852
18560193
27749402
29096972
24432561
23576220
23073693
27184350
31960302
23992257
16371374
26346485
35204544
29637435
21951138
11054310
8865432
19693802
24101091
27337630
29454859
18361704
9705139
9990635
10399445
12240406
11224815
7711143
6365775
6725476
-35979
-9593351
-3582738
-131922
-7279006
-6229277
-10449679
-15923882
-10383925
-6577012
-6058003
-15002672
-23716463
-27400370
-29397999
-18556818
-22660044
-40828241
-34838853
-25676243
-27806524
-22880671
-25809517
-35295023
-33809712
-32756352
-29536778
-22294703
-19211975
-20950767
-25192603
-22776236
-17090296
-11389708
-1089357
4708722
-2203621
-7817852
-7387828
-4927900
5271503
9481352
6768110
12009392
15331352
12441472
14724060
16787528
9299136
7677677
13214522
8815130
12728041
23090735
15109817
15281571
22843156
15646686
18695294
23449219
12949054
14190526
20139753
15551054
18390068
17162890
8507250
15180287
21346954
12943495
8464615
11961635
10873201
15995949
17849478
2715357
3223668
9489481
8861660
8117116
-37011
3693572
7630388
2448318
-2608924
-14979624
-16524774
-11829183
-16915428
-19438977
-23215479
-25633780
-20902158
-20553620
-21923584
-22751356
-20429945
-14614854
-23216276
-33872426
-28782057
-23431390
-11419341
-1815716
-16658886
-21833001
-12871087
-15402942
-12652346
-184762
239495
-8591287
-11708627
-17330616
-21562059
-12217309
36761
9091380
9257850
7123940
3611533
-6969909
1042514
14203033
12519568
14492888
12168604
7105426
8800526
10396924
14758783
12797114
13566484
23706410
15971372
16065602
32477729
26309526
16848263
17607411
14047095
20562750
32634119
23012243
14044414
19225995
15735915
10491608
8556056
13848732
17790288
12277466
17539893
14326186
2676005
10947305
13227580
677608
-785677
6432794
7314842
3193916
-2447526
-9437542
-8809553
-4221545
-10059243
-21797375
-23454953
-16287754
-16440695
-18759305
-22079063
-30932453
-28962429
-22188075
-20097629
-24325680
-26926881
-22272730
-25706210
-20034491
-14004673
-25685702
-26660452
-18351087
-17230953
-22961831
-27612882
-22822824
-8230745
2987729
-3164429
-11147554
-11174372
-4691577
3662684
305180
813896
4548129
744652
6504517
11697498
8943983
14403832
22409623
20112509
15458059
15333129
15429461
15980152
17034459
22514717
23065502
14337344
11935846
15653397
22660672
21610137
16648279
21757739
18753000
16283743
23837034
18776150
14982914
21152926
15724484
8015217
7669849
10031095
13317536
13556858
11988640
6383990
2060921
5566847
10280365
13770112
15232438
10351170
5255429
9074734
7403593
-4059669
-6813099
-2589849
-2791458
-6281721
-6620554
-14539452
-27435274
-29107342
-31510891
-33415116
-31252192
-31246130
-30350833
-29639587
-28423422
-33653720
-40102008
-35814084
-33168302
-32559230
-22677548
-18275373
-30144257
-31576696
-16888648
-19429050
-28491976
-21359785
-18313108
-16493414
-9007200
-11122885
-13094331
-9894941
-11420386
-6911561
5024597
3792286
-456392
7396389
13297528
13624459
8493570
7854853
17444969
21801977
22552317
22668827
22811461
22189124
17870018
22118557
32015645
30556046
20041011
15905928
20983331
25946080
31917878
29887885
19678777
20623848
23148105
28700798
32562494
20851836
18444199
25579946
28812482
21694095
8677695
16245491
26339746
20522834
14337943
12398424
14560016
11363635
4756719
3988929
7959225
4892562
-3762303
-1405404
-3086007
-9267799
-14981922
-18262816
-5759562
-2548075
-14714716
-16326521
-15529330
-19095633
-13116730
-15434675
-28535218
-29597545
-30991145
-29609500
-16579991
-16480785
-33404741
-42523053
-30935346
-17231953
-19287082
-24277774
-28025164
-26010426
-12153166
-5978289
-8218568
-5592523
-3995929
-9872371
-6380867
2374157
759213
5123423
9335112
6556087
4692043
1815376
7477239
16382792
18404312
18806625
11023450
-321908
10314414
23688014
11021965
3807852
6549090
7463727
17441704
17308307
5426915
777808
7454404
12970327
11092144
5369173
-7618074
-1766346
17159764
12620027
1554941
1517285
5664352
12702379
17476343
8612105
544470
3442192
2151963
7414390
14988502
6567159
2683642
10281831
11079112
7089128
-968707
-10993724
-6549077
-1552036
-5971433
-11676813
-10123121
364270
-6936452
-19254505
-16686604
-17773866
-18882888
-16369568
-19381982
-25271222
-26742291
-27863803
-27384052
-28194463
-33513984
-28514405
-30059870
-33115341
-25857541
-27583708
-16263986
-8597348
-22357152
-20540247
-9522948
-4049315
-3565088
-7119490
-9441645
-4953638
4889568
5968666
3886911
6879861
13841828
20135811
18182245
13610585
11795618
21390627
32793524
28909398
26733673
27811519
25310719
29058095
26987076
19703062
24658607
25478803
20428912
27294037
26149109
17765691
17914627
14233625
19236029
26120581
23701898
23979424
16788564
14697224
14048497
5965910
9448190
12501541
7783820
6053657
6986774
7055333
8769936
6819752
-2797994
-5347716
762524
3120975
-1743302
-4155774
-6355559
-13110913
-10553035
-7045890
-12064260
-16901376
-16661745
-16168548
-14816217
-7532626
-15506125
-33296215
-32943471
-23214533
-15446721
-14979344
-27060294
-34865392
-29625640
-20615907
-14620726
-14432052
-18078788
-24982997
-20013923
-7423404
-12504256
-20184711
-13875307
-3381948
8144957
9416836
-4933598
-5986374
11821790
28983817
32013526
18229786
5615200
13038640
30979771
32764031
24995014
14724921
11818625
28859715
34543775
20204908
12995163
13121062
9019771
12558718
12386636
940259
1414197
5818140
2612043
-6615229
-14988458
-16169460
-13981516
-13213488
-15290171
-16701189
-18875060
-11135269
2480867
446672
-13190426
-20922679
-9184198
3869309
-1598759
-8724590
-4389686
-671474
130328
4579104
744729
-4814354
-7975935
-11605986
-6678934
-7230312
-11713535
-9036562
-3165270
-322180
-5017329
-9924510
-15958116
-20840273
-14638978
-4747266
-5772297
-10525558
-6192500
-5967975
-8243731
-4818161
-9163541
-14958453
-12468990
-8993756
-11463329
-13807052
-12335864
-12541058
-5751837
-6011252
-15199678
-9364825
-2741057
2842039
7083286
5917826
11024136
7849618
7643937
20382307
26079668
24720054
21456365
25455188
34656328
43389546
40111644
23923066
23602475
33452604
36630895
31823446
24243829
21271595
23006243
26493904
24111087
21211703
18195117
13198838
9380114
5279843
2299842
-894765
-3658946
-5712634
-1630246
1494475
-8388218
-15275553
-15810699
-16090504
-8396997
-5843742
-19239593
-27579842
-21668217
-13803864
-8686374
-13810176
-23457540
-17503481
-12953021
-12669722
-11010109
-20768655
-13108449
-3828021
-14973555
-15360031
-14943181
-15992898
-8857772
-4245305
-10170608
-18824880
-17790796
-14307211
-11334897
-14189044
-18269231
-14802366
-9948585
-7384833
-11324598
-14447760
-11231128
-938078
11009029
10396722
-633722
-2974930
9218769
10135250
4461165
9864638
11920651
14202279
16299239
16783797
20744202
21764074
30290748
33906238
22615290
21294021
23651438
15488231
17228710
31188729
34837072
29795698
19661453
11733337
14305755
19179379
19361521
16970414
18863942
14591192
6749530
-634872
-6315569
2670667
8619781
297598
-14932957
-22101613
-15837041
-13792389
-9009263
-9321345
-25082735
-30977597
-26618006
-26328420
-24619475
-21290107
-25293801
-23929791
-14076827
-15736919
-25995474
-28596426
-21413185
-12873914
-5325900
-1868762
-10539811
-13448723
-4517374
-1002522
-1119062
-9607782
-6758861
7169761
-3533645
-9679982
-6031669
-9243623
2668138
3620391
-14423562
-11212324
-6008321
-8513844
-2697207
-12883936
-20443623
-8893959
-6280899
-9377504
-10566351
-8681579
-4278659
-3288654
-6767302
-6246590
-1213022
-1558090
3869923
9026811
7488866
15894615
19611735
13580670
15431654
19009682
21147608
20730906
16339337
17111239
19369901
24323218
31385015
28914074
22721933
16773212
16283737
20125498
15573745
19513832
24353624
16101620
12459273
7967860
8965335
12431053
1606635
-6549362
-7457224
-10419518
-10475009
-3078721
-1827158
-12145855
-19717047
-21882127
-17810322
-5186995
-5586346
-19304593
-18921993
-15789797
-15692462
-6419361
-4549804
-6206934
-4328985
-5965019
-845219
1029561
2464743
8548966
5803082
3116186
-1418332
-2319151
-1297674
-675211
5996023
-3097871
-11887577
-12368478
-19188028
-8714090
1912520
-4975212
-6794423
-14463391
-21717457
-13049044
-6580756
-2392006
1942649
1545720
2712720
6549656
5938197
1915388
7949325
19611894
20123495
15710989
6137049
1486727
24300166
34089779
19819452
13213021
6362534
15659736
30835882
23402283
12364277
4196971
4290103
12721829
22576496
29541760
19383630
6867488
7026996
7449777
8929570
12703468
9918827
8659799
6396044
-7736336
-13855467
-7187097
-3568120
-2321172
-6997022
-12173737
-10272561
-12284430
-16259905
-19726258
-25118710
-26174186
-20057973
-18774910
-25802037
-24444145
-19388896
-19201991
-18869451
-14896894
-12724694
-11751354
-7122212
-9706423
-5717576
2753423
-2789800
-6109665
-4616601
-282778
3365775
137753
1264423
-4469023
-13554608
-11673375
-14592452
-11160611
-4531546
-11807709
-16454975
-18045705
-17074051
-11684141
-9210365
-5665719
-10422242
-16275540
-3661386
-1685267
-8629836
-150635
4028145
5683835
11416887
12269658
1999152
-8511575
-3337693
5741858
16719665
19441489
5455939
-2318331
5239547
17063280
22087650
18068509
10820265
11039051
21421817
27638978
22905137
18571955
17605496
24429585
29524175
17369559
9926938
10587389
11240010
18186405
11132450
-5258285
-1874451
304019
-6311251
-5775175
-9791326
-10389670
-3522569
-3691333
-12308677
-24128876
-30001256
-25337153
-12163583
-9214529
-16685904
-13676813
-7694552
-3833197
-2551833
-3116490
2996801
822424
-2396692
9456924
16210094
9271263
-1575684
1161957
12871670
18976851
19089430
7147769
5925843
18703424
14072182
2735669
-3268522
-7746282
-1505010
3803155
928040
1306318
-4627606
-8549476
607413
7664655
11485704
6809944
-1409273
-1674388
-1043312
6985115
12448893
1992709
-1609763
6085946
9158701
10272062
6732385
-369652
1064774
1378493
-3224732
-4399433
-2980109
-385217
2089616
80519
-3900669
-3631325
-2399318
-3066688
-5424984
-2154543
160073
-4915925
-5047168
-7009068
-8541649
-8206252
-13342892
-12921397
-9383794
-8014439
-13721260
-20718952
-16425207
-10494118
-3878431
-11049538
-23454465
-12781013
-8762101
-11969726
-7806665
-6557439
-5137081
-13242754
-19423343
-11068778
2274979
11424481
-1509973
-15561114
-5460687
5392436
7603762
6729922
6266841
11490020
13632849
13448848
13318247
10247139
10664417
19686086
24539013
16735891
15491913
19035447
15417402
14784718
16117217
16731518
21292719
14793663
8337778
16529162
14677754
12681298
7750885
-8557964
-4595006
7571204
6460965
1321831
-4078025
-11437461
-12331457
-7413570
-9680665
-11176537
-8452073
-7479150
-7492084
-8142041
-10021370
-8291893
2440996
3304500
-4390842
-1877439
2061556
6152808
10980941
10521198
5697653
-1987849
-6871631
-3491639
-1324378
-5624110
-3455861
-6026490
-16882301
-17210682
-17986901
-18492654
-14760561
-21140301
-21759466
-14982266
-16897027
-16488414
-17369101
-22531358
-21249296
-17329988
-9108574
-731045
-5802580
-10297713
-6678051
-11584341
-11633611
-3462281
-2663994
2768956
6918311
4823050
5148497
-1476720
-2655654
6300845
10955329
8506271
-570140
1883801
15458510
21295630
16154225
11326685
15954268
17752465
10902627
7090603
14055441
20838127
22573524
19176251
12275629
7846119
2062710
8354528
16681317
10179083
5118042
-2559400
-5836622
-195
-1917165
2405672
10538972
7459221
5781917
5234621
2328874
3956852
7180929
9250001
10668471
8250494
6860221
9933947
9651632
10231893
9855337
3625832
4486548
6880369
-2770504
-11929106
-10589904
-10925425
-4265012
1948417
-14402328
-21710109
-17699714
-10751948
2729521
-3110800
-11943207
-10239285
-4758020
5281377
295760
-13608508
-13561241
-3072845
10433714
11895813
-9535108
-20176508
-8084694
3914833
5598086
-10638454
-18270802
-8343186
-7479190
1415643
6862543
-5486289
-7551944
-7661816
-393410
8635029
7458303
8170017
-1613539
410851
13968468
11161954
10679619
12789325
15310600
16515773
9327390
9614986
16681793
20603113
16366649
6858551
-4827826
-6850984
6610611
10156255
1071907
-4952570
-4614457
-5445711
-5897738
-8056954
-13695025
-5510218
1412251
-504417
-2389326
-12801484
-14930251
-4810279
-849298
-5513235
-12797205
-11478349
-2147964
-1914169
-13960094
-18995900
-18570528
-17852300
-12933509
-12532321
-10866176
-14575624
-20940831
-20071584
-20041058
-10273188
-8283584
-14793970
-9510784
-8246945
-7962639
-5976247
-13391787
-18852639
-7775210
4681362
341176
-14841779
-18817556
-3692667
6379002
8916309
7217390
2788181
7586960
3464569
2568649
14138742
12108420
7464722
4511781
5660800
8995447
1629076
7810957
24077676
23270811
18711627
19587588
16887364
16896159
21525289
23279321
25416632
23272936
16742707
21119082
24361127
21915284
24332139
21500679
19331628
16437506
8266054
9898810
15004192
13887581
10738923
8214090
7329261
7739441
4371979
2311654
3341129
-4123417
-9650588
-50062
10605826
3461302
-11873569
-20918616
-20476049
-7388763
-2475312
-11726910
-18796435
-31043510
-32000492
-12243741
-8900534
-11609320
-15154908
-31167294
-26617320
-15230332
-15755323
-9679886
-8825414
-17094085
-14552197
-6287699
-2413802
-9631771
-25877842
-20175422
-20012
2922517
-11323336
-24616990
-18187081
-3048695
7216914
5800543
-9649454
-13054973
1078436
10011302
9807875
2994323
-5385176
-1259253
7228881
11100945
14599767
7694032
-7620877
-6970100
4015071
7554606
15259113
12017489
-3703709
3110649
18787000
17188338
7622649
4701065
9133033
21267188
27080707
14657303
4964325
6904565
15985780
22613177
16968345
10956462
10657346
12483239
13413631
10469792
7508203
11890776
17603293
8929172
1617095
3210585
-233617
138871
-2939091
-8965108
-9001646
-12750020
-10794987
-7037553
-14632454
-21772544
-15903995
-7088223
-10460687
-17207219
-18874333
-12294460
-3396974
-6620920
-13208485
-16968537
-15614617
-6605058
-3147653
-4033719
-3131000
-2955737
2883688
6276811
-296618
-2160928
-75445
1497574
759266
-7441685
-14973107
-14147689
-8009849
-2395561
-3448685
-11387786
-9867027
-2652368
-1000204
-1106144
-5876048
-5579026
76540
8055964
15492455
9073408
4523227
10510755
18535074
26040540
17208310
126845
1334239
12089905
20768387
16049104
1932159
922101
2606077
6946416
11344131
-387193
-6176899
4836740
7776426
-3790757
-14049974
-18195640
-13672206
2949270
12887126
5100676
-7010098
-12116195
-5917773
-149159
3362327
5377011
-1422352
-2717347
-794210
-7836301
-8254973
-4145122
-10091742
-8635046
-5395312
-9695165
-12356836
-13048113
3153942
6272790
-11507903
-11636913
-7528598
-2367116
-1935571
-15434376
-15434262
-2526779
5007357
-677746
-9115530
-4884735
-3655347
-2949570
2953024
4244255
9062684
10462544
9642856
7030001
-436492
3719158
10849511
14053939
15189749
10631680
8540455
11268805
12687040
11325108
13513040
20922213
20623914
6111579
-4313069
1355901
9010894
12174919
4025320
-15381784
-7708511
17942576
18280886
7725000
-3567917
-8689357
7228629
13559128
-323758
-6352511
-1415091
1504715
757694
-68992
56122
7232290
14209299
10520483
6714189
-3181209
-10004001
7047022
18001448
7813323
-1008933
2460006
5524895
4221401
5077210
-7963315
-20375597
-8779567
-210011
-5528673
-6661991
-13708212
-20291284
-11518643
-10484581
-16052331
-15828318
-12976706
-12942645
-14010691
-7689240
-7799518
-10121131
-2036637
-2146108
-12741035
-13895383
-11468643
-19411793
-22041921
-11425303
-1163696
-2854301
-7975765
-8626719
-11670590
-9651319
-8511079
-10989574
-5367117
-837341
2889749
4471131
-5537458
-14989949
-6203630
15465717
16882082
2752950
-456825
64882
11447507
21590470
12874476
11809299
14755906
12452215
19692628
22208026
20013666
22773460
7913034
-3020283
16100077
23757658
14895948
14951728
4891749
-3199304
12552060
17790168
10881067
-711931
-18072188
-6012316
10045789
-3076262
-13008226
-8859134
-8154986
-5138419
4812711
474621
63952
8548822
1170706
-1062409
-2019051
-6738511
-3734643
-4840796
-2846414
-4311490
-14296724
-21633187
-16381961
1640523
-3460866
-20584972
-17115347
-15661072
-19023507
-13332475
-17983100
-27614745
-19482086
-16782406
-21093205
-16353738
-19716281
-14577724
-551685
-9294378
-11017799
910716
-2447140
1018921
9751714
6164332
6801894
10826665
13858489
18537604
19167842
14408991
11427089
13539283
16168749
22193442
27179124
20713664
17835033
21920783
19109052
19860554
20151443
13500322
15198175
20053686
23093769
20107466
3466051
-2391958
7048024
10528611
10661758
10367950
5477142
2353556
5263286
3572779
2680437
1147285
-7068232
-4570584
1113080
4127413
6100966
6378905
6286143
351821
-36251
-3378460
-8714705
396817
-2893538
-15370470
-5227886
3459797
-7923955
-12711615
-12760459
-16381416
-14037665
-14717392
-12751504
-15090866
-31698669
-29541472
-18416697
-20798105
-23246383
-25956499
-26364487
-24534985
-26555106
-30216825
-29575247
-24103247
-19439237
-14610861
-15504498
-21379269
-21538239
-16717297
-10802976
-4708650
-2064087
-5076806
-4597244
441154
-1401914
-3692084
7050829
12746973
12281729
20615297
14057879
11272690
26297199
22209904
16694782
19592879
18303502
26318812
33643115
29527197
25833458
30307732
27070651
19882239
28783149
30525458
28840340
28711731
20458171
21156955
17688175
20547143
28898155
15570879
6985302
8469068
3916777
-43160
-4921698
-8817884
-3479112
-203583
-5335514
-13137661
-18912716
-10830573
829861
73255
-4999704
-8319567
-8189000
-9055138
-8608004
-8005193
-15074213
-14744861
-8234311
-4255855
1007240
-1146092
-2082336
-5897160
-23402574
-23438463
-14675582
-15536285
-12975363
-13201124
-11991735
-17649506
-23382816
-15873426
-18049986
-15125344
-12303712
-25143566
-25431345
-17892193
-14086795
-8769919
-9411902
-17389791
-13147846
-1135999
-3234721
-3181873
-166232
-4597945
182021
5802736
8673048
13128718
6011553
3440098
10234606
14379772
21450863
20249905
12205505
14996716
20970036
20244737
15959210
15445918
14482728
13275928
15005905
-367327
-5722931
16660451
19408887
8204087
-2758744
-11377471
-1041372
8979628
8907203
2355785
-5262265
-6993835
-4249430
8188787
12355577
2735840
1289978
1510475
-2332220
-6619808
-8212482
1641065
8299020
5201274
2087416
-3120219
-6777593
-3773866
-1132380
-3246320
-2579516
-3000365
-4141461
-2626010
-8133392
-10195981
-12815961
-14270590
1506412
5027724
-313560
-4435732
-15243615
-4919525
1249229
-2980535
795995
-12696067
-14110896
-3704021
-10617123
-8524714
-3496273
-12917671
-16025292
-12747022
-16774117
-13122376
-4192323
-2243919
-506427
-1882236
-3070015
-2485181
879930
10507570
10348078
5282223
4761544
11940620
24407043
22308045
18259036
18120552
18518982
26182265
33080768
37257450
29582617
22634632
29568823
29998424
27738669
22844064
10815792
13905794
25277944
26072829
17801220
1409050
-6519049
4762734
16273401
10518630
-3380915
-13497374
-18874664
-10681082
2242
-4268227
-17027917
-22853798
-18791783
-17153833
-13960139
-11298128
-14973086
-18253024
-20853909
-20740268
-15569064
-9516321
-9502515
-9794076
-13552950
-23721946
-25431986
-23626556
-21369739
-20223407
-26469464
-28104762
-27508786
-22682530
-15895782
-25346953
-29306359
-22567824
-21218507
-25036113
-30332853
-25510569
-14498180
-10365376
-19647539
-21839931
-13680456
-10221170
-1197321
-4577648
-12994407
-9502350
-10943349
-4281468
10090929
19958439
20306012
6872531
1525522
14753201
24955434
25462265
27128518
22994370
15377127
17375565
28852197
35595226
30132268
29536278
33205406
30775123
29045001
26436062
22284852
29209754
33547705
23612407
19498275
15738615
13632761
19960530
15579077
7555205
4753848
5613724
13027832
13162502
6038001
7935817
7427015
4241183
-3321
-5000735
8400899
5511795
-9252110
-1146813
-3600122
-6814854
39592
-4131848
-3611652
-2738989
-7626087
-4017047
-2475582
-2944612
4782045
-219059
-11529976
-2886380
6019374
2897867
-3007193
-7961269
-4630269
4061148
4043073
-3973127
-13284980
-17231100
-11302583
-10105508
-16122417
-23368555
-23891466
-12196902
-8067720
-12697554
-13102681
-14319573
-17607602
-19876754
-16138839
-10551828
-8414289
-2900726
-5560058
-9777102
-6002158
-9991488
-8421492
2165074
7183510
13879083
15393509
1440730
-4063968
3191730
14250490
22741218
9476550
-457567
5929579
12417490
12947294
5394170
1434477
199896
909225
-3467103
-2596148
212953
-11798453
-3608462
7104638
-880804
-2028743
-5923492
-10648706
-6476455
-1324938
-3226269
-11904152
-15244422
-11451346
-6587139
-7035608
-8244550
-11353102
-15148183
-1563525
3519560
-4252187
-1026259
-4286894
-8444133
-3030457
1432253
-3548682
-8065235
-400212
6672358
11621407
12997642
7358396
-1612744
-4345852
-2144556
2207091
13946282
10336841
-1599771
-2798380
-1388888
5761210
6756808
-3361325
-5689845
-6648244
-6775913
1895330
3260828
2252990
-250852
-4379960
3352092
4313833
1535494
5454202
10390736
14533396
7679475
3711666
5118361
7563163
14226116
9697008
3139735
2237409
5346895
21458514
28009029
14234700
9631096
16351623
20581839
18261036
11037542
9703986
15129556
21187605
20760278
13588372
9403357
9387019
6350616
2167117
-3626242
-8573385
-3387279
2862099
-254350
-8701001
-15239227
-20985158
-18308290
-13820608
-18092578
-16460637
-15613553
-15428087
-16376392
-24428533
-26094939
-21299365
-13102156
-10795668
-18003403
-19073988
-8618057
-2938699
-4366128
-7413899
-15716874
-6979039
6693457
-158060
-3917476
-6933448
-8472095
3870547
4825275
-871307
-7243047
-15318264
-5729119
4563280
6679987
390957
-12045924
-13098241
-6343825
-4246445
-9532390
-15081599
-15156059
-97838
13475477
6177404
-4793703
-6998369
564817
12150914
13367175
3189570
-610371
2384278
12162437
18787615
9097612
6695823
9494456
16402104
18437668
6527841
12296213
18923884
17125318
20427262
15451296
10219330
14476730
19376540
20944693
16307389
10758850
12327807
13843292
17496329
16520138
5360326
-5766624
-5214063
5996152
6007216
1547237
-12310077
-22493052
-5281507
-2890486
-10738814
-19201446
-35166176
-21453291
-2232733
-2732440
-4704305
-14380156
-17386436
-3021912
5272390
-1846214
-4432379
5019779
10069058
12312428
8820708
-1680986
1560917
13542966
8019432
-4064584
-2874227
532248
7319409
16207698
7677752
-8812244
-7489132
617311
314167
2226549
505289
-8514877
-4255897
4355509
-662308
-4824114
-3876552
1626699
3358933
-3770195
-6447531
-8203166
-2556400
5712479
5648458
-4607633
-18382133
-7294057
-1744173
-5032176
2629605
-8989569
-9194370
-578009
-3974059
2392830
4174540
6434191
8027363
462857
676684
281583
-2432348
5483669
6747095
2780588
6062668
-2491217
-7304920
-4364574
-8315372
-447993
-2902035
-12056045
-1197654
-5309801
-13024801
-1423434
-7991369
-22317267
-15320416
-14563222
-11653818
2934230
-7331127
-15772892
-10630900
-14886676
-11841861
-9022217
-6842031
498201
980625
-332912
-1471543
-8077791
-11840815
448565
12522544
14846367
12496783
1869773
-7351707
-4158583
10060816
15731433
3775388
-2707411
-4798130
-7273634
8030474
9970685
-4114820
682937
161738
261964
7559685
1189959
485845
11074792
15659619
10769014
8805002
4061921
4070399
11945605
7665921
15610299
22698368
13676497
15768447
17756976
19023029
22171692
18474868
16569553
20447720
25242024
21571966
11581849
9478639
20407403
25423858
20500185
12792129
-2716525
2177651
14194890
5641816
2549985
284374
-3510322
1194911
757266
-5699818
3362323
10823963
-6132013
-10548382
-10617260
-17874485
-8876776
-6672670
-12620191
-15552459
-20681090
-22423537
-19438304
-15914206
-20247172
-24558640
-23192995
-20471649
-18635725
-19699855
-15072519
-14711540
-22176737
-19933037
-15001668
-11786263
-8797190
-13623176
-12702243
-7573176
-15313542
-17288731
-10887045
-9922480
-7039521
-7079818
-7688895
-5684070
-5046928
-1594970
-3739400
-8051578
-4555004
-4357119
-9140952
-2865956
6304816
6946738
2013382
-1925990
2789976
6857203
10074325
8454945
-915164
-6125685
-2808461
9963062
18578074
17256035
7221150
-754637
16110617
29461279
21525616
16090889
10025822
11921042
19460702
18848224
20023358
20393514
23192835
25362547
21230210
14382067
6987318
2227713
3952642
13270099
12004895
5033372
2377652
-2869027
-1772815
3597435
3628308
2331552
1045272
-26584
-6752337
-16387180
-11534811
-7950510
-4911374
624614
-12427240
-14228958
-2746057
-6648194
-8874121
-6735695
-12859867
-14708341
-4441165
5892654
5781296
-2129796
-6547721
885418
7650320
2537262
-5650369
-10236273
-612462
8551256
5014295
4665339
581024
-2370188
-6418945
-11491173
-3011531
3504739
8755408
6807367
-1644906
-4868521
-14713684
-10752168
2390906
5049609
9416790
1529066
-10991705
-8136571
-5632023
-6065936
-1084548
3250994
5037035
1407793
-8306550
-8867456
-166678
6859975
7593469
1928563
2458865
10585069
10855976
1221576
-5602967
4000898
19637193
13012228
-9490106
-17724589
-3020320
14913629
13249788
-63007
-15703652
-23234135
-9760015
-4106308
-6775953
-6298046
-10837889
-6616663
-5944514
-10211424
-9045010
-8651172
-6382949
-3473287
-4323973
-9823440
-11780943
-11502976
-9504986
-10687895
-14289494
-6504835
-5181526
-11141138
-9151855
-3947427
3743586
10805623
7398863
-3361668
3267982
18433158
14161805
8364333
7583345
6099074
19142438
27846889
20131242
11001134
801149
706955
8900344
17232013
24180492
20296585
10586218
6107662
4570183
5210822
11873981
5235568
4608470
8401656
-8905929
1902823
13936835
-3268047
-2272049
5027476
4499036
4416127
1853749
1590792
1728894
1933714
2661952
4074406
10724700
8504229
4395418
8581712
8839085
13228918
10955073
2714844
8957621
12412712
7733742
6543376
6515042
909671
-3788064
-5275845
-10121164
-537272
8126418
2077831
-11279099
-30973709
-15371187
5716903
-6429559
-11696721
-14412653
-20112614
-11647864
-4290772
-7731222
-8739567
-13214007
-19895485
-10159271
-649076
-9325604
-16492867
-11575780
-13671028
-13832791
-4537370
-9479097
-18324417
-16746966
-10910954
-7417154
-11823689
-20088931
-20625023
1147869
15594463
-1309281
-14715029
-15917046
-11205046
778498
2255147
-7693944
-7304918
879429
1773985
5079289
1757587
-10384005
-3974195
4900224
-3069156
-12269420
-15356319
-9023099
3416402
3524940
-5067500
-12827185
-14616770
-501909
8132051
5381415
-249991
-6613144
5453093
16552370
8315713
5008266
4479433
1839829
12904377
13581676
313258
6624779
10801755
7237076
15414733
13032805
4258565
2693052
-1323450
781321
11926782
10545689
-890908
2451068
5298995
6365835
6355016
-4750579
35612
4445382
4023636
6922443
3230707
5306098
-639041
1457871
15046776
17354844
19045419
8859171
4507055
18048398
16654481
9371779
7346512
4124012
11907926
23302010
21164765
14636769
10384447
7593446
15496929
21462146
10222555
9343329
16198893
9164075
12011153
17344143
2821493
2113318
16604381
8787043
2170671
2509548
-8137079
-2322527
12019548
12344482
832880
-14303221
-16208686
-8211020
-1646023
1602636
-2242085
-13578760
-15742507
-8414440
-11522293
-14865161
-18663851
-25544956
-21957168
-18786327
-16376022
-19037279
-31395488
-28107190
-12453340
-4132773
-2377551
-15858296
-23699625
-9926156
-8479578
-12291690
-16492631
-21996536
-8227316
433117
-5265191
-8308303
-8883562
-6176741
2293316
3400723
-6849740
-2243316
2745377
-2522468
4608365
2252009
-3900036
-267218
1412768
9407169
9909363
6321853
4836370
-451493
2695218
5241397
5553453
5927565
2531518
-5637408
-8137673
5327462
10910208
8638006
1090198
-2161546
10317325
11665588
10916762
3547816
-6000929
8884579
13182697
-520947
-9288039
-12553057
-5103176
5669958
3010263
-7875006
-9179487
-6947267
-8611332
-3926407
-6690196
-10812143
624583
5067057
335312
-1624782
-11235316
-19583507
-2660508
8868698
834366
353685
-3988557
-8051902
-1205494
1549661
-3568698
-5151203
1520710
2341196
156035
644830
-7427873
-8794133
3900769
10385034
11199629
9662111
6771527
301756
-1160187
10772767
15958900
13489982
6962202
2679533
2115981
2334941
12789604
16986533
15266751
12126634
1502521
2540361
13570027
17566083
11412664
5548093
8268646
4981129
5973511
14341043
4194685
-933855
2510199
5323130
15448779
8279558
-209650
4182583
6496027
8669356
9207329
4591902
2194117
4559559
1220249
3569761
3836956
525526
3103699
-2076086
-1128467
-360683
2350169
5532329
-6393482
-5536280
-3352440
-3946331
1068967
-7802277
-21268603
-23467535
-14267931
-9333221
-8489967
-16272425
-25689924
-19555439
-13942676
-3580151
-10391496
-29887155
-21497990
-20788346
-16333929
-2422339
-17846676
-30541954
-23560492
-7016264
5309137
9415834
-1166319
-19516623
-10609968
1479074
2155296
-3556791
-7970864
-2802406
-480567
5239355
5638404
5909191
8182564
5181787
7188565
7975201
15216541
23273017
19227661
14687791
6398235
-970854
7994026
22896823
29494865
19666296
8074434
10351999
7681785
9010386
19056972
15340191
6291681
6454929
10382240
10276115
13865609
11378836
943283
5069749
5373794
1015406
4749878
772140
-128700
1523916
541073
1612174
-2301203
-1166287
3416476
1432232
-7058361
-12489250
-12369321
-9919550
-814739
-6316100
-13377097
-10384065
-14506679
-10232305
-11167365
-20745716
-15030804
-5923144
-7730469
-11682445
-12724367
-11847322
-5508224
-5369464
-10699562
-7815686
-7783080
-8300044
311068
-2917635
-14957053
-14613061
-3454880
11000638
12100386
1652218
-3234144
-3832638
1934468
6862275
-2536389
-8355939
730654
4051883
-1633720
-4730529
-4750275
1695606
4563222
-116611
-6259535
-13280323
-2833516
6809675
-5764125
-6168241
1836168
-1234261
2735191
3441131
-65947
5917893
6459748
4275465
3864145
722062
-261894
2508606
7353422
8244792
2828996
-245858
2093948
2346403
4355048
9771175
8259071
4587625
-1904563
-8955642
-3530501
2733038
3820275
3966852
2721373
1047157
1929086
-3857092
-11605098
-4358952
-2940937
-2514045
-694516
-5314754
1205837
3292722
-1677192
-458727
615425
-3602989
-3093147
2130384
5117034
4159804
-2640511
4132661
9966992
6734853
7170419
-3441282
-7613264
2296700
4262421
2748573
4387667
-3141976
-6530414
5131415
6266108
-2054697
1715538
6022703
4241289
12769226
14473623
8459983
10490834
5728664
5170422
12279142
9035956
6661772
13895294
19972612
18299259
10819059
7355156
13220705
19625429
19372227
15560286
14694657
14534346
14080055
17701352
16425989
8854325
5256570
7205042
10638746
6857502
4138186
7634731
-632672
-11871997
-7962739
-3812540
-7679907
-1421473
-1055857
-14100082
-8130444
-6290235
-16554815
-12497076
-17009804
-29155461
-25526873
-19909517
-19382106
-17135831
-25382397
-31283921
-21222623
-22712512
-28182245
-27408044
-30515548
-23366980
-17011262
-25077603
-24854773
-11447859
-8999264
-14244482
-13378799
-15305038
-12113026
-7161478
-4442347
2620065
-9410750
-21701561
-13728523
-4380866
9691209
12279239
2129290
-2924308
-4164791
5831051
16168681
11884276
1455255
4301283
11809570
11858570
9757411
3216603
9861062
16226348
13750574
14663652
6692365
10128612
19043412
15200205
14141578
14454185
13055947
16558365
18692056
12605748
7659490
4153606
13632121
20020240
3985861
1495530
5874473
10496953
17154968
8573840
2773582
572086
-266259
6419118
5440039
-3319417
-915618
2910574
-7202311
-12445647
-10716390
-12330050
-10528846
-8682483
-15820509
-16033583
-12342236
-16459160
-11404193
-7380645
-10469460
-9617909
-10403288
-12933999
-10147465
-672128
6615447
1108252
-2900960
1459178
-6286819
-3957600
9769224
8088245
11960736
6897688
-14378274
-7193120
15449582
17478198
7981774
-4132159
-6358551
11360678
12910116
-2481107
2440048
10274544
11501403
9603949
-1875434
205999
10181345
5279005
-1490961
473054
4855673
9458525
13118268
7177073
303853
4377153
2204392
-502214
10970642
16137495
9866302
4406625
8174568
16498686
14659555
6242868
5741973
18306061
31103862
25844596
10052339
4130171
12515073
31537410
25206638
-9044599
-13038171
4536365
15945714
18399443
4264837
-5000615
-1717897
-679342
-9688532
-18628244
-17062292
-16390414
-13825793
-6837696
-8916754
-18263153
-18470782
-14095428
-13691198
-10357626
-14649640
-17901725
-13889854
-15368094
-13500092
-15263347
-24320378
-23283142
-13173811
-11476255
-15358276
-18681270
-23405905
-24286013
-22074160
-15734054
-17219683
-26513838
-23877758
-11028472
-3156161
-11467459
-21063905
-14403418
-4744582
-8342397
-14640743
-11298388
-3649682
6307615
10446246
3429805
1239373
8977143
10594034
1740561
1939835
7768118
5566796
11380750
15523630
10714870
14465438
16156799
10420269
13912210
21527736
9502233
1822723
10269676
11216146
20146826
23122606
14882561
16019994
11082831
11947812
19972801
15678857
15524089
22652105
13792093
-1888999
4525919
15525545
16697755
13872311
2037449
1849561
12612427
17011482
16803854
8759681
2280990
-1119775
-348030
3132911
784426
5228732
8791681
1004773
-5864920
-4479987
-3299871
-3807526
-256388
-9327527
-18275983
-15280690
-15804093
-11527740
-9187806
-16224959
-23150633
-24905156
-19946978
-14025205
-12539561
-16035945
-12833610
-8839548
-14861585
-18146669
-11999066
1526455
1714650
-9105103
-3460516
3787143
2704579
922548
-4126796
-5317219
-487507
1610583
1640474
-4702899
-15473333
-8406831
1689136
-1432638
938080
-630903
-9708016
-5198871
-380597
-1544615
1325993
746931
1442862
767935
19890
3243245
5162688
7878082
7396703
9075923
7097312
2339656
7524640
10913791
14004362
18107276
11597561
5502046
9384160
15288474
18182591
13673234
6094291
5641585
6224426
9526124
15160199
5117743
379511
12492538
16033092
16338854
12131191
3413807
1560044
2834192
6086182
4102408
3503409
-2789609
-11937969
-130597
8835900
5433627
-3930930
-8535061
4925010
6575344
-9204515
-17590917
-13744188
-2948480
9726121
4303048
-18543047
-22163107
-11072714
-2120647
-3412326
-17489761
-25325208
-19051419
-6517354
-6362766
-10601356
-9994276
-8397493
-9297439
-13816987
-10368867
-9280427
-7699449
-6707317
-8364678
962874
4120538
-2247410
-4331223
-3765534
-2249090
1903653
-278776
-1286054
2556707
-3433449
-7645591
-8886091
-12033703
-8780903
500812
2244925
-5690115
-11832803
-16431013
-8330484
-284836
-7123680
-8620798
-3164767
7310614
14528986
8290601
6525738
10621916
9884099
17619575
25885004
20108621
17573199
18150146
19091825
23878641
16698219
9519800
12036473
12748109
13937032
13340198
11748993
5896011
1283290
5905589
7498832
1561209
-9332088
-10353495
2266682
6287403
-116121
-3755766
-4779937
-5829270
-7753180
-9911993
-8953883
-4917869
-259331
-423363
-4109446
-2076153
729805
139026
4206797
-1055214
-18031376
-11044854
7879170
8329802
1073058
-12402438
-14907396
-66004
43788
-4287729
2797418
-3414318
-10541227
-3210974
-5609978
-8430062
-5395968
-7793773
-9131452
-9245636
-9668183
-7289471
-3733876
-586246
-923695
-6047477
-6512344
-300487
7685905
5601716
-2942173
-2365910
3161523
6725063
3134768
3197542
7173131
11125627
10490850
300757
6676416
17730791
18820982
17518459
9620135
3802495
4906059
6968212
8547532
16158965
7824318
-4050974
6912054
8010575
7348280
6382925
-6197771
-3554873
1801427
5005948
6555851
-4569904
-8818083
-6283099
-7998560
-10867390
-6101543
-4699289
-7489417
-3879516
-10841502
-11292980
-4189958
-4967534
-6449517
-11636909
-11877354
-9884637
-8085358
-7590433
-11686317
-16836164
-18125904
-6866066
-1795104
-2974842
-6087974
-15922314
-9975144
1516518
3226440
277421
-4586821
-7237696
-3670349
3315472
3552470
6083253
8069159
6936282
12741139
11077395
5671944
8600525
6985353
2092629
3248187
4023495
5086383
503369
-12574067
-12565718
-4330377
357085
1412581
-6079844
-7741934
-3001799
-3538157
-6231777
-5245473
2600200
5058333
1528124
3680591
11561907
12278051
3883280
11215201
20247441
15951509
11834545
7361558
3097861
-513992
6328847
11893693
14236255
15674434
4132329
-486944
445955
6142718
13378596
9404700
-223285
-9235828
-12921497
-11024734
-1017949
6944275
6928242
-108315
-7650088
-10037037
-3283688
3783478
-6353855
-7455096
3842755
6621008
3409367
-3764094
-5347444
2207344
10273179
9603482
-3930761
-8862452
1822808
6486520
7699700
6903641
-1125946
-5166437
3045099
6639629
3662505
3056202
-9463373
-11468529
-5296555
-6476720
-5312701
-15202724
-16933034
-7803736
-1880297
1107084
-5012511
-7612331
-10385843
-12503826
-6996810
-7415617
-10813550
-3882261
3261218
-273631
-664014
-935321
4810370
13160223
5490668
3099830
1180939
3426673
14529938
8240290
-438605
1365283
3549477
6581032
9951679
-158606
-5618850
3836332
4344443
5957377
3896757
-6086273
-8104548
-2089311
5718102
-315443
-10304597
-8592111
381640
5945036
6543325
4993945
-1084623
1732200
4117076
-402475
178358
-3489953
-7294556
-3616819
-1524462
-332348
-423801
-11067028
-17690464
-13730905
-19489978
-21457125
-5644844
-4469968
-15794071
-13561332
-17401595
-21078826
-7018254
899329
1251004
1634596
-2280473
3070654
12357892
12451322
13748137
12817740
15822711
19249193
12455737
10461281
5707210
7803685
16942839
14156442
4080426
-4334434
5347129
14234660
8974548
1027165
-5297286
1228464
7243638
1126614
-5762673
-6179371
1322846
2909817
-3786006
-3488009
-1774434
1348458
5453301
2941387
5237589
5070113
-1150912
6900616
15339075
10298286
12537141
11397258
6474706
13353151
7173008
423961
3858012
-2310189
-5489335
-2460830
-1401537
-4307409
-9397142
-13858693
-13676300
-5816703
-6738990
-15013241
-13585575
-5482360
-7257606
-14050248
-11864388
-10361070
-6675999
-8935471
-13000033
-2588612
1446624
-4833261
-11346765
-9539090
-2885361
-3087633
-397403
3391995
-1863604
-4082036
-4908614
-4152330
11082463
19222760
13828883
6195524
4001743
10500541
8472512
5655318
8495704
9342674
6679407
827166
-73062
780513
6235234
11611309
2780627
-7942526
-6913395
225670
5188454
8883722
9656486
4127767
-7403560
-10150371
-1816150
1996647
10995726
10672683
-4479406
-3637386
814381
1491705
1518160
-5946016
-9397091
-9521253
-6865731
-6908394
-7602074
-4471578
-10903070
-9665405
-6680554
-6156234
2721254
1067841
-1495038
-2148761
-6396102
-7765520
-3386477
4390798
4955384
233956
-5533159
-1381580
12691931
17550174
6792080
-4462625
-3559810
-1375561
2363332
2945092
-4777137
-2642072
-3670247
-6325767
3299136
1933606
-2578326
-3986101
-6592110
-600221
-1625780
-3659394
3340114
9139120
8321313
-1456221
427288
10880184
13615874
15737554
9838372
1577337
3601168
7253834
9173092
4121145
-4213105
-3957322
-570160
2028929
-1352489
-10130412
-12174682
-5029912
3867078
-1168800
-10326842
-4915022
-35533
-2854129
-8226093
-7899681
-833619
5032940
10800110
3207464
-1695532
4612018
-1398001
-1752833
6043646
5965470
2113224
3260737
5538761
-2065370
-6349071
-3236255
-3904055
-5165317
3600747
11784030
2548854
-7746352
-15250260
-17562017
622120
11802229
4435620
-1647720
-4649570
-1617220
3476424
1361009
391762
2155926
895951
1937766
-2366265
-12853114
-10339676
651385
16354
-6933666
-9904608
-8761819
1765517
7284863
3490518
-1284219
-4004969
4677247
6632051
5691858
11830242
7829039
7608970
7247466
383008
1816556
6771973
10486514
1348184
-7599070
-3517814
1295548
10006411
7656023
-4350826
-2366809
4455669
5957251
9579409
8747013
2325653
4626633
2960053
912998
6749751
7015043
8304733
7533565
3205465
-3564959
-5294575
585580
-5493071
-4865144
1757025
216478
779954
-5675913
-7791838
-2759624
-6641518
-10364739
-14496011
-22207739
-14571673
424248
-6141065
-10552260
-5322713
-10852632
-8829927
-7481695
-9907272
-4882740
-1975305
-2467482
-4683641
-2638840
-6377950
-7424577
-2538634
-3878810
1692473
-831223
-10567186
-7806114
-2485373
2251830
3702501
-2930177
502007
6377984
-4241392
-6746158
-1867614
-3845134
1700994
4305043
-8533873
-7089304
5309956
3876371
3524210
1386156
4670767
15693580
7005684
-1561667
7109688
16705927
19390951
10533253
1480352
9692944
22191566
22400878
11353819
2535609
8200234
13123354
13556541
10190525
-903305
-390784
4041535
5421123
7433808
1476552
-1134343
1565117
6588034
12200813
8887275
948861
1486541
5705950
4508992
7164832
2659574
-5329835
2569695
5738166
-4582571
-9750390
-4792380
-2127489
-2764639
-8802604
-16332908
-11585981
-8601987
-5128052
-7469268
-17884265
-7270633
-2850520
-11154824
-8173362
-18137246
-24707349
-8993521
-6476435
-8691098
-5271215
-12364029
-8131248
-3024745
-12693482
-7451080
-2531951
-11094217
-6393660
-522692
-9086120
-7442126
-2347532
-6674699
424248
245188
-5393346
4939708
4349851
-1117477
4558346
6946972
8512468
6378167
-2509588
1844867
12899115
15960044
13482303
13733213
20469433
13259663
7659286
11949412
14289065
23189955
15439800
6401635
15993511
19275856
13143814
10005006
15250096
13496077
8748366
7565116
4912024
5281195
5436280
7953533
5073795
-2983417
-9438493
-14975643
-10893003
-6736039
-8393074
-14965857
-16420865
-4826767
-3758228
-1890533
49708
-15002805
-12322276
-5421897
-7465263
1926116
-5459487
-17878088
-13388815
-13631261
-11755726
-6520587
-10505924
-10858553
-9485404
-17511165
-16178676
-6196096
-4091978
-9033387
-21035336
-19326190
-11148459
-11941764
-1090292
1194169
-1392181
2320474
-11279187
-10466454
6656401
8522701
6821666
1361447
-973589
7371654
6401060
2897459
7436823
8468059
6455828
-265404
-7314403
1829982
7246433
1865811
6825371
8582058
-6569
-3410626
5692226
14301837
9900930
4842085
1701544
218633
7118071
13018359
6421357
333308
3693865
4066151
8034374
11488583
7408548
8370360
7977734
3034212
-643625
5064927
13032172
10165588
6201822
3866437
4589192
6797709
3838591
-3946560
-3320394
8268590
9337011
6930439
9263590
4413392
-5727685
-2044505
11570041
8390375
-889376
-3029658
2764104
12619968
9858682
-4206698
-13202612
-7120041
4739689
5453809
-5121222
-8246815
-3127493
-2328383
-2453623
-3553846
-6734557
-41777
5101621
-3226785
-1381000
1523111
-5959524
-6591937
-2762381
3069079
5681334
649494
-1256596
-1370153
491773
6752387
7274193
1493568
-4424834
-5398790
-11309413
-17026867
-10810328
-12682532
-14818860
-10445278
-11309475
-13042612
-16186870
-15372372
-11067646
-5628296
-2677799
-6812611
-6027159
-5217547
-3807765
2122911
-4301910
-12167226
-6641720
-1288824
-3895621
-8113517
-8683002
-9031060
-8048198
-6837698
-6389691
-2580187
219781
4409038
4748692
1878396
5011591
6128643
2517541
31789
546132
-446612
-2077432
-3019189
-1784825
1916503
-301389
-1378866
4741338
2976833
1362711
8039812
6139882
2734240
5696394
8077904
8269929
11519861
14880606
8734383
8407079
14043346
10956863
11626658
12709603
10353873
13366691
8691945
6177833
13737676
11450099
6506099
5662631
4153750
12011734
16115792
4852532
-6000460
-6773380
10243519
19027180
9597383
2742376
-1655542
5425672
10445060
6546978
-236351
-5782433
-1419932
-1815601
617209
3755064
-2864718
-9549207
-11032793
-3919351
1231772
1613368
-7060723
-17902534
-8804254
407908
-7308519
-16906485
-22847596
-19710468
-8876046
-7302397
-13684620
-17022144
-15502197
-7598278
790074
-4822198
-13779156
-12278586
-10684061
-3627700
4092063
-570065
-6441011
-7240128
-1407272
3595130
-1459002
-10664757
-9685024
2266336
7797310
1010703
-10135572
-6273343
6118070
8077127
5943755
-7665594
-13125224
6077941
13609543
11464608
3395947
-12293535
-6542612
5536466
5396272
777540
-1964397
2806217
5160390
4067654
6079760
9545402
12991884
13501580
16470830
17228000
4290785
955524
12613509
11367509
6404761
7866317
367214
-1431042
6468873
4661870
4088622
-505334
-6615634
3077971
7000648
6473380
7732166
2003344
1813128
2754404
-1041713
763322
1982119
-778442
-525030
-5416471
-9631038
-1706469
-1166688
-6901662
-3224282
4415036
7763140
482951
-5641559
-6679449
-6969092
1582888
3222910
-5923210
-5164329
-4324131
-3608215
6731346
3437832
-1333259
-908312
-12472040
-9699704
-430002
-3044803
-6350778
-6526053
-3968187
-4456800
-4206266
-3292298
-1019137
-1159841
-4524382
-2352298
-2504373
-2598473
-2743458
-7377745
-4980671
5240010
5020830
-4977686
-2284899
300682
-1883830
6464601
5368268
963403
6946417
5423775
3255557
8610362
9796439
6616446
7640675
10950857
8800140
630423
-2568778
1556313
1344653
4567993
6616603
675560
-47534
-1050346
-1468030
-2818129
-4781913
-1743624
1575699
13502
-7128031
-7796113
-7636756
-5648281
-49494
-880913
-5100492
-7143160
-9769423
-14525529
-13064357
-10505170
-2818345
-1057851
-7247008
-9347618
-13767807
-6603263
-2673640
-5912395
-8289890
-10150055
1796096
1703341
-8708430
-5313373
-211119
209971
2548763
6210649
5526180
10790155
12796696
45944
-550922
5509760
5419890
6522435
3689905
4500533
3189508
1627256
9184642
6447700
-642171
3183063
6259061
3579720
3115113
2054553
5433953
14124543
13680485
10806244
9775683
9709100
12624356
11836286
7649097
6914186
6653643
3014500
3734992
7484357
8710455
9438286
8537275
2044541
2522816
12755030
11635573
5737629
2731666
2822612
7574564
7319719
6571311
8590006
10837225
5712868
-4215123
-3812160
-3038877
-9367824
-5317830
3964725
-1881353
-9779515
-11159783
-14423771
-16003518
-10244043
-6555900
-14666648
-18249967
-17610877
-19728828
-18631790
-24049925
-24354341
-14753090
-6550863
-1512571
-9932939
-15768557
-6458735
-735361
-4948614
-5392160
-462330
2044124
4551220
239883
-8991695
-11443647
-1988995
6121666
201249
-1977272
-3225086
-11970037
-11226223
-1818933
-2013200
-5253870
-3947375
-4234850
895826
-2447499
-7247580
960647
3390168
5327782
2461564
-6863277
-7826384
824123
7509327
3018974
-726147
-882615
-792808
-2049932
2396908
6289644
-4082641
-4205059
4880597
5310373
4897886
5794548
5941638
-242867
1147856
8072364
4515718
8329717
9342627
10571602
17411346
7686495
2829079
2870887
1738212
8499354
6910971
4252970
9416471
11797996
8525206
4313044
-2333381
-1942250
6217038
1882209
1320766
5934730
4326372
6099130
1187975
-1787606
4918912
6102887
-755706
-5000757
-1410621
742451
3875921
2410804
-3176533
230165
-990064
1936640
16106943
17674132
9500699
1680143
-3214566
4522871
14169609
12190441
6668495
814841
3226821
10152018
7370314
3919601
-5013489
-9403419
38260
-2738188
-10402084
-10773155
-6562731
1588751
-3726765
-13660513
-5997906
2645520
-3106466
-8909958
-9583331
-8089280
-3739611
-2658594
-2024659
-685457
-651257
719206
2660481
4841831
5187129
440913
-2598329
1397698
2675895
1494563
-1607444
-2336552
6100632
5211533
-5243593
-3267552
3208038
20169
999695
2443217
-473033
150534
-6456131
-14482958
-7907533
1978942
-5076961
-15988066
-18194967
-18718288
-12516631
-7587726
-8917187
-5903002
-8265829
-18404017
-16081707
-8111845
-7303137
-10864016
-16747483
-11458073
-406916
-1707345
-6859746
-7301692
-7332378
-2974884
2071366
2239313
2806574
559163
-771784
2456494
4502428
8015568
7850673
-3624536
-6746670
6379151
18466436
22147824
14274668
3327219
-198948
4845270
15228553
18012318
10780841
6534114
7795110
7392925
7457701
7228352
1722917
1515256
8218542
5225649
411696
-996138
-8914173
-3649258
10416044
10229545
4669740
-1910471
1821253
14082407
14707317
9112040
4339525
5474539
8315468
6013649
6185367
6334142
-3996198
-6732608
6126745
2341643
-4267195
-1755463
-6759475
-8030420
-10746101
-12617158
-7404439
-1878633
144473
-9354548
-18739906
-15286923
-1668981
3095442
-4012614
-2459261
-4438747
-8156376
-1645512
-2408315
-3905342
-988367
-4521138
-7230788
-5050315
-1651327
4917728
4997548
-3318612
-2075772
4179401
7348599
10362125
5750368
-2970037
797916
9039897
10145213
13442570
13864654
10523329
8469333
5466911
8388019
10367853
8912347
7006476
4430030
2278064
-7041413
-8047270
-650900
1795796
4808643
-3249994
-11567346
-6514687
-7941278
-11368053
-5152678
-5059119
-8788880
-2162269
-6287397
-14656708
-4089498
-3635627
-9977103
-2134026
379975
-2492523
-1942470
-5026933
-2030901
9918864
6203352
-168552
930495
646658
12524393
11394649
-47707
175927
-1629080
3012888
10580168
6013473
-6814797
-8316570
-197459
3042105
-957627
-10130596
-11017574
-12811245
-8438057
-941400
-10051719
-11827139
-8428570
-6572887
-4431230
-3628659
-3014717
-8184206
-2380876
2519941
179312
-1279369
-10412830
-1184907
14667284
6773079
-2072515
-2973508
2355616
14887085
14836612
1470599
-1007152
7575544
8806783
6685392
7465124
3689044
1908829
3910921
5505064
9235201
7831864
4133316
1516768
733798
6523312
10280505
8803678
7737135
5573328
-4099104
-4505504
3301648
2612730
7259982
7082563
-2392114
-3402837
1011577
4339327
3961641
1388138
1212796
3272260
-198350
-6460362
-6479711
-5154615
-5413707
-5953049
-6653892
-5084608
-4431467
-7668193
-10162548
-2778343
180610
-10389618
-9986119
-5872528
-7156407
-4522344
-3239965
-3858438
-3222595
2004292
3378894
-1686424
-6978589
-8505369
-2034609
-1965947
-5799583
-7938994
-13333563
-6530478
-1173655
-10875212
-17388202
-15884706
-9010117
-1077227
-2175643
-12209157
-14404628
-8361990
2321818
9042250
2630861
2967025
5844428
5498015
9767249
14563617
14972721
7512851
6571663
12015330
10465312
11455174
13979543
9143085
8459995
8229783
7360749
11933648
8491693
7158050
9698374
9979554
15107518
11334647
6502420
8443748
8075374
9420643
7851357
7244175
6164220
1784229
3575551
3469996
-300693
-583890
3449589
7110376
8988074
5410221
1999190
9158800
10304949
7673257
4625294
1229373
10357907
12894527
1209361
-7294810
-5214959
3313284
5718454
-5205871
-15518121
-12818386
-5933732
-2388514
-8270541
-19131928
-20406138
-13559419
-12824874
-21415496
-27643263
-22592212
-10928156
-12644567
-19227919
-15940134
-20621569
-19618198
-7203014
-11394974
-20227819
-16738225
-10341014
-6492390
-8150043
-13386054
-14135475
-8695873
-3275970
-3827948
-1313331
6885237
6054218
673494
-1166924
-664977
5800122
11884694
12084664
11951009
11691959
12471457
14199856
9821234
6769938
11096738
13124298
13891543
13194413
7952208
11033871
11249595
2703946
5952606
6078711
160326
6080827
8885258
498173
-296350
5728609
3676855
4653558
1942723
-10373451
-6864154
3837508
1160164
-8271084
-11669387
-10163599
-2333369
4533423
-6603156
-11864299
-2647385
1099300
-3191388
-8209162
-7457821
-3987997
423497
51108
-5159104
-7226755
-1104861
2170272
-2401516
3338243
4890464
962402
6419214
5614888
-41426
-5101482
-3497289
3944201
4373825
1372803
-2789952
6183
6268913
2697097
-1287950
2152977
5810420
6537661
6577132
2762961
5327119
9932410
7102645
7866563
6211596
2528268
3004801
7064159
10654348
6556172
989571
2016534
7724781
8280826
2469762
-2347948
435877
5912014
8297494
1725563
-9495717
-3207296
5787920
5724008
1173653
-7928412
-8470420
-4159101
-4370878
-7059363
-5314272
-3616301
-2158788
-809869
-4916571
-7276601
-6957973
-2410182
1384449
2068756
-2332384
-7482133
-3976452
-5683246
-7481541
-2834079
-3488164
-3261877
2261025
2181522
1048033
1700619
-2363019
-3044982
2717665
6801042
2572284
-3478816
-3952046
1941236
599508
-7347981
-5618967
-4485965
-1516213
-1176099
-4696390
-7171517
-7606962
857075
-2663497
-1631610
3678305
1695342
7704179
-101620
-7658092
-4500378
-4712925
-2888885
306054
268696
-6979301
-10395169
-9039930
-3851553
2873836
-3300117
-10667215
-6578286
-1332231
193309
-2401589
-7813073
-2932459
3477174
4365014
6391593
1317249
108636
10157783
14512964
10098411
4959937
950196
4284140
6599740
-1913473
1046106
12335986
10945888
4545435
2040918
3065985
4712080
6532016
8577075
9859474
6864406
-753624
-1561409
4514008
6960849
6132235
2798051
-1249509
3360215
8039555
5214416
1248476
-4623066
-5981839
2115362
8176247
-933528
-10183745
-7039920
-5711670
-1424817
4915713
-1135043
-5929524
-4448461
-1923444
6331118
3896398
-5342460
-3889887
85830
1349607
-233817
-2018543
-3550110
-2481657
-521851
-2310290
-369713
5452636
1486551
-4451350
314416
-2843375
-3419852
5128225
-444560
-2756706
1311529
-2506945
-1260559
6166746
8048238
-1887016
-11590792
-10378061
-4329401
5043464
5279978
-4241083
-6124268
-5045183
-3574997
-1844929
-4732638
-5889013
-5692837
-8343196
-5568816
4374675
5265430
-4194288
-6321025
751266
1461011
-1206194
2101696
2286823
5758044
10622010
1439243
-7849817
-5783585
-1896555
3360068
7571698
-2415421
-10072277
-5833637
-1508159
3027625
-3632345
-9477453
-2096113
1759773
5900031
5919810
-1066926
-3657049
-4685757
-1401677
4239591
5304808
3400442
290924
-1262769
-746493
799008
3797778
5836788
1179717
-2282349
-2723080
-6432264
-878740
1223121
-7977000
-2719450
7584119
8231736
7836301
2672932
-2150543
6307291
11316767
7693942
7179773
1585983
852327
6785780
1762924
-802008
2713270
-278404
-3861006
-4520948
-1788784
1072283
-451489
-2157272
-2354620
2348411
5705764
2714605
2391399
4058172
2859280
2086699
3674261
6792467
7850030
1160062
206636
5925357
3057526
-2014784
-2492757
1284380
4884936
4550093
-2887787
-10038321
-2131457
8038670
5714338
-684273
-3565063
-2410170
-283597
261848
108454
-6324016
-9967117
-5097307
-7992274
-8103932
-2443123
-6621465
-6036556
-1928206
-8369289
-10445421
-7070767
-9546870
-9739936
-3423455
2078759
2198962
-6579522
-14447870
-5130022
6332569
4311516
148153
-6441724
-8735224
4221556
8837925
1258491
2530319
4735524
2801895
5382332
3742131
-897462
-1457257
-3040559
-1478535
2386270
5847843
6454669
-1975921
-5859510
-445125
134797
594315
7713861
6604786
-1812195
-1328539
1722753
4676964
8400324
3259185
1980240
7228772
4348328
2025694
824220
300255
6798351
5628218
1731165
2474530
-3665274
-3077802
4574749
2548899
-2420498
-4107180
-1869302
3866128
4365929
-1908020
-1254152
6347248
7983620
3828349
-949385
-3496974
-773290
3187442
1895741
2795322
2166064
-415529
4742112
862606
-6992957
-6808883
-2772515
4170558
4223298
-3942611
-12604929
-6076270
800052
-3186257
-3243621
-5236706
-3386358
-1277363
-2926372
-3850652
-4299773
-2374583
-470325
699323
-3949473
-694030
2374201
-7717697
-9958899
-4811869
-4825582
-6118327
-2678468
-4501546
-2414969
3218546
1588861
7153118
7412540
-1831440
-2198181
3014391
3774168
7882957
6281739
-5145755
-696563
8065178
8416891
5229357
3255398
3490713
2642133
6945184
5784950
781179
661635
2314316
2648563
4080500
8571171
2542337
-1510490
1989913
4476395
8725152
4583717
-752731
1638702
5420119
6068254
5897575
3688244
1596955
5722564
4176874
1794279
834059
-1873052
5121738
7232749
-3061412
-12487163
-14534770
-5646760
50134
-5772454
-11758230
-12308013
-10918298
-13712144
-13468513
-11107093
-12632369
-11963943
-12113256
-13845591
-16007623
-17590275
-11501409
-7239670
-9153086
-5594078
-6030214
-6530367
-2360982
-4197434
-5278417
-6015456
-4497117
-1595964
4235042
7014712
-870060
132723
4582111
4849392
2540736
1265134
6982484
4896903
1842462
6466179
10053733
12026761
9244857
5092162
8696682
13551033
11790607
10363654
10568005
12501982
11308683
5033028
9263717
15692233
13722511
11898412
11667692
13481707
15906525
13433671
10898216
14061616
13248051
5400541
4301591
9583917
10337080
8081894
3894933
4293037
9789986
9846698
8163058
6270933
1895599
-1274007
-1834999
-3103610
-4518527
-5994743
-7164870
-9157996
-9794439
-3164599
-6730310
-12649873
-11578232
-18963091
-19485967
-12808443
-11423292
-12198930
-10889014
-11839391
-13093687
-8757309
-10894532
-10999080
-11947927
-20148003
-17411709
-14147588
-13767364
-5906593
-7073015
-17310464
-14532224
-7551956
-7728021
-5252926
-4284919
-6208597
-4621124
-3495775
-3389307
-2316173
2253807
7258108
10068416
11740632
4062993
-115823
7669914
12205261
11421840
5292900
2901515
7039799
11446807
12293705
2268456
-1586850
182719
2391365
9433086
7021075
1743408
-2049748
-3148829
-1681263
-1358159
-743575
-5431367
-2924100
3417972
1950768
4395237
3947773
-4284138
-1603223
7909926
9855602
9440449
10424425
8682947
3129884
1435717
5680820
7286727
4366071
3996142
4015039
2379221
707877
3635516
10265756
5567882
519198
170503
-3472322
-1115941
-139763
-4814661
-3341972
-3659924
-8948077
-5480362
-1358834
794
848228
-2515103
-3950620
-3773806
-2786752
-2965535
-2774901
-2821209
-182000
3376788
-1864429
-244015
2494511
2567656
11110987
7354662
598505
6009586
2396978
14817
4791589
3352206
7465447
7019475
2233983
3840954
-2248378
-2374219
5733986
5834625
-1878007
-11754623
-7014348
6955563
5685621
-4456402
-4433542
-1656263
-5116629
-7286782
-4943996
465055
1795881
-4888866
-5295220
4361711
4673312
-1218038
2418641
2066596
-2090321
1390843
1648262
3334517
7115584
4857498
78866
-6421940
-4027491
2235662
1526517
-2067745
-5163013
-11053111
-14860880
-4632004
-1191713
-4530521
-8727844
-15392515
-2859159
10389583
3856337
-12533929
-16314389
-4089689
4476167
4683637
-4552304
-9159720
-4131695
1205362
4551911
387791
-5472292
-6926440
-6682423
-1841786
761031
-5174476
-6683843
173360
5634588
-2968582
-14034857
-9523576
-2112557
2465202
4426251
-88500
-4433538
1677080
7883883
2340652
2593565
7464541
8552408
13336128
9314886
2079597
7280263
10480636
6526310
6091889
10149406
7032721
7599134
9052392
1879460
7282396
3369005
-4975774
2950239
3110046
153567
233898
-2620600
-3929422
-3725
-2087492
-6091842
-5400095
-6949645
697987
7695149
4996451
1044230
-2424897
-1516219
1927179
3267214
2485553
2427110
-1279405
-5312223
-3451408
-237254
872141
-1822827
-5271436
-3174063
2315000
-395223
-3984915
2667881
3716543
-5343370
-8482422
-5024945
967254
3537457
-3487659
-5584940
-2586734
-2329504
1581062
1690963
-4726856
-8907461
-5180133
514575
718935
-1200925
-8856339
-6795785
4464167
9413299
11904559
2951112
-3601601
2858898
11487084
8912122
1445795
5664455
4651643
8249086
14070296
8130243
4970256
-1269600
-28542
9816390
8368201
-303859
-4862317
-1379000
3347598
4953195
393575
-4672282
-4879527
-3733651
-1503531
-2290752
-2138608
-3668772
-3778944
5456696
10731534
3659278
-6806923
-6377849
-4666208
-3740994
-3734246
-10349483
-6111516
-2846027
-5432084
-5896607
-14293109
-16708131
-7000327
364320
-3711639
-8556740
-7894652
-9090909
-3166720
-1179037
-8941683
-6435459
2814612
5263623
679476
-3668376
-5446232
2587128
8075576
2856734
6571072
1419320
-2047246
6948746
-1695327
-6998747
-6479982
-9619480
-6267039
-2305762
-225453
1782970
8049580
3762075
-1924281
1715364
871476
5718710
9873285
6254210
4246889
7820004
12056080
11985559
13064943
7064668
5184855
17142643
13865238
-1673289
-3311603
2617589
6426481
6182639
-3219058
-5647556
481305
5205622
12279420
1113378
-13166859
-2698806
3022901
-2959746
-5159518
-7352918
-8064799
-2691063
-249816
-8051673
-7593672
-1846143
-7631115
-6710398
-928355
-2125339
64211
-2249799
-11363970
-9005830
-4781957
-6265363
-2223978
-3656327
-8166606
-5170663
-2368368
-1594625
855175
-487953
-5165994
-513102
3644233
5844218
10755702
7292101
4373738
9995127
13282205
8190810
5894840
8426935
8491256
8260670
9924388
8989376
1973420
101494
4818494
4320876
-1230009
-2508347
3343212
7425201
5916637
5662654
4592556
-3019943
-7805790
-3146464
6866604
10191405
2488561
-1755611
4113433
11127451
10307150
8738185
8551064
8083842
8044762
1213951
-6060883
-3655390
4659301
2783331
-139378
597103
-7498533
-8005074
-1315687
2989564
-2157888
-14299061
-19301318
-13962971
-2952735
-1690731
-7412482
-13392445
-14856396
-7710471
-5140048
-13278054
-16691815
-11359763
-10401034
-13758590
-16444745
-14074240
-14167245
-17401870
-16238007
-13557064
-13015326
-14663074
-13829323
-15535865
-17607717
-19064552
-17633193
-11085880
-5473956
680322
-1198900
-1732275
2516826
-1076303
-4573636
1064740
10590186
7739380
2333619
3078382
6548834
11293172
9901475
11209133
14449914
17381373
14660488
8735222
16799872
24092176
22633552
17463962
16016555
15086743
10850223
19059362
17619211
10809442
14289057
11065354
16144391
18810862
14629720
14738092
9025084
8726284
10659695
12696423
15825992
14017881
11614861
10811482
13081212
14310597
14917429
12419299
10299544
7143158
2013760
3898249
-1259222
-8060193
-6738270
-7015897
-8387436
-8404081
-9183659
-12182762
-12087630
-11553864
-11720434
-11303089
-15470380
-20800836
-24107230
-20233388
-11237438
-10250553
-13756209
-16043525
-18424873
-15883158
-11138626
-11685074
-15481486
-16582233
-9048934
-2327467
-6532234
-9730706
-11347070
-11139398
-1250233
1424313
-7299181
-9470229
-6849933
-4739745
-2690587
-4143473
-5975762
-5404953
-4918794
-6562405
-2013725
6234374
11724689
16734951
7992915
3487614
11796094
12187193
12358937
8125793
3890064
6069429
11181239
16820428
10318220
3381535
2222919
6895399
12646158
10921547
2797900
-261375
5370982
678489
2536362
211178
-6740218
-177365
-2224698
3774461
9189514
2727284
-871422
2772729
7336721
4723664
4859130
-4532230
-5996243
7031760
10904677
6422747
-5805804
-10879738
-5353954
6016090
6350505
-6917248
-9052989
-8263970
-2843940
2772092
-4073540
-8229319
-9424131
-3550499
2738126
-5385071
-13494611
-18761329
-14290373
1645159
4036331
-408062
-2954384
-9836739
-7339339
-572535
-735715
-679594
-1725510
-5390079
-3792636
1408137
1964753
3107139
2638220
344316
6872648
11625386
6836463
3056939
5932061
11154677
14186843
10783122
6933732
11535854
11929085
11987500
17643526
15797650
10509516
10942232
16960643
13674673
6688996
6854169
2223339
2951925
8950550
8095979
5659546
1402757
-1772553
2760212
6403251
3210982
-2710389
-10812141
-10664933
-4778306
-12766351
-16205049
-3795392
-1980414
-6369975
-7263020
-9239526
-9629455
-11676476
-12802257
-12211577
-10223756
-15517306
-27786504
-24934702
-12399704
-9294144
-19448057
-26879373
-26492855
-22095361
-16180951
-20970060
-19906750
-15568281
-16760384
-11044746
-11083752
-10188647
-5139098
-7718761
-6184906
1135355
2616899
-1218410
-4253087
-3283156
4625524
13589654
10246708
-2636547
633440
18065818
26735073
23271080
12896262
5020128
5121698
13280810
22250605
27417700
21371845
18337305
23048770
13813804
16450845
20801629
13348415
22126927
27940074
22211179
15474565
11821704
18553454
27187401
20456030
4301888
5539594
17778632
22911531
16650906
278012
-5194107
1220139
-470276
-3026797
1439015
131205
-3374167
-5023557
-12836869
-10769935
1123557
822331
-8402934
-18451644
-15957642
-8345497
-13002970
-12167328
-11557698
-14483095
-12180233
-17458879
-22066510
-17678508
-10476200
-4219641
-4936886
-16876363
-20774192
-7829288
179859
1274865
-4065468
-10977393
-5837848
2411812
6825151
9026026
-1487510
-17580763
-15434961
-4496911
-803767
-2866408
-6724238
-6425106
-1782779
-3292506
-8253944
-6219714
1015299
5715125
-2013340
-7652990
-4478095
-860583
1156956
-561490
-517291
-1356641
3711908
11461170
12312271
11109890
9901126
14561021
13250203
7832621
10587037
8189629
8195675
14792623
9876895
2622274
5249455
8842793
7846295
6812228
7341005
2475080
-2042723
-1854041
1474126
5598536
1591136
802362
-2752445
-8616882
-2008444
-2929767
-5665787
-3964601
-6469140
-6530986
-4459907
-5012576
-12647562
-20515391
-20477512
-14422121
-17288433
-22543862
-16294082
-18193191
-18829631
-15404636
-21697666
-14575999
-6756718
-13163726
-13339423
-10513900
-237407
10687821
11323
-10185890
-5431999
-2946271
4144227
14556138
7056461
-39305
-3122580
-5143565
7135307
13039756
9995694
6687440
3867525
2310695
4760728
13156347
16810162
16747760
10132074
8315848
15062972
12842451
12451946
11967933
1860868
1268014
12984758
23496255
32379687
29187269
10666985
5789118
18969000
22450892
22886283
24568349
18242691
17581293
15600392
10515551
8368359
7778533
12881438
19318603
23629581
15646829
6526158
4790394
-654480
5008222
9337267
-828146
1975006
6492085
-4332291
-10465249
-8777794
-7170420
-6584507
-11913308
-24385276
-31654853
-27135298
-21734510
-19499400
-23050832
-35656418
-38721322
-30999931
-30497764
-26299564
-27136840
-37957048
-30083308
-18863906
-14916302
-13596385
-24079290
-21931358
-8539146
-5312798
-1428911
-4309874
-9761667
-2785564
895395
3582684
7185132
2893370
4801338
9448133
6086547
6401069
4589911
2112385
6184824
5769246
10758770
9095455
128045
6436476
8463759
7987620
11733494
14955908
17448347
11643054
10271310
14646405
19482401
21076828
12594060
7914567
12004153
18224570
17791632
9944590
2369369
-2446954
3402139
7750709
6262617
2613571
-5807387
-4157225
3337861
9503472
6516846
-2535073
-6652946
-5012700
5595984
8819151
-8758
-5698052
-778185
-461298
-5394238
-11379525
-17445673
-8178198
-5161000
-7621642
-15434619
-28619880
-20063091
-15768662
-13621412
-10161296
-23616750
-27816410
-26201533
-23341291
-18393949
-21203064
-16969515
-9970065
-4227981
-2684121
-7444603
-7986802
-6748404
1424329
9182261
11781905
10965554
8213407
12813752
18381846
18752988
9280217
6602581
13588799
19472832
22995254
17570406
16021668
11522734
10350218
18090911
18887525
20341887
19358115
18833067
18185538
16147291
17612673
17920343
17059081
13330436
13263871
12290754
12952685
15040640
5950381
3342922
10472339
14838513
10670721
304823
-1554954
7278410
10517531
4978028
1420834
-940301
4505292
8496891
473960
-1269184
-336624
1573113
7189317
-306907
-7425229
-1532136
894788
-1842225
-5081770
-10530315
-11802552
-4826855
-3979001
-11104850
-23310482
-34599003
-29298036
-23224681
-26624775
-34292581
-38079825
-37101337
-34972017
-29323087
-31399046
-28762728
-28814681
-33018507
-24000204
-24284228
-24045288
-14824256
-10521056
-8915187
-9197921
-7345363
-4669559
-2130004
4032216
7969310
5689890
5798373
6287249
5187688
10637926
13104937
13041191
15021303
10311998
10210965
13351667
14270518
19174076
19220062
17767608
14915741
10828703
14643133
18833076
21326590
17077148
5817175
9801742
19754963
17037593
17001168
12203475
3339694
10381661
14868657
12710962
11316910
3652558
48515
5966131
9229443
9504200
6807513
5007142
12607182
9143012
4889439
10926977
5097427
4317570
7550478
4352231
5792136
-1296292
-7487604
1838330
9482995
6607185
-1860399
-7958811
-8645230
-3987497
-5826995
-15990512
-17300663
-16779090
-19213024
-15665980
-14710954
-21459387
-24542187
-30469262
-33885739
-23520697
-26253836
-28039230
-17257567
-23443830
-27668086
-25947353
-29992685
-21427874
-13847383
-9535999
-5287250
-8269244
-6086419
-9167500
-9596753
-6192714
-8361136
-2309093
6078042
10863138
1708215
-3590563
6080303
11230126
16354503
18660602
12025661
5277215
16222624
22780747
18456675
21454803
15221158
16509027
21627085
19537029
21920974
17034006
15482945
22445300
24377967
20788456
17032312
13654913
12503995
13548899
12549981
16190999
19098086
13163627
6091038
7057412
13510117
12578344
9995687
14734125
17671007
18318525
20097679
15724303
10303685
7954099
5926089
9658133
11699998
6299357
1149986
-2896775
-8343819
-11106062
-10600829
-12381546
-12496596
-13958180
-18466178
-21241091
-32168469
-36756788
-28444314
-25979089
-21518837
-23597106
-34624370
-33082130
-28835538
-24717323
-20556836
-21914040
-24504183
-26817296
-20056985
-11123706
-6629522
-11896467
-17718732
-13121322
-14740607
-7097171
3036520
1010430
401419
2096089
5400853
2022524
3231680
7095797
8005471
11299870
7120354
7784322
14869136
21043851
21270385
11733401
3843389
11049888
28065779
30386451
22795465
9792049
-2462887
3967268
16111668
20767766
17943468
6579813
-263667
7149634
5500380
77720
349508
-7812362
-5703287
6650895
7955522
354611
854254
6523871
6301732
8968454
6592824
5295864
14505039
14257463
9010365
4641740
-2455104
-5825547
-2726156
3619820
-3257400
-15835767
-18863807
-16985406
-7692283
-8928709
-19220763
-19349130
-22383982
-20758517
-9772861
-12239662
-21849119
-23832731
-26807900
-21223244
-9233569
-17072205
-28129974
-23003377
-16222864
-14511262
-13287959
-19058850
-25080818
-16691498
-6486907
-2981598
-7313350
-16031770
-9429170
5177860
4245599
1175298
5209744
7675795
18278719
29777772
25160910
18248251
18916101
21861164
28359359
22727124
13271334
23724811
31207937
30201337
27042845
15716474
9700712
19790223
26515090
13899981
8031419
13838370
15460772
18723561
14164687
1782551
4396784
13822846
11211753
5040239
2157015
3899387
19913204
30013142
18939749
10124402
6530626
6907168
15112265
19349467
10208680
-14165
3642066
7317491
7542052
1658124
-5836904
801226
-693763
-12906464
-16784152
-17036290
-14567826
-12562487
-18799177
-30350424
-37416336
-34063480
-28697945
-25620047
-27997935
-29576476
-24088232
-31857349
-33702295
-25724641
-33754182
-29352952
-14523783
-10919369
-10879611
-14674412
-18179164
-9930207
-222195
-4112875
-241144
6556981
4443838
11695860
16964930
19443877
21074076
11388280
9607007
21062325
23757173
18458580
18778827
20069744
21795528
15761649
3413422
6643239
13313032
12246546
10492329
6428210
5309241
16089521
19633080
6018129
1119536
4956958
10446337
10257848
2780672
3813898
-3241972
-9039133
1629134
3003872
1617060
4335496
1203070
-3382594
-5354857
-3971284
-2944286
-6152316
-3774969
3715948
-4172299
-7757205
600660
-4252314
-11113881
-13037445
-11019443
-5101155
-4857518
-9604580
-11908431
-13216632
-13923516
-11112509
-9052117
-6423648
-12914451
-19160796
-15221457
-16910624
-13782859
-14091577
-17871013
-13107269
-15702236
-16507913
-11815972
-12014813
-19187350
-20729909
-12474359
-14873022
-14797174
-8938195
-9650191
-4600269
-2801641
-4535219
-35801
2010146
8442330
18142921
13624716
10666698
21083569
26546764
33723855
38005190
28296705
27048087
31704526
32007112
35464729
37676921
33035913
26179974
23612573
25326181
27598628
28183864
25259404
19004002
11809058
9259798
13456918
13702836
9106304
8164569
8563761
6938617
2241976
-4285248
-9638047
-3668961
5505251
1281383
-824038
-925861
-3982101
-3356216
-8536057
-11730012
2030564
14139148
6703777
-5127665
-13631500
-12389751
-3387177
-4386972
-9746689
-13571001
-16356073
-24856930
-30270202
-23993263
-17967490
-14929183
-30042993
-43077811
-33350728
-26447379
-23685375
-20536883
-19527385
-18359007
-14954841
-17852736
-23545723
-16293884
-11293595
-11716729
-8001404
-14779403
-23662009
-13587666
-5937271
-2443794
2763334
-6204393
-3931996
10401234
10832003
12514266
22564440
19061011
11515718
20728727
24632142
23294835
24593770
20910424
27983319
28834611
21967013
27160881
22376288
21715604
24339661
15501934
18810667
23423315
20597599
15709025
11947805
12471389
10122452
4091461
-943016
1507816
8152411
9115895
-3074940
-15493996
-7596864
1505087
-2662610
-4135478
-9226997
-16523609
-9216811
-3118035
-8312658
-12678629
-11199024
-6834238
-7679564
-10531021
-11841667
-12558701
-7808442
-10903189
-16623108
-9358402
-2670445
-1676571
-9886806
-19580322
-15617734
-8665616
-6108603
-11938689
-22694080
-22884714
-16475928
-9542774
-7311081
-15423065
-21187657
-20969670
-16035118
-11125703
-13505211
-18581305
-19041800
-8419479
-9169385
-14014088
-4809262
-4965214
-6082662
-3543907
312204
5446647
3997677
4109649
6423273
15971242
21975321
15200628
16197803
26652903
29338322
22353966
22469365
27831139
25441107
23563994
25007122
25931876
28819047
28295357
25656823
24388046
17848280
13666956
18265899
16907877
9172108
4981921
7580998
12822339
4798710
-3807244
152385
6792676
8279023
-4143088
-6346426
6809334
3387884
-12667015
-16168744
-2749090
5639298
6353631
-693059
-13321612
-9450657
-1551916
2122526
2354593
-5515674
-9972023
-5348652
-426070
-4387068
-7777501
-11179703
-10263315
-457018
-3442163
-17626645
-18876643
-8737013
-8772779
-13970765
-18102845
-13958255
1709279
-5621823
-22948668
-15288047
-2858976
6003060
1909175
-16471099
-13722398
-3932785
-2748882
-322986
-3451125
-5973123
-5224030
-5984631
-7418449
-4772643
-1394037
-1046126
-2529841
-3618262
5403512
12386757
5287772
-696607
2088438
7518171
13053233
16657234
14380694
9241915
9396334
16667424
20351367
11661563
4790577
5802043
2599581
4177156
6558539
-1457106
-3560781
128731
264825
-3973665
-11922070
-10452278
-332470
-386379
-10263368
-18600342
-14703637
-1461073
-3957798
-16108629
-18200653
-12766088
-4419780
-9000950
-18551609
-20240849
-17150826
1905884
9092577
-9049096
-19961166
-15057478
2038215
15884133
8471720
-13198636
-15210411
5825847
15963599
8119399
-6310341
-7099478
7455597
10436553
-2891666
-7195622
-195849
1266588
2745421
3909867
2328615
5176560
6931681
2427506
-2683026
-3399837
4843304
14779969
14107017
4108689
-2444499
3195418
7782574
14605598
16843232
8150969
11187843
17898147
16202115
6861063
9720953
22511096
27560095
26345160
13697004
10178060
11916346
13719118
18524884
15412123
15282333
14698387
20648038
20582590
4900564
2923437
7464902
2422151
-3926033
26195
182417
-7006438
-7111843
-14469259
-15517378
-2499304
-7677300
-18839431
-20604707
-22249277
-15903054
-8448048
-15922577
-23940095
-18721894
-20583100
-27029127
-19968249
-18534893
-18478844
-12337299
-19264166
-29717358
-31393187
-25066410
-12144680
-4840539
-12758985
-26224797
-29036215
-17028033
-6719669
-11186872
-12399057
-5175116
-1530617
-63559
-1439647
-1911527
4704090
5718137
-3175243
-3476214
9288893
20188752
18148457
4412026
-1438530
11118924
17564315
22877175
27338606
10802522
10066426
22154925
22974098
21836678
14065563
13215727
23179755
26265033
17069893
11297876
11262155
10322078
19272541
19670779
8095167
3275247
1787623
13365404
25151671
12055429
-2142402
3302812
9115275
5390816
1534375
-3206064
-2253936
8412777
5761104
-13305183
-13291491
-4847014
-8310518
-8989177
-14544474
-10262414
-3168475
-6402489
-5794974
-16611772
-18493595
-7077510
-8736555
-10029121
-12463041
-20986168
-19069854
-9991287
-2836783
-3211416
-11570613
-14948534
-12481884
-9169570
-5115961
-2520194
-4876345
-6878003
-4004184
-2729231
960879
6457838
4475695
5299145
9198755
3097986
3098562
11538951
11679590
12796308
11051687
3429511
9094949
17920862
9929611
-1269437
-907824
4640630
5727486
313558
-4343340
-3717368
2265109
5579113
4113884
4080129
-1081568
-2570628
5961336
10994363
11247517
8137285
1132426
-154854
2148815
-2120261
2953273
7660426
1847947
7975624
8307573
3833980
1449775
-11258408
-5745145
8040873
2038534
-5880979
-8918239
-10642748
-8187400
-688976
-253718
-8706273
-7245207
-7198381
-12157616
-7867576
-8411806
-17447984
-17550746
-10047325
-6803369
-11947087
-16311360
-6825943
-8331706
-19461948
-14201438
-8226162
-3364829
-7068225
-20114319
-15837694
-6500832
-5226241
-2893436
-4826795
-9693648
-13758232
-12075684
262276
7908936
7462218
5099754
3495491
5483778
12342628
13358954
10132935
24014808
34424271
27070832
26202211
26517895
15579234
15931888
21535440
19526974
24595772
21038283
10532534
7774332
3055306
4430556
16629794
15159527
5040058
6981166
1333559
-42051
11335919
2379187
-5152539
1066172
811665
4364421
-73216
-7901787
503589
3845983
-1087271
-5587003
-8437988
-6870257
984124
-2049992
-16408034
-9333813
1070247
-5965444
-10100311
-3090121
-5739185
-12533912
-7763805
-8950686
-4552964
-346470
-11020036
-16052773
-13425431
-14341951
-14599760
-10046459
-10003650
-13456613
-16813960
-11479584
-7765404
-13967213
-13056951
-13629662
-13434646
-5945025
-5420221
-10613588
-9793456
-8795878
-6937387
224756
-2353178
-4654887
-4696579
-10411850
-7718086
-2084857
405879
-1198053
-8623744
-12573068
-4473278
6131266
1077226
-2385116
2221540
194630
-1283955
690692
12891979
24324142
18319889
13593223
11377843
11074866
19028173
20228292
21204721
27697316
25521464
16573198
13349134
15605401
16756335
21060491
18664469
9770483
10179446
10161918
5033998
1396083
7669618
16008601
13634045
8912726
-5433882
-10776225
911716
-2134692
-901112
6293198
763129
581100
377860
-2343760
4192839
1638235
-6926135
-4375740
1139415
5298714
1886523
-859125
-1997304
-10979633
-6547871
-871748
-4449228
-282342
-9692161
-16064466
-7792341
-13342406
-11512478
-8249437
-15672687
-18125880
-17635784
-13797641
-5756440
2000864
-11154498
-20505885
-7020134
-207628
288247
-3035873
-1494968
2435803
-666052
-4418835
-3806355
388520
-897672
2490128
3402919
-1393003
-3784631
-5678275
5997938
15365012
8840236
-1988419
-6996616
5268023
20271222
17412077
4058529
-1399337
3770490
4297219
2263683
3575120
3796862
8824144
13467603
10672695
-6573894
-17611946
-3231810
1321132
-1157548
-4117608
-10604080
-6110169
-6064870
-1972468
-176821
-14337923
-15834343
-7227789
-4597700
-9823208
-13821754
-7658492
-2756311
-790354
-1929843
-7263888
-6879593
-2459888
2174125
1070925
-2947691
5594406
9506474
-1195728
-7683404
-7468847
-4634028
2149022
3229011
-4730278
-9534452
-11224991
-4010033
1488751
-6672902
-5528136
1741543
740264
-2315642
-3286091
2205736
8436592
3601753
-92392
-1400327
-712633
7443070
6970499
4907080
4157494
-1096446
1877486
5949188
7758455
15358677
10953185
-921035
5388931
11031799
10307203
14291983
10484370
7203969
8955460
4501496
2182677
4755650
9674810
12111668
128974
-3469740
7282032
11008017
12665396
9290876
219791
-7707350
-4746167
4075870
-323353
-7207423
-6978834
654380
1487352
-6685250
-6895177
-7950808
-8698547
-5030856
-12082269
-20442797
-7392158
3512290
1432776
-1097460
-4739919
4548887
10571383
7666890
13295953
11413986
3150519
8827156
14016395
9078073
3700030
-2372373
4296248
11115187
6295905
6120793
7075365
6080794
-292082
-3189232
-1082571
-2601983
6822530
14038428
4582100
-3594227
-4787718
2696918
12870205
7177352
-4016190
-1977222
2740531
2967357
1449846
-3360872
-4163203
-4822152
-5817676
1203239
3704204
230837
-3534099
-7320190
-8150273
-5314687
-3910020
-7547578
-6683965
-7875570
-11809644
-7176588
-1562682
-3724533
-6333562
-4033780
-7117117
-3676444
1715935
-3111418
-4662259
-14140604
-22692339
-13369451
-3019150
-4535856
-12866528
-22843585
-30516426
-19112580
-7118861
-15033712
-19475622
-16316967
-10472174
-5289932
-6682672
-4459845
-711646
-4376326
-7485124
-4290786
-74744
4499508
4249282
-2652908
-3883003
-2765623
-389829
10506829
11291549
817264
-590079
1637392
8081590
11806748
1725479
5874253
19947997
17782521
14545871
7694652
-83946
9128415
17106198
20073833
15964795
6426579
3820232
-516889
3605805
10965722
4556496
-2470793
1852009
10749496
11465989
7367514
5695139
4827123
1620911
1978615
7766905
11822643
12117919
12258090
9960969
1921217
5704025
16661491
16889850
14394702
7348151
-1832443
-1423533
1135403
9565050
18554474
9224079
280439
-3109469
-5435650
5374252
11329672
2801005
-4273819
-9561678
-9246238
-4634972
-4529949
-1884860
-6279287
-8203334
-3515111
-13806422
-15410191
-8537495
-14365440
-16440312
-7376662
-2545614
-11922605
-19735889
-16822705
-6624302
-1109912
-9946541
-16899407
-24664772
-19657575
-329287
-5765841
-12775440
-9706207
-14021573
-4554362
9001416
6134991
1867088
-1590429
-2582087
6544331
9065235
628230
-2285620
7527428
13764365
7245771
2420661
6886599
11302185
8156802
5774945
1124086
612213
11046740
19254814
14397184
-771188
1656865
14504329
14252435
6179427
-2767837
-2129573
8472235
12632740
442004
-7594705
-3166799
-5039099
-5323739
-3507371
-5944103
2825014
11042845
5948934
-456487
-8802404
-9415440
8637725
13603835
421963
137152
2630038
1694241
2674403
-4628513
-10808878
-6482088
1000256
1705111
-9528212
-17780736
-12427333
-11512792
-10547452
-8297704
-14321579
-10924034
-11259894
-13173112
-9177730
-19700506
-26614776
-17957693
-3799397
4524743
1653420
-4978703
-11653157
-5405196
1481068
-7757496
-5500925
-4169360
-9991328
2635626
9003505
4390917
2821990
4114341
9507619
12724777
12572703
11172962
8527689
7649000
13768386
16947275
10685553
2125611
2451999
12630226
18123568
17600942
13787511
11598718
12890321
8243570
2207349
5964574
7541985
2591299
485613
-541342
8262313
10457307
4111485
9400272
8813154
3714852
2328135
3458516
7518524
8099370
2410523
-3087355
-3149590
-3152732
-2053246
-3824784
-3091712
2068256
-3827728
-12939696
-12469159
-7814866
-7039842
-11942287
-14712338
-11177355
-10016541
-4970931
-6515012
-13469730
-4068690
-2681315
-3962789
-2984464
-9250007
-5951261
-3239683
-2994593
-4145815
-11536675
-10523468
-2293358
-854941
-4054011
-13246417
-16116346
-13404229
-14104073
-450984
590808
-4025614
1439350
-8569696
-12818302
-2544822
8049666
13891990
13757382
5604277
1917532
3743049
2319707
14220479
20964831
16184737
10899674
3023088
6522200
14290899
11718335
5389049
12223028
18660519
15513880
18207958
19431256
18468924
24435152
22702220
9068932
14137440
20477749
16618711
24533429
14901104
-2777230
1473076
12490318
16341339
8671063
583908
-7654340
-7553804
3854838
-2022401
-7688953
-6733118
-10790932
-11737686
-11678290
-8485366
-8338392
-6805413
-10753924
-16812979
-19637632
-22260646
-11992780
-10901266
-14298174
-14636090
-22897145
-28444228
-27612177
-18577735
-17127140
-28674402
-29705065
-20483071
-21297778
-25765225
-24652461
-22697509
-18338500
-20426261
-25451223
-22121647
-18770990
-16926519
-10825394
-4295010
-6039305
-13074924
-13289302
2665217
14621352
8685730
3505179
-1307213
6713817
22470305
20985528
10705221
5164142
13818449
23824823
26211358
18593089
8665315
10379083
17797784
20742547
13389397
10819604
13573252
20597762
23317923
19231416
20310893
12944614
15838274
27146204
28175749
21685507
12668160
16963366
17663884
14949649
19575361
22541089
23038916
13721215
7246398
8831219
7198484
4630645
-444959
-3809118
-2495733
-3780453
-11125680
-17216477
-19471190
-15077820
-6985125
-9109514
-9039620
-11777254
-18183427
-13604104
-19473699
-21125572
-6791501
-6909332
-15280779
-13324425
-11548198
-13015319
-9552315
-10254664
-10856535
-12356626
-23681390
-21619957
-4647026
-2965413
-18107083
-23827991
-19487654
-14868984
-927236
3155554
-10139980
-8071754
-433291
-2301571
-258321
1730179
5207572
12561324
13768916
14247624
17933244
12537594
11744710
22958258
21202643
18228682
27083335
20887554
9622040
15392112
18067678
20002168
20874025
10609251
7477517
10924564
11972240
11730237
11865160
9695467
11855701
15119662
12268174
11103052
10704789
13171467
9057605
3970381
4810283
6675888
2930769
-7971100
-1458509
-702377
-8836104
-5952177
-10809068
-16247671
-14216708
-11662907
-16394709
-20608655
-22654525
-21077790
-11417756
-13479972
-16978619
-17266635
-25947352
-26515118
-19093016
-20158724
-21862881
-21012431
-29599957
-30153814
-16027151
-16729318
-28353371
-33002708
-32164703
-16527377
-7179253
-16241622
-21144956
-20724274
-8418941
711861
-1072301
-980751
-2833227
2426914
14501404
17206644
7043781
8870211
17224165
14587602
17749083
17537525
14806354
20412485
21156457
21094887
20409651
13238610
16545557
22691726
20044763
22702467
19230461
9788444
10202880
16202564
18996952
12510157
4111533
4419340
12640012
17331135
17946535
7762926
-1740715
8681905
14776832
17784209
16664929
10598494
11410881
11273271
11324294
7260252
8478631
7148404
3044807
3113040
-7902703
-8185218
-353260
2305775
701748
-10190523
-17760210
-14057370
-9322924
-15077430
-12784278
-10073527
-20349378
-16832378
-10865977
-13722674
-10573203
-11847965
-21507400
-20542149
-12113825
-13009429
-14278624
-16136270
-20067886
-15227010
-13296937
-11759066
-10561993
-14957535
-11861453
-4281549
-4071692
-10180769
-6623837
-1048642
4250269
11554135
4656910
-1688539
1609035
6002618
8599937
7305419
2194277
3016327
11592087
15161802
15776128
10599094
6818942
14648538
16005994
11183947
9056586
10744564
13437359
13245481
8796236
315099
8918392
15195875
5103157
788178
82162
12418734
18214789
5790526
-1879114
1235890
11259854
15375824
9592451
-3760093
-1308103
8214588
5648180
5904029
-2090980
-10012902
-9419056
-8274678
-4626189
-3855034
-3388808
-3768262
-7800955
-10569445
-12678297
-12082047
-1690719
-1570098
-15303967
-19656072
-20531148
-16692943
-10937747
-15409847
-15729600
-12637873
-20104004
-25187053
-15106635
-9655615
-10940388
-7923185
-18117772
-24364602
-17007251
-12795570
897223
7147407
-6560199
-17339867
-10403641
4042370
12556295
18731017
9524776
6116785
15439231
10362169
12187704
17508074
19589619
23542185
28538659
31910738
21359434
17149885
18909396
20785199
17068449
10407936
15552268
12566269
12629670
8758369
831094
9843511
7267060
-118041
-1156104
-5698776
-4338209
345228
658654
1051331
-4829339
-13447372
-4746745
4178541
2239774
1339183
-10385748
-18715778
4130481
13173678
-6337655
-9002581
-8282420
-7254353
7037960
4966975
-3537508
-215102
-6285009
-8867583
-2855286
-6011542
-6530486
-9402268
-13392564
-6230768
-11224451
-22805765
-19737000
-14558640
-10096962
-17966704
-35279226
-27846769
-11961542
-17383182
-18895395
-9438340
-11459984
-10729562
-12439331
-13632793
-2325289
-3799483
-4029824
4276785
9754893
8282124
2647794
2306882
8770217
23851120
18706035
13635686
22619662
17474918
13146696
8510563
10247542
16404230
22816485
24724471
12328384
10163428
7598452
13789621
27377787
23772978
16472866
6977085
7753361
9189998
10576720
12602741
4038788
9661018
17579452
19278972
12193101
5324427
8361761
2866701
4134552
7208522
3790171
3028456
4709908
2114129
-1670209
4010267
6901694
10521766
12161389
5052115
522044
4903771
6107738
-4543872
-11550341
-13488958
-5127691
-1743626
-15236018
-19627759
-18350200
-15531204
-16480389
-27054587
-27324394
-21518958
-22830140
-22431588
-22912596
-28907871
-27835046
-20113286
-18242408
-25978643
-30222655
-22583541
-17315058
-23168551
-36027896
-36700368
-21450323
-14840308
-16291189
-15779635
-16722239
-14971654
-6645426
63823
2708586
2906291
-8808487
-10709781
13873659
24617553
16502198
10129597
7378637
15471555
18495642
17928580
21802868
13003111
14335870
26017288
18477470
12236185
9615647
8317407
18987813
17582821
10528623
15523366
20458907
16887793
9406512
10780652
16525476
16023215
9825651
3554016
10670276
23969631
16488610
-435551
-5493598
-1721099
9016696
12188370
3845810
-2664377
-1307509
5070055
9413124
9928576
6306919
3828207
2271987
4066133
9635641
11784723
10068841
5667980
6265070
3427283
-3667540
7198455
12747712
4061194
7131357
-2447708
-14735941
-8593652
-9074324
-8597411
-3821719
-8330700
-15412337
-14667958
-17895446
-21857694
-16485329
-21867129
-23307035
-8673262
-11869505
-24457375
-15569337
-5528755
-2786516
-3490264
-11827541
-9778826
619622
6150381
2149258
-1633528
3371978
8826725
13169011
10287877
4270158
6352430
8500059
6386213
14081320
18815710
6257265
127055
-871845
3161543
18155027
15621170
3211463
7595686
8425793
1194554
4654803
7449110
1142968
-4697566
-3311592
1942558
1917176
-127796
1397247
2115602
679518
-6394404
-10060984
4368615
16319747
5158936
-5417047
1674971
5198265
6648950
8662240
-505957
-3559016
4335256
5333076
2137183
106131
-11937228
-16374295
-4872122
-1068192
-3787413
-19182274
-31038565
-15428657
-8070289
-17180821
-19210656
-15460577
-15996672
-18894611
-18460126
-13914103
-7192646
-13178603
-23443177
-19654624
-10731107
-9929029
-14285183
-17308367
-15592166
-8513962
-12142301
-17145147
-10168819
-3906927
-1831386
2669146
2358771
-4473186
5570352
13014313
9285425
16212986
22079291
24565375
28015763
24737761
18303974
23557080
28964389
33117736
33575317
21640168
17372800
8352802
4900833
10074057
4008788
4203971
1455905
3478537
9580918
126466
-5413425
-2252302
570518
-1178918
-4771322
-4385273
1114535
3348227
-787691
-416346
2646896
1591912
-8772611
-11815739
6273948
10859314
-3056427
-2290355
-1150613
-5620635
-8957
52151
1775031
8989358
6220499
113754
4762450
10814923
376554
-1363194
263141
362044
5037390
-8612424
-8262664
-3378824
-8945468
-2944013
-10779488
-21214121
-19564580
-18071437
-14515883
-9233817
-8838137
-15286007
-16291284
-19430987
-21372732
-11980977
-7322930
-1626343
7424731
7054668
-5766622
-5712060
8974077
13253171
16147893
4883901
70927
18775940
22506951
15952592
10334452
9315699
15069320
20327511
16763576
5462340
3323527
9605591
14324510
17394342
11935485
-3163872
-3530943
7840839
11129230
8115905
3183664
-1048638
1204800
9569782
8253239
3313352
1119968
1537709
9493822
4202954
-8371846
-6093755
1820696
2970249
-2312203
-9899260
-18310241
-12316866
644510
794827
4077263
-4692642
-25185736
-16539725
-5023709
-3119812
4551201
-3588627
-8039946
-4045766
-13413813
-12797824
-8964132
-15918202
-13743864
-7501741
-11911623
-15518639
-8229100
-4876591
-11188592
-10687494
-9710254
-22121957
-24583457
-11807272
43694
1895074
-15730637
-28415181
-25136523
-14872432
-68223
-3827625
-13886384
-9322964
-3966964
3401746
3252350
-1931099
8057786
13932637
13230460
23100627
27642281
24892800
29084362
26292276
24737602
28306855
23317571
27494197
24483662
12038486
15822149
16119586
7047352
3503780
10861279
15184303
5588432
1813757
3722506
2470469
3279736
911697
-6691963
-12129399
-10868531
-1277932
6722441
-5522765
-17066075
-11048105
-6350734
-5125558
-10478766
-19517336
-22714429
-15185589
-8294300
-16897359
-22109077
-14905499
-1340124
5034221
-2160926
-13506341
-14332500
2015888
9916267
6435444
1908555
-1249187
7164316
9404012
1273516
5040083
6348008
2323256
10218422
9770471
-1909467
-9133268
-5990041
4392564
5137021
-7021204
-16329854
-4759395
7162664
2000568
-1451131
-1421741
2588539
7004166
-1712143
-7151945
-731620
3500578
6038918
5616361
1003494
1384667
6748390
7077115
8874849
13322651
7429468
-196935
-1421346
2197579
3138426
2144786
5160445
-918574
-9353156
-6426382
1261662
9710371
11664581
9091897
7693087
1519886
-2671943
1104787
9171296
14652439
10147301
415890
-5750699
-1113303
4647594
-1395694
-6869370
-6808868
-6574491
-2500668
-2847180
-10326801
-9382541
-3758950
-10110693
-17785777
-13278332
-5213321
6073875
2903486
-10076477
-7766627
-6058829
3534778
9591339
7221291
7356072
-3163430
319741
5975488
5039295
8728523
6143319
3641490
-899406
-2861191
-361228
-1371304
-9222910
-13220247
-4762962
-1384997
-4532765
-8202799
-13356919
-15307771
-13700219
-8846608
-2601500
-5049285
-13425058
-8202493
6259771
5009822
-6004561
810816
16819209
16055793
7588072
-1261897
-4358746
12046723
14747014
8952657
15811622
10698567
15371949
22764663
12231867
10274474
9405528
5366309
13110879
19950008
13613242
158186
-6918053
787951
10574069
8801132
-3065057
-5227992
-2632845
-8384444
-1798544
-2167328
-16027929
-15431214
-13291101
-14632857
-14665441
-18518532
-17864045
-14676635
-16665760
-17929886
-24601657
-27909366
-16226142
-8472418
-10620924
-15535319
-13072068
-10314644
-11293039
-10246821
-7119172
1175940
1820048
5578729
7786889
674522
2785707
2615949
4044175
10894790
11222407
4888012
127921
4335603
11977171
15078831
4521903
-6078589
-4625122
1868930
10269516
12367837
9569481
3316139
2253519
11759317
13147898
8727611
8469586
6663457
6076489
11649566
13740216
10860334
11201600
11045558
11972978
16389961
16508148
12459474
7365653
6997577
8783311
6197644
6136121
1314558
-1224746
6636570
3929050
-1899616
2087893
5237914
6609346
6719807
524864
-4574042
-951535
2009440
1174739
7010989
7839739
-8041682
-16304969
-9957564
-9605351
-11954677
-15583270
-23435671
-20205786
-17085966
-17974227
-12154219
-17168577
-20884567
-12331049
-9656774
-4797625
-2731365
-3891291
5899670
5884397
-850255
8733641
17952862
16625793
9764862
-5142655
-5726198
9292497
17345342
13218714
1333026
-3148840
-6429419
-4637761
3118849
-1562921
-10372261
-16087321
-11482679
-4131570
-10059795
-17941877
-20239329
-15039552
-4391472
-918258
-4151224
-7427788
-9426295
-9291889
-12586073
-12040869
-4247242
411264
713188
-7906547
-12011337
-6765903
53055
12512663
12527661
5088124
10581767
14997972
14459827
18830739
18317253
12256692
15865465
21229143
20700535
18959907
13729411
6365593
4726057
12196025
7534566
667593
4094383
-4673760
-1037443
9821782
10337454
12321499
1618764
-8907546
-11260151
-5500821
9507421
8116657
-9639563
-16201933
-8384094
-2847704
687065
96234
-5606584
-8889231
-3231399
4547602
-1823687
-2514927
2504319
-1929939
-1324068
-6344619
-13817364
-4101432
2182021
-429247
-4260099
-10210041
-2504518
1594741
-7523576
-10694618
-12491157
-6010660
-233933
-4539766
-4058046
-4069510
-7596738
-3016494
2140412
-4447219
-7118866
-8092240
-5292976
636982
-8002508
-7172451
1610830
174705
-3830222
-1359775
2627817
-690440
4374578
2165680
-3789470
5853213
780495
-4913404
-2131672
-4598680
3502028
6244787
-4165005
-7566482
-274531
7618593
6354094
1417436
2751580
5327927
3064610
4910165
6773027
5462494
6315225
1930997
4899080
11150324
5856577
8277740
9493961
5503174
11382291
10067170
5300487
8755873
11457470
11112859
3484644
-5346832
-2276881
5987115
8800347
3959091
-4203979
882016
8926431
6296231
7145147
6588702
9132956
7678896
2526174
10143028
13321298
11496268
-1416690
-5247278
8343780
1785624
-6536342
-8397636
-10089949
2087829
9513293
-1531769
-14226263
-11996644
389047
4643776
-1268836
-17691020
-24038097
-10275400
-8359920
-12892474
-21154983
-24647928
-12999777
-12532677
-18473675
-24068536
-26666674
-20780011
-12886947
-13020566
-16039593
-6296086
-5042782
-13204773
-10505225
-5134471
-3227055
-3260753
515770
3297345
1922922
5249942
9845163
12944095
11403756
-2051091
-7032745
7677861
17366603
12859304
-572101
-8194913
-3079207
4516322
8276536
5441670
-1100951
-4941480
2152872
7355553
5427625
7014234
4762470
2449880
10554068
11744608
4851992
10901455
16300029
12551995
8366701
7596442
9986216
13909983
19852439
21360475
21997225
17641141
3637602
517582
7889931
6601551
9303295
7779211
1189150
9440287
8019940
6257584
11561155
11051242
10644089
9594604
7386224
1791951
-1127550
228412
7624384
7779858
2780814
3272375
3024166
4099564
-5305328
-8172499
-7281720
-3551497
10888777
-3840282
-19272969
-14113198
-10954634
-12932079
-17142108
-11935581
-20745493
-30661912
-24308526
-23988637
-20841193
-18288535
-22481817
-25835636
-22061383
-18248414
-23959447
-22031784
-13940558
-11442378
-8269821
-11578203
-14738248
-3251526
7388567
9385189
2541439
-5573856
-1220385
9253665
12768334
8895554
3158451
1731379
10147616
8191068
1120774
4415704
4673315
4768935
-1265885
-4451616
8655935
9629940
-752839
2179245
3792187
6006672
12557235
3746086
-1904162
1925526
8710537
13814518
10226843
7955942
7506895
17196513
18522880
6011315
7334470
5200245
6727799
12984115
3376650
3175695
13383613
12775425
4751063
2506277
2753813
7724871
10632925
1159084
6499790
10528716
3445566
1080127
-4555014
-4645097
-3747655
-3122563
-208173
815498
-7196432
-15489432
-11900144
-10310709
-3399570
-8042449
-12243521
-1809501
-9209105
-10954897
-10926963
-13518165
-3441489
3762618
1125651
-12431473
-10710287
-1899257
2117156
8472734
5013
-5101154
-3829586
114191
8396926
3550560
-8167332
-13009841
-4710598
2855942
3473535
6026572
6995248
994533
-5583465
-4552733
4720040
12700291
6362691
1267405
484522
2259366
11568137
13748470
5490766
-6979801
-7835120
530675
4670152
3716630
-1025116
-6172933
-12780036
-7438937
3549962
9451879
7318349
-4579398
3163953
11020948
1432052
-3952534
-2132541
9664193
11215755
3071049
-3184767
-3015702
12977533
14395216
-485331
-3167065
-1303637
-2384838
4123202
10181799
8743078
7991100
3079334
3071684
13165125
9919204
1618763
5644970
3703039
-1860632
-3361365
-5456528
-1660876
323944
-3834643
-5877503
-389494
1780732
-5363651
-9649685
-15774866
-18516629
-6284524
-3917290
-9169102
-1425819
-5765254
-14728337
-14792061
-19348360
-11335735
1140101
-2775306
-8915033
-10899803
-13180691
-4257032
-236222
-10676531
-3382996
10698350
14041700
11635909
1864719
-4343505
-2926497
467550
8820733
13888183
3112128
-3057065
1342004
-2935248
-2063863
3797559
-2600321
-5180829
-6183145
-4333773
5610704
4617549
2088120
-900463
499064
11742800
12300966
5075683
3382569
7477887
12207458
18206171
7588693
-4218014
8097622
9227899
2603991
3334688
5524547
10590381
8809760
3274145
-3988547
-5692887
430433
4454149
2182386
-5738250
-6186484
-4792954
-5838957
-3593379
-5258604
-5345761
-6042822
-11755193
-14328701
-12727814
-1933499
680447
-8295677
-387098
1659173
-8132568
-3039485
929841
-2607963
-4625413
-840214
3165361
1097189
512240
-4018792
-4942378
-290870
1166246
1207412
-2631797
2874746
6461067
-5012863
-4735583
4506734
5904768
8439875
9783801
-41674
-2187142
9054600
7013712
2811099
5161590
4781276
10568296
9318840
1323859
-3759572
-141396
10377736
7253061
2636931
1673577
266523
-1006307
-2527282
-807848
-4518713
-4382219
-782912
3773183
2423017
-10397645
-9292772
-1774000
-2125154
-4230831
-6198950
-9522691
-7783073
733065
-1565863
-6162300
950628
4742006
-5516771
-11508637
-1786195
8358034
12137642
5337144
-1672340
4028436
8019493
4937194
2138297
3461748
6910918
7594850
2650890
-3040807
4674209
9500533
-4784294
-8686845
-1378261
-1288947
-3426829
-6324429
-10296347
-10095691
-7425596
-12043059
-8598055
-1564274
-7731457
-9560663
-10095565
-11360579
-4931202
-2653482
-1985993
3657225
3005282
1072304
7899672
12138762
8272383
5771130
4229688
4319842
11925050
14404520
6650922
1348062
6876319
15783908
15074104
7160152
220040
-279357
7191593
10975299
4628665
1707820
-2815703
-4774277
6320522
3936344
-4376659
-3579976
-4385066
-496330
-444444
-7939555
-5254191
2268442
5347344
2092228
-7163426
-8371711
-3974306
-2315360
-1934310
-5513976
-6939475
-7440015
-6272637
3014890
-2543167
-17144009
-13521441
-6070262
-4615087
-6055120
-7744380
-4683919
-675584
-6026449
-14125624
-6234302
6248374
4816477
-2066952
-5276531
-7170751
-2268628
-63302
-8505555
-8501257
-7174223
-7496796
3039038
1282233
-11513237
-12321382
-8171356
-1350742
3860865
1668994
-101585
-3030917
-4724523
-5116159
-7898338
2407744
11264966
2597019
-959112
2244541
6514625
10677179
10431793
10353311
11315895
9937279
12468637
18111508
21164561
28289604
24821916
10871694
8990749
19883631
24170895
17659199
22527329
15737165
5677284
13575443
5759648
4082767
11219365
6915528
728483
928931
8588514
2809183
-799318
-2821838
-13116455
-11305076
-3150269
-1066741
-10560875
-10277776
-2582548
-13251239
-18586505
-9811102
-9392288
-9326427
-5651922
-10613168
-11614276
-6934880
-7659430
-10129017
-11498320
-8251679
-1197716
-460191
-11712639
-20031570
-14377050
-5235334
-1800532
-11197895
-16401367
-7108507
-5588458
-12468586
-18372696
-19435473
-12733558
-4139731
-6517096
-15648557
-17364460
-13390488
1461926
6172685
-10037396
-14863594
-9621073
-2599730
2325344
-4218405
-10462620
-4122878
2001136
2400910
6338387
4200005
6367307
13267830
15331404
14612206
6172201
9183878
16985009
17922251
18438223
22773480
23599005
15042576
18586539
19887815
21364791
26341454
16773063
11249322
11187489
10343523
11051751
16209050
13304449
2808314
-271428
-175448
6304081
7610415
3694005
4414042
1223091
-5334138
-7703778
-3465892
-114149
816052
-340272
-634852
-1429620
-5643485
-3803755
-6580074
-9232076
-3830606
-11249067
-11650065
-1935513
-4746701
-6065141
-6246066
-8036477
-8079323
-9809435
-14906449
-17705980
-10250399
-9013501
-13749043
-16092857
-20852935
-15131666
-11266187
-21046603
-13496311
3377323
-306481
-9173062
-14133238
-15585484
-4967947
2544736
-3209803
-4016310
-2194500
-11842871
-12468362
-1476218
2507248
4544405
8160029
-41225
-6754248
4604324
10359937
16349595
17838532
7643536
10091484
16725230
22675328
24467656
17869947
10518124
11437367
20908175
27677361
27866502
22282226
14812823
13696036
20364851
15668407
3143290
3822266
15182645
15134122
-1014566
-7256646
-3982611
-1708809
-2699620
-8686162
-14093705
-15916015
-17790013
-22169121
-17201037
-6027425
-4993427
-13079136
-19338408
-19037176
-7321972
1283346
-8561228
-12300141
-6871089
-9578873
-10867216
-6637583
-7888786
-6747480
-5617725
-11724805
-9240107
-1465867
2086188
-75948
-4135841
-7251991
-6428275
-2333824
-1058617
1552820
2304293
-3314776
-7855656
-404291
-1375560
-4926739
3438122
269850
7833603
14820721
5257971
4931671
3289234
5392376
6487349
3020352
6898730
5329222
7762755
12516083
8485498
6591594
2220680
627301
9614070
10955243
5572350
6309854
7606658
7222587
11176617
15632596
11762155
12525060
13642693
10237075
15538746
12116069
11073343
10213914
-1855999
-1523349
3062846
10142738
6928159
-3744762
-2732940
-5209098
-4717546
-4619767
-9871490
-6359071
-3123141
-11841566
-16760235
-14652491
-12741488
-7164278
-14149520
-18291026
-7618028
-8914743
-15106112
-18851713
-14427079
-3903879
-10717024
-14699303
-6660494
-3798454
-4367569
-10581131
-11886344
-2685998
6681950
3583136
-6797475
-8483666
-8561076
-11965697
-13464004
-505315
9826531
-2043567
-7107890
-4431867
-6372766
3264448
4359680
-9945170
-8343654
-958171
3305097
6358884
-1614798
-3869920
5535450
7519611
4550389
674288
1611364
9311100
7695657
5523182
3949905
6881959
15560264
11359732
9618046
16974391
25476023
28620044
26496264
20394276
10993483
20041479
30259044
27116632
21767051
8919000
9304832
18878555
14539521
6616659
-3701656
-9946517
-3198630
5013448
2599647
-8272861
-19568538
-22389225
-10528762
-6810969
-18835070
-20500905
-15434059
-17400288
-17817885
-18344927
-18741410
-16134342
-19535475
-20029318
-13416034
-6559642
-7686110
-17663205
-17553288
-11551763
-6342294
-530654
-2270155
-7256756
-9008210
-6377161
-6701887
-5161435
-3586067
-6235178
5008829
8634574
1672036
-704554
-11092302
-6156308
6601193
2268203
1277384
4772799
4558951
11557117
16775798
2048229
-2953906
11617001
13224038
8808985
7182503
1410770
355700
6832781
9924514
8078874
10365862
17484582
15960626
8342104
11928131
14890313
13602073
16584108
16699955
19248085
17687623
6788119
10743936
21059851
22117444
20007476
10963488
6087722
6755011
8111476
12937790
10691798
4399107
8081415
10140721
1964887
2982987
2826746
-4758276
746306
6659966
-5149454
-11927491
-9108132
-9456710
-398018
-7826223
-24962174
-22158688
-17655163
-13628143
-17860189
-27742091
-29007336
-24361811
-18022056
-13671223
-15793572
-23318673
-23567081
-22652706
-22111815
-18492288
-20274464
-13851493
-6404969
-14253449
-16586665
-14274437
-14839809
-4821949
-1145985
-11895175
-16498841
-16922460
-10317284
43380
-6812302
-17048926
-11195615
930332
-720059
-10627228
-11010489
-6968341
-2041042
2859169
1250642
-4854168
-3827461
4106275
8164887
11253550
11839093
6861977
11066752
21621804
24043166
24011146
18984176
14175625
23480879
31628732
34117378
38076973
29015520
19108777
25785877
27219778
25626669
28044601
25394334
23454294
21271312
20487382
18577214
12951388
14495576
15030347
11279046
13609027
7900778
-1593545
-1590406
-5161407
-3670217
-361508
-7340579
-9283741
-7116763
-9607304
-12232182
-14730823
-15860500
-8456643
-10277377
-17976654
-14597080
-20787970
-28084986
-22206066
-16794510
-16591973
-15043620
-15148692
-22251312
-19480101
-9854202
-8641922
-14696724
-22759756
-20479158
-14056903
-11209161
-10877718
-17615568
-18958010
-11773256
-7620448
-10763205
-14381934
-8234691
-2056142
-5608474
-11521958
-14065387
-10477214
532758
706908
-5956947
-1538811
310690
2819637
5832717
3152307
9598357
17817290
15829922
11643674
12329342
18388436
27644288
33238571
26735336
16488672
19641978
30822531
36519930
29527669
17976211
21427404
28896727
27303786
24090542
18127932
12852919
17703128
25891189
21177867
9564458
6800278
7930031
11593037
15056169
7637124
-1394410
1026273
3535355
-4150590
-9509772
-14056409
-16581349
-8718229
-4368990
-11244115
-25699310
-28887367
-16825223
-8896790
-11564831
-23218624
-27237303
-19553259
-11340161
-11062777
-20109861
-22383069
-16238185
-6680166
-6675873
-19574125
-21142286
-13975998
-9010260
-11249937
-18872724
-21952079
-21581363
-9155381
232611
-7050485
-11375175
-13166517
-11467594
-6356437
-5367032
-8527186
-14747260
-9993719
-1934827
-3629309
-4370271
-5682782
-7006776
233986
5420088
2697804
4751449
5805456
5842122
15289337
15479134
11198167
16105948
15408873
16703955
22595842
21036818
21737434
20719772
10359842
11311088
22863687
24208236
17942621
12994090
12759605
14184690
14751074
14864974
8617440
1408499
2519454
6333330
3366845
-4354022
-6781331
-6461355
-6523245
-3947896
-6127128
-11936375
-12006459
-7991382
-7529290
-11766462
-13078377
-12733600
-14550344
-16153149
-12427030
-5112961
-4535394
-6647394
-11525642
-12315344
-1189006
-184875
-8709123
-12896558
-11482267
-5848931
-1796780
128705
-1805680
-2645452
-1478272
-2541607
3444511
3444416
-9299886
-5299992
5929942
5622054
2723397
-3923669
241631
12958153
12867982
8163610
5774144
5652475
6422557
9714526
12811188
9053754
9131813
9625308
7488671
9640248
10504468
12424860
16081477
14293726
7898037
8186898
15804477
17543693
15772723
11549938
3359368
3538734
5978167
4463138
6924232
7523417
4390017
1611416
1875310
3086546
4660700
5861602
-2093330
-3067396
3116008
78964
3255307
6004275
-3071388
-7197780
-6069695
-4860455
-3597832
-7984360
-14526567
-16948048
-13723633
-12164032
-15947200
-17894750
-18307474
-14908535
-11790302
-20570982
-33940634
-28727562
-13416151
-12264783
-15055059
-19013484
-18862094
-10699349
-7834267
-3091563
-6750788
-19258161
-15773712
-9650027
-8553112
-7660646
-10296051
-5870985
-1386958
-754788
1222706
5845671
17236164
13411798
121528
1690105
5325412
10067030
15838467
16779718
15684030
5167397
789973
14066427
20141708
12131630
10050601
16098056
20412516
21069319
14247405
16486906
31631136
32028239
17053460
7599450
12215051
23211916
28208842
18229752
4335454
5657228
13064004
15011121
10539592
577461
3692621
11240829
5387018
739818
-8343738
-14988950
-5023978
-346678
-6411273
-11408028
-14126266
-14310499
-14110337
-17064041
-15179910
-13322962
-16986188
-17306357
-17708466
-17422178
-11260314
-9542408
-13445324
-14005384
-17911666
-12494915
-5118819
-11759736
-11203504
-15081241
-13924663
-1114538
-4693538
-9997082
-10854343
-11759581
-6602087
-3297988
-6347008
-9108265
-9951698
-8184881
-1262325
38073
-3837173
-7519849
-10100608
-2419921
6229214
5876272
-2621978
-8891866
-1046512
7256721
4779298
1227879
8768569
11262686
3118908
5424168
6149257
9823628
22880909
12212173
-181214
8747506
12115572
13329088
15384615
10511857
4208888
7292830
17684750
18360678
15588830
10359204
5582230
10214454
7546534
681174
4817828
12011700
14443896
13901417
8635326
4024553
8766802
13110302
13523387
12917382
5222489
872450
3311011
3624798
6738610
3969148
-3935222
-124910
2602528
-2566171
-772388
5027036
8450756
7772394
-8018241
-19472703
-4955482
1878610
-7047791
-15920717
-22510692
-6579881
7779268
-7434686
-25437088
-24319313
-7356199
-2343189
-14554500
-24802925
-26355940
-18301453
-13003263
-15954626
-24350568
-25669699
-17027388
-13803237
-3627350
2226722
-10800982
-15852468
-6132754
4448798
625086
-3464249
4724495
11012080
14142739
7751192
5442035
11603666
13457130
17522913
12036416
10392391
16557740
15222896
20515120
24176695
19051745
10297387
4233973
7391833
12753566
12603709
7965210
2252539
520279
8015250
4044037
1306070
10548874
2779354
-5455322
-4565050
944436
4504930
-1962255
358175
3457434
-6011077
-11373897
-5441933
-149365
3372284
661225
-11815380
-16764665
-10012489
-940572
-1038345
-10417342
-20738540
-25629535
-17723226
-7759785
-6709315
-9801582
-15387808
-18584967
-17093058
-14923623
-11832607
-14248923
-13830524
-10278395
-15202263
-14083507
-10088742
-10513042
-12592187
-16497481
-10466658
-1308252
-4766589
-5832429
-790200
-6987568
-7625486
-6119561
-9805856
310204
3001964
1466061
6137466
6652282
15612367
16989603
2815865
4812398
18415953
17156498
14874903
18524232
15663491
12112079
14146614
17012773
11398488
8054230
13087881
16370083
24651367
23908164
12299216
20250493
25112038
16529422
13897071
10840402
16052248
21800122
20074095
17763526
12271607
11750153
17463651
20558498
16041789
10854493
5226491
7463955
18912155
17977021
7521341
-1439790
3109223
5481639
-475275
4637705
8317364
7360924
-5210451
-16088093
-10775804
-8738113
-4353152
-4406941
-10234815
-8468063
-10046572
-9335528
-10044991
-15096245
-8306633
-12123328
-21450753
-18697275
-19809516
-18638135
-16170044
-20060661
-26768459
-27418498
-26347809
-28947396
-26727742
-26580902
-25149588
-23762245
-21232711
-16399553
-26682092
-27143406
-15058057
-12016292
-4066002
-2308242
-7785828
-7930154
-9835898
1521197
18400612
15076604
3044275
-4141477
-169721
9336400
18106550
19566506
7572953
3082953
6191730
12171269
10087320
-73520
7895884
10213634
9479109
17888528
13465516
8740032
5999198
2842478
7069270
7727193
6358682
10289955
7915949
3362849
6407347
5544261
4806204
10977333
9243011
1966706
-364399
-367891
4435479
3572315
-2891375
-1537725
-1831852
-4383448
-435974
458016
-7681824
-3640970
2451003
-2519983
-2605740
-5123859
2283312
10381651
2914630
-2503968
-9907340
-3295656
10886704
6061393
-592532
-3430366
-3307128
1418268
1325700
2523920
7110426
4020425
-3296858
-8815088
-9308890
834781
4579897
-3600211
-4299535
-6308602
-2789956
13095602
14256933
3878191
-7374903
-6597566
8368952
10922609
3510160
-1078033
-518185
4256358
5802804
2395510
264568
5290846
5266807
-3515211
-4299221
-867321
-841142
6098124
7358932
-2166197
-4672102
-1745016
8684753
8694099
-2542136
-6173807
-7020570
-236126
-270218
-3341557
-6190026
-11596953
-8262614
-5644008
-4557439
-6431896
-3801994
-10127101
-16677133
-4921651
-5160581
-4685947
-3453108
-8568976
-1867632
3318749
-558246
-4834413
-3354173
-93860
6148813
9824776
4693551
2766409
4077717
8464935
10658261
6739315
2885752
6009014
15842866
6477559
-6149432
-6682582
-7312294
4884219
3377059
-11385788
-12656162
-9428874
-1120635
5951886
6131841
-2542172
-8797573
-2423907
7101779
7762396
-4580601
-7725295
-2856247
-1111151
-1164152
-5292856
-2260456
5558658
14618752
13091507
117862
1240645
4592007
4040661
7631109
6339965
2172320
2959784
4423860
5035958
7318003
992837
-3872830
-306695
10785200
20809715
3632679
-6830947
3865588
6016740
8018306
6624789
-2878204
-5426011
1570206
-610057
-7450030
-5866230
-16218547
-15144395
135264
-5618526
-11591275
-14171244
-12215098
-4903430
-12263071
-20654414
-17272058
-6851643
-3995591
-1365381
52175
-5250595
-698839
-898155
-601449
892776
-1968930
-2517796
-7854553
22966
6293759
-3278877
-7267755
-594688
8899340
6102794
-1058422
-3442257
-2518583
5737546
12393215
4630029
-3517918
-2183683
-2983876
1692641
4345556
3626706
5005029
-699849
1612122
2528669
-2807001
2041754
2613028
1776955
9486369
9465183
348019
-5320237
4114154
14241948
7525087
6160536
737018
-7030594
6208446
14608852
16306256
13731572
5582602
6054982
7071455
7510563
7922628
6626954
2262705
-335302
5598097
6020507
1079425
-3367839
-8096680
-1757145
6083890
-2277372
-9696948
-2017830
1210586
-5847296
-11929855
-12378465
-3163404
677169
-1614556
-2623129
-9065831
-9813970
-3553790
2805914
3967397
-7830399
-14954712
-1738260
9934863
7665833
-2731544
-10839268
-8797033
-9156893
-6564880
1080523
769204
-5476501
-3670107
-567185
-5736942
334659
1275648
-9624690
-4206076
3578327
-6200248
-9059146
3426175
8867860
10571599
6126316
-1088892
1426355
4376242
4586739
1682096
2072396
4545587
3479355
3554579
2346152
2889999
445338
-1196060
5431701
2906400
671544
2239156
2206283
5186648
-3163460
-8384409
-6021659
2413438
12157226
5853239
2717518
-1620326
-2348342
2188671
4323550
8909704
2709080
6763528
10484381
440879
-10368844
-11730826
2144502
3562910
2376020
-3447450
-10342970
-3942082
-1195095
5967300
4480881
-5572813
-10446733
-9386996
-3081493
-1636331
-202863
-3657576
-6081054
-886449
-3923155
-5622158
1957058
-2130973
-10478809
-8516916
-4686517
5011376
7557230
-1229364
-6344654
-9887850
353512
9494737
-1719158
-6382530
444405
11129807
15069036
6264311
1814877
6079494
9329350
3136061
7476288
14885108
3889294
-2073223
-177781
4419352
8673412
1136605
-7749895
-9037348
-8605931
384292
3739231
-12286925
-13748501
-7976705
-10021183
-4031368
-4062230
-8358271
-1434931
9849188
10740771
7644596
4921561
-4668441
-968375
3554799
2508323
7505379
-2277079
-6732554
590508
-1730368
-3641333
2186017
3681789
-5809926
-8749145
-6133947
-173612
8601448
-1193482
-13349985
-10456661
-2592436
3305296
1513680
305293
-186637
-3078606
745891
6355928
3378828
-3699518
-1864174
7614685
7450041
-2947029
-159186
3334479
186248
7468187
4456807
-516432
1483725
45454
4873476
3452087
-1212548
1976731
3836602
6361858
5744650
3263738
7879754
9473894
9621038
4924817
-6342486
-694182
11799187
15419668
14625602
6616166
1616679
4758030
5591410
7404204
7082960
511671
-317864
100465
-7474462
-9546160
-39646
1393501
-4804613
-9633133
-10928420
-2530167
-2088032
-8531509
-10722500
-10109459
-6435824
-15341488
-18526499
-4471467
1163194
1343883
-548019
-7941197
-10865399
-3219225
-1280094
-8935061
-5729351
1357284
2365692
-773933
-5045685
-1709082
2973931
281162
-4043587
-3848214
-2685596
-5438889
-4301521
-1801746
-1234216
1607456
-1270091
-3019241
-2580820
1131597
4374854
-571843
3351989
-805768
-9530511
-5362474
-2944357
5654276
10984991
4269006
-4343060
-5097113
5437124
10028730
7534310
1428977
-2702151
2925877
10481817
12431485
5302382
-858950
4043473
12848742
14914797
12531746
10483835
5681840
2686962
4239498
6649516
6159587
5917505
1670631
-7863837
-1494986
4237672
-4026754
-8997980
-10749664
-7982508
-3974132
-3984871
-9967513
-9469313
-1085887
-2031595
-5600970
-8455861
-7775434
-4386557
-5346596
-3370667
688320
1787123
-2670711
-1913678
2621901
-3147702
-233859
-1136198
-10771530
-2639905
3447425
6403180
7518733
-929241
-6943174
-10637087
-4577471
5521972
10650482
8100354
-2031755
-3981173
1894850
7342960
7147049
5576399
7707081
7251807
2848108
1026438
5890048
5479965
4113453
10368797
10149615
1526079
-2518788
2269354
4262194
13377185
21646162
3950887
-8594602
-1589906
11483669
19251188
7272488
-7976208
-5266843
6790791
11391303
6005835
-5928040
-9123191
468495
3755551
232271
-1587342
-4016210
-3758698
-1897277
-4303897
-6659976
-2119153
7142502
6177964
5451157
7913173
-776415
-2449434
2125001
-489288
-3373003
-1923394
55791
-1839284
-4255178
-6922247
-10017062
-10955499
-13012835
-14690874
-12448695
-10950154
-13278386
-18636356
-20386544
-15717653
-11482730
-1900730
2608748
-10721725
-13853388
-4241719
581623
4313581
5628864
284021
-5894289
-4072405
1610196
9046315
13766897
5735293
-1872854
-1528685
1772040
9265754
4355675
-6385213
-3277208
-3904892
-6640084
-3947233
-1538328
-17623
-3541499
-4561324
-2070931
-1290807
71294
-2823998
-7523298
-2737433
4897264
3757189
460283
3806738
7337005
8190378
2919216
-4890780
1063479
7479304
11102345
12751628
6411216
3347358
3622054
8633952
11874798
13771843
11466471
3792926
6053294
4521530
3162679
6592529
3204425
4996640
5150337
1084664
3001798
6988944
5846364
-3163537
-2281907
5156846
6829192
6523612
-1882928
-11029538
-6554757
1567446
3575176
6552541
2649593
-3261677
-4449068
-3177612
5125009
-2280393
-16354081
-15742712
-9263515
-55501
-1744715
-4990898
2177717
7624241
7102063
-6461844
-8328973
9112596
13872695
10683099
4617182
-615911
-1272769
-3532397
-3089799
-3418405
-645827
6124563
3518118
-7140777
-5490030
198276
-8804750
-6718152
-126554
-4374070
-2270059
-5490720
-3672946
4013955
-2486584
-1217846
1283299
-7206720
-7756906
-1955135
-4088141
-9925632
-2805238
1034964
-9760421
-8647924
-3863403
-2415324
5794857
-852536
-9081459
1071837
6638752
1781455
-2505640
-1506484
6877598
14499591
7179000
-4088035
-4339205
2133490
10124658
6830357
600502
-4173106
-11275769
-2502937
1571040
-3821608
-5728894
-11425365
-10870767
-7427188
-3226561
-5105415
-14693510
-12103733
-2279625
-1926728
-5264132
266190
4356457
-725678
-6127341
-4553063
2448010
6830467
6345576
5537005
2569752
-1771329
-1310616
-1058836
702212
5083760
7762667
10622620
6170436
-859389
-3129996
298652
7547629
6420511
9948869
12198006
9790374
13406581
7095410
6903332
13646371
16219638
13792199
7821263
9592257
2983093
-2140724
1392342
4873508
14669210
12321426
-179596
-3125213
-2273341
1004318
6960590
3621419
-212169
-1805874
-8623984
-2212302
6162712
6704309
6314199
-2527960
-4191246
-3052867
-6871984
-6578350
-1999512
1358335
-7641944
-18713528
-17262966
-7041295
-7380299
-7663093
-3975121
-12876545
-12211262
-7190144
-10826850
-11507126
-8801383
-7083407
-5732064
-5172186
-10725127
-11425023
-7535724
-8523584
-12891270
-19369051
-14156973
-620437
-3936596
-15821516
-14642024
-7199414
-1669464
-100024
-2709015
191218
5672483
5023719
3925427
5128441
7940530
9328386
6200384
2781066
3851285
15041297
18418518
14150764
18378711
19267960
20906006
17411313
11841060
14922036
15460510
16083569
16517086
13981148
8926184
10915599
13761168
9685231
9000337
2475253
-1427229
2509691
1077687
-2667253
-11448652
-12236871
-6171399
-8041022
-6471273
-6786649
-4093086
685369
244124
-2797211
-14155096
-13352886
-2798161
2475201
6434304
2345258
-12281437
-13858584
-1420551
-3288587
-3317926
-3207838
-11595045
-14546620
-11627359
1187938
-3145929
-19159937
-16044915
-10595822
-9696051
-10075675
-12763604
-13222122
-17001305
-16124060
-9530037
-13595882
-13478450
-9737579
-8169896
790337
3107869
-5467707
-10736480
-1346062
8388107
7848499
4144973
-4591437
-4840016
10049863
20316039
15525346
-454773
-9103391
3423121
14800317
13716709
13540693
10874425
12289568
17303346
9213334
7176224
16225546
20134530
13331160
6009836
14814077
16318900
10826605
14882679
15193000
8977317
2945468
5620149
10516080
10176988
5684699
1838445
4296171
5186580
1849374
-2091947
-2253597
3372694
8919415
7853868
1592922
-4302820
-5695974
3462985
9019441
-2976777
-11961875
-6040004
-1959458
-3785224
-4671311
-6192782
-4914165
-2107427
-4836595
-7045419
-5475931
-10569190
-14495531
-8983963
-6665718
-13397881
-19956596
-17390631
-14782354
-13862198
-13957308
-18970271
-19160858
-17755843
-21935783
-21168934
-12822200
-10842324
-13067869
-10747482
-12701997
-13790920
-8864887
-8025399
-8337928
-6276062
-7348239
-9638868
-3305318
6939810
9516327
3859157
-543908
4155854
15068355
23295635
20167405
16317234
16892501
15451835
16306693
16566085
17549659
26320829
28244442
23084774
26334110
28990773
25082296
21516101
23479458
27638472
27424056
21708209
24259899
30216217
16209596
6535044
9547391
5970640
1847696
-1027220
402421
9716554
5220910
-14782436
-21049742
-9948900
8138288
2050079
-18793772
-14340948
-7487179
-7046876
-10430874
-15236027
-15717373
-17132393
-13824109
-13795727
-14047579
-10005048
-8207348
-10617077
-13019894
-13369503
-20508116
-21752394
-13179687
-8786315
-13728739
-27691791
-33291863
-27572720
-23366754
-22054599
-21658101
-21545350
-23122934
-25366668
-27656697
-21257573
-12425358
-9345427
-9867584
-20227930
-13123384
-2377673
-5167509
1732046
-1239279
-3497655
641431
2676867
11598269
13527536
6918065
495376
3330440
13736230
21098803
20777730
18256887
22077002
27067975
23113830
27745010
36986713
22428668
18644678
24918874
18995799
24971200
30992141
23552922
17632191
22562993
23033095
17736944
17118291
12087996
12718222
12233923
5917545
13363848
10907474
239441
3436752
-523461
-3450386
4854811
2172148
-9757023
-9757902
-3940636
-3924446
-9081548
-19153130
-14213515
-4174799
-1529956
-2278979
-12651107
-14006272
-6193939
-3020901
-6472705
-7265324
-3621843
-3368036
-2725520
-4297143
-7169243
-11152547
-7179489
-2056215
-9711531
-14863093
-17461121
-17916215
-9927915
-5432010
-8079412
-11161920
-17310145
-19503406
-13427536
-2646832
-503455
-14293462
-14274481
-5415538
-3810742
3342500
6030036
-798688
-1125756
-1568462
-7608141
-3099046
6539381
10693759
6139208
-57640
6661231
20655239
24048448
17167861
14843120
13359538
19161017
30173390
24398523
14008619
15383746
19097437
21479543
22595974
12203438
2235942
5060972
12277364
10684420
-1007885
-4168167
-1366071
-579794
-1741790
-7853596
-15562466
-12825260
-4919168
-10444436
-16844212
-15199246
-14404720
-11226473
-2182489
-12667710
-24785741
-11805914
-5742488
-3612176
-7564805
-14498416
-9964997
-6726169
-7705074
-9378638
-10218120
-15254508
-6382948
-4593400
-14202430
-7833079
-15015462
-19933604
-14245416
-15390070
-13357404
-6483988
1715051
961616
-2471072
-6292894
-4966466
619091
-2059085
-1181926
1003463
1133504
1110275
-4473585
-8796891
-6220423
1805606
9571363
3521705
-7742251
-1983772
3739614
5474469
12642667
6506874
3138527
12842769
14443175
13220067
15548340
15456101
15601693
16635525
17216137
21504590
21780107
16198279
13994067
12931421
11328206
18749994
27283758
23483023
20083444
13739900
10867400
18941214
18177724
15763245
7261637
-2018064
7574844
15752079
12893422
4250901
-6583814
-12879234
-8512670
978956
720643
-7405391
-14704220
-18437075
-17908718
-13225241
-13386755
-16293446
-16772120
-21350426
-17323273
-9776773
-16545245
-24714105
-23286937
-15698381
-9969320
-12325175
-17890417
-18713155
-11995328
-6052282
-9719264
-10854809
-5547207
-2129111
-6448685
-16604154
-12113218
-3019196
-74606
2838284
-6883693
-9944850
-2353196
387285
5905890
2496144
-1593157
2488962
5742272
7127889
-423694
-6547243
469243
12272267
12093318
6979676
9230613
8265199
12434948
21212372
19252521
14325090
14855113
16933985
19801210
22934642
20432763
23344303
27605870
24302955
24798640
17948934
6832109
12853220
27083950
16139230
-1146236
5472494
4257284
846470
2315108
-6578329
-7620900
-1408946
-3626174
-15467866
-17303341
-8600160
-7421641
-5916251
-11654538
-20448557
-21228744
-23441192
-19884032
-19062778
-18848613
-14858565
-16709042
-20365565
-24811555
-20485847
-14548976
-13472434
-13095883
-17892330
-12906124
-4275320
-7502875
-9919509
-11180742
-11463964
-8698209
-1898292
3380241
-1418716
-2442626
-2105116
-8767952
-13226623
-3222147
3060651
-6235818
-6048167
-2433888
-2848556
-108526
1003905
-1555130
-62963
2084383
55103
734645
3854545
15427304
17504118
3215259
882619
-998657
907546
22331096
21165035
1299626
3886490
15344962
21190662
19551606
10665639
7174083
11427017
13725837
14678855
13355871
4218227
1431284
7977861
12583820
13963228
5842453
-9800487
-10168273
6686024
15488310
11372084
3011676
-3589851
-50486
10516430
7047462
-7514350
-11190995
-11775648
-7325625
-108685
-6064487
-12501702
-11088954
-11601594
-9693219
-4667223
-11634311
-17189282
-16799110
-14520020
-4621948
-3189186
-4206222
-3550942
-10722081
-6743736
9483268
10430956
4890097
5749507
-1906405
2517744
16539642
13152480
4223178
-4133213
-2833676
8863464
14074084
7133531
-2394812
-3288907
1721075
8210794
5865475
-3341153
-737393
6594512
995383
-1201645
5169951
4754283
5873991
3284178
-380566
780997
-3119158
2401277
2647157
-2077975
11660263
11081225
1192431
8563180
8522542
4310199
8238110
6363333
6098025
4415062
6136708
16787473
9853480
5804526
12586809
10526281
8765497
10892417
14464553
9112662
5917511
6464782
-1869056
-8577602
-5574042
9189437
13326384
-1419042
-17882187
-16980973
-4588997
-4347014
-11020086
-22657307
-24634514
-19092115
-16094222
-12970157
-19878447
-21838808
-25379870
-19848779
-4226730
-12420713
-23278094
-23943580
-15601272
-7426995
-4511523
-2932272
-13174201
-8143054
3040040
-3462137
-7031193
-10533228
-7422293
-732239
-3542284
-6539778
-11949204
-13533723
-8491365
-7287819
-10797253
-10424937
-12586455
-11906321
302563
-2858831
-2943521
-3496424
-19368060
-9731969
4640250
6130150
590980
-9783643
-9263918
-4355639
3442793
9710114
9621628
3010258
1971389
10125931
13840980
14502156
14911296
10704190
6110804
18324021
21871923
17252287
25329079
22325075
26633967
32317122
25268475
25583384
21571472
26065402
35629803
25363924
16876150
15202200
13792061
15841129
17666472
15857612
5085369
4008500
9168518
5877868
5006921
-2432980
-3841202
7562829
8782852
-6062076
-17576498
-7657073
-270536
-3877502
-10573668
-18206888
-12691364
-8742916
-13471309
-13738612
-20690064
-21074794
-3346780
2261497
-3158869
-10229219
-14585221
-9175209
3049082
12806495
-195057
-7853407
-203780
8458132
17355842
3229701
-8469955
-2487167
7442464
15604128
9300077
1435482
4528730
8410826
-968824
-2732233
4914000
353634
1652524
7028744
-3592848
-7794364
2287075
5906946
12408078
3989249
-7879827
2934479
-303026
-5612698
-3315034
-9241702
-12275111
-4626397
272583
-9991105
-14195792
-12552043
-5985731
3291480
-6596821
-16608465
-15207767
-11621973
-4736406
-3849945
-8219316
-11533473
-14355134
-8757133
-1980650
-3530484
-8986127
-15767836
-16785430
-13391241
-14018172
-21194212
-22836947
-11410624
-7213827
-10936709
-13001522
-15024261
-11751517
-13537550
-14899813
-9321950
-10883016
-14302485
-10296521
3898040
4825119
-4649501
731674
3755157
10664477
18379593
13569160
15815263
19726586
18637068
22586266
23204107
17207888
23891498
24260587
15761021
26437242
25107248
16788319
16883630
10946457
14788626
19754600
22325308
20611540
11760134
11193972
10947322
11054210
8038587
-4210742
-8088864
2901730
8844261
5234156
-3154939
-12456416
-5236256
-2573094
-6921758
-11351511
-23700392
-13421427
-1232188
-6052719
-8610411
-14581608
-7621574
4324638
-4637498
-10563026
-8578857
-11504414
-5251300
-3344301
-13762578
-14538581
-9899316
2784842
12587878
-1408545
-16833716
-19341623
-11794866
-48559
3517450
-8885850
-17372195
-12888179
-14743247
-7830585
-3525843
-13243983
-10552973
-6749205
-7696827
-4604366
1129744
-1703066
-6808133
-3994050
-11304336
-8677612
5606828
3821351
1777283
442225
250557
7231389
7342399
4986922
9257112
14833084
17621303
18046411
8467292
14110778
35460455
25472125
15659867
17038717
15575353
33134710
34657241
21565067
15583918
11257922
18873691
16140867
9176411
10667053
6828531
10187430
12720447
5533474
1922089
1666350
2739826
3581605
-4124524
-6340843
-1345336
-8169703
-9050791
-6543814
-13869393
-19092402
-19538501
-12980812
-8441048
-15243550
-23088752
-19315777
-14992689
-10112245
-3637899
-10930438
-9723439
-2804295
-8803714
-8936008
-4375433
-10550948
-14072637
-5476703
-8247108
-14615541
-11042560
-6286072
-2047659
-8010553
-13199519
-10917768
-7006071
-2923473
-1554114
-4460884
-11554630
-5483420
-3635163
-12550773
-8644734
-13129845
-16118253
-1145646
-69180
-6388799
-3913804
-3884827
-1210697
4845162
7648423
10449875
14570057
16915195
10422578
8395324
13974582
17240852
21929790
17948300
13496741
13841249
18747663
26349960
22458476
21412262
15789052
10064022
16352717
12241893
9245914
10819591
3432154
-250983
5168980
5193739
-2492395
-1133101
1452084
-9712795
-20511524
-20168515
-9142134
1240443
-10382667
-26417948
-21052316
-11589586
-9299185
-13799993
-19050636
-17008992
-15311706
-9453179
-9868072
-19272154
-26806817
-31629245
-13580008
915740
-4740446
-6111685
-9733809
-7372046
121471
-3420344
-8203768
-854976
3469702
-1794602
6230479
12173184
2321652
-2506936
962067
4937446
4890144
2930592
5620329
4017990
-3270489
-762097
2512724
-1020085
-3855088
-110204
8496621
10768847
10570029
137327
-7016748
6332475
7435064
7093928
10017315
1012043
7902240
17758921
13708926
9962856
7958925
9792621
13648610
15964596
16059288
10243709
8881949
15199851
15855317
15633609
11551837
8476112
16312381
15396632
7635991
2504932
-594346
3541053
9010380
5168234
-3321608
-6983449
-5016987
5452729
15607577
7786525
-12885571
-20531073
-15609122
-7910698
-17400
-6305814
-12688508
-15147293
-13192200
201573
5472973
7514807
185817
-20544815
-16728670
8428655
19944781
8682484
-15507898
-22755426
-9130274
1195130
3328929
-7245011
-15844852
-5980317
2593128
-399065
-5531512
-10782731
-7712600
7203196
12162080
927411
-8939604
-8954599
-7456034
-3655568
4869224
1235445
-8984107
-10030313
-4850187
178364
-4476599
-12113697
-11197482
-3676988
2583595
-2757844
-12022326
-9922659
1068049
616254
-5975928
1915916
6241245
7515450
10217706
-58373
-4234919
945514
8007187
18738652
19407523
6879286
-2966289
-1856885
5792600
15568886
9379685
-7147831
-6554102
5803749
8596897
-1525644
-11178444
-12945006
-2831483
7162673
-2116177
-16579667
-13787435
-6831185
-7738033
-13851945
-20515072
-14130405
-5256805
-2158649
-3902474
-11347978
-11935021
-5336364
-7320883
-13595347
-10927166
-2655254
7241402
-1555223
-16048980
-12736400
-1893818
11091124
7785172
-166819
937800
578105
2304054
8080426
14677177
8645548
5383791
14104169
11125403
6861549
3336941
-3917324
5223085
18237046
10415120
-253288
5097598
5334711
2031526
1352135
-3823309
-145967
6461296
8431981
3982290
-1155200
-4830169
-6744380
157278
1926743
4276858
2979191
17658
12545882
15120033
5192484
920192
3921015
13219805
19096308
20496538
16641697
7292360
8960738
8928016
4418736
11946692
17347828
19353509
16654002
8006879
5165580
10451529
14790763
6738829
-5388641
-5133863
2889367
5792240
4555273
-2779586
-4934396
-3911326
-6803114
-3852494
-14362204
-19928466
-8193659
-5895740
-6241545
-12191804
-18633127
-15788892
-11424711
-6487692
-5501654
-9490579
-13454466
-13677196
-12903933
-11061008
-12488142
-11664411
-3647057
-6901331
-6809213
-2680470
-7477421
-3373932
-3748077
-1040339
8795756
1179892
-546595
4884018
2829275
-670037
-4969934
1116980
6367312
-4449082
-9868250
-6673473
689280
9933236
-5804067
-17565063
-3031420
1543145
-455517
-5384741
-9236152
-4466533
-5449197
-4837113
-189349
1111147
-660169
305325
1576112
2491343
13380993
9440792
-1694017
3055797
-2815118
-876816
14178541
8217921
5588024
11380568
-3422228
-9379828
-2884400
-6618438
8589253
14855596
-5590808
-5070180
3085461
-1870606
-3893924
-3177737
-7533699
-4377032
1683708
-1982255
-8932160
-7506105
1779912
-1881213
-6237653
-7252242
-7308459
-4078179
-6322553
1279153
1091121
-6038922
4337618
8949942
-825746
-43500
9584061
10554547
14328614
13439241
2447305
1988976
5273974
2335033
2709461
10830005
13233174
11575746
9638916
1903542
1970080
8612430
9417963
1245067
3462290
16466978
14310264
6006991
-5861349
-7615129
6390971
10072792
11865377
5078754
-7496613
-4368482
-1684882
3664579
5679763
-2472783
-2100242
-2667735
280127
5353467
-824452
-2061301
-1264531
-7275448
-7400130
-4309529
-5256825
-3367324
-8045301
-13212882
-8477019
-13995414
-11964914
-1493954
-3147584
1990395
716500
-5232656
-789096
-1999843
-2520999
-6033312
-9222161
-6425397
-11705515
-12200245
-10317844
-11215469
-8016538
-12785560
-15074533
-9560982
-7913106
-8934435
-8400791
-2493900
-1441075
-5049976
-5938839
-572384
4995390
1136412
5067125
7584973
-34244
6104274
18013424
15410955
12827248
15128623
8579268
13511828
24299900
14393669
8198089
10938080
10825167
17790110
18282407
14509382
13958569
7355384
9024513
13458412
9607338
6912628
7952885
12460590
14311597
6797524
-1723623
-234688
8063950
10592187
3256760
-2875860
-10948957
-11227760
1910914
1467235
-2665678
-8491425
-16549818
-11275213
-10960177
-10821324
-5286435
-5832589
-6558262
-7308542
-8204983
-6332931
-2724971
-6946463
-17132124
-11653052
2979209
3733254
-10212268
-18650891
-8176978
1257101
-567882
-7807710
-16792509
-14255399
-12578643
-15984124
-15051557
-20800798
-17382686
-13097515
-22039939
-18487526
-16256731
-13914799
-1593958
-4827825
-13141192
-12913440
-5889085
-1361545
-3079107
-1426210
176453
7803331
6006530
-3330515
3496209
7735249
10028170
8907712
5748374
16326890
17214078
8312420
4903658
5513612
14763611
21554222
12444512
2415217
3302325
5829322
13545885
17141150
9741800
7561599
10877263
15072295
10463290
2502161
4089629
13320521
21310712
13471460
4890442
9913801
13270475
10362718
6448939
-800985
-870954
5473028
5478072
7048794
-295751
-8340694
-5713890
-6419128
-55669
1872702
-4575034
-5428141
-8516213
-7446092
-3395560
-1606616
507656
-6029967
-11380427
-4739774
-700080
-3434328
-1148643
938390
-7787805
-11127670
-3140120
853298
-1975673
-8180326
-11655800
-7749790
-1865908
-6416138
-12508218
-3215593
10781
-5578580
-4762685
-1568872
6689015
8648693
3315220
1990906
-1313685
-8778210
-8138995
2600323
5157146
3780186
1966323
225552
5245655
7504840
9960679
11579588
7893274
4284730
8081454
15608668
16110783
12944551
6606518
5803941
14302145
20913596
19661449
13909885
12973411
10931012
9099030
11528238
9577093
5811398
376551
980887
9377798
3466919
-10339926
-13476850
-13109150
-11732408
-10281705
-18417296
-22826413
-17070664
-13460425
-12989780
-16757064
-18302717
-13492491
-9417792
-9658771
-9930621
-8311196
-11419288
-15533174
-16053217
-12574588
-11076541
-14464268
-16461288
-16282460
-9108852
-10535362
-21106554
-19785393
-14946760
-9679361
-10177361
-16993243
-18806705
-19681209
-20319554
-16568613
-8767833
-10162437
-14584310
-11275207
-4439171
3981555
-2457275
-493614
15972035
17570116
18793081
16731513
10253897
12020933
20726105
28137234
22857079
14695970
12414573
17197452
27799593
31530566
19567694
14599206
24548671
27391785
28117320
26536271
24437469
30637373
26370042
14858137
17677700
29547344
33831003
29273820
20476229
8401961
7916034
17426098
15818087
10544018
3320890
930465
8226081
3107567
-486355
-1812695
-7229714
-4563759
-7733379
-18858200
-19940975
-11230637
-13199331
-22211925
-29158126
-25858329
-15178795
-15762925
-18302241
-22651813
-21753821
-15696521
-24143075
-27999506
-19016305
-14795772
-18677996
-26759811
-29563191
-21261900
-16273573
-21570577
-24623501
-18120234
-14054803
-16556794
-13106663
-12803354
-14020546
-9486045
-5480345
3021142
282549
-5768450
2730431
2875705
2622930
5865129
3738196
11137358
20006803
17882936
7899586
7828783
16423620
17969503
18127816
12508517
6529775
9271098
15748634
21613091
23211284
19899728
14920948
20279765
28419074
28250558
25981175
23837423
26435351
27310033
18509479
14252230
16886796
18606401
17513058
11561121
6021314
6649118
4564444
-4581259
-5362284
-3265386
-5644045
-7196636
-12436690
-17477491
-17277983
-15463971
-16148520
-16538764
-19653255
-17759462
-15016043
-17165347
-9120848
-16154293
-23227026
-15505399
-22094535
-19729793
-11459175
-12101290
-14248119
-21945864
-23715878
-14280088
-11232048
-22077794
-21484213
-8638260
-8711764
-17752944
-25078443
-25266117
-16155494
-6659268
-4701944
-6196085
-1830392
2535074
2425342
3614561
4512451
9047001
15901750
21184868
23504721
20445111
15495621
10311397
13363112
20438354
24481314
25048002
14572489
5593243
7965331
19134793
26661935
16672407
8428226
9704758
14946354
21239434
12641461
5874662
18282456
22860796
17188612
15125406
9405574
12688019
19314197
12985932
9226664
4391652
408234
5339469
8496168
9011863
891336
-10244295
-6936200
3279419
1395337
-6992749
-6349774
-6116014
-8440596
-9153241
-7268891
-2500219
-7020093
-12808382
-15046781
-17440941
-13391123
-12068407
-14952384
-10149487
-8310057
-17468073
-20734844
-25480756
-23172424
-8939452
-15009288
-25232416
-28687265
-26643617
-16945139
-15010033
-19996345
-22612869
-16114912
-17688801
-20760696
-10208461
-1756592
1091025
-8666948
-19211915
-14389974
-4514147
5053799
5176753
-3994766
-3190806
5389642
7857672
12308828
10647009
2813373
13024435
18870280
10688583
15074049
18604157
11643864
11889303
15062081
15978619
18374361
17576933
18667238
24219575
18029877
8254904
14803069
21531784
27583094
26395531
13816022
25318239
32867323
25184300
29654848
25350274
25952780
28108077
18763283
20111235
17844606
11020310
8775763
7061922
5217280
4423590
6804193
-175570
-5359363
-1402327
-5570131
-11169610
-11862597
-9902474
-6981199
-11802461
-20420799
-18616299
-14142318
-18938803
-25869627
-31614068
-28203474
-18582941
-24481410
-36174956
-33306119
-29500466
-31743876
-26669677
-24468945
-28722249
-28328626
-26005831
-23093747
-19836859
-17573995
-16984251
-10132508
-4809031
-11580302
-11415288
-4903911
-535025
1649713
2285893
1946278
-2232551
609738
2377547
2398266
12277170
16998070
13662871
9570464
11634285
16595686
17434041
22156531
25371281
17168802
11198445
19233148
27636436
31510068
24171140
15380762
26028924
27767268
20561325
15665928
9628802
18576851
23964913
16083480
6229475
1114684
7279128
12719477
15816976
11134018
1981500
1664115
-2311306
1538455
7306323
2851303
9866700
9368377
600990
-1553475
-6583553
-231903
9845965
-245250
-8813656
-1361397
-5316227
-10699220
-10805330
-18576407
-19580338
-19351026
-14800319
-11870600
-15983347
-18530263
-31378002
-34455221
-21998292
-11552615
-13169932
-23828332
-21770379
-24380185
-28469784
-20112998
-15990696
-10416139
-20125946
-25544106
-592201
5396908
-4474575
-9357826
-10827989
4063761
13848947
8547272
4640787
595150
879387
8699225
8800032
8188955
8702004
2952368
10938302
17949082
9772879
9731901
12669351
11012512
16004157
18913612
9908139
12880086
21423155
17748964
23460827
18989435
7984722
12059117
11387886
15127224
15406792
7035759
5771510
5581579
3266661
7620520
7481263
-9882049
-6763292
7039484
2400678
-1433602
-5068713
-4455949
6089383
6949465
-3173394
-2366311
45357
1776835
8168659
2129072
-6330845
-1809230
3504663
132885
1478562
-3163759
-11115014
-5580322
-2403542
-3144634
-8468536
-11791682
-10051852
-11677320
-17314937
-24270202
-20766251
-12523863
-12636062
-22917934
-25418640
-22703371
-22904506
-13648193
-14848632
-15805521
-4765826
-10065059
-16565220
-6121749
-6012655
-5960975
2647971
-11472862
-9906321
4482694
94501
6005844
5292885
2864872
13761089
14736925
13353225
12988174
6188633
8816964
14848439
9448601
13990028
18734699
10461052
6839485
6846688
12214960
13221049
5865355
7830643
8766102
1699034
2652946
6484009
6693290
9140102
8930150
11452288
11728450
4087301
665143
596851
1934217
7207671
9101065
4834771
12032735
7709540
-11922314
-1592639
12255411
8242763
4593952
-2596033
-4710897
3600813
3843328
-1555679
654251
-2323098
-4984922
-2664477
-6590167
-7320616
-7912954
-11023274
-16949642
-25063271
-19333900
-8762443
-8295564
-10451058
-11257684
-13737685
-10211138
-31892
-1435802
-13569411
-17591008
-11396290
-3643509
-3323651
-6307852
-2444680
-4065847
-5036536
1181158
2691123
7516822
4256383
274334
4628542
2997271
9972531
10026566
-2032994
-1810270
7632532
18819489
26489836
18338222
-491917
2045552
15286627
20979910
25088134
10100050
-1192479
8266845
10053579
12339286
18401603
10539840
-1303203
899608
7557639
10491875
8270905
-1340613
880584
2481424
-4049740
-4680180
-14138599
-16140517
-1544288
-1013277
-8582130
-10647896
-13364101
-10458375
-6529239
-8665548
-9303341
-8295540
-11145303
-14209894
-11100416
-10901209
-12922313
-8090788
-9919822
-13269290
-2313472
-1271409
-11330936
-14161103
-18066376
-17891516
-12260415
-8646972
-11573891
-17789710
-16066065
-11733071
-8196736
-9816089
-11797460
-4069245
1245308
-2583508
-6397998
-4694803
-3653470
1187849
7937985
6864228
1386073
-4064392
-330972
9367155
17100825
18967890
15977105
11594975
8986529
15179444
22544190
28685085
27050356
19854123
21746753
23848229
23438797
22955766
23704718
24050264
19907561
16200029
17412851
21295937
18698755
10283921
6243805
8976895
10937100
15578148
17889916
5831579
-3585604
2804101
12052489
5640654
-5284562
-6675781
-5927272
-2735788
-2786493
-9710530
-12232906
-10215728
-10645554
-13352763
-18298363
-18431508
-19126535
-22124413
-12485032
-10100418
-20252467
-17944541
-12668772
-18812044
-19526438
-16289317
-19547766
-15911252
-15376400
-19928033
-14456176
-10945274
-10814617
-7008404
-14380302
-22764532
-10229704
-4847522
-12875625
-11911449
-12380903
-12804732
-9256034
-17188674
-21372484
-6045720
1344411
-5406474
-10213011
-6462499
8046207
14418786
6562003
1401843
10141957
19332606
20386810
17456371
10455357
19155615
32932513
31251694
18444195
11584460
24697878
32556550
30591664
26772875
22247887
19540246
13613814
18333563
28950175
24226530
14422411
14532629
14587639
13095820
13255524
13864926
13780480
10581393
7869360
-337291
-135470
5713128
-35974
-3587348
-7613682
-10100074
-11630381
-15832617
-11411077
-8062562
-12081592
-19292561
-23660565
-19058463
-19026354
-27123305
-27886794
-24033597
-25793944
-27300900
-25169053
-30129262
-29725299
-17323683
-16250460
-24445206
-32225834
-31799656
-23058187
-15835302
-12007729
-16952522
-22145472
-24288455
-21938294
-10753751
-5079263
-8712127
-12697711
-14988208
-15963124
-10375841
-2717012
1720944
-632936
-6448806
101225
6414760
8054069
11286730
14820327
27206903
31262200
25643570
29850069
31900382
37785121
53747202
54741762
56719306
63175478
61523642
76612271
88757782
83928266
86233591
96384783
103131689
101353951
86758794
74096939
81359235
78747018
64173746
45517151
23190245
16921082
490477
-24236478
-39734039
-54039113
-74326179
-97650021
-104920242
-114549073
-121816484
-124149102
-136778237
-138872988
-134076833
-131187705
-135258701
-136907776
-129691923
-126839554
-113473171
-101477470
-104205679
-96352505
-87197630
-81313144
-67919670
-61190516
-61042571
-55380149
-38977079
-28815385
-26647515
-25035245
-24554115
-3246354
13109978
10692497
21812162
34492036
39093702
50163036
65168212
69406497
70784900
84348434
105792325
121994213
121645952
125299334
155151723
192368815
204433462
205162654
222493290
238436249
245514893
252800630
253865491
230111809
193992014
175783922
165934329
142711180
112013609
83625763
40703856
3408243
-21634913
-58110486
-91623287
-112055606
-121904451
-128888411
-135261388
-144265348
-150681174
-151278715
-150276225
-143106233
-124038216
-100834449
-101533463
-107963049
-107144273
-99161365
-78117925
-78219502
-93151421
-101616607
-101815036
-96574533
-102009896
-117820138
-133815662
-131889190
-128591281
-142540037
-147454681
-146842699
-140181908
-122519650
-113673830
-104028135
-94193027
-88296600
-76302062
-59189038
-32923896
-3838434
17731483
26652379
34147642
45525757
54684141
73180034
89689501
93067776
84983209
78808240
85359731
85621323
83326013
74297649
61958006
71110715
80622041
84590878
97325366
97315181
88610083
99944988
113170638
112941849
117312922
132115180
141233510
143114912
161078672
178993286
188704832
203782133
210950273
209434781
198801331
198043655
197060992
166852900
138491540
113290587
89181174
71642292
34629124
-6532787
-34085884
-57162966
-78340799
-108942367
-139149983
-156703616
-166952884
-167670746
-173336145
-182994115
-178966032
-164541866
-159599103
-165342105
-161134556
-147536364
-128823254
-114926738
-118018297
-122634511
-115512494
-106884380
-107915126
-118329318
-120265643
-112543661
-114014123
-114407949
-120728799
-127328927
-115292149
-111493750
-111256176
-109467638
-109415049
-92417180
-72267424
-71423528
-64803980
-22799827
-5790936
-24675964
-23218493
-12054478
10222150
37324969
45337003
44567279
47207170
52310760
67280451
89395268
84755838
66167972
73054146
89002732
90322479
89227758
88254725
93837656
110621669
111974536
103449030
109780787
121738764
125903776
131913970
134017761
134702914
146079023
146955282
147308286
155988319
168396493
183011439
183029489
184722567
192004439
188730019
181312144
178729962
166786905
144944012
128088324
104895133
84433325
70336462
42712331
8507265
-13979441
-31133916
-52836117
-79345693
-100866410
-110331807
-124239235
-137913262
-151513249
-161381762
-159149015
-158367882
-163919910
-177925594
-180003008
-172629645
-165530016
-159688556
-162110554
-156427836
-147971374
-136618604
-137059217
-150105859
-143831303
-138020386
-136502063
-132483924
-130305910
-135257351
-143705858
-132361724
-127918807
-131847838
-117073155
-111958830
-117401266
-107782114
-107739818
-116649783
-92491226
-62644958
-50867611
-39221262
-41729469
-36392017
-7428048
14141238
31467802
43280329
51838557
65379712
73979551
79310167
86639886
105211726
114195639
117148906
134966898
146547824
152031772
155063234
158334423
156406018
155153138
159656752
151922888
153184449
161192027
152787563
141339507
139076940
149075575
173536211
183457460
157240366
137777670
154413318
175094073
174201442
168967100
162048967
153175937
155092407
139372459
112774282
102329187
84886058
63904158
46964659
21445611
-9113295
-43694380
-82452004
-101039618
-99112143
-123836274
-156181947
-160021742
-164312807
-173984804
-185268222
-193316960
-172533550
-156594518
-166114226
-166291629
-168245461
-137045196
-68384674
-70184639
-112675948
-113047268
-103717920
-106166111
-121215096
-144314634
-145452410
-138147168
-148057224
-145982630
-132637193
-145498944
-151645260
-152284932
-155068351
-93856220
-56883298
-70855633
-27046436
1952875
-37177467
-58057609
-67728125
-85293369
-32596900
-6618889
-43308950
-9116541
13016331
-15834340
-8350872
24337241
51008170
64452108
67250782
80911969
125512864
164148435
162636111
147606331
138038447
150129575
201057865
208069945
127323049
79153392
101156895
132623742
180643511
227374046
213110752
193878703
259881453
347052464
366949795
334954668
294307499
286196437
319840598
328475347
250586171
145943053
91638054
62716915
16813601
-53554112
-123961729
-172771917
-199208839
-205767283
-218202150
-238632316
-235942514
-218979013
-207371748
-170143725
-109775030
-97731897
-107134709
-79511692
-53300787
-42043330
-61993676
-112480039
-121738613
-96361037
-112290563
-154896282
-168532714
-173663897
-186064650
-199849416
-227416671
-242398151
-226009875
-218289592
-226594639
-213919462
-189765685
-179322720
-182189495
-186127205
-167900513
-137471082
-119062386
-118772876
-107201318
-78322778
-69563483
-59467149
-40070856
-19713405
5493397
14656740
8959500
30515205
65672866
66074716
70500055
75666354
72872962
88478057
109987911
114795691
95665200
107669438
189576122
348058045
474469434
461918982
453722332
570047353
700021895
717203455
649666647
576792962
541685427
537343467
474600431
330661058
209367587
133547895
42884914
-52569761
-129022074
-204534152
-256482369
-268456018
-280326863
-276548490
-246323911
-224170966
-195873474
-133231984
-61876062
-37575354
-42389973
-25130316
-5880061
-7244729
-40893020
-101690166
-134235182
-148651991
-187522332
-240608120
-287043467
-305998139
-317044830
-346227282
-362967824
-352202436
-342921828
-336999373
-333268105
-325754183
-281790856
-244017697
-251211068
-248357778
-219354532
-203342739
-204605982
-194297076
-174878641
-159605017
-149307306
-129706120
-86540104
-59068376
-49078395
-35944705
-6032052
29161958
12695756
-10578868
13788475
28109591
-10801478
-30923871
6468594
41807717
73153223
71166996
30202053
94241943
231219128
349356837
514513717
637504116
643773517
703450987
860889815
932381235
884396926
807728989
739286710
702765136
636766449
473137267
276587219
147199242
53985796
-79555598
-207635278
-285591424
-346898111
-376715822
-355558138
-326315258
-301303382
-257006178
-198239041
-122477043
-32609357
32349330
60969212
71604415
77784785
76649689
44858524
-16137055
-70979981
-110660909
-153012359
-216519346
-286405787
-317939814
-324202582
-354452632
-392798722
-404316839
-395841393
-377078072
-377490363
-391390212
-352682397
-285104078
-273001268
-296381775
-274041568
-221858176
-186623402
-164830129
-156954545
-120786524
-60954513
-38142788
-26135684
-4189463
24391066
53929945
49508564
25408868
12149183
3547521
-10506451
-33199531
-63697044
-104575303
-130820981
-109824348
-69496934
-68176827
-103615412
-42695152
114115269
201774206
315290615
523224245
650399397
688932602
789406939
919256387
941093785
911010741
855433308
753997866
697050445
631942024
446217869
234493220
122028899
21313903
-140143843
-268020674
-336278371
-394491567
-424361538
-410464167
-374335670
-313233751
-240257261
-186204613
-130198269
-30036188
66970956
94334801
110481653
145773133
127916524
85002893
66206611
7061166
-80334559
-116716201
-152529517
-257654520
-335300086
-346553909
-387383413
-419952877
-432142052
-460655506
-432517926
-389235009
-410639534
-409461375
-336016359
-291364482
-291238630
-251502679
-198368883
-158258056
-104569149
-56558403
-17878903
17384972
60421179
96984015
103431017
104816224
100483090
93565716
58558726
-10088477
-36917450
-36528013
-76513233
-142325272
-167364674
-165313075
-165279205
-146927271
-141237611
-121313930
-46939384
53349475
148790647
254826456
444561611
643167087
714832010
746767407
847385778
945892105
966873319
906674433
802366032
732297830
684271761
550665363
357331067
207826700
77180672
-68684847
-185903044
-260674787
-334607875
-395685683
-398599506
-380698033
-342050009
-272075621
-225444962
-186118285
-111043296
-11261928
47652401
50964262
67540229
88819314
77035845
42359576
-7273983
-57082182
-105446435
-172198636
-254093862
-340363123
-400552667
-429572319
-479461700
-525611647
-544439845
-553419816
-532929339
-507625167
-480876701
-428428268
-365300646
-315283049
-262324425
-164980844
-95768482
-77641933
-23710183
42271914
79116255
89577687
92524824
117851685
119785660
82289653
66415690
39932783
-29353947
-71832480
-111266473
-157193427
-172464607
-200867448
-203440310
-159453139
-139118871
-122403210
-64055352
-9613896
69762794
184146465
248750050
302812297
384349361
511531589
660347435
716404658
692289278
718729360
809795916
836980107
768615925
681527222
622955511
596262866
531717370
380978431
226733481
145660020
81447531
-29539837
-121942055
-148231350
-165352938
-198729149
-224945269
-219501190
-166818137
-134132333
-159558617
-138155350
-51235164
-1038641
-16659534
-28650960
-7999419
-3565832
-43836164
-117476468
-176135415
-202352568
-254005153
-361559216
-453677320
-478932904
-490312895
-542140745
-589092846
-559437671
-499472426
-475513320
-470320099
-411734461
-308416698
-248579090
-207617475
-139853180
-72680125
-8751203
34909920
34056874
36596329
52245428
37127127
-3049285
-21570477
-29522605
-56715463
-88312541
-121156930
-133478171
-141624756
-163302732
-158994445
-171178644
-174308592
-112001475
-110855476
-120280322
7666010
109005724
113428073
157447267
229542133
271194143
328996327
402038940
404131738
401910884
431567152
416096516
417992806
471309505
491845351
441940537
403933392
419083138
417263013
380090515
324935297
271684330
274482992
307006432
265994024
177600841
133654465
130331130
116360526
63560022
10237901
-17921260
-26957891
-24093200
-44476795
-75821704
-84085985
-95029820
-132040701
-148617132
-139705404
-150536968
-190936900
-245667993
-275828514
-285405820
-298373105
-335055708
-369967670
-358595809
-365784783
-396187885
-363623462
-303936137
-283483771
-253686274
-203002523
-161800558
-106212098
-73707581
-50184589
-172170
-207210
-12201758
4287365
-5330189
-33037865
-48280389
-45969088
-71707275
-120194064
-132413992
-131336487
-137019434
-147302760
-184731973
-188689923
-159137331
-146073529
-105723706
-66451432
-40178953
-11902082
11114505
46646056
75673327
106671087
147449705
184877835
224632315
246882933
260656455
250361237
218805589
270415349
308802590
275238020
264554424
251419346
275260323
311278315
271345650
223988252
248280218
252223378
218420368
209289386
189879465
194453326
194977931
177855516
169598747
161554555
159355946
132629295
113395671
124992534
128638738
84359633
44319644
34021264
5120565
-32473964
-92120238
-141212285
-175896728
-201452106
-216292097
-287315660
-313765776
-284510811
-312516709
-326910481
-285885747
-251319008
-247097339
-229547234
-203372246
-171128684
-120557220
-113067296
-108464725
-64816932
-41336822
-42571177
-48963543
-48344483
-51524109
-73269865
-91909173
-113207327
-117934853
-137300334
-188848187
-204891750
-208898047
-208276848
-199888118
-218794279
-243107279
-209395686
-162172308
-175024522
-159165398
-121018062
-94535467
-59607253
-66258784
-45943433
31602384
54682816
36233623
74497014
115896579
114225034
132394852
151022753
164887143
213649997
231014018
212884771
233906388
261556804
255376528
245929737
262453941
250840887
246759820
270201065
240962269
206711951
216013680
222594887
183093295
172237583
174488938
160979631
173122011
148573125
117546790
127744802
135972852
88104658
59807295
74183404
27109033
-2847800
-15857808
-51548400
-65592541
-76603302
-85258986
-126564992
-147233933
-121940994
-127344796
-149739851
-136683505
-116724198
-139741593
-131796623
-109269491
-106014894
-68953114
-48067293
-51100478
-47162182
-29500656
-9943095
-9512070
358053
-783654
-8237405
22810250
21818040
-39970631
-70722644
-59247963
-77399070
-109445296
-136945990
-168816830
-157514333
-155353221
-199262092
-194644803
-160171312
-188653050
-219033285
-179057686
-132825439
-112806615
-102365967
-86725457
-77696137
-44959203
764926
-11881064
3948731
47793211
76770814
89401983
68197214
96633048
133038633
123520096
122642897
138999853
148106550
144084833
153181859
143013806
142101387
149397525
104517833
100143823
111165100
96845088
111782709
85348094
41079079
46269030
85239744
88500003
42549197
60514419
83275320
62063263
68475488
79535481
65223283
45307222
51581069
52670823
23413130
-779361
-30862899
-59960532
-44623393
-65383881
-100397540
-75586065
-99063128
-111150679
-56693313
-43556059
-66829419
-48870465
3348072
35209157
61100854
70693672
80865752
108533119
129693618
119046123
97247321
109024191
83359857
60272374
50921719
12504984
-32900518
-84566063
-88149407
-99562716
-134455766
-152892163
-153931872
-159053637
-168524483
-152967123
-152850255
-116268183
-91249769
-108615520
-95161637
-44775508
-1980831
-22518356
-26474745
6530056
39661446
44778173
43524770
52065250
41424671
36235233
9386899
11783147
61204795
54663802
7925292
-7060976
7658419
27859554
30916584
-18313711
-41884424
25546642
46635820
-24070761
-30155592
35625580
39687305
1431842
5930978
38191776
51193177
30691419
-7185064
2679796
53162724
45310146
-12607995
-20240083
-4110053
-52655758
-65550196
-58599144
-93702937
-90027817
-92710963
-98288276
-102795102
-77887196
-48445152
-86957487
-41050277
26439972
25846681
62237306
54364016
27508734
124653263
198879985
163036718
146437586
150448012
154901789
161689837
134998475
80923852
41601178
30759173
23629675
-17794551
-48409216
-32223373
-51709957
-76655079
-84486885
-102319792
-76110527
-50427429
-86000760
-73978187
-3011029
-36304095
-82661114
-19245038
23000799
21938760
43957863
47791117
-3029028
-4877512
44378429
37040999
29309030
9496796
-17868259
2656211
-3234433
-33473188
-17168546
20634591
-5908613
-45592866
-24360247
9928353
18639835
-1305917
-5550626
32052078
51841277
27470279
22176512
56408204
59416607
37777677
5247473
-23654382
12707083
23154292
-38860004
-80288675
-63703356
-51286736
-91985076
-145039767
-155019380
-116810480
-126561105
-153806199
-123583777
-101112053
-95689253
-88470709
-42750263
-16975315
-17926129
31685720
53666444
53116094
69811209
112725250
108197235
77285369
130668902
118080904
52902729
45574883
55744503
67628904
50763192
9644576
-21687734
-32459725
-37044286
-35911265
-7478535
1411882
-27136296
-54966631
-37209110
7055343
7009637
17332620
40727660
48997794
44227650
49142985
60554741
44861245
52732854
53671457
22699026
-6623366
-6794024
-11119474
-20547714
-14453144
-46207228
-50795821
-28808931
-54553272
-60564678
-14601125
-19546508
-34526553
43619467
62719846
30690400
84244803
108308227
92422560
95674796
94483725
85479629
75477552
78005593
61577981
61113987
48652634
3610318
2184860
-5133722
-43188146
-76552348
-111374976
-131894819
-124644328
-136082729
-150606331
-127060572
-123979295
-138373087
-78232197
-44643603
-78173144
-68796710
-74132306
-35759364
46269036
49552436
27575872
57123128
96508842
83423113
70438970
61070244
57775080
89506906
60092229
-30640320
-44417926
22532648
20837278
-51968621
-47332958
-41224557
-57317421
-39202105
-67547902
-38115516
23604178
3898482
-9493659
20901325
75824353
86271266
61688882
55909223
75898458
90179512
34688175
4090320
27455708
37042950
6815765
-43534876
-63695315
-75725454
-57291254
-73308022
-101507591
-86404140
-86563153
-46289852
-12699265
13794609
44275899
47289311
70317014
84511686
87585384
100005701
110296236
112506435
116673236
81907720
55727448
96616776
63578193
-18113784
-26678727
-3710656
-41929866
-93567500
-85535228
-77261628
-80304747
-123926212
-123505361
-57239019
-59516577
-94420153
-98313171
-64141688
-47861177
-54162745
-38853984
-16472626
11743758
40452144
40800801
14538765
28629512
81223417
53183972
7012389
61538854
74935627
35919544
31052797
13494540
-5719264
8629403
18804081
-46098614
-52428617
6740957
-13645885
-24544608
-7948125
8271911
26035808
37423089
-1819824
-12098898
82660074
86163907
20542910
9226926
50525635
55676002
1154413
-15406926
-34354387
-30184555
-22007460
-73050623
-97770349
-67643822
-64580749
-84785594
-79332252
-69662938
-52526244
-51096472
-31161380
-3436206
6883865
61145260
68055288
45533294
94508188
145497868
142032517
99020286
89544070
118402809
117912251
79727251
50249796
47977480
49827976
29124826
-19957009
-43166446
-32193116
-36341250
-83645483
-99705297
-72811656
-63385188
-81510513
-101637175
-89163288
-63131491
-37775302
-75535245
-80401379
-13973224
-13089301
-30836335
-39376346
-20041174
14881747
-2841223
-3901187
19157736
6416244
1752131
10946898
1335483
9342082
24210327
-2942365
-15675203
514370
22770455
32476802
9273865
25068114
65064759
71850293
46339462
43087060
71684360
81018449
68680537
40593353
28069254
32802273
45739144
20250278
-20516584
-4243657
-11132473
-58338502
-57933807
-55498059
-82503091
-71094953
-71050978
-82793227
-44041892
-21234266
-46808092
-29354701
12347249
8386503
26186430
39985979
25810366
65508476
82763662
43940760
49880434
88889268
82208667
44038611
53097914
46667581
12921674
19803173
6261832
-16483962
-1837572
-14886814
-46597428
-28624879
-20634902
-40775746
-45979877
-45024173
-43102102
-23030814
-17285986
-35532336
-3362444
-6020564
-41277179
-6076103
-7431323
-44027646
-50353826
-55472363
-36163489
-22549653
-36906910
-45164177
-44738734
-24271095
-4760720
-6735221
-16400425
-22566588
1788355
27769159
25594190
36561955
61259122
83422776
98408863
110445693
117647904
124290813
145360848
134577613
108750769
112919760
102537868
81388919
64776742
40461804
25583660
4766170
-28982886
-62832807
-81497255
-83963835
-107628566
-138509408
-146053314
-151038784
-161408755
-158808301
-147792583
-136800481
-136917957
-145994591
-121192952
-88995607
-97495591
-95031512
-85732860
-102934797
-92582349
-52552281
-42979036
-55940873
-51092220
-59113219
-66007056
-39282657
-25041759
-26722653
-15428300
3534796
17978026
36199399
57851962
56019882
33651607
32017198
58190534
139690969
247520455
252741741
197732476
252198523
390730165
430616916
364273277
307036636
303808614
338236019
331133206
231676049
129716950
100824328
60649843
-25053175
-93300585
-136765706
-182445221
-205267275
-191199478
-178894408
-176684549
-178147771
-155397941
-96972470
-37304309
5262465
30163898
48974565
64865799
96816296
113908571
75443258
37751694
13476539
-12592437
-45383985
-92988423
-143540577
-188421803
-206035716
-220094309
-247526222
-266539589
-265156429
-250893611
-254502743
-249332305
-216322142
-194627429
-196494779
-185241653
-163503055
-137523873
-97776359
-99473560
-111104481
-90680463
-70101524
-56804074
-68053495
-74674422
-42963846
5626181
3085745
-37771144
-19213275
25243626
39951725
42096478
41382819
47363239
68269254
79333371
70485043
86028011
204497719
384246904
428599581
359466231
409353976
572816261
643323164
589924901
526397376
514789770
541274684
528697176
414903056
266381637
195306690
139013599
13843601
-107465899
-186400337
-247338072
-290496568
-315932040
-331132910
-321630029
-288425231
-267189332
-223673561
-141003539
-77029136
-40140036
-14997142
17884811
60818690
73662271
48568780
16785533
-14048694
-41946666
-59308600
-101228750
-170581395
-217925454
-243645672
-269951299
-288416922
-289239050
-282198166
-268413154
-252381614
-245625729
-222222086
-192856159
-192739087
-190173338
-161729289
-129718404
-127699347
-136084700
-122659735
-106909204
-91192705
-84192960
-83561742
-71065871
-59215078
-65872027
-77423255
-69833381
-63003475
-56936349
-42534196
-28081078
-31734568
-38850274
-10236095
13353249
32001969
66092268
70932976
76569797
134043732
239778620
388732013
500754740
499428565
512258569
647881923
764044752
748044024
674548180
633476191
627445076
599974470
506040638
357123267
231352434
135030999
23215632
-88977352
-188048759
-276533874
-353295589
-375561604
-345545188
-316655841
-292533645
-277048561
-235622810
-134716307
-40443600
1353846
32537922
76188173
107550146
111591347
91661610
65430533
30747122
-16031874
-65590267
-129093039
-197003262
-251201919
-289341539
-324132040
-355788259
-350337430
-343451895
-369050808
-371424747
-335318997
-292283003
-254517028
-233311267
-231838500
-208099850
-159164117
-150110413
-155368926
-122507629
-89517003
-70894830
-52801495
-52534674
-69769648
-67163866
-43812853
-59913803
-105540915
-107985546
-87268658
-105315753
-149023574
-149712040
-117549228
-112986384
-120158895
-105915072
-60483318
-7955587
18489042
41852041
121883624
229966093
338998511
504345002
616500543
602004764
647046728
795875849
870319526
813920345
731807867
688366530
656847669
598652507
475094685
306925593
176069830
77053211
-28497743
-131733293
-228867917
-288164129
-305611461
-328219173
-328149948
-277493543
-245301128
-227024674
-150773129
-54058756
12068361
59959978
86678978
97324410
117781014
132545978
102149476
37156299
-13672551
-54183916
-123068516
-213437370
-283530170
-318938674
-347174288
-387327450
-432610190
-451534291
-416558802
-371805123
-369492084
-351643772
-293032832
-254267808
-236122033
-214489530
-167185404
-115441298
-89067811
-81768251
-85598029
-56243073
-26218116
-49348708
-92942464
-93332209
-67941900
-97186704
-151093730
-181812031
-191145060
-195870295
-208102210
-224280858
-224266206
-197024996
-180088130
-168392474
-119498418
-51303737
2746573
61590167
122578219
174905506
240769593
312521531
378389442
492188599
652506598
706029913
642620245
674558314
795380877
819847540
747747027
658891007
589072765
556309352
517670758
382349247
209721995
123390427
61799340
-21715453
-96492842
-169054798
-214247941
-224533610
-232271770
-230858297
-213421118
-188716461
-155276987
-103742637
-45162393
-6251097
8968764
11745595
33606856
56760122
28776378
-28952405
-81101074
-128141253
-182900943
-251296824
-313118818
-349972980
-375877317
-395769972
-411073739
-411474571
-370852143
-326060392
-301157902
-275707971
-235702348
-168240180
-120782402
-106933940
-77953122
-56275691
-35288807
30561
-15476392
-53545883
-55637691
-63494717
-94377073
-127975859
-148620713
-155800091
-175281953
-205078188
-228882175
-237816513
-224146912
-208113065
-204096068
-192365289
-148837325
-106906869
-96406224
-51269356
31993616
87686192
128944852
185999900
237600101
267484405
292227001
328115267
398011582
501908545
572465048
560944056
528921387
569051471
644714826
646174799
576676212
520623984
500674153
478625300
423718415
322630644
226761294
155999914
78909133
8506194
-66350360
-128155512
-165707915
-194779544
-208908348
-207473624
-201582234
-205396946
-184391470
-150682127
-138333679
-129351496
-119288680
-112919889
-115962169
-115686882
-119749585
-152184826
-181873041
-195582695
-221668108
-246215510
-246603314
-258045039
-280873833
-257454139
-220764760
-207318837
-189445960
-167758984
-142728268
-119169903
-95647361
-69443785
-65588748
-74354020
-76133442
-93227022
-104662206
-99560835
-113078798
-140839926
-157939197
-159650775
-161058237
-173480191
-180570459
-169761372
-169760986
-160882930
-152038646
-136786268
-90499407
-71850112
-62542960
-29272318
-14757769
-8961360
35649231
71770174
93884450
125215403
163515971
210670585
225152976
245605544
304306414
329245702
317871357
324247399
342307495
417518589
507225598
480425734
409084940
433081917
503649236
510996339
465803621
397923229
364263823
386020808
377427382
289930725
182510226
125460323
90569812
41344752
-30047233
-102302956
-142788427
-155271703
-172752774
-219011182
-257903913
-273919132
-274597315
-264793347
-264704594
-264776566
-248057413
-233166687
-224239728
-218227579
-210433325
-192716344
-187636394
-175500212
-163156686
-152660040
-124621116
-131284698
-148897477
-132365850
-117461510
-118229555
-128397757
-152332192
-157293710
-148327562
-155705567
-168623561
-195399094
-215072099
-209339525
-220779542
-243597438
-237302360
-236716654
-237959452
-228456345
-232514703
-219447616
-189483261
-158735404
-137483406
-126014834
-109980531
-81493414
-53779538
-35715246
-15153509
-6018882
22486742
59190662
62450012
92305081
143579771
171601159
201535911
229416675
264792311
308303806
330078915
342973339
364254261
387502115
377730330
363844680
366484781
349909915
368426229
421286735
418080649
364056099
346518571
383602002
407021880
392063264
358479593
313403605
285274545
300203575
288481377
203711819
110863576
57952817
30028384
-13078805
-82992190
-159157342
-218718074
-238446694
-232940392
-262280124
-316491993
-338077474
-317689564
-277765161
-256801177
-251220549
-241420046
-209679235
-166622004
-144436798
-126362478
-100416634
-65845309
-59061681
-60627126
-35792249
-29399943
-37744613
-76149417
-100703712
-108853098
-161386933
-177733503
-209941265
-247619267
-255872247
-299739088
-307850546
-337862299
-355234928
-330963825
-321521378
-292529114
-273911723
-241868115
-210659719
-181552851
-143758799
-93211119
-57409442
-33303350
5984915
36206241
82857578
91944993
88525840
100424533
126931905
142258824
134990093
157564346
175440624
209135508
217658150
211569099
230172560
236481038
238956899
253116138
285482200
278691042
273434233
278800760
254029873
257596573
270030930
250171101
220296356
225170869
269889381
324174666
311778696
243975645
234984147
269891779
289348069
258943170
199804136
159335668
148626074
142419905
99704784
34555596
-44846040
-95172618
-113149449
-139594031
-189564356
-265086948
-276314402
-236540188
-230010105
-246540548
-247026621
-225681867
-181107528
-119561734
-103683775
-98386114
-68279289
-44789820
-26815697
-24196107
-26179644
-34545999
-57021344
-69936362
-110568170
-163894215
-183492018
-213528567
-248041386
-281123232
-305268777
-323453226
-336812863
-341247262
-337194172
-315073930
-311996575
-287370245
-264321152
-228870697
-171117542
-151413044
-110182321
-80749002
-50208894
2167753
18260885
28696981
49685987
83882338
99261903
101432380
114834500
126916573
158651438
175306759
170345000
175651021
201934051
224460699
209211084
188200621
199191412
236871169
242492549
225562371
211128324
215420230
242428152
248669315
245086366
229170177
222376839
230048861
213045410
199732165
195845642
195870306
178599953
128935921
117746966
127520101
104946247
61654616
35803853
39426701
32503546
24112547
508737
-19212429
-7635252
11742212
27707084
18300087
-4751067
-17469486
24290940
51341949
12599229
-8759978
-34946723
-41096592
-28898733
-68384233
-109542604
-141104056
-161014369
-166382299
-181734896
-191704048
-220748543
-238341811
-230967279
-247483616
-254086466
-248758464
-256316498
-253589017
-233829601
-240518284
-241906228
-220353952
-217254489
-202564059
-195911999
-195578690
-182766346
-165815861
-144750392
-131636142
-126747886
-110784652
-89686399
-75886357
-55223840
-41511511
-10880940
406888
-1049731
21889425
33060294
66836337
104112757
117408167
136741329
165012245
168410162
187744887
203896691
189508027
207362147
211403136
218720819
211187525
200040528
217301321
194578397
164562837
131306965
115889108
129890050
138224780
115798176
97782935
108152064
112762213
132125935
118981092
104823752
113982817
118402984
128988109
120744231
123818720
118597975
130633108
178342773
180811289
136444399
124845624
171138063
191965201
170980043
117351042
80298019
94101740
101391347
89516059
21839031
-40874789
-38007360
-39839760
-62274073
-106375647
-158795427
-177942618
-173710805
-183180883
-213838625
-236884069
-233748302
-232027618
-241339350
-244305878
-255209148
-264258612
-234685958
-219099176
-229551017
-221552323
-229481824
-231471596
-214048598
-200152688
-183936610
-172397063
-182390501
-183033091
-147978774
-133171371
-119955398
-102655077
-89099927
-58199915
-37141945
-21474782
-13928956
-3587795
21929158
36599165
43174065
54817704
70396862
64349970
48634164
70959930
98446243
93408702
82533943
78135451
77041727
82274494
66300675
48327636
60181487
48218567
26324648
41709044
49462419
40263708
43931219
57234268
80558628
96994591
110249856
126510113
152066391
189154590
195248593
198066454
228196540
233414231
221720695
231763822
218308335
199071681
186965774
160796061
182196440
201007735
168598917
129985501
117396788
141307212
150778218
138129736
116923374
91077807
93912284
112242895
96236111
53174316
22058765
1379167
-7624610
-20796819
-61256874
-117810326
-149811235
-156472891
-181825208
-235791726
-283269056
-290683493
-283934903
-270603929
-281179644
-300244829
-265340955
-224993583
-213908786
-201529359
-167840135
-130630225
-98984949
-82489080
-65407450
-43027549
-41272539
-39737182
-42823568
-46673771
-37887453
-56313439
-68359078
-67098439
-90238522
-102940517
-122559708
-141670009
-135096283
-129928068
-130152567
-107393414
-85976387
-87837766
-86121077
-89967929
-78470328
-47173082
-31820479
-32452270
-23471733
-11086720
9187895
19741154
7762776
12837724
41214351
82884101
82887587
78499483
126339573
132731594
119569467
150484976
157608805
170256848
189507073
177088346
189466397
200718224
201222938
198373710
189162425
188212595
154818509
161755219
277599914
329459721
250066037
217619359
278757006
343499901
365363302
322997603
240422043
199694762
235530847
237000435
153538220
45854244
-37673632
-45432773
-44924531
-107023610
-201466964
-263892072
-242983832
-209932951
-216832500
-242783182
-274505902
-258383405
-198948493
-155445727
-148818925
-164455070
-144544227
-90093018
-40750186
-24104066
-40206533
-45573585
-41236753
-50026741
-65239714
-86799600
-122618845
-131593655
-129150891
-173648909
-215819320
-230447736
-227815111
-220671085
-239673213
-245429044
-235357653
-217741462
-205740020
-216452320
-196141389
-178102917
-153420647
-103770316
-99393837
-101919756
-87936791
-72191365
-42880538
-23755740
-6507995
18736636
13757872
10496046
30406906
17604664
32478839
63642669
33511150
42974510
83771394
86259500
102150500
135516150
145673485
138889182
164678467
203785157
222557081
224293251
219725727
222258470
215587554
228166936
305647811
420783198
448506125
378743540
371286902
438279804
488844530
471550598
364972810
258835681
257363433
289085569
231829330
99567612
-30557614
-99662999
-104416535
-106881822
-170236155
-262671563
-279550027
-222866909
-159489430
-146899214
-197095085
-200689956
-119633891
-23564653
7996695
-41607293
-66792929
-33441808
5740703
12694645
-45641126
-126943544
-147404201
-136455830
-150408524
-176653934
-215910932
-245091053
-243426463
-234245830
-236459125
-248404848
-252119642
-248161248
-238386223
-215408430
-205883412
-209369491
-207869498
-212065248
-205348660
-180953418
-167813978
-173161336
-158750883
-126415514
-103632012
-82567515
-67228848
-62175881
-41486478
-6491334
7195977
5725259
-11750379
-2057611
46061831
35668618
1664203
2375336
30685250
77368336
96109605
96179099
88333003
108916961
182653674
228382205
232108615
215404151
181567717
220674392
315687228
385824380
496098332
580778872
554142122
546891548
613532569
637581188
581997468
491444342
366082024
267390318
243332613
181863939
31169316
-104634001
-169917775
-180516126
-175654897
-188989507
-249027999
-281340585
-197700279
-90267734
-56150222
-79020643
-84418396
-46298856
26690421
64717551
2247114
-85082628
-111005247
-103436869
-124116222
-169356249
-239831976
-277278506
-247289722
-236324933
-252338903
-271059824
-289312438
-273708936
-235781492
-224391772
-246878391
-263700108
-257319374
-247730479
-250151765
-257864582
-280311922
-301829939
-281920917
-246563296
-215426463
-191681182
-175303321
-156700244
-127787657
-92714651
-78879300
-56269554
-35806555
-49321466
-35680566
-827002
-3955435
-26037338
-33694680
-25445386
-3758038
11071516
2243875
-5670904
18530712
73500124
102519987
96123780
131751618
189279613
236641184
316366371
343518648
307915519
317665939
330204443
335735138
384290202
495156087
649787042
725804107
641413615
567875308
631647885
661886112
581237114
404341082
209700826
154667327
176430325
107289098
-37658739
-152089877
-190219260
-153121048
-127396838
-157041149
-199620301
-169651262
-68400056
-3215560
-638820
-51978489
-99157020
-78822076
-19509184
-26484509
-133788828
-225118927
-249241247
-258170720
-263097152
-287525300
-335853750
-349268055
-313006087
-245914352
-204236065
-230511929
-268129147
-244793999
-196779720
-195557629
-254669494
-308019754
-300980590
-290967731
-294598773
-286663782
-281104980
-293799991
-281916404
-248922596
-236484318
-211592802
-193336949
-199614938
-188674990
-144819907
-115538564
-113988851
-114107745
-117608726
-87946040
-46105790
-57111614
-79059833
-62296358
-21849322
6210544
17925735
40156910
44834797
65209767
142493683
193361481
184113272
206572398
288159765
329703598
311124445
291727685
289436730
302364019
326352092
272366832
225429312
315859946
415028494
541222295
692782608
693212418
609968992
629031334
661796212
610116832
508405112
341055331
202366663
192901673
213866352
113402957
-43543532
-120505455
-93554523
-20938806
-11380774
-92187977
-150997553
-107175531
-44875702
-46975439
-142167588
-213917372
-181874491
-148331758
-180263313
-255516009
-310886872
-326896366
-284572385
-272574535
-293517073
-260260546
-235685461
-209101078
-175518417
-166896266
-170850362
-185527619
-217689885
-268264562
-306133670
-302139916
-299566717
-343223979
-379116665
-357445978
-296059947
-252124411
-260880664
-271552707
-239709961
-201685087
-170901313
-154472892
-148561711
-138124661
-125434529
-91849843
-74175339
-70262936
-60351695
-49241100
-38100245
-45704945
-33445910
-14411652
-15475047
-2459535
28232328
48597600
72575293
134696163
168990176
168712223
192460355
235855549
266297766
246417211
239325806
281629709
319021037
289356983
249065650
272776339
290139903
297973186
297798778
295645261
304947357
285204922
317866748
491667168
635932997
584438456
466099429
449177267
517119934
515052849
359291161
121761509
1738770
59250110
104443184
3034600
-162812801
-226927850
-171687096
-108411551
-142959587
-227585075
-267643931
-217097253
-116560331
-104121513
-161175233
-193826664
-192370102
-163872689
-137221664
-164495180
-198947881
-192570286
-190933249
-195432684
-204903680
-236091366
-259299775
-286257169
-333028398
-361549305
-383174536
-399662995
-400974922
-398393821
-402890311
-385312859
-336063712
-306478500
-257466569
-199897730
-175781769
-171949764
-159828109
-129805440
-134291606
-136878067
-132196306
-137697541
-120807197
-95963970
-88507579
-86626952
-41596691
-3506810
3691377
23433144
49206927
86470487
125635382
159409318
170489905
161082627
179208904
213385048
205056413
176110392
185543259
196882041
193986690
215762994
229841003
226420930
280423501
351267338
344723744
362737467
433778931
434653679
385199343
308840449
209446400
199845264
298862027
255681764
52994934
51165012
263452484
395607015
319407081
172327708
154311164
323316620
420866144
234167479
65225359
88367147
157348874
155473782
60212592
-57244192
-78882567
3840771
23868263
-37124044
-104938511
-148748044
-137017797
-95800366
-115502292
-200048919
-246751699
-251030300
-224577307
-202117574
-226978473
-273399924
-285401085
-252720286
-252893243
-287609478
-309887997
-304940036
-307996796
-340163932
-357406570
-345111334
-312550573
-294661131
-312282599
-304262292
-242120189
-210237882
-232970705
-245347914
-237485683
-219813282
-187224928
-172723430
-184479395
-179741289
-155338702
-137019467
-127769533
-111544835
-98236973
-58048613
21267517
76827486
110656988
134390257
150826734
168873577
178299937
168358015
134211153
135999241
184034745
210711565
206775076
200927642
228602807
236013763
181470249
201891952
297876039
287946599
268667804
362931429
396486744
340849297
267708708
208650053
225273284
242297282
156844084
71058637
123038515
180203993
177497787
230904194
305304536
320545102
323401237
346353027
315917648
275337382
282480451
251580642
164511862
121907338
136977275
129125423
80116463
-11728199
-61904338
-41163720
-67481138
-124814873
-178162384
-222129763
-207252802
-170276457
-193532822
-272388028
-308414102
-272806010
-221537468
-202233659
-233954538
-263471159
-218533364
-155621241
-193171296
-261624416
-259577074
-229908279
-238937658
-294137476
-323967385
-316234916
-296894592
-286156056
-317845686
-336298638
-306515896
-287942617
-302236060
-302813833
-266265193
-219533525
-190586702
-178789191
-168575565
-135511385
-83349714
-60184883
-58659937
-45389581
-27286554
-5897125
23544059
68904978
124386851
155827506
144564646
105729501
88671245
113186219
124050395
94106794
81027936
131107451
201676789
242031555
247874207
209551625
180226231
241763966
312343710
284491703
186121809
119960626
148272211
197205754
220792387
204143340
124244768
114422146
247018847
374566127
383787250
327708984
336469946
410026087
421416465
345031814
268953809
259584965
266055307
217900939
155897957
131461916
118262771
88516548
52337753
17507350
-21582047
-64008881
-109203852
-162555358
-189086647
-203262404
-240552975
-257433774
-249571626
-247573407
-248930285
-227212072
-203292557
-218754374
-224644522
-202780122
-202347122
-209463943
-189817917
-178720641
-203273613
-207381194
-202105716
-236386853
-276988044
-293893147
-302732777
-322171162
-326409997
-336663634
-349345270
-317862811
-277254897
-251716698
-242038740
-227259813
-187873086
-148248382
-123671983
-98127671
-55233746
-5306740
20081989
15571629
17484418
29428520
44580991
52402500
42510524
64474647
108390608
125533579
128835305
103321664
83167684
118960468
156807912
126508798
92046367
149839072
236618135
279523128
213314968
118523089
142979415
231776781
260597487
196549758
157857494
210537804
334152696
404203239
374236377
341169072
343369518
391885800
422373441
404462365
364106797
371897897
377918894
307656073
233964063
200948450
175268404
121652900
112049453
85420709
7738943
-53079435
-96607806
-137161357
-187231204
-201060180
-218155013
-231911109
-217129867
-220401785
-222489342
-199072943
-167863608
-174376580
-205673647
-208332337
-185504782
-177906751
-202828987
-221543656
-197833562
-176314934
-200575892
-251223131
-263946151
-252180220
-276687622
-301776646
-302489969
-300168009
-308559781
-304364288
-290289780
-279496913
-265435180
-244539608
-218493093
-208050109
-177207959
-121629458
-80197005
-60469569
-64418686
-70058081
-39676527
-807208
2951460
3188329
22367352
33450971
16589998
41195409
106947946
127249189
131616140
132605965
137908290
194882662
229023914
215803138
210047118
192280080
193658258
207348502
164210709
129848176
201858380
268832242
252747490
280525388
368888341
416019586
379741367
391428693
457989789
444264870
425120734
420277127
377687955
328252529
313154874
307043264
239757465
145379355
108670106
124986083
97280412
29617303
-14025918
-38958904
-64602882
-123341792
-169056725
-171574814
-200597006
-248559548
-255132255
-228178640
-205443025
-204015684
-241116710
-254552039
-182569194
-145986829
-207839417
-258392614
-235724841
-193650686
-208003220
-250704520
-279272719
-283018910
-264062382
-277620320
-299165921
-298749293
-297604331
-292941964
-291240724
-269696965
-260266501
-280708858
-255650920
-213061954
-199841076
-180415332
-162144444
-147643225
-93425860
-51133640
-57874597
-29412668
16568272
26216381
31934405
47568645
63791339
83568216
90232086
67360704
84718357
122597957
98932970
82534419
128011485
168610146
209624547
259224886
208406513
142425839
172172490
193875650
164773056
171781258
214612887
257260380
338727503
369785147
359289246
413451987
461444040
445126849
427819224
446284503
442314004
417039479
372819620
311558624
264853618
215129682
153039477
88702683
38602101
9606849
-801237
-47559872
-116033309
-126172677
-115513308
-148016520
-200477348
-190967747
-161235718
-190147785
-210299737
-180395824
-150141123
-152162151
-177678170
-189878611
-161840272
-143884333
-168220857
-190077685
-186360976
-189894753
-230411562
-250252680
-235352241
-242943009
-274075169
-300365733
-305746680
-303368933
-312445359
-342292842
-341900582
-296416418
-280794772
-285825506
-248350393
-195282591
-183393078
-174727483
-143211442
-114136644
-97698137
-78337097
-51248471
-20194852
18314602
14519357
10880851
55793871
80299332
65884286
66031110
84016263
107064378
144498366
125515737
111063543
180298901
212617744
165180761
158023801
215594586
229187562
199299211
202271281
288572098
371448533
358068941
356152522
448766591
506134116
466296103
467249234
487270716
452418558
399700217
365406777
345062885
302941671
218642708
121367119
89473530
70006996
-409067
-63073553
-81426549
-96060561
-126296410
-140594738
-147550270
-151164391
-163488546
-180937928
-191698401
-178247054
-152459353
-165486811
-175697128
-166729599
-164518837
-164916078
-172745167
-208409769
-232700076
-209511631
-201859108
-225397262
-244462786
-240606632
-232916496
-237545254
-251934810
-265381350
-259816984
-260528575
-270184433
-263508207
-236444179
-227554542
-250201555
-245872032
-211581088
-192081948
-184417472
-177052820
-162515751
-123635647
-89501652
-77381215
-52280031
-31448216
-29931558
-6513025
21531982
19222121
3823431
27894629
61003640
57230127
71606035
82704115
91322281
139577027
172848972
156689462
178203226
220587202
218908197
275007918
324923179
309055461
361541739
449052080
449008459
453493638
509681074
523180756
530340464
517427905
482712933
471456684
426403093
374096178
352369208
283346204
184783904
135625221
81651540
8057116
-38609112
-81274488
-120724154
-143965355
-184434296
-207319349
-182470577
-182796438
-200973879
-188024620
-164823212
-151782122
-150414076
-155304171
-159939270
-155647321
-152101186
-167935581
-183005377
-203839568
-238086414
-231722555
-216514960
-238300148
-260369212
-263312363
-250668671
-240870628
-232592290
-234427969
-238787148
-230248426
-236553622
-235589981
-225260708
-234834696
-230447116
-202444198
-195644839
-191553868
-177524317
-173331976
-160019601
-141348857
-124659631
-114135277
-97975652
-85212612
-69853792
-39224312
-24770730
-14734537
-25543796
-8026548
33495548
16169849
39496475
109017419
107719212
99354987
166933810
210507308
195378202
210268902
267064257
292593441
302956402
371378903
431660359
457659727
481343902
520079621
550122195
546779758
522236770
490580539
491463473
448359779
360246616
318154212
297687438
213462468
120469138
92386659
47457016
-10996923
-74818402
-127000289
-141395180
-163567682
-211889507
-236569647
-224551446
-233185008
-220068130
-201409329
-218425070
-210663449
-197195265
-198724626
-189968484
-208758926
-229592273
-203163117
-205740403
-245758096
-245372007
-234940674
-246821584
-242767635
-237931454
-224921245
-199630713
-207599096
-206634978
-183291004
-177650097
-165436209
-157617391
-172765114
-173139464
-163969024
-165107536
-156137824
-137914842
-132547187
-132075885
-131752584
-129284754
-110195604
-95378542
-93889114
-90594932
-83441888
-75594551
-66337431
-43522514
-22866959
-4471896
15977811
3545134
11415002
78191482
99042120
85519436
134027829
165561121
177646740
261160893
278350823
243612523
319091230
347226467
359245266
477058302
499171347
469130373
539889211
572462226
553925831
577576433
521874433
466845297
484843070
417302005
352323717
305553548
190741088
113490274
86655049
12926540
-58667501
-102576103
-163607098
-184953792
-199543423
-246804992
-259391572
-254051517
-268884524
-264336980
-253225990
-248210807
-225140730
-223867586
-229407809
-219004070
-217817540
-227375576
-220617326
-206594880
-227628789
-234110256
-216048424
-206255244
-200505630
-196291102
-190260565
-183173682
-159272333
-149953267
-153530722
-148303648
-157179897
-166137711
-156599492
-154639069
-167342985
-159789634
-162373834
-177486057
-165806503
-149911013
-150901156
-138988717
-118082685
-123816438
-102986061
-88851943
-115951860
-103944788
-83794863
-89737624
-83060179
-64832953
-58157510
-47257352
-25741365
-5027424
27161436
60307280
87201120
131087778
179866724
210244150
255367530
283138329
303179085
360865119
391835298
447265295
513229939
526120702
571226557
612739645
601118381
616171409
619206419
558522163
541905421
510794784
423071329
388033786
328741232
221637075
150701787
91032558
9874840
-65617537
-134685231
-193179810
-219504407
-246888167
-284962355
-313863096
-321763365
-306682034
-283292170
-263777765
-255384575
-255614931
-241009695
-222404285
-222594766
-214420126
-210437334
-210491008
-202447451
-198238069
-186375560
-183738817
-186904515
-177153234
-166655293
-161513942
-150363086
-144819825
-147083520
-144257525
-145067060
-129922070
-121227596
-157048884
-178816196
-163023487
-164414530
-171247351
-176435815
-189133246
-184350992
-170674889
-149867706
-142875392
-144449553
-124261374
-104323616
-94458137
-94356222
-93266346
-82803427
-64466814
-43995780
-46910084
-41177346
-21244372
-13056911
34461540
58280000
53955877
123004684
167388296
193517905
257297766
264249598
260315948
324089374
349355840
358720569
462344640
498273367
508823835
591755264
597670225
579524697
617354924
611937602
554271171
532370414
469770403
405591325
379061550
289260253
190492524
111279885
30870859
-54990904
-109424841
-168091266
-244101248
-295901753
-328542609
-334575948
-353328498
-362147822
-364093277
-351425097
-309430993
-286904866
-284186877
-261603505
-217176559
-207538219
-192069274
-172533684
-164670330
-137377139
-130801944
-128739515
-111148193
-101002680
-104461841
-98642331
-94892550
-112002400
-120359612
-132965542
-139734145
-137910855
-159827887
-170949841
-175279166
-193467243
-197146520
-193868434
-195963472
-187262304
-184270683
-186572821
-162755332
-148082081
-149808003
-128741264
-104032861
-101302755
-97461462
-85176223
-86898368
-76673200
-54701608
-51525715
-38104573
-20448357
-11203612
4691705
25800978
57231073
84640994
121079111
159487931
199314062
252449317
268962411
261200712
308604425
356361952
356045058
440970635
506730103
494917110
548178070
591437326
590314060
603160648
592656843
538455287
523900934
477669852
392392192
353087513
266353775
155462419
89481281
31478564
-68297190
-152025198
-204175316
-263781275
-298695008
-318177460
-336499575
-351099103
-338513566
-319799880
-294493229
-256171152
-237830196
-222600819
-198648260
-162527797
-137930020
-124615227
-118246807
-110786276
-84977706
-81998524
-81157513
-83658016
-108269748
-102661634
-99918447
-118827287
-127666887
-144821250
-163261138
-173113142
-194626241
-219007141
-220504510
-219357219
-233970555
-248530624
-254181717
-245447478
-223754436
-208449576
-204847098
-181128401
-149937743
-127712351
-93038814
-77224462
-81792730
-70917978
-47272089
-34304742
-40444994
-42274880
-33023475
-13138283
-1627387
-3989802
9448408
44817894
78590809
106234413
159305009
194861342
213377865
254820166
275848677
292495513
318859627
327230102
377654199
478560821
513241574
523644303
574660494
611931012
621601276
603807349
579439757
549607107
522070814
470309734
388163369
320141463
236877456
136212728
49309451
-24263054
-99105192
-174652972
-252343637
-303660805
-332524475
-359545026
-370578378
-375978378
-362151939
-339129095
-307813168
-270309188
-239530204
-214080029
-190136826
-150960701
-129677987
-114937377
-90021088
-80388992
-83520400
-91932593
-93740174
-101439017
-114214085
-123389205
-139670265
-164813654
-184280951
-196560843
-221020730
-237730442
-246360235
-248163515
-248661310
-257494649
-251948243
-250339827
-246363610
-232444087
-218633745
-204484825
-187211649
-167956898
-150723686
-114367252
-89519741
-82511488
-64093798
-45627926
-38829073
-43306185
-33191439
-14931704
-11181814
-10445161
2346249
19731391
42217932
78714318
104136618
139591192
183284072
207007059
239836708
267186363
280723765
295652566
325606960
368461421
414878333
478375696
522142819
535082394
551148171
579758788
607276754
596693136
540823811
493509539
468556193
427289512
358223057
272484411
191552589
102615777
22172785
-38101072
-106454101
-169529371
-232003679
-283321290
-303130501
-297957134
-298763054
-312878930
-316130664
-290957276
-228976565
-196388824
-193672963
-182709381
-161050337
-118955181
-91413015
-85756562
-86397182
-66308681
-55964894
-67550631
-62545308
-85083181
-114913428
-125806503
-134315690
-142034252
-178163239
-219185333
-236665261
-243711374
-251734453
-263961670
-283997992
-300796514
-290075706
-276158222
-267181350
-247678046
-230925817
-210204142
-176750738
-144655272
-122579526
-94548894
-61970262
-40994335
-24825468
-15158414
-10687823
-4773637
3244105
16245546
23854714
19730739
17169766
29563488
57674758
85523823
101502651
116652314
138592584
171536111
202879518
222445347
236748769
238358431
237081409
244064648
272548712
310350434
350031478
393668378
399976334
389870103
394750791
415251661
427577470
413527137
400122309
379330794
345692722
305171497
265649620
215004724
143337175
74857118
20088796
-22434392
-74523770
-124169967
-155944387
-191372258
-219759061
-233985450
-242136902
-242345020
-236251739
-226045717
-208959269
-180180462
-166110979
-167392817
-153375693
-134483397
-105675243
-82694413
-78441560
-65991056
-64133216
-68012063
-59890391
-66103881
-82992122
-94969664
-119237226
-149653884
-167385005
-188647788
-216773745
-231667498
-243292505
-255722383
-261095670
-274808192
-275075815
-254116711
-242324150
-236154770
-222587806
-205238716
-179857358
-142947968
-110674451
-79942574
-56207008
-40839568
-23470944
-10296367
5084513
15907311
25536513
32115734
37250919
58526544
70994407
77443514
90735492
105432420
125085438
139065468
157447067
168599373
166105740
177111245
180935591
177334037
185210702
199560912
222862744
267239608
309720708
306584766
322935092
378642962
410888264
433615159
443148613
436722580
431916246
421553544
386330888
329295711
270330831
201778275
148543867
96776798
20877566
-43938585
-108342341
-162222850
-190009639
-228533339
-266878164
-283145606
-284710754
-267798397
-250508947
-243835562
-224608595
-203322681
-179714672
-142729037
-109051315
-82547881
-70059638
-62732329
-50091711
-32394515
-13665610
-23626450
-51235166
-75768540
-108114901
-128591406
-140187671
-178857203
-228351388
-258131165
-269509170
-275631241
-290319817
-309032224
-315433053
-311238871
-293418682
-259026453
-234354693
-212390683
-185612934
-160348302
-122975748
-91934382
-62381757
-29726450
-9691361
12270985
22746726
25733633
47550002
57932512
54350024
60066395
66100944
84179712
98226413
95227574
96734210
99627959
110244823
120277900
128966082
149443150
162594570
169671421
179532527
181051689
197091481
252028057
310760377
339356133
345523607
373358201
422852917
450296982
463830593
471052883
473923761
463072418
415943654
355558970
297776176
234867701
179804585
128273893
62187995
-14221548
-79071420
-123642779
-167725298
-199433297
-225465530
-251108659
-257661506
-254940017
-240627426
-226560179
-210265558
-187425351
-160881352
-133827534
-121297693
-109450071
-89003551
-70059497
-66529200
-67860846
-75953812
-85031582
-87065684
-112349253
-147751614
-178921404
-203880352
-222524631
-249858534
-276927196
-285693844
-277792785
-288800365
-304482668
-294434257
-281195137
-259080464
-231482670
-204755354
-173933324
-151773091
-123373219
-88488934
-66685343
-47390403
-27263342
-23427416
-11826776
10584801
10746752
16328693
23521537
12681510
20387536
42283204
50602835
42527818
44112770
67860950
88300453
111137868
121298809
108419801
123120920
156471988
171039076
183554622
211652963
243120099
280100755
332588734
366570814
374706147
409287647
457412993
475445856
493518592
503426844
489896902
475654066
436004590
381110781
331688393
268070712
192502520
132871767
87269841
17191508
-58918032
-118694699
-170641902
-198525468
-216877972
-244599123
-265087043
-266047793
-257801198
-249898706
-236144752
-221528797
-207959330
-187569085
-171435880
-163351868
-139827256
-124918280
-138021741
-140353551
-134747745
-130540009
-138757107
-164220296
-178009539
-191973359
-205929294
-217931225
-236340317
-239070750
-233783454
-231024096
-239150438
-252431453
-248660374
-239138240
-217324960
-191016637
-185537883
-171580054
-137725383
-116805999
-98610505
-77465781
-73244482
-53697834
-28828463
-34646882
-32403116
-18402029
-17774760
-14977621
-5544933
9978298
14656047
9548355
24978840
42264270
65092380
92717724
106067529
126143581
147038730
170196967
194156671
197624217
203740158
234018996
272311964
317737689
364872258
381147500
387716319
427619498
476194874
499682995
517551746
531699392
517144491
488568023
457365950
411068961
351977611
282278379
206520613
139148778
82561732
22658793
-50809776
-121140891
-172529497
-208108124
-239557208
-275024036
-300837078
-300130615
-287801731
-278907042
-260763498
-249456131
-249259153
-232760022
-202560264
-166156031
-140063243
-135284164
-131413484
-116310866
-100525152
-100084533
-106002234
-115520233
-131544384
-139117781
-149685477
-169519997
-191015591
-202307659
-199724716
-207793270
-229317245
-250185757
-252273856
-241618887
-232002785
-214648008
-203474161
-189245685
-160514070
-139809900
-118576205
-96889515
-85272727
-68543179
-48239190
-34233867
-21805608
-19624578
-21219784
-6023996
1361988
999799
8417464
15234993
27984101
38009000
57082888
85400034
91458338
105137942
141575201
165845545
177389362
187372497
200438463
221518253
245498965
293395392
357201046
371426692
368429180
418429753
475107829
491462036
501369306
522196165
520451311
498260888
469483253
419220972
345360373
258627932
194830020
152910918
86619062
6266562
-67149664
-134465173
-184747424
-227930511
-276387202
-317324342
-338493535
-342043625
-331551394
-305953696
-282717170
-274555442
-264839288
-235265170
-189917893
-155648719
-130767265
-99601223
-82899833
-76316156
-74415451
-86785681
-86062384
-81472036
-87590796
-98716776
-129827905
-150312275
-158023261
-179081789
-189386898
-205230957
-228373658
-226439561
-220229291
-222211374
-214629439
-200205347
-193437171
-183216360
-162446170
-136993312
-113531444
-106112373
-99041471
-82031808
-64930738
-46328446
-38875444
-46108954
-50046719
-48137735
-40519013
-31801073
-36775825
-37035520
-27380021
-23937893
-1097565
49376463
96186357
106900313
102889313
142467150
185058176
188404776
196870638
227826742
309914051
461513074
614055380
666252222
613454004
572155442
568621297
568818386
575061076
546341313
466392610
375402804
304477293
239522267
175014404
124091283
67733810
102668
-82048816
-170091261
-221317940
-230982172
-224663506
-226131534
-256133753
-300929650
-313120689
-271286970
-199413444
-134192788
-119706573
-143550563
-154622003
-153178649
-131208075
-94231520
-76655997
-81382526
-108386873
-142612475
-157564758
-143867850
-117331420
-112364024
-140252258
-183270134
-210697305
-207231166
-180771552
-164373548
-185082044
-221590252
-249239157
-254417591
-241508115
-212357596
-180801609
-178587571
-170980215
-149557841
-141625976
-125369396
-98310792
-89913004
-103576818
-117908551
-138392162
-156323782
-144942800
-132943266
-136296078
-137611146
-137117455
-118049842
-68895060
-29346315
-10117798
31235589
73827694
108026270
172135565
220703791
249266449
290540897
283664777
270458990
342757943
473614854
634460170
767296365
776802924
666938788
599533027
615569921
595085050
564290834
504580578
363430453
245923775
216363049
212879250
180829057
121620355
30144225
-68530919
-130499673
-160537940
-181094687
-194936379
-223898545
-273838623
-304423018
-317509055
-303789360
-234301960
-168979126
-161590059
-175820374
-187980566
-188040210
-158727001
-136184096
-145997487
-175579329
-215869532
-228454374
-206276346
-176633936
-147370151
-154302633
-179136908
-174033550
-168561857
-163424816
-146719868
-143783138
-151223678
-166872601
-178861659
-166889398
-157360167
-166704600
-170568060
-160015055
-148283496
-130297732
-104714479
-96501875
-96793797
-93011921
-110841242
-126114607
-123739300
-138076238
-152918699
-148835922
-147126184
-145918378
-125447945
-102785080
-82712675
-50902449
-13523912
29213368
65742805
95240172
135333016
172129284
199972848
244945341
308975177
338278221
306986317
296727918
361786673
470445921
630948387
795227738
780677911
598417803
491585762
501557442
506977551
492250165
432626573
295107803
174811423
140020993
144923159
154725434
124002272
26545284
-61234758
-121463253
-189674062
-206651131
-177695800
-184565532
-218868613
-264702157
-319937740
-312149668
-218408855
-143338720
-130449046
-148221347
-200797476
-239372176
-211676182
-160084221
-147065140
-166694346
-184917485
-208050999
-205990804
-155198204
-113396299
-108208226
-115520788
-129118140
-146933660
-160355926
-157620438
-142637493
-146316455
-170618705
-197682085
-217910073
-221542881
-207139742
-186819407
-179156962
-182662935
-179711315
-170638625
-152987673
-124530973
-112587226
-127283458
-143758160
-139275809
-123707483
-115013132
-104966230
-88876069
-81958974
-74995237
-55162606
-34253628
382889
42187489
72237755
97829298
121326182
156672020
206844680
243176965
263359753
306802880
322439811
271510649
282629641
369366012
461301787
607063843
750794961
738187649
605306851
519873672
502670759
490902277
473632925
413844685
298333534
201516407
150970809
128188753
138763064
116979116
22076217
-71637306
-145638034
-225762561
-249228744
-218993713
-232631480
-266324920
-281907743
-305504982
-305923505
-251870422
-181324726
-136485259
-127952967
-160870558
-189020855
-165860384
-128504909
-102648924
-93344292
-113983907
-143185572
-151313986
-124217516
-84338729
-72316412
-89344075
-129604065
-173278958
-196800062
-206543123
-197981077
-196981514
-223449882
-250464352
-268969805
-277668258
-277032808
-260400880
-236190502
-222625675
-206580438
-188345154
-171580622
-139530084
-112588519
-106878175
-98377071
-95545253
-97689533
-92033948
-83182823
-58603555
-33075521
-28060617
-25807438
-8205187
19338210
45528717
76917353
111719321
139670239
175988599
199193777
206151148
242422233
281225067
284257978
271417777
263129906
251908825
297666853
409898627
501952735
609912086
677481260
607878872
526131402
501246666
460391226
407717823
381794432
328119060
254002318
204631756
136444039
68103209
30689955
-23311334
-79722164
-113254548
-180983112
-249896839
-265543504
-273592479
-264106629
-251176989
-275744330
-285498656
-245381171
-182696835
-131114709
-99656106
-89562499
-86038906
-80098347
-83366162
-82861678
-73872822
-69457572
-76056789
-86148123
-95262287
-117977455
-146769537
-162517642
-170991435
-198978712
-246428587
-276952133
-289540271
-285992236
-270465214
-276333404
-300531604
-321733617
-316691993
-285675777
-253106523
-221043478
-193709754
-165944724
-141424701
-125058889
-104435968
-83318565
-51477370
-28677966
-22792626
-22762706
-35686379
-22332045
368791
18539941
52764606
61262469
59071969
80903522
95508007
119845364
174256002
185903954
168304586
191855390
219520930
236758683
258727181
260701814
246544992
258852588
301388337
343875107
415896477
532441690
597915978
542774618
469076418
451139202
412848762
369367148
348187454
302687322
260554810
222580026
155000319
91919076
39899641
-34149674
-74131315
-77964852
-130920342
-182957012
-192370013
-217892280
-250343999
-240195275
-214062241
-215523462
-205484623
-164451068
-132941066
-110337447
-93613689
-94528955
-85776706
-69376482
-73545036
-85870864
-99575076
-112647476
-111004675
-117567840
-156509527
-203404958
-232909709
-259196859
-285642853
-284263519
-284324610
-301672288
-299249585
-299927652
-305885927
-293499070
-281802007
-270474464
-239539227
-209176271
-191693163
-159019099
-136118508
-125747393
-99851520
-72176154
-50891046
-51230107
-51387465
-34279723
-27000932
-32418285
-29460343
1329613
23085146
11459759
10704037
28399878
50068905
81839975
104570904
114219961
126545614
132501984
139952472
172838143
200385983
212125876
246958523
247078132
216765798
257211035
322055419
351642193
407098455
489191245
483179102
404055925
379902625
392895764
375681399
348384298
318947883
286463056
283701418
271504909
224575688
176958053
106037909
46478961
38492532
13948317
-29862502
-50699971
-74928241
-98232681
-113490023
-140310533
-160728189
-165363223
-150232528
-119503094
-100501201
-110901687
-130790917
-142686539
-151456814
-151613972
-159307072
-161624498
-153637891
-163634699
-176433984
-190042347
-215807620
-249837369
-274599610
-281170848
-281452960
-274689496
-267210048
-280226888
-303677782
-299774340
-276669329
-254846120
-230486165
-214415692
-196364840
-173151088
-160661788
-132667843
-107116556
-107638134
-83952728
-55986669
-52664382
-47841237
-42446449
-30764113
-17999828
-2763221
20037446
26888193
33997833
53064761
57201007
58964541
82182252
97230601
97559823
111498339
106600947
95766445
130034234
151166647
145613448
167454961
183648044
182855214
204890082
230712044
260090114
308761520
351851093
387289877
388663289
347022148
350564289
376824889
345459804
329514305
348084879
339406730
319940561
295461242
252460955
205204693
145645476
95963284
82622768
45458470
-19270887
-52920264
-75306307
-121797402
-156590210
-168058576
-196593033
-200711659
-170139364
-172248089
-177934210
-168540976
-176634523
-183815629
-182908383
-179026225
-173000781
-169582718
-165137954
-171313724
-188404458
-192577481
-195965822
-219776584
-229322749
-223127718
-233200174
-236154164
-231824295
-246389222
-257193261
-243360099
-228412981
-216998204
-196014017
-178502849
-164421218
-152143614
-136893389
-114924825
-102765817
-90783900
-69088337
-53330982
-48689382
-34265019
-7067894
13853345
17563463
14858782
31198521
46511213
45795125
56211400
71190163
74680593
79941451
84905470
69537280
57076718
75132103
80455080
80200028
116207472
149429739
153368096
151224916
182755784
230612714
261455896
289056659
322073342
390573871
436665546
385723810
357442308
395507933
384454050
373424775
403797343
378795461
348430743
349383872
291081820
218827789
182307649
121270061
72476846
42296971
-24283571
-67887260
-82791200
-127694484
-175882226
-198187511
-218662866
-236862326
-227549378
-209732604
-204343655
-202726190
-215615998
-234674304
-234904790
-232623283
-226005994
-209183473
-205649572
-207937683
-206314211
-213928685
-225115829
-224810695
-223943008
-228719280
-229578824
-232701479
-234752248
-226279299
-223571760
-226065816
-211244671
-189856283
-171140209
-158278061
-159761629
-155793243
-137628734
-121334248
-115485046
-108402362
-96339694
-76570468
-47716065
-37572412
-33180015
-21037292
-16519673
3979827
15392947
11599951
33505245
43415655
36933693
48451969
64465703
65578401
72893318
88775555
85972546
100529966
137429615
153090317
165077284
204735514
227927350
221507408
250954212
289852739
311186553
352386953
399492971
424437780
408478542
375741576
388215562
406696902
378427479
370724658
383485649
366878267
341623709
306543750
252766158
181283305
109761032
82253719
73975365
13175319
-52455868
-76536154
-125358627
-167892264
-175338521
-210009636
-247546770
-250338372
-240442498
-225783051
-217506246
-237110522
-250831341
-243888778
-240849583
-232904503
-227929011
-221232239
-196862697
-175204587
-172072873
-182317481
-192674564
-199565014
-194948058
-176056192
-168251621
-176340328
-179765062
-179223380
-173748602
-162090490
-162011503
-165010245
-167226084
-175089242
-177199602
-178359265
-170017737
-158381156
-158547641
-142840096
-116431059
-107594478
-103917275
-84174227
-63335380
-54385159
-39406418
-25761945
-21065476
-2331035
20188962
25933355
34461197
50882391
61035433
62394887
78877251
123292340
147120862
159083680
180000180
194125162
231838832
246674450
230335043
267615068
311709892
317999359
363827781
420678398
393750026
364031050
384382859
383708432
386427437
407185433
395599504
386007306
396588090
372801708
316237435
251851655
181379932
120346447
89344493
53245000
-11464199
-57636070
-98762266
-154055272
-191204234
-212480804
-241075013
-268669268
-262412967
-241938554
-237312013
-233981302
-233213776
-239358300
-234151487
-223545998
-217471675
-198034170
-173357080
-164000009
-160801911
-153618004
-160008380
-168350540
-154081648
-150576130
-157905733
-157477024
-155893550
-147792148
-154077234
-168280631
-161341665
-156455133
-161919931
-158424648
-167528629
-183144661
-168034422
-155564289
-152903890
-145055481
-149909162
-137944140
-114382230
-103831751
-92688542
-73565407
-45491235
-28797907
-20701316
-12008241
-584572
21019093
32997438
33039396
45847170
75186684
87979319
86891003
114178326
149153685
139580354
133383499
181990579
197210453
182564084
212412939
226323206
233303250
293483300
346094537
350625607
341336827
340685027
358659471
379545689
384561212
390950653
398818873
394133603
383163672
356027555
287106934
212258279
157438521
100307624
65135225
35008922
-23214583
-84577943
-141821425
-178339680
-193824777
-221944183
-245449500
-247726596
-244663698
-228987745
-207382750
-202178043
-207217931
-201470674
-185087396
-173859888
-159665491
-138310600
-124677846
-116655461
-110324343
-111467879
-115439423
-117773385
-115849618
-116027783
-126626356
-135200426
-138907033
-150265374
-169551008
-176806797
-174545127
-175662710
-178780821
-193665701
-202508197
-193948094
-180268946
-174975723
-183940948
-180099060
-155978856
-130676311
-114691323
-100248522
-89415242
-73347626
-40785066
-22798498
-11929441
3963233
10754567
17484134
29335683
39750099
48735088
68547702
87943748
102329669
123850354
145628563
165831738
180465526
193697486
203436590
198590382
200813598
223251260
252789806
289346500
338143541
362815490
339463841
330383670
358310026
375874183
386586312
400984643
401475314
391246856
372176317
331717498
270205298
192057381
125539274
91469392
58323845
5834035
-61265022
-113539896
-144760655
-176231369
-209467613
-246637330
-266584654
-256512322
-234586418
-220386632
-217683528
-216121116
-209511646
-201206423
-191490826
-166014008
-143926688
-141725637
-127974115
-100818141
-94573165
-99712067
-100853587
-117183374
-131554409
-127001330
-120887277
-124433716
-142366518
-162274594
-166444576
-162428478
-164219561
-173786498
-190335366
-196680080
-186973974
-182122873
-180278073
-173975578
-171926925
-158567347
-124647014
-108937853
-112192859
-95559770
-60742216
-28726868
-24011209
-34559899
-23746782
-2663354
16422193
27887249
29126529
34114773
48403480
67695626
86551509
111465575
127248308
130756377
139301808
156881618
184790653
196038240
187685664
185439486
200228658
218879156
216401225
206774001
204912514
206213462
213234101
236060297
263489649
261139960
252523895
248944838
216899680
198378979
217057571
227289708
214012626
193371904
173458070
141320733
102601546
74029900
45853925
11037473
-5694665
-11901003
-44146018
-67831322
-75190218
-94957144
-112849297
-132182916
-144803767
-142250540
-136369912
-129957277
-136879601
-153888038
-154963101
-142048682
-137618388
-140135720
-133245972
-124011833
-123500657
-125181715
-142876529
-160955199
-154197980
-145804221
-142993344
-150741666
-162989965
-164334645
-161742245
-160868423
-160473869
-167358070
-169202220
-150057990
-148182767
-156503789
-147255394
-136490865
-123991074
-102478325
-89854687
-98452826
-86933080
-58035107
-35431097
-13503935
-5543935
-1943516
17209290
49750442
68626038
81629721
100281174
112093905
122244112
124747459
131993937
138794378
133867281
138046889
140180421
125587531
129185624
138106172
117505464
116792178
121773728
118888586
129665700
119068572
117317576
133645058
132687981
129033314
135250657
135573271
131255262
133892961
128125927
120322365
108813195
91382303
89299781
84913102
75976188
77091678
71436919
60562494
51732884
41945583
46042511
61301444
62480768
48824179
42063678
51136785
53589849
30027214
2550610
-1266704
10420881
10449239
-2098096
-25113146
-45681142
-38208274
-44779358
-81483375
-106873445
-122917379
-132765998
-128333148
-135695337
-154384777
-168066670
-196100909
-209514817
-204042763
-219578879
-222090649
-205259782
-199199163
-195826617
-201785542
-210442914
-192958862
-169520279
-158316551
-145899918
-136168112
-120719717
-94461970
-90257316
-93117152
-77103197
-61504326
-34168107
-10939656
-10631388
-4068326
16129722
34534325
38281374
41567810
44258594
50600669
66567953
81358716
82375364
68348196
76547607
81049900
70115567
79673212
95196152
105678154
104109853
102630783
109100614
115078382
122374803
122742496
113613473
110814915
127205953
135567225
131893099
127756152
115884038
101687677
91316075
102603925
103697008
91884593
100078827
91301398
87699110
99468934
83259083
77534374
93839052
91626883
92019126
77860692
46090144
72460913
94671567
60778954
47406311
45477471
24697694
25439113
25426099
-7044848
-15016645
-20908135
-52646835
-60981371
-61156121
-67351405
-68078731
-71376875
-87921855
-102351485
-98661704
-93703724
-88363412
-95938511
-110705354
-98573945
-93963263
-112370169
-110369815
-109265368
-131952127
-138885755
-121899630
-105686165
-109522021
-123251140
-130838560
-121182526
-98922739
-104640636
-109957710
-94507250
-86366858
-73687753
-73430920
-80824540
-66633903
-45320748
-36511055
-43645098
-34326927
-12215056
-13048435
-12474801
-2521896
-2372342
-10045197
-7933607
17567804
12559805
15499043
82849007
82034088
18104268
17390794
35500689
33921732
53278650
60359462
40783853
42373749
49356269
59685670
87466736
95571615
71668572
71263048
109006575
112944516
93463153
91068228
97108592
126713550
153152619
130860654
105666509
121810199
132664683
120643198
97671385
77010895
81176322
85244522
84150266
79837462
58537804
42715406
40331791
33966020
40355955
36531628
-3183921
-11726561
-8259287
-15257001
-11065898
-33776118
-48755031
-31349015
-14874616
-21493691
-42578118
-48707792
-46751547
-49188415
-52892079
-53571927
-55036231
-54980950
-47897115
-39097808
-44682321
-60538120
-68198487
-79557780
-82681760
-65558670
-72107019
-103840590
-119279533
-114110560
-83491983
-52793547
-63323678
-96660004
-108129456
-86554239
-71562015
-74264079
-83137843
-97396872
-87156270
-48167094
-40597458
-62357605
-77703625
-94858501
-84652805
-43692600
-9831821
-24801685
-53059903
-51592044
-40726321
599243
15166477
-1382691
1652072
2376983
18310782
22821739
13267303
18067460
16471061
26652552
46565591
48408040
32556294
27604249
56290037
78029480
75215162
56887134
38769415
55838897
96442647
116176611
98228556
90784717
87657769
80680986
107118828
119856800
95043153
78460243
106107784
125431471
98861649
73032646
62481442
73235685
92840547
84965054
40688386
12709435
36324634
66550572
81885801
83404225
71218598
56457553
42860650
43934485
54915056
50261901
47037760
67662488
83861835
74621625
39698093
-9802639
-36806963
-33831672
-31332484
-49737214
-69980584
-76720935
-85865716
-104981976
-127174349
-137157985
-146741125
-148455441
-125554546
-115012784
-121444954
-124782961
-124669918
-126503729
-130081524
-127770981
-122548422
-103931317
-85529629
-96515560
-110096322
-102533727
-93677284
-87402565
-76174867
-71179394
-68066240
-64149055
-72937675
-74769587
-49450796
-39167718
-42595915
-27868298
-33435855
-38475884
-22642157
-15226322
3874355
12813822
-2345756
-1610120
21787838
41129823
32922515
16640275
2341597
16683809
65121897
62536844
25463302
27186467
38321127
36339699
56210161
86728720
72553806
48499966
65259893
83526438
90739769
92358018
81961290
95083066
128950853
132937850
115255219
107130435
109142765
117065151
100556148
89014632
135012967
200821900
255184742
284051433
274939353
229644842
176979213
142485850
130899927
155125359
163413264
124345090
80170307
47873365
16302703
-32232631
-88628911
-122636704
-125627825
-113336219
-101556839
-107239037
-137311987
-168995440
-171986582
-155523391
-156446522
-160654124
-155444552
-139728404
-104819452
-89577028
-108698205
-137008367
-148179808
-138740480
-115993075
-98174721
-111548699
-114268035
-113994213
-130131049
-126039360
-137617246
-157225602
-133751457
-113290710
-113063951
-85271771
-71329801
-102601824
-124712045
-125272877
-118187194
-85601579
-42696043
-49111689
-73286784
-75539079
-73940156
-32727755
18224816
23468812
14216434
11939087
26007174
41046133
53399964
63641971
52347351
53145008
62189367
66383717
79662199
73461706
59851882
78348963
125275544
150971944
129505872
116020000
127316143
150251844
176162831
179324892
173724077
164064906
155205772
142868415
165303995
267953198
367162273
438953082
494792348
483075257
409414227
326996598
262887555
210155587
184816842
187096959
169614763
111751494
29823082
-65266479
-159923636
-224132557
-244573048
-236933766
-213685692
-179560626
-164164067
-181407798
-204575845
-223427745
-231829556
-209411241
-154097253
-98549930
-84915305
-103331198
-129137956
-164731567
-195718239
-205685647
-189479121
-161094150
-129826011
-101773137
-111541200
-145235489
-172635782
-181708565
-172242781
-164335214
-149576100
-140058442
-152519927
-166714710
-174948834
-189124546
-195577140
-178785817
-159681880
-142824715
-124472356
-110954848
-112317904
-102314444
-65754445
-43573812
-35618056
-20184841
6400912
14350288
2500964
1849117
8218352
22441564
26492986
29935792
43974776
52581895
63443122
70905201
79422755
89212915
119959148
171422939
192535782
200497783
212839253
225372526
244497374
245834703
233833635
220784449
208951159
211276494
213158854
265815910
390237964
485097507
557825822
602158638
561533083
480253610
377529247
284891442
217092644
166738479
140671689
99687073
33142023
-59095051
-164572323
-269899845
-339172868
-323661707
-274714362
-220819709
-168033032
-137935102
-122624790
-133057043
-151492423
-155740931
-136268386
-89059610
-52582453
-47339566
-73197903
-138547443
-213820567
-264956399
-291772656
-281699885
-249648919
-217581390
-194840879
-202023813
-212194974
-210108696
-202246865
-181263949
-162247195
-152988426
-156465435
-168635102
-178884031
-189482570
-183670424
-169117987
-158064973
-141018646
-131339160
-124613600
-126533343
-128995502
-113432965
-84884501
-40143287
-8291688
11576709
17623989
358709
-10397721
-24690715
-17810205
20538253
38168858
40286127
40250482
34923990
42835125
59238310
70172164
89655277
126872740
167467042
199487923
228142408
253887140
278472858
296915131
294546243
281022513
255276873
235585588
232561090
244205965
337365104
483643090
610734636
700593578
691209064
592439494
458397706
320657337
220006557
165398593
153502793
144054276
90204512
548214
-113370388
-233370874
-318011300
-339341841
-300954708
-225442665
-136168293
-73929338
-64534188
-88583710
-123443834
-142138965
-133311400
-105969468
-60125922
-30780102
-46806138
-105984969
-202929506
-297755401
-342092719
-324909281
-287094957
-238299258
-192182548
-197261533
-227437494
-255934199
-281384592
-284066105
-222677376
-127464265
-77218285
-76472904
-132700930
-229317804
-302118739
-297560290
-247342867
-195384510
-130972172
-94001714
-88891551
-91263583
-101660101
-117006645
-113360189
-61112960
-900614
35764469
46721501
28521747
958815
-18446899
-20325653
-15536753
6134022
42897101
58162537
68365811
66199843
41757056
48172872
75503840
110804159
160438837
181675056
194880537
218178700
223549569
221060674
220890282
230632919
244774486
245906846
219119351
185753564
176981051
216529473
348196618
505802319
623703356
697205729
663038017
534259146
377511038
238445782
153362896
119235186
119325352
106889056
51695887
-50750797
-188987005
-300245406
-356945563
-349484287
-267960378
-165101773
-79148533
-21993702
-22485890
-58365576
-87483868
-99248447
-77131564
-31779222
3050803
-1675082
-60361608
-149486128
-238834148
-309969098
-340859433
-313754484
-260686250
-223054190
-205423547
-223875146
-269715264
-287199452
-258903313
-216880200
-167433310
-110616597
-84823587
-114986429
-164877531
-201479665
-234141471
-225327187
-172813612
-136191704
-111292987
-98768936
-108666131
-114987584
-107008241
-92536726
-61366751
-12527159
20870629
33763249
30347327
16455488
8856619
3172785
15046750
31566215
35652989
39667679
25818237
16523910
16893552
18818559
40363929
69012263
107230114
137117913
160390347
188503974
211087505
235817776
248363186
266177939
281839776
283632666
274318131
230803345
202906653
234315341
345424880
503675621
632524244
694091521
658047781
539618262
380124783
244662266
175085297
159802048
163403910
139003722
77435821
-36892532
-175640298
-285898606
-346448404
-318923700
-237505881
-137154677
-52683358
-45381501
-62937749
-84687847
-111423167
-99562356
-61446963
-16001301
4024957
-25957969
-85660514
-170986382
-268725525
-331523484
-347456219
-323586259
-283771447
-263662088
-265859644
-298835910
-336796212
-344083949
-304242839
-223106229
-142195195
-90032556
-95372651
-141259665
-199343239
-243622814
-237268497
-206668145
-168057012
-138344314
-144576330
-169040802
-194369032
-203932399
-182992052
-126596165
-66743834
-30867125
-8475042
-15764527
-29055705
-28665601
-32604274
-13498144
17762170
27430528
20418210
3046462
-26644273
-50600655
-49247852
-34851713
10443165
76735982
128247849
174988420
193803956
196912337
229970461
264863988
289282357
309508958
309475715
307420732
299934035
266697150
210726180
141179613
103076859
113582543
204740200
366325969
500429860
585204926
595944429
521388448
401501346
300059415
261500282
252221356
257936839
227698182
133543689
-433448
-143423597
-232142213
-282914244
-280508913
-212845708
-155362124
-119392116
-105734221
-101129784
-100342499
-102098896
-65187696
-22746424
7770834
16036080
-20388936
-82680727
-167096808
-229923480
-256007910
-258815188
-246102701
-253700435
-277694057
-301079985
-313199747
-320926065
-314377300
-257944492
-177485359
-115022125
-92279785
-96755051
-101136207
-122623322
-155387840
-170593780
-171232364
-164645175
-163067270
-175693475
-186864440
-190053037
-187267210
-165905836
-135083825
-106830272
-77376965
-53216584
-35022741
-17149186
937767
7010343
6724598
12332205
-4502457
-39283447
-62436613
-75380926
-65886359
-35556342
-8899882
24566683
60772419
94408837
149525859
201315770
243786525
288151420
311755548
318429490
305665049
285211880
249755200
193523805
178546678
178156776
221090205
369717159
516117397
606273561
613593465
545795112
458632180
373795537
355000801
363282806
344172190
287447001
185980681
62744858
-81656667
-175136447
-215487944
-228167517
-187483554
-165309790
-169352422
-182059748
-193237743
-160828900
-101111956
-26772315
24977994
36364812
21188901
-19873853
-65224000
-109478420
-140629591
-164154278
-189975281
-213352743
-246164016
-284546223
-327015831
-345054206
-323920153
-301586981
-285995984
-269412901
-246452298
-215753547
-172784926
-133131801
-122955603
-133286597
-166662393
-189695664
-181996217
-177725158
-154487503
-120325824
-110370736
-105478894
-110032218
-123066918
-115713157
-73833132
-26865990
-1505074
11785753
9558195
12550957
11019615
-6579448
-18624071
-29074420
-28440830
-32676830
-44590135
-47068564
-26816404
29758482
82725635
121361346
159417311
175236751
193970743
232897689
263688321
292848314
307897599
288657602
244978898
198851175
174967736
178214932
169568401
129580868
99835476
96794257
196972729
389116771
541123240
602552105
576827211
505848168
419887548
407328578
436049283
411301750
340979774
199550901
41292875
-103422455
-197310598
-228170982
-233046027
-215033390
-231954567
-268400811
-311188768
-303248759
-203483809
-83883323
1512735
3489857
-31068126
-81961352
-109455675
-84505684
-76480716
-79404417
-119728810
-183828027
-253652324
-323740486
-348948049
-355529677
-340709242
-332414432
-344460375
-360216418
-364727232
-308751309
-227895235
-145225815
-91781600
-96180277
-118169892
-140245649
-134662419
-121290767
-121142121
-121187805
-138828134
-167144684
-176416541
-151721198
-109798945
-64779253
-43571417
-54203345
-58455913
-40121925
-426042
44137497
77517628
87166081
68980099
26539680
-9897728
-4966571
4637681
6498661
6529257
-16509423
-18727114
17400011
62345602
128357892
191659016
225033164
229550858
218595750
227835293
243417122
257532136
263621206
256489449
215371168
140486290
118764622
180250225
338388674
528916270
624566677
582788910
472590452
398230250
397415670
472885792
513459270
439599224
256509536
48268271
-67702308
-113020814
-115603068
-135765125
-209871942
-314703739
-398813124
-388524727
-306117167
-181124690
-78910375
-54718370
-86406297
-115459402
-67094986
29089171
97429546
93667998
20820085
-88936846
-184249462
-219031754
-212228202
-208220159
-263792470
-364635273
-455909149
-487451364
-423513445
-328950758
-253819728
-215683747
-222071676
-230118924
-180455730
-65967052
38805109
66809381
24652897
-37834932
-98055628
-107451468
-74500465
-57614047
-71575380
-130866414
-176373459
-184428475
-140374136
-70628717
-45388375
-33963304
-32387486
-8915609
32934647
60724775
72534012
52521518
28029757
6438916
-7159934
-23704382
-18898328
7582799
23018863
42531457
49177658
70232048
114391006
173233056
226757086
246518923
265101884
274834297
275560295
246951354
211662219
210647253
199799508
189996811
179288273
146575752
120191284
195289566
356076993
466253030
473010003
413807397
391948395
415242517
469891764
485599100
392121765
245978542
118071928
85793421
75121954
12727813
-111891563
-259203671
-350626880
-367953484
-308909246
-263381770
-251227567
-251337514
-241720797
-179473671
-94259729
-21456587
12024466
15800253
2290696
13099863
18739846
-14426892
-66785956
-157611968
-239602171
-314335702
-361816497
-374916371
-381580108
-380004005
-398953567
-385577288
-347216249
-300196814
-230083071
-169130751
-113968959
-73118932
-49893802
-28428325
-15636106
-33920875
-54744315
-71690946
-95105031
-106880671
-129981067
-159471247
-180799968
-175162430
-139859476
-107950234
-80585906
-53710676
-22367595
18276282
70805989
96564131
81804942
80918620
83865710
70911256
61898985
49718382
37540024
43248314
46557996
41924855
48635035
72186451
115890749
163156861
181234866
187099206
216480863
236512676
255981944
278333051
297560900
296458521
229940840
191665450
199797913
286006494
424777987
466657408
413651247
348019807
373492135
423423629
455122206
422200024
300386768
211701457
181878325
212303153
176877475
47945292
-92706320
-187214917
-184929254
-159523264
-174085444
-244767062
-304247353
-289192214
-189287719
-109088476
-114759635
-119987525
-96485402
-34227463
37290249
62248695
3506538
-71616193
-94822513
-90099697
-95133034
-186291349
-310072258
-379454536
-384550956
-355594704
-355522493
-393611018
-424490937
-387784697
-304688002
-229204035
-184274935
-161799625
-122288505
-59063633
-15050907
-14480189
-51616261
-90625143
-80033017
-56165388
-68069082
-124483064
-176671596
-174249289
-139438821
-99526916
-88221076
-89530909
-85049057
-59609994
-1079778
32114975
26608931
28997975
56444466
78773514
82071814
77324899
64771476
54613005
58638606
62373941
60225690
62192447
71788392
103742227
131034745
133275970
143184484
165113986
187235947
209466957
244257494
261124904
240332154
210545438
195354147
198221592
219400285
323786610
404371838
349116371
286527456
327322483
417185571
446721076
427348548
354365298
290814157
268916036
262607763
250412079
140389256
2394513
-96676875
-124726305
-148128608
-225757831
-298788478
-357147157
-353414640
-316932945
-288209787
-290497463
-286570214
-214485110
-113102925
-41615662
-42692153
-56464538
-53284890
-42822095
-41946203
-69193010
-118240353
-194964498
-243851074
-262634225
-298490845
-351993733
-401581342
-416379597
-388110231
-347560596
-305492069
-257147899
-233233071
-200821577
-126934164
-58945975
-43847749
-56548173
-38910258
-12760195
1481866
11280763
-4860944
-48585354
-84945543
-79286971
-49638366
-49622578
-69609218
-68729961
-58631304
-39658793
-16873938
4334838
33329644
53896431
82819156
110798684
99153578
71828811
69116645
81371219
83730725
86314437
86558398
89154406
92771609
99477259
136857290
158064690
171867865
215026555
242048945
265270292
288409246
294995398
279051159
280304665
300411993
317003651
395247376
414443728
348218041
344486039
392203454
392615568
359599242
362062371
322420791
280868805
263161937
229719452
174650311
71488174
-22026546
-74990127
-102602593
-165868027
-239988479
-285393286
-312532859
-325681162
-313473978
-282336667
-286185878
-260917870
-209734230
-169892618
-128958250
-100269083
-81336372
-82465580
-78453255
-73706688
-90743548
-123415294
-155485186
-192061674
-233219470
-268573814
-311339722
-334234548
-342362639
-349062569
-333233036
-303034133
-299204974
-306301591
-234421129
-143403157
-127679990
-120577450
-82201100
-51773425
-34362241
-6803502
10420269
4215682
-2567408
-8587474
-11255500
-23032475
-46963166
-47874548
-30801386
-22007814
-24278348
-20757737
-12168947
2377066
26582998
32044491
34968159
55430409
79315042
101093144
122094826
133237625
139124979
155302497
151095220
146496353
169548114
178849653
173783696
196323057
223387447
207198610
211656794
241254135
249319663
219051288
188966788
219525905
234382465
286834974
346799910
322311877
297935156
318951010
366042679
361435575
338624875
307078788
280028287
263401734
222752137
183626741
117668457
37152873
-40556714
-91854762
-150179301
-233189533
-297546082
-314512995
-316296836
-338151348
-330374033
-319197239
-299169330
-261887928
-215788347
-165654462
-132426394
-97006690
-63579735
-43449902
-55840896
-63458682
-66344665
-98537760
-146169683
-190011571
-211020750
-244104989
-262384759
-276005704
-335629986
-348952502
-305571437
-293827916
-301236923
-257673257
-206946578
-192476638
-142324747
-86300347
-63651761
-45947841
-19920190
20245238
58091703
51648563
-3250128
-9374370
22321134
18973843
2720116
-310873
-4318309
-26771540
-27189045
-9160028
-8278955
5248142
41830961
65485313
79455686
89512969
94768389
105422335
114381405
140689914
177473051
179729012
158136229
166604125
203717075
218239975
209744748
226662425
243920167
257423424
278948680
259376730
223186402
202567555
206172146
211601045
238174961
272865003
234058255
204496251
261849603
299506682
250786832
220686943
234710665
246141528
243781860
210152176
167723277
140147983
96025776
20529010
-32497039
-88153242
-167193243
-205548290
-205182379
-241864720
-288290761
-296560253
-313394317
-295394981
-259325627
-247533499
-209025137
-158134885
-134173170
-127794977
-94489167
-78227671
-87417383
-72475711
-74246630
-97524539
-125571785
-159789719
-189282205
-224817234
-273083151
-278711099
-252441172
-268475275
-294068092
-288424146
-253089768
-222024472
-198521256
-153502771
-121714647
-100476827
-65683271
-36239782
-12314582
13351760
21817552
16332622
22057819
35438750
28260909
14089539
1526890
-25587764
-17339617
-6519194
-23410700
-20360791
-25506131
-19891236
6000950
25967306
54408892
69992312
83356696
116142981
133847943
134829702
148974625
171537729
192727695
210561712
215286809
217319263
225472649
238096730
235007651
214562467
219409554
237472045
219334668
160352120
146849936
158920593
149980936
169886774
169216692
160287627
189067931
218587430
218134319
237182489
250727381
238144096
267341559
254806755
207617913
175047417
128937976
87788894
44461715
-18505557
-86336565
-137046639
-185069017
-225085619
-238882617
-244652444
-254376213
-251964636
-241911521
-238696981
-224633581
-180769415
-135747389
-126267059
-116091201
-109219209
-111550204
-67960209
-54039853
-107477997
-133733443
-140461013
-168551097
-190688980
-213383917
-241875319
-248292866
-245994053
-253454967
-255916368
-233849070
-212124157
-188237285
-153430531
-128342614
-103108601
-83632625
-61606354
-29995867
-15615785
-16528988
-2403050
9162268
-6506009
-20355639
-18495562
-23515462
-26317263
-17697496
-26983463
-38066822
-29397283
-13826257
6069324
37282545
60630197
64001726
77896641
100722396
116663622
138469866
162466383
173119303
186790860
204258993
198969312
185822473
192158020
216694173
225100062
195968967
172951930
187017734
192281104
151696899
131417653
145598885
119989995
87154519
86129033
78027440
73978654
117641231
155691886
142864874
157848275
197062956
207274713
228749286
263249119
260129571
237387734
225310293
192228540
160765460
142099003
77982141
7402353
-11618698
-34653815
-111928443
-174148338
-177554076
-198964929
-236913826
-231985657
-230716699
-252158383
-247848092
-222401871
-197872412
-188045012
-195863072
-192215779
-183398399
-185783989
-181020167
-177022165
-193894269
-224514467
-235276405
-226646049
-232174344
-248431027
-255684583
-241149046
-221764164
-219952669
-212619374
-182909716
-164084466
-152115228
-132307262
-112350502
-94613512
-93245503
-64548421
-44015184
-80984419
-91676668
-56889538
-35717555
-51467305
-50340782
-37706359
-40126393
-9435707
18081077
21830192
40693940
68140404
106783374
153809334
172420585
169740389
185044794
208695238
222747168
230909501
229296782
213779181
219362265
247235337
237873903
212597353
212644271
205858004
188919504
178384666
170015476
169206919
163843490
153039203
144915813
141051127
144736377
145503633
147207500
150917656
161614780
161040690
152818076
171325483
194151825
178833174
147688896
155638851
151283113
125680359
100190569
67838509
53476870
29531273
-6065280
-34844248
-51610638
-65646721
-82507333
-108162075
-126073485
-133804298
-172859352
-186043198
-150952391
-152248068
-190391158
-195416190
-180509021
-190403445
-202704997
-186081964
-187209634
-209948077
-204953440
-211216432
-223170826
-214707477
-215867702
-232099034
-231745920
-222236298
-224433291
-207907353
-202777792
-218097018
-205462770
-180945057
-167575208
-153343017
-150813475
-151933278
-115481328
-79683541
-77574270
-71216775
-72023046
-75844993
-29920754
-10116225
-28730068
-11714395
-1585201
32640897
94117406
76157137
38563143
93011342
151137571
147009336
145255220
148082394
157326553
201211045
222853644
205341335
203026664
215445402
219789537
231273468
246808165
221803022
203500961
225674044
220720400
209417135
209833592
183109583
178538740
175862697
153628806
169666634
151572879
102210385
128896047
150153684
97240955
92773317
136351241
119678363
72270068
60619503
56678185
24341797
6995589
5808507
-16445335
-22601408
-11199958
-30610397
-45137067
-28880659
-32507908
-61493740
-54409302
-28376490
-48777700
-93200255
-93234287
-49494123
-59986164
-96202498
-107572727
-127975171
-122364046
-107306155
-130068649
-172094758
-173269067
-173958834
-184794116
-164622376
-173445487
-182622053
-175181404
-175932845
-178457036
-183934992
-179292897
-187094869
-187583306
-174516890
-172456648
-153639339
-155089793
-148279643
-112371152
-113394207
-107436480
-84932520
-72648627
-62476029
-53250329
-46846565
-30532882
-14359632
15504605
51938220
39799599
26061091
46017654
69868629
61360533
71824115
114653804
118762898
119040274
121161702
132283606
164042446
168799300
145819642
141183061
175117179
178016043
171694012
165198470
139708874
169502930
185217008
150823327
139672544
160653501
158712962
122869737
127761882
151349532
133261181
123479034
138554367
125316992
111787309
123173202
110035734
79910619
76529269
77685762
46517845
10088519
8257520
3693461
-38812721
-44248990
-30113099
-59995369
-66773368
-72058040
-76134616
-48768766
-38737115
-55668941
-66450460
-35358497
-26018600
-42920386
-43755200
-24372100
-17698012
-65510345
-64122823
-52737343
-73206048
-72093409
-98624683
-105200364
-104811505
-107074221
-116800980
-137529982
-118515702
-117454738
-127336564
-114613728
-88494363
-119185775
-141956328
-102957626
-87882176
-84604207
-98430756
-73134703
-51474358
-72903537
-71542036
-45624142
-21243998
-21412611
-16333258
-26596413
2915552
42433570
26357494
15372740
24926066
47689220
37053143
17558573
9760853
26076331
46397295
25706811
69803
14214504
41086276
26767002
22118835
44713591
64735098
42297222
44541574
92828765
95059795
72702308
52785683
55448477
85212445
98738013
63964079
46020099
66580999
87863215
60712764
10498512
47436571
89752562
67031322
47845560
57473610
65954199
52616685
15591053
-14050191
19828455
49110933
5381324
-25097719
-18751471
-1588252
651946
-49115793
-61798303
-34103032
-37284206
-53312089
-35741070
6063671
3770195
-11631447
-3808011
17895310
33907539
-580705
-40352189
-23993221
8027910
3011284
-38856369
-55216006
-33641264
-31853661
-38896193
-50050015
-50406029
-39754400
-30971325
-29320389
-39102547
-20544801
-3746362
-11372005
-12876051
-152644
-9734205
-24150838
-18757331
-27173602
-38034792
-38220259
-39920508
-60400051
-56445720
-50211505
-54359289
-25740637
-7423929
-11001987
-27020926
-15116849
1695815
5264977
13179637
2111016
3765456
11461275
28349359
33902426
12577615
2729450
9060526
17437273
20898676
23443645
12522783
16027941
26885548
14728985
9400627
36565396
53430152
30306391
25685036
32379054
27471152
25172179
27161553
38689392
53318402
60990866
39771928
36323975
61173926
74980628
82922920
81794735
75074274
55035824
52452973
48880077
28679994
6395455
-7405804
-1245773
-23240167
-37335344
-38616116
-41771655
-29251791
-36160881
-51694275
-48784125
-44438378
-38392097
-15341846
7353559
-3445297
-17532612
9340377
19238781
12330298
1599914
-18839470
-334351
6329760
-13729850
-22663782
-15800970
-16652261
-30090574
-12292981
-17407196
-27207434
-15732160
-6220179
12041911
3270507
-20920370
-36596965
-17566769
-9023032
-38541913
-51223848
-31789072
-11038054
-52806726
-77654754
-48823878
-43789146
-57646596
-61394037
-52138075
-40615409
-21981810
-33288815
-28518129
-13502531
-19529284
-19864235
-34932998
-6523310
-866704
-18201368
-12892816
-11237051
-3889733
-4439632
6393213
-6427709
-1545276
27745504
27800638
25788392
24161052
31803104
26858560
11987120
25145712
26802813
22159373
15398302
-6591191
18005286
48343830
30791755
18374219
31980875
33791044
38458741
41031884
29403733
58730077
66453558
48443138
46154739
24357433
30342281
54255616
34022350
16727748
22425830
30878150
22986883
-9047289
-97699
29235694
27940645
21384552
15914727
200441
6521198
35055341
37200285
24593691
16418625
25493381
28033194
9226871
5126765
3892517
-856936
-4498768
-13191969
-11759276
-8662095
-13965593
-16122730
-17629647
-4872871
16572051
2855511
-2374306
3955276
-448004
12747930
5803138
-13395427
-24434331
-33081046
-30532448
-19451481
-30353640
-47058554
-55227713
-56969049
-37846872
-47304846
-61771471
-53758746
-45704057
-40085571
-23790028
-21248906
-41382837
-38788830
-24536572
-9143227
-14910621
-19982130
-23344550
-15521128
6256463
-3322724
-10894939
-13040033
2216905
4050168
-4076150
9601570
3714084
-2220143
870990
-1320142
-8319603
-6673794
-11992654
-14626956
1740183
10992064
3717524
-5486602
5556703
11487404
20252217
20140379
11261146
31592769
46825599
35070102
24377415
32001108
32880702
35147505
7723503
2478498
42599227
31835452
16267939
905347
-1969554
3203196
5935400
25097243
23142473
23429784
25381768
21438478
15841700
21288374
28603043
11889071
-6935923
-11606755
-7671734
-8431304
-13951815
-13826423
-19678780
-27284184
-26775135
-16991429
-3073243
-21553328
-40286071
-27053819
-98835
17548519
13135838
758845
-4949755
22117349
31740639
4472840
10584850
12283320
495672
15467785
22756769
22112597
13713037
3526602
3814221
-11166058
-17698665
-11159020
-22682844
-24785960
-10764449
-10690468
-22363872
-30177190
-38609169
-27648802
-15836210
-35399647
-20943935
-15882597
-37140191
-16792843
-11033217
-11363345
-10612975
-9252837
-2623445
-4787449
3555517
-4837019
605493
3472074
-12394167
-10472369
-4641655
-3250304
-6795708
-6683959
-10806208
1933912
9304225
14639915
9099430
-14071420
7278568
21317311
18671381
18024670
14731366
13499645
13733756
15535436
3878465
14771797
15809247
8618873
6211727
5991911
20920697
16756654
9072187
-2884256
869935
11554193
5611900
-7784165
-7969006
11928156
-3225303
-3780410
6278047
-9633036
-13063301
-11261157
-16648188
-7009485
-9608277
-36027351
-16434662
-1327314
-8051956
-8853078
-3156448
6582496
16299767
26794602
11534631
7138645
23462309
43182307
36185528
26760602
24758368
28629849
37854874
28115265
27072369
14036432
73716
3239640
13515893
17964815
11524569
-4513050
-3564700
20783656
6361191
-19165799
-12702396
-3619022
4241502
-125648
-20977985
-10473346
-4189122
-6832373
3448589
-9156657
-6816576
-7268991
-25041533
-19822479
-11226726
-15949806
-15855417
-16704611
-16966799
7614739
11844248
3739133
255225
-11109807
3606809
-2941653
-16337108
-11174207
-770941
6755745
-12541290
1462203
3942678
-19594070
-7988810
-8268184
-9837980
-6013372
-14880433
-15244497
-6880283
-16856638
-35166432
-19967498
-21424307
-27683531
-11935653
-9281184
-16917207
-30517597
-26093766
-26068317
2876969
17234164
8778746
16783968
4399525
14478928
10604086
21360379
14625004
-1068556
18248355
7004570
13731041
955491
-6022049
-6438977
-6828003
12036599
-6775078
-4914829
-15299724
-2813183
10427983
-13323884
-5306142
6654838
26816526
19555647
4647478
732573
11360955
36539829
29090050
9203263
8707922
15793595
20524852
20930327
3921026
3120757
11089998
14829999
12016082
7477131
2583768
-11460381
-9903811
-4660212
405039
-2171290
-4116223
-3493748
-10947629
-8070681
-4300770
-14124260
-19297464
4719628
8819828
-6828279
-2481318
5700293
4239181
1100892
5933123
3834055
2258322
-6709629
-2993996
17121158
17253020
3680441
-14165653
-11672199
-1435745
-290327
-5743008
-8747395
-8585839
-12113987
-1633735
-994955
-5840585
1845563
18116753
18645249
-2424540
-4584259
7534112
12449082
8883631
20609575
8789867
3905185
21672044
18166310
40581040
21989877
-10580848
-1791072
15448749
28378237
13301823
11534607
1674002
1267288
1582799
445071
14838744
-4834341
-18311299
-22218254
230142
15207569
-16137963
-46471561
-50864695
-24317805
-8176018
-6266494
-24980105
-36922234
-26718434
-29356584
-29423411
-28686937
-25359923
-15419190
-9677750
-19560483
-21231920
-5464781
-14361748
-9005967
19005240
21937203
-4673315
-21529772
3758260
30864082
31149189
10546932
5346292
17677060
19021333
19160449
12230845
5053914
19599213
7007635
-19829529
-16357046
-12809183
-753186
-10248108
-22181120
-15118842
-11853719
574495
-12037723
-8240983
11225667
2659624
10096364
4630661
8752937
34199780
35291875
21780389
6662594
17221990
11443281
24469767
34004077
2058463
-4975550
-1955263
17460960
19910946
-9624899
-24908572
-1349987
481186
-1383445
8731663
-8510982
-9858824
-4972076
-1205945
-11296750
-10504548
8960935
8493497
-5366657
1066571
8960867
-8286366
9678370
13354608
-10311876
-16828192
-15662246
-1636334
9259322
6995247
-3043248
-3222198
-7768247
-3636272
-6460763
-26709947
-16623671
-6501503
-3970041
-10343047
-22126725
-19670401
-5688601
3918755
-3597413
-12801769
-10397860
692118
1997511
6600191
13667128
12597235
6636162
-10704117
-20365164
-12480219
9695633
13544030
3097594
9985142
4905742
16271336
16070611
-7605625
7026207
10437002
-854330
-4638991
5047187
11919103
-3572944
-11390333
-1342268
12273672
13424266
-2120861
-21445750
-6198494
6255663
2059838
9819715
7272159
5444971
14223775
22536791
13644902
6522513
-4693616
-9823995
18594540
26600987
21315135
17219135
12726700
18881126
11573866
1656307
-305076
6608232
-2586239
-10911236
-15702434
-25828321
-8495497
-2923244
-17510608
-22958690
-9459343
-2059540
-2472648
-1400235
-24736229
-34862048
-13770247
1151703
-5521403
-10655840
-9444174
-27354901
-18468008
6069966
-16299031
-17360905
-6100453
-1282011
19390076
21108105
11247281
-6238013
-3842233
16077839
25362515
20570645
17207965
18111780
11624700
14665849
9169478
6947082
7385709
-1360975
6316210
12361585
-402922
-9872613
920370
-899182
-9429941
-5476699
-6871141
596294
4307964
5027624
7833953
3810492
-1325157
-2378287
8942819
13332502
14997176
9385101
-1107637
247151
10632434
10075235
-10264407
-4981694
-8815406
-35030150
-29592543
-6665402
-7769014
-17357323
-32901572
-58220847
-18601630
12083779
-16145527
-14536502
-14572601
-4069001
15129703
2568227
-6915465
2810574
17975193
3721766
2523800
2238790
-9363576
2112408
-831344
-8857951
-22991547
-20205581
-5936209
-15851543
-25865481
-29104248
-20359949
-8805209
686643
-2141694
-13697960
-3785578
1114801
2076911
20431158
16016736
11666790
27628866
26115470
30450743
27798831
6483168
6889646
17105641
25668945
28891795
26100676
24124187
19757912
7346158
7706046
16092192
21483044
14174169
-5466844
14439594
26349203
25876423
23776295
8109233
11515336
6459931
8654260
13537019
872052
-5020530
357404
11566133
13184128
8219880
-15278076
-25966841
9437671
-2591880
-31362762
-18409701
-18045728
-3063690
-3237733
-10173703
-11161448
-9942226
20837433
2815327
-18865879
8821113
18844670
1665056
2784099
12335678
7424853
3312486
-5668672
6816377
14629615
-8717217
-27347223
-11765841
-3445578
-38816631
-51773265
-42327358
-42377445
-24684268
-12262163
-34149732
-30228342
-7807860
-15604794
-19911403
-3324448
-14097615
-34536020
-21542170
-21425636
-1055207
19193878
-1901617
-991129
8844614
7242763
-12693438
-22537833
-7038232
6784873
14903577
6099851
9376026
12222120
12503962
27927425
31429989
28168650
20867229
-6992517
-8316468
30274920
28076515
24870211
22179708
18836983
30598665
32430437
36769373
21804357
28691141
24474359
5331220
18188376
23923372
15544235
11297263
3204397
-4106958
11476043
1478957
-8262244
3515483
-538518
-22003401
-30262031
-25038248
-33703346
-13925366
-8181519
-22765671
-7852416
-7144961
-4355288
7800852
3287433
-720398
4415185
-19337911
-28691574
-4699894
-15028795
-14785774
-20538936
-23389426
2612664
-10653244
-9380139
8992672
26675054
19229068
-12026865
-12805265
-20537001
-21055671
-21031829
-23141824
-7315843
9757637
27674927
17313332
1529017
4754032
-13226335
-4804771
15140099
-23339271
-17796299
13203379
5423658
-9434990
-16703782
-7794531
-8183424
7849220
4785669
-9473512
647201
1163498
8910347
5516992
-1264258
-7023094
-570743
17834302
22347682
20168761
13324861
25947234
24771951
5116316
4125634
14261180
12450754
8765860
17464357
14143260
3451343
-5765229
7343948
17640895
-2452079
-7271233
-5569425
-6352588
14307904
16623862
-3617360
5278226
15523981
22145443
26333280
3523352
-27686845
-33721685
-10762834
2354809
10426081
3105906
-14565648
-16231070
-12102313
11597140
27374939
-2775085
-34604331
-22178667
5718787
5871706
-20827762
-39431801
-45258726
-27614916
2931384
3186986
-7517407
-9011337
-5812455
-2972471
-10946232
-13160611
-6586154
-15301895
-8658265
6664923
8411739
10666877
1135552
-3877992
-3281499
4705800
8529690
1880949
3633148
771378
8818074
13582264
5302205
9365995
15623070
13913197
5436943
9464523
24447753
17339204
15349247
33287083
21381273
7693397
21266265
16214355
3453127
8690887
5836570
-291662
4278599
3451117
571684
8816472
7658020
-2425003
1050264
-1772461
-9041902
-10895684
-12225533
-10781186
-7789491
-3806894
-14383931
-22682463
-22139346
-23908420
-19186629
-18335476
-22680503
-21842325
-6583889
413523
-12960377
-11152714
-5427292
-10588905
-12340081
-11365049
-4578558
-1213359
2567974
4674279
-1091114
-1971104
-3851649
4034423
11715762
3514355
-5783751
-6325203
12155737
22275400
11320587
-5056213
-6116946
12621810
18225797
15847422
5134759
-1056593
3618100
1576554
5292106
-5158854
-12202299
-8467388
-5758263
4771793
1112965
-2667063
-5393685
-4926935
4359397
4376639
10566883
6284928
-2882032
16188424
28270989
14906334
3060763
2058002
5033942
8977719
12223301
7794702
3967373
10753677
6882908
-166523
2246121
-7306547
-10529438
3541791
11903522
8939745
2891174
-2699149
-1845222
4219953
7521933
7450004
-593317
4653898
13331503
6615146
12776540
15552991
-3387610
-12689616
1331794
11521654
1717531
-15714711
-21328828
-2929784
10368736
-8693204
-29787618
-30049732
-19336372
-17605412
-30003166
-36966103
-33880376
-22732342
-20088032
-35509295
-44330508
-35953281
-22263312
-15301356
-21116893
-37833588
-39772849
-22778773
-18746646
-28184090
-33823608
-21700719
7461967
34275942
44052344
32620321
30023003
46701247
62361731
66004802
47007353
37668714
53141043
72233040
78495288
48199759
20374536
27615399
44560393
54321296
34140192
3253711
-2282782
8627596
16385435
1469141
-21512655
-17409997
5773784
12998340
3797224
-7650541
-17565597
-5283307
17898773
14067113
-8509823
-22212814
-20670506
-7582839
-1695013
-14799657
-32424655
-40176834
-35034436
-19241548
-12244901
-32252961
-43293061
-29012425
-18694442
-20743337
-34669544
-45813480
-39421589
-20528244
-13103077
-21653301
-23303239
-15233261
-3633719
-1070230
-4193388
-2865013
-3633187
897759
12632148
16940101
10605983
8148434
6358803
-3235971
-4019432
385797
-615149
-1162613
-2202119
-3269142
-7765481
-7051602
2375807
1396790
723320
8320283
10720662
9501277
5237326
9793016
23335087
27920257
26539095
22521322
20413173
25161198
29989097
32273917
29333537
22319948
16771557
14876274
15088436
3353160
4104068
22033771
19236910
11845243
4075055
-3140588
6261553
15791631
10696259
-369263
5134126
13342504
9229233
6826205
-3592078
-13409749
-3807821
882204
-1872218
-2472941
-11494013
-15906415
-6909931
-3596495
-13144216
-24106030
-25610027
-16519013
-18954086
-31244960
-28456742
-23973417
-29388460
-31482299
-25213703
-21948160
-18874276
-17041640
-20490976
-13674310
-4178972
-2050120
-7627841
-10974239
-958622
7352228
4874590
-5991288
-17463336
-15998779
-2752328
796411
-6443623
-6748299
-4996812
-8673972
-14064543
-15976257
-10346855
-44415
2312045
-3428187
-8782015
-13855595
-6106993
7701160
8258259
5884768
3994617
1816747
2183800
4720015
9451795
8290671
7126612
7801153
6133312
9735970
11870537
18374081
29934450
30357162
26872871
23076436
24635327
27871380
25848775
29116237
28152649
27053127
29090181
26213814
24362205
25828510
28060741
19533449
12700776
13659176
14572231
16222642
10819166
3578153
-4456739
-5638589
3237653
7558807
-2664426
-14797769
-4459399
4146894
-1848973
-13742091
-27733372
-23696550
-17954863
-17300470
-15735507
-18076617
-11118452
-5048917
-6159908
-10298812
-11129153
-4195045
-3407753
-467356
4383756
-4388237
-10380624
-4677010
-7761328
-13599494
-12563766
-18060158
-15974255
-10503238
-17693450
-20782825
-18577647
-17124246
-17431368
-17166522
-10682980
-5926508
-6880577
-7101776
-8901835
-15423801
-16177198
-7545946
2308319
10143451
5383971
-9800848
-7509754
8653115
15090826
12467915
11002413
12126659
20209897
30129750
18003219
9920279
23694039
26826280
24580984
23871943
15868783
9915672
20431042
28875123
20783693
15339728
11115250
13609963
24205090
27476431
20140730
10031836
9699646
15319097
15733573
3829645
-3314319
3020241
-1260947
-13326510
-13042375
-9434522
-14480295
-14702795
-16150945
-22473436
-14946073
-5847460
-6096267
-15126554
-15534223
1287462
711181
-10723257
-13861079
-16223457
-9208039
-3834211
-12261611
-16009355
-14134484
-13813091
-11052290
-12939521
-21164279
-21950137
-16015796
-18957396
-19093496
-7820836
-8782063
-17668290
-21977301
-19141842
-6501170
-8954468
-21575817
-18492668
-9157697
-4107157
-2557270
-4008934
-4813542
-1623904
-688748
373684
-220822
-682308
7055296
3099527
-2557128
4997676
8697831
12053918
18125168
20209512
13476968
1219161
3490280
17462619
22753371
20003530
13383315
9335476
11383018
13771758
19808770
22116587
15718312
12907541
11303504
13324493
19862641
15978756
8690470
6158131
3316007
-2432373
-4693088
-681952
-1366866
-8007682
-5467994
4988919
-335660
-4686399
77881
-2057497
713976
-3818101
-9602071
-4151835
-6857788
-11155030
-12610503
-8493301
-1823907
-6163198
-8492563
-9062666
-9196693
-5015624
-7068911
-5171748
-1299982
-5270671
-8694180
-6783677
318107
827569
-3464441
-7591640
-9356257
2309156
11593749
6092971
-3290327
-3658781
5936533
8873974
7438465
7781402
9574767
19724978
20870075
11391862
8547139
12927144
23283874
21301095
8799048
5661661
9758998
12508984
4651224
-1177609
9892451
15161407
7121569
7037120
4351785
3509492
13565178
13438531
12355082
10018815
3070014
6066734
14569894
15599740
6026101
-4809312
-13419146
-11216543
-3586989
-10203999
-19102260
-24052348
-29095442
-24155864
-15591670
-20294680
-28247464
-25257819
-27615433
-28215000
-23341608
-23171220
-21372101
-26532741
-21232728
-12522291
-21749541
-24752395
-20959779
-18006412
-13053811
-6453619
-3824787
-11884230
-13974909
-11473719
-12511180
-4828474
2070805
1104185
-5675560
-10172311
287985
15184200
12962819
-557971
-3339593
863829
8442640
15097297
14416207
11216111
5774304
443647
4991430
17245385
20330280
12529245
3665511
6293402
16803027
22696508
18894575
7193216
2993576
11218534
20115497
15395284
12330467
13735242
17140653
27409889
14808530
4384807
13556237
15827076
19219475
17203670
8117581
6958163
16236006
23122772
17303721
10558317
1490407
1220407
12442201
9994714
6582161
7937463
5575445
5585799
6512247
-4497898
-14634664
-161575
9322857
6120484
1246076
-12725589
-15380867
-4089571
2017705
-1245713
-10782411
-14092893
-3014590
769761
-8975475
-16952517
-29119579
-28290398
-7182820
-2145767
-12243029
-19504541
-21972043
-19639470
-16553139
-17189583
-19379320
-12791815
-14127350
-21778515
-17749552
-14764237
-7641759
-5170090
-15739805
-19452747
-18500423
-13149929
-7764864
-12266724
-13094883
-9759076
-9839840
-6723010
-667572
-130581
-5179271
-1506617
6437104
6025710
3666930
-986841
-479346
5764717
8886379
9528170
2584921
2877569
13013263
16848166
16633580
11665991
4263842
4170461
9987692
11853282
10373908
8204103
5793931
7710791
6868833
4729185
7553192
9295666
12469145
10640447
4571285
4914728
10046762
18069604
15206480
7210843
10793624
22391160
18447936
2656616
-547193
-2492705
5764648
9851409
-3316776
-4602394
1864941
2685052
-3376499
-4226489
3309572
13764692
11699239
-985582
-116583
2750131
5062542
5904058
-3182680
-10339118
-7389844
2500441
8004043
4671073
-10165451
-23557843
-18348914
-10346813
-11385954
-16010820
-18600231
-20843192
-17340696
-7367128
-12442801
-14218060
-6426912
-10934745
-9308927
-5523116
-7147243
-6132938
-4592969
-1709690
-2521080
-2176885
-157400
8365769
18332489
10828072
-428412
3256499
13909167
15256209
13772891
10878130
12919698
23836036
28261502
31658898
29036683
25797437
31624478
35916835
35099071
28051893
24989567
28240490
29407611
21046959
15013305
17040403
11451511
10307468
9397661
610105
-9630374
-24806948
-28065032
-22789177
-24320290
-30717610
-42493999
-52285047
-54092188
-44734568
-37669814
-46929940
-54075592
-42973361
-29744641
-36218055
-42753964
-32854407
-23067694
-15481496
-10644889
-12704628
-14794984
-7109667
2979050
587767
-10189735
-11454451
8067625
20257310
10038552
-3305083
-8332061
-1104345
12298431
18188650
3690155
-3904593
16054135
43139572
69452622
77695389
63767076
49277524
41161254
42776721
41816263
38843349
37963290
32900186
38635206
41146631
29860799
15227084
2284705
-8501398
-20202512
-18601753
-9326270
-10187819
-28912696
-44441573
-32432261
-20980763
-29120553
-42053500
-47472775
-41612184
-27401059
-16852866
-25746753
-46272175
-60564428
-64681206
-45223161
-20230051
-28067359
-40571118
-34474376
-32998482
-34151054
-34549007
-48206152
-58572429
-49547246
-40695745
-42132123
-37463131
-25707183
-23394778
-26917998
-28686780
-26638175
-19201785
-19939513
6480532
128355849
271928648
280763911
172014390
93161111
112344886
174959643
183382059
106449758
29952696
40594529
118324816
182775283
149977707
42558452
-25767430
-8207369
37065530
14790620
-78477432
-153220630
-130409308
-34054598
19689258
-26936693
-102649164
-90145044
-233702
59378747
37546214
-49109264
-102983542
-70041554
-16077669
-6721179
-51879129
-93789923
-77854282
-25564566
-2075313
-26662200
-64315201
-91732213
-84468342
-56686253
-65917613
-99336309
-103435280
-90733917
-67075728
-25234878
-24022133
-52224136
-53994542
-38069518
-17770384
-4893635
-7078911
-25344640
-33157368
-9045279
11299527
5327454
-13776079
-34455850
-32193003
2477659
10317308
-27202635
-51043140
-45779226
-25522772
-9513934
-29451140
-62907509
-59017013
-25088157
12222074
38651377
29879024
11810463
34982762
75415251
85486321
59109987
35439989
97970612
251213185
361967236
325160859
217951218
193836710
252421942
284838360
233868213
129942087
62445497
82153128
160224571
199612066
132232990
26984339
-19753324
10065584
45502647
-3405432
-101984776
-144460966
-114337865
-64321264
-42295641
-78504058
-115202305
-78993956
-18404978
368647
-28000870
-77593557
-95493019
-72565130
-63371761
-86834986
-118723445
-141465476
-136443492
-107852452
-86915398
-95354483
-116707047
-120014757
-108767279
-104426757
-126776411
-153690196
-157120957
-137624619
-97055009
-72631246
-67310525
-57231922
-47505902
-34150379
-22352459
-22582526
-27384718
-26256089
-31189457
-32691817
-26386068
-30662681
-20844815
-5469464
-11896894
-31389307
-55004356
-59320207
-34511221
-24691451
-48561815
-52721858
-31509494
-18983971
-7735427
7171153
24359044
37194409
53783321
75876364
85839752
89872041
72603748
61076750
124298684
255122976
353409606
342848706
278036680
241963756
266046335
293917595
261636776
180397920
107211749
113001118
169130303
194371049
141392133
49096177
18090551
50275167
73189276
36738212
-45787583
-105172629
-87275271
-33837944
-23956382
-64305248
-108860509
-92835432
-28611171
8664546
-20228812
-81844066
-103594148
-87107844
-57822835
-60399321
-117168039
-155363065
-145807682
-113549636
-96598492
-108908084
-126268237
-136620607
-119024257
-97488916
-109436108
-129822147
-139801199
-130125555
-102212007
-88493968
-95924074
-96570371
-86101540
-81668346
-73173819
-61295567
-65265983
-71716200
-69649951
-63091893
-56229126
-61842565
-70976369
-66469311
-58381381
-62022430
-71041520
-72487170
-61314693
-41761920
-31623849
-28717850
-20853240
-3677156
20139380
28166061
27031420
52008084
92131025
111223974
114482861
114825578
110421399
107873276
121431915
171440218
232154862
230201408
200659008
224425622
256307008
266895645
266639015
229363282
195544999
212376755
227106609
205493341
177806914
142813762
122202113
130892134
113988429
76694292
44643929
8189510
-12542182
-13702637
-33180048
-70410272
-97545126
-109990413
-93312966
-82699684
-107694512
-124056914
-126815007
-121508421
-113107612
-124372858
-138188788
-130357240
-107028041
-90038535
-87836521
-91065523
-93970620
-94284248
-84488556
-71432539
-69642509
-78059275
-93883524
-102823410
-95371454
-95595219
-107359468
-104878363
-100918874
-109121154
-103122134
-98547939
-111233242
-115062416
-113529587
-103066320
-88304122
-96308489
-100855273
-80813025
-60980976
-57477217
-62284622
-62461241
-55029764
-39229841
-28250542
-30053124
-27981777
-19480028
-5644397
15711670
35204202
42904099
43017560
63155334
94830172
100830528
94553908
93364308
91897078
104046214
132009335
156740436
172388399
182867230
207204811
242034924
253207884
256723887
275533265
288006975
296196931
306590815
294328423
268109971
256639792
236436756
205331444
194766571
155055551
86346407
46888151
13277527
-20258290
-56743645
-97887881
-130552735
-150615363
-148122241
-154059664
-169395283
-183619637
-188322201
-167998209
-155527913
-154880947
-147803742
-132770543
-113051668
-90071562
-72609998
-74066976
-70511405
-56181882
-46415077
-37313895
-50586615
-77607970
-77332265
-69789301
-77166797
-90903029
-109505248
-124238025
-120390955
-112028912
-122698535
-134353800
-134560737
-133383585
-124054292
-101008027
-91185475
-98642976
-94209561
-80488387
-53732544
-29705381
-32492425
-38076580
-31189985
-15896484
-11409777
-22330486
-31951889
-27011665
-8363536
1181157
4062083
14525130
21824835
27367726
43666829
54374750
63932663
82204380
82434345
89044671
111430232
109680413
105366461
141579350
194944009
210066648
204972644
216674962
240555833
272350909
294019486
289831084
276473891
283945614
295651785
288654317
267880667
225129040
182077764
155655623
118733659
72444480
24261494
-32841778
-62277062
-74505151
-106215879
-136651307
-172094208
-192661448
-181965148
-180092885
-191615338
-195659993
-182345783
-161371464
-146123521
-145728717
-144158917
-117282899
-90427066
-86721012
-86053521
-81082431
-76364538
-68183967
-76752680
-95575365
-104636364
-108878462
-113995913
-129986850
-141097221
-142918918
-144780256
-146863870
-153489740
-162388272
-162101488
-142484490
-126103606
-119360402
-117185130
-113495330
-88723535
-66624491
-57878657
-42128775
-32013607
-26234796
-10219296
-5460750
-6742583
775192
7189873
19840773
35983054
38484036
42489625
68687233
76541555
65168882
79830759
95939325
102183382
117733211
129949737
132551000
151663748
170640081
165967728
170728028
179198775
186006611
202925658
219165957
229024659
231506113
243699920
261630881
276182514
284776597
274441568
258859233
258271143
262536649
240401679
200918050
160937030
123307068
94902055
69849261
36435161
-17918605
-56507843
-71408468
-96820168
-129716397
-162387989
-178295358
-183399064
-188176711
-193046387
-201673008
-198932420
-186393991
-170722762
-161427148
-165254941
-163985175
-151571967
-143022273
-133792566
-117261628
-118080356
-122167492
-114219956
-118659448
-124345520
-129056343
-133485930
-124064524
-122792423
-126449749
-131111907
-147891814
-147876021
-138322351
-143606053
-147898862
-143833565
-132655001
-115799054
-99554296
-87438092
-82686756
-76080414
-61989064
-53065138
-47493815
-29750002
-1814100
7803049
5578781
14960668
28033451
53488278
70518451
58116088
46628637
49626117
72231152
87173737
79877320
89563285
103831713
119311232
145348321
155739871
153187580
146000879
148286704
160628150
166021241
158153391
141637166
134300200
150171817
183483256
183104915
157342536
162759748
182427039
194833396
205430462
208473378
200628662
206301816
218737651
203759863
179256482
163618566
142277458
111868452
84225515
53930169
10107453
-30582458
-55358668
-85578119
-115138542
-135317598
-160604936
-162602930
-160459999
-168797883
-171395552
-182589406
-171453384
-157028814
-154910476
-146931095
-144126737
-126292728
-114367701
-114153419
-106187350
-106411153
-108009294
-113963160
-119428262
-125709017
-138478754
-132160762
-130990022
-143442485
-144247635
-143021399
-141673420
-143137220
-139029306
-118739795
-108878589
-112447937
-106483465
-101096305
-95493161
-73727017
-54734014
-42620113
-24972584
-7183378
7236440
26282645
47723119
58962847
69256688
77309600
74384467
75032437
81039017
93886043
108201031
97229248
80217056
79295854
80033960
80660706
83465753
95143124
100819542
98474143
111788867
124314694
129421852
138804013
142285045
139952926
149297428
156821583
146903756
135405214
129208142
137495135
147831387
137768312
134289873
141020174
143035786
157212730
171760534
172928673
168240227
157608159
146308801
132224806
110936534
80774474
54807643
43595099
29226299
2462416
-38238006
-75340290
-93375327
-107485771
-125192573
-142470802
-164523465
-184635181
-179800782
-169480194
-166438468
-168628662
-177534609
-161937382
-143279318
-142080086
-136133072
-130090789
-127121625
-128345055
-132603518
-134091099
-132161327
-129279062
-124996903
-123872884
-117702091
-105441315
-111256304
-114513976
-106562309
-102130075
-99002717
-97436174
-88477404
-80926233
-75647939
-61525050
-44821390
-30158937
-23012548
-22562720
-15508773
409932
16441019
29215774
37494114
50096458
54933844
45303715
51624749
61464966
63927537
62315767
48588231
41035495
38787893
44429853
55109582
51176852
49313942
58718641
74261386
88108968
88353448
91331715
107878217
126675831
138009888
132194697
129122254
149043124
157487023
145215474
133519092
118454005
115109941
116026220
97053592
73472794
64905416
68239331
61978232
55187134
48527297
37692756
47652913
66706536
72664354
69204777
68580106
65457976
58997905
59819201
50440186
29029218
15744308
4722707
-15674983
-33146633
-53086278
-83438841
-109562239
-127971748
-133852525
-140905950
-154256614
-158239524
-168294870
-181884689
-174520385
-158985184
-151585382
-145745448
-146173179
-141315846
-121797723
-109236142
-108098685
-110570151
-110005975
-106563421
-91284137
-66637588
-61376215
-65454689
-61803892
-57714318
-49594732
-45109812
-54492303
-53479395
-35824704
-27580971
-28586961
-26406777
-21962897
-12894046
-4632615
-2971707
6892205
19801060
25853143
35302796
37648531
34512077
47887728
64612546
67518551
70140666
77552096
80054863
83379536
93518042
92792024
85215244
83795469
80695005
86706056
86017827
75466448
81757558
90553809
91634885
84335129
84387969
90747204
87891090
95679692
98307134
90887254
93496496
97167110
100250556
94990438
93345304
100667655
97589761
92610518
82571790
69345181
64725614
67129269
59942987
37535502
28630153
24191790
11246118
-3673687
-21678103
-28727923
-32468615
-46173086
-61919599
-67009133
-55228343
-45073801
-39073091
-24319940
-18523200
-18705910
-12505558
-7291386
-2796744
-10172599
-21566323
-29693626
-39125793
-39392380
-43395971
-63688602
-86239612
-99404720
-110648922
-121446892
-134214133
-151991171
-161151329
-166573728
-171648826
-174165701
-177373899
-170882587
-155325473
-144717070
-136431439
-120055319
-105287570
-90543636
-72631294
-64458959
-46377119
-25552234
-26916541
-21639118
-976279
12260307
9071586
1592501
606564
7699136
19127018
20130809
15853960
17806979
31779315
41802454
49046400
48838487
44746441
79907965
102874059
85576906
71045124
95410872
132443331
125825485
109299081
98985413
111061778
134106002
121375437
105050445
117072308
125255970
105300448
88071676
64268386
42842050
48811300
36565567
23375366
34304944
31189438
28210253
36239582
29443487
40391801
57794796
44346309
53799373
64982176
54915914
64437103
62864984
55771689
51811998
42848848
53115076
46100608
24280176
23154450
13089233
-7606247
-20992683
-23450354
6196399
31301866
-9122406
-51532741
-67999656
-91756923
-80883618
-70619482
-87866064
-83362255
-76348098
-74707375
-65250997
-74795425
-80824313
-65910749
-65767425
-55343821
-41708214
-55867983
-57619678
-39942779
-27114877
-29951092
-43710352
-44241057
-21071871
-14390080
-30471536
-29309019
-31201709
-42072561
-50916241
-60490416
-54923142
-41220717
-37726991
-38426977
-41685733
-53909228
-35038903
-14726275
-33297966
-23565045
-3568611
-5735317
-3665186
-12730672
-16422012
-6107628
-16076686
-33897212
-43737277
-47720814
-34906325
-11227089
-17902325
-35698628
-15742239
-12230520
-24025307
-9522231
10659302
12765107
24860776
53728596
55738171
104011522
141815831
89230007
63600319
65844219
59784264
66812544
75990713
61585685
57080746
80005833
71517150
59932135
71184455
68385086
46264837
22665197
25822790
44128518
43630348
34313891
30763722
17419027
5601337
-620127
-38183393
-37243290
60037643
122987383
81433279
49747646
87903729
138969356
179056287
168598239
109142523
103107383
142079240
138811165
91549539
39656746
2674796
-30110553
-66825499
-93501895
-126537640
-157759106
-166191942
-163447370
-152045662
-143326625
-152700248
-160016610
-128995897
-86571739
-62088653
-51175697
-50520160
-46188222
-43042609
-38712590
-39167478
-55428189
-68929297
-73934096
-85291787
-99422207
-99359061
-104448205
-115657790
-103787659
-94905792
-108877285
-111624302
-96288380
-81851305
-74759313
-73808195
-71491461
-59790168
-47771835
-40067905
-29244594
-24890206
-15797198
1051595
9175471
22830495
39936598
39879917
34898247
45518354
51271381
49213237
52426876
44501818
46774858
66966298
76068204
56867950
27513265
45254902
81661388
86278771
81090457
80078842
93774060
122866360
143659006
143983757
128847388
109377800
104337039
101264051
78394765
55524400
25055002
-6920122
21292426
104459359
167624871
163211708
142621306
175391859
243189218
291474877
261007224
194457217
182219018
196055211
168038697
95338187
29506213
-10241369
-42855929
-84992319
-135483032
-173359619
-183875250
-170658613
-159267576
-155904953
-143712504
-132099611
-121293254
-87956496
-48626089
-40563139
-51197793
-62174739
-84971535
-94468735
-88958679
-112170940
-142643375
-158374655
-173130258
-176254021
-174200173
-182959079
-192004336
-181426019
-159793419
-150386976
-142418924
-123829535
-115344469
-116732920
-93544728
-66344322
-71136803
-77448085
-71593820
-73517271
-64363608
-39213981
-37505548
-50503537
-38154845
-8757135
8500869
3845627
-396453
13616918
26967087
36334247
40214570
20418366
-1777688
6786178
31627923
34654361
20991074
14731153
22946608
42742956
56183793
65962758
79725698
103096382
132160174
141845653
145500381
164690327
175006314
163699287
155373068
153479338
144032492
121575401
98962032
79971514
47526616
37523670
105425918
212379461
241408841
203508271
229874629
315191640
370729895
346938117
272155653
238776693
259403931
253838260
176874993
82686181
12847783
-37358326
-87834563
-151117998
-206957892
-239308354
-239962892
-240092315
-236859396
-214779440
-205821583
-193698769
-171912826
-138030398
-93181672
-82328130
-95799089
-93529657
-78642060
-87328375
-117702766
-140088753
-148219740
-147505580
-160020841
-180098191
-188037620
-196220220
-197614736
-186101375
-185857699
-182822504
-160143082
-136601313
-119772457
-111913619
-111680597
-111955441
-99314771
-72505109
-62133816
-65304284
-58060153
-51456449
-49009476
-35602738
-11242269
7953287
10813962
1586042
11230902
42063239
59285623
62282937
54000332
55339820
68432073
56153810
44592545
47970451
51268628
62560571
72162491
84408759
115072375
148497577
165416681
178302769
199603058
227582221
256008558
263368002
248335372
231487795
219921505
202648392
171136267
130862276
95560462
109942823
187920048
249487323
222777527
171532556
211349045
300567459
313203612
247225161
197001561
200156150
211410006
191290708
128361295
33570649
-45978426
-85278198
-131416958
-190130075
-217944567
-246601253
-276039113
-268851743
-249882234
-238564675
-238731645
-218387991
-164448242
-121279793
-93392427
-79923055
-79241614
-74583308
-75450046
-78890204
-91212712
-114023941
-136951253
-170951567
-191714788
-195213535
-206448786
-224949980
-242409296
-245201345
-230353007
-210417522
-202791969
-199078873
-175369860
-143897548
-121012596
-114074082
-117918096
-99898694
-74345985
-63174486
-56854318
-46864383
-29730168
-16104654
981853
15066598
20464768
27643593
37712067
55472907
63638110
61832111
59388649
57854596
53970645
50491439
71417651
69078878
48991129
65698529
81138479
82392480
96163764
131503992
153896836
166854314
192845626
208252297
227131728
235881990
224907261
217360811
210552422
214309684
204612365
159780282
124502768
122894610
119846003
101961194
104117193
106584086
80660772
73886963
98348928
128633117
144086953
137532694
138494149
147625472
157204456
162176683
144131100
108272060
76457156
52972051
22199882
-17201296
-61483729
-97080917
-128290446
-156174930
-169283721
-193967549
-218054013
-229045133
-232130470
-215768753
-202937897
-202841480
-202826438
-189811774
-166789989
-164073562
-180940244
-190633451
-177561912
-158236661
-162324143
-175642049
-173559730
-173901368
-174263707
-156009445
-152947497
-158149042
-145299325
-137203448
-125904104
-104833024
-91190824
-88741248
-79720220
-57323442
-42300637
-37966341
-34902909
-20483889
-1516499
4939133
10336250
22125278
40671431
61973891
74131485
82263440
91734601
103579488
111470978
104818056
94851885
96792398
106486341
114117208
118191262
109074920
98252742
97071022
99813990
110337982
110228619
103776864
103902103
106466205
117887709
129506882
129660839
126200125
129177473
133234054
136162727
131622124
121339067
116203771
114409079
114718029
111000656
105241060
104660166
112403204
126041342
135098239
142200005
156866648
168077624
168792216
173080150
174524520
159042573
124073450
80167931
45377178
18414090
-2804898
-32316353
-84751988
-124850555
-140942133
-163631463
-185404537
-198168811
-208133053
-212852935
-217350046
-212076257
-200731780
-204334965
-209060693
-202167900
-189898402
-173133561
-164898893
-174463445
-174892986
-160551479
-165725288
-176443123
-169615842
-153330867
-136608665
-132702531
-129036811
-119351761
-106855335
-94795379
-87240460
-73452931
-70608879
-75409508
-67230577
-52759022
-36464105
-27073923
-28124692
-27267056
-12453932
3687571
12017523
16742436
26199927
46892813
52109065
43481733
38664692
38245804
57882307
85199214
93061374
85404671
81355481
87167092
95681828
101024625
99004277
92422386
93277932
107199393
117826883
113105390
110964662
125717382
143408128
147817609
147491675
151259821
155483345
164396561
171228831
159639712
139317317
136587096
150630313
159939532
149117004
136989856
154107906
162458057
153141513
166090814
178194441
181913464
198230485
201693449
167804422
133085991
123583170
109759708
75265952
22221547
-34587128
-79604039
-108656385
-129376266
-165367651
-198643441
-216932381
-236865723
-247526024
-248232206
-241343593
-236854000
-238972808
-222400018
-200317075
-187928114
-166868581
-144863243
-137307464
-131315326
-123421718
-110897624
-94508457
-96507291
-102624805
-105244183
-106437186
-105817124
-117134748
-114080370
-110429295
-124647077
-128758329
-122798330
-113414852
-107986374
-106565980
-107855488
-105169210
-86931812
-72632881
-68082566
-54059446
-37953881
-26081839
-6550919
9792274
15827321
24940523
38941725
51543136
54192810
56307339
69412183
78966077
88644425
95825828
97765789
103374374
92259209
82209183
96829287
105719646
106494708
109110115
112295315
139299169
168773900
169726830
176062177
195077977
208692974
219182630
226609040
225079153
206806441
196571068
208394059
211783631
187192788
165162952
173560049
167925971
151788705
158058995
160494315
157691752
161909370
160526953
136881949
115489893
106039777
79543178
50971638
29197489
-2972798
-41470059
-70942020
-95072964
-126348729
-158463418
-183431286
-196647673
-199985762
-204139294
-220181834
-242519116
-243686261
-222881101
-208585004
-209175315
-211315958
-204440267
-188838439
-175942935
-172585972
-175522388
-177969863
-166415680
-150472971
-158010058
-177860291
-175429482
-160668302
-152176681
-144993362
-153608738
-167405211
-160341822
-138146790
-118500417
-113111307
-109362101
-97619067
-71157689
-46321321
-41421753
-35166962
-24176648
-6349612
15225080
29981151
32638545
27749940
45817312
73025988
79002639
74028112
73971415
83158283
104466964
123056353
118190216
110845668
120168849
138171542
144652375
138488803
146044702
156307490
161568114
171645419
174736686
169710053
165870490
170358976
175577843
180801878
184109159
178012305
174296241
170840591
165246066
152870579
140337969
140235719
128323222
109333774
118555066
134065039
128945404
133751778
138190435
120965757
120842751
140169470
134855747
98352677
68096766
53059077
35956877
19004916
-10658893
-58239977
-93909465
-108154384
-125811605
-158551402
-181788896
-190812537
-199271203
-216077882
-234641098
-228073428
-216482583
-214137674
-211997135
-220299568
-218034259
-196929755
-180820416
-172647584
-165592756
-164429225
-168553182
-163708751
-153479357
-148273296
-146402867
-149041728
-148831804
-143711275
-146113281
-148031459
-135794796
-119066478
-112363554
-106050034
-85287652
-60425349
-45769103
-36908610
-22354734
-3147179
20482825
43089841
52243417
58357943
75019285
89908677
91007344
92346267
100776255
111410762
119227014
125225114
130096262
126020673
130174108
138099524
134052770
138413840
144716661
137854786
131089225
133024177
145215189
153945069
142588841
138760155
147639775
143419515
139601625
144324997
148987135
148006031
143132517
135400745
130101888
132326422
117970571
99276802
94930606
84339471
72542483
60727829
49200870
43561834
30716619
19496435
17902440
14875303
3190156
-7224778
-5528987
-2106789
427012
-246317
-14772440
-30818165
-36777272
-43414956
-49216971
-53337786
-71107053
-89375862
-92333357
-102076306
-116969266
-126317800
-148875786
-163638426
-162009243
-167180188
-168866758
-172091867
-180773222
-179968132
-181901333
-190678327
-182794540
-175889602
-180488794
-162450748
-143734666
-143244719
-140329965
-133197006
-111586803
-85208277
-73738096
-66730898
-61775203
-53767699
-38763120
-25880098
-6484441
8036414
6151605
9817467
18149436
24554418
26512719
24589235
22414281
16652072
21752754
36750290
42819114
46757985
62889660
79195131
91412549
103086918
115837637
128042652
130802920
143528147
154169552
151133285
149084323
138211240
134433873
138406204
133745465
124780563
110731009
94732858
80226399
69602210
61395646
60865496
61568127
48883205
40050590
39867629
43451523
44221678
37291837
36892315
35791248
35843291
42379311
42806214
38032271
27941697
18804392
9400626
-6800816
-21124366
-34162926
-43014823
-51029065
-60288252
-63050806
-70913989
-78656632
-77021291
-72235327
-71888882
-75949514
-72331147
-64557369
-53447665
-43113320
-40139451
-42278360
-48742915
-42565442
-30612634
-28536003
-21676991
-18432540
-22841184
-26567628
-44002350
-52880628
-40482081
-42286098
-56816073
-60351245
-62731918
-76147469
-82315627
-75634832
-70503794
-75841763
-85859137
-84080340
-74235548
-62786844
-47750224
-41661696
-43669090
-37848087
-26438273
-12017072
-5629321
-4182924
3712021
5025371
7133440
12038288
10474603
6597106
9207375
15168709
17045061
18519028
20263376
34814796
41735257
25076955
25891331
40992305
48398278
53882356
54951291
51061937
54234897
66961441
69568611
67695751
63553247
58454639
72745538
73574304
71989866
75445747
65666611
75439065
57024040
75758370
166438083
161652835
84093153
36705253
5971001
1918541
29792134
11453467
-20708302
-13885953
-31223548
-32352280
-9042641
-17116562
-40946147
-40985267
-18181059
-12911178
41904173
114702466
84240244
34810689
20908463
28440162
96778505
144895428
86862694
33935774
-4443181
-89586536
-124602796
-146208117
-189315563
-174123230
-142393202
-128301761
-115641121
-107535515
-92151745
-58280249
-30787684
-28037059
-17587596
12846255
44374428
58589301
51197789
32070749
18052958
21473278
8570649
-15339732
-23642265
-34962209
-45584959
-57830015
-85336610
-102214417
-83854106
-64995521
-66439711
-81067707
-89732940
-63908029
-42894574
-46222165
-55797559
-48534548
-12264360
-2389721
-17702617
-24962458
-27326651
-13952199
-14109196
-32707277
-39273267
-38476248
-22326083
3902958
14247402
10158191
7641921
10688077
32918284
33517889
-11716716
7550500
67345358
70431381
50620736
19523404
11187391
63862943
115272163
105828996
62073569
65199863
122856100
161641804
149124385
87635823
30973440
52295947
75879583
4790384
-78336210
-6144229
204088451
315267875
244703706
161629574
200733145
309114173
358169205
276576963
120754544
59122204
101298534
117394289
51815674
-71716447
-145593433
-137163913
-95439071
-83408873
-148294283
-182329741
-130560886
-64510798
-28736797
-59413595
-118932693
-114927613
-60684424
-37294003
-63976246
-117655958
-150306681
-146024453
-146987306
-154118161
-163953541
-180248118
-182950554
-176520154
-166222744
-155058548
-150950442
-149522049
-153745933
-158425725
-153678425
-139123239
-132580812
-141358058
-133625951
-110821433
-97500960
-92250307
-86148858
-72949113
-44936916
-10173942
-4440656
-27371902
-32804077
-11216047
8418043
15902140
10820464
13839479
33954412
36529206
37309554
57152736
70735349
91466424
124294326
120821350
92040538
97807716
123601766
140174745
159876391
167738150
160196376
162352874
192930084
221208961
186757338
124721207
93828669
95049175
125339468
228013236
378612525
439182781
401321852
386341732
427564113
445923977
411754950
309781844
166874053
114671441
117709752
71831910
-19951652
-131870531
-205667152
-214291111
-192849517
-194434511
-231926131
-240089408
-189845626
-126717278
-87021418
-103665004
-151734555
-149411965
-94016057
-54144270
-79092702
-153733471
-209381545
-205895072
-189034849
-207514259
-246838237
-263833104
-244601654
-207926410
-176087093
-170093982
-170091708
-162150400
-139152923
-106214020
-102650392
-120489946
-144497741
-160075079
-153023424
-134898640
-136893759
-164562284
-179571253
-168128116
-128315927
-90679137
-68689926
-52333386
-45904995
-20133270
17654945
29734185
15942200
17843327
44125718
61852347
67926109
66125651
62342049
70609577
96808657
107894719
100197057
106142792
116328569
143823792
185636555
200113767
196375273
206752826
230467644
245336901
234536297
211025026
196777005
180061928
164626164
160307668
143760089
123899319
119843857
118979668
113257044
105339198
101323127
98672593
98106162
101619802
95146771
69126005
44238593
56539103
86573486
97598741
94774195
86179625
83011503
89721114
91323344
79253033
68058093
56634775
24795638
1749482
-3326003
-24706291
-56651979
-83261157
-107619680
-132777142
-149431148
-165098161
-181890166
-189800613
-201007863
-206344165
-201914526
-200447020
-197708441
-194376787
-188982003
-179621027
-179074161
-177577558
-161925450
-158013593
-166448791
-158993488
-145685245
-134683057
-123057246
-117610778
-106086481
-96536087
-81960294
-55811038
-58785872
-69384114
-65155406
-70042220
-65465852
-51021184
-48569288
-42354964
-34789810
-40861686
-33873083
-3612399
23204298
34674528
39256952
62687756
90779894
102869162
117186966
121485380
120171372
121523360
120596525
117312145
104546281
94056919
77135270
68884179
83032983
95564090
104594106
109747783
129068808
145896869
146888758
161236400
164036535
158831155
168974439
170133860
150943419
140861212
144337668
131007089
118791841
103087175
74953398
62063486
67045768
74899806
57337534
37232985
37946115
38318587
37087297
31201006
20471098
20018261
25292326
15470300
5151283
8855250
14786610
14438598
823992
-17735944
-25013728
-14589019
-11640058
-27007622
-47128924
-80667248
-100073919
-95615357
-117485182
-158017383
-187309038
-216054338
-227678076
-219411813
-227781867
-237696071
-236741670
-240945448
-227188539
-203238364
-193822790
-182450210
-179816826
-166241277
-123553108
-106119909
-99378441
-91995432
-94225968
-70767567
-46945223
-41158214
-38556405
-30716874
-20818082
-19647892
-5964723
9633429
16691148
27022477
29244125
32585217
43140875
53484938
56819382
44964574
32004444
19303353
11068650
24127263
42656624
52291863
57175047
68394922
86358722
104386238
120873298
130855293
140633548
147401162
148475041
152460094
148871804
130245405
117694531
107948055
89433018
82862999
70650355
51232430
48202039
53066902
59550104
62197643
70915464
76919283
86931183
108850563
107820110
106386107
118532299
119589511
109587876
106128542
111343516
97756235
86509426
93538483
95731834
94441730
86169231
73654348
55525846
40983897
40869579
18844849
-14501419
-30848469
-45652354
-59544636
-71254143
-83155516
-94920108
-104470753
-106411823
-104974600
-110593302
-120350963
-122127314
-122126949
-129693627
-135707577
-137961229
-149133287
-159434073
-164874552
-171921062
-175156135
-180389708
-178999702
-170598836
-166368798
-154986215
-133686685
-113694930
-97947465
-82826398
-72064208
-59238550
-43775905
-36519099
-40086172
-56344715
-62597975
-57886362
-66637588
-75264234
-69903615
-63387497
-59992467
-49452806
-48177798
-49556630
-23680835
-1247712
3540788
11618677
20346608
35901732
54722868
62063023
62928524
62634384
65527109
73294385
76037835
69374524
71795526
77529134
80975957
101267433
114423789
120015006
131510472
147366380
175218551
181769277
169345047
168215389
170030414
171224979
174927745
163070058
133863415
125168970
130520910
125577993
114212143
94834923
75237863
72329458
77537564
65659713
53807369
39808765
20733418
29663122
46289783
52979134
44611333
33924155
44329108
55028269
56570079
38344442
6725235
-9100049
-10532420
-11232459
-18939994
-39227027
-64592843
-79255931
-93905413
-114882065
-138964378
-155873152
-162601610
-172928262
-174173224
-177273381
-177210302
-163253524
-162777714
-157384486
-152255673
-159676434
-154583620
-145061340
-139867924
-139006982
-137075366
-134713033
-137870057
-134540202
-128767306
-120699836
-101901922
-93866205
-92214289
-72390101
-55071052
-45320625
-32261648
-19226820
3774206
26534901
31706356
35554666
43571230
48695841
58070629
54713439
42568875
43209608
48310035
56638042
62958678
58621744
50276063
55383782
65666225
69012063
70506894
69816509
83958599
101318298
101128140
99057578
104556652
117287406
127544238
130280050
128752676
123800670
119969729
119300054
123984819
120612171
104141940
91290447
80768257
79984038
82816972
69190271
58314659
61926431
62947895
53368036
46826077
42383457
40273778
38588326
30731482
36360940
39630220
39680179
41225878
25175707
15378422
13038126
5848239
7109440
8217370
-5704567
-16486235
-18713576
-18147473
-13241594
-17710343
-26641408
-32573013
-38553024
-47887061
-53578300
-64421558
-94031301
-108879322
-108810630
-110134053
-118570619
-139411535
-148842155
-153640374
-158857766
-156363418
-160254798
-165580886
-159084333
-155142888
-151023623
-131406914
-120996650
-114508341
-98938299
-85701974
-67842295
-54772772
-46712630
-33049178
-25301055
-16684855
-5752441
-9425794
-8955162
7022659
24284763
42701407
52443929
38717263
31167873
44480840
49534871
53599150
54943942
46038052
47923763
60987499
73183410
70596135
67624908
79733440
88236027
91882889
87955203
72140277
72692631
84893304
82956235
74573257
59426143
52840341
69865314
79401845
69268627
50716583
41486050
55761235
68360655
63662976
51692490
43484827
50574700
57762830
57142775
54323564
47691051
45304102
46881180
39471811
17731202
-1071207
-17289020
-25406289
-15507434
-20550926
-33187078
-28768766
-24374677
-24882242
-14819143
-14382932
-27389396
-17603101
-88694
11181660
11591224
511303
-1423941
2566536
10728957
7149080
-15095745
-33577267
-37279718
-30074592
-23415555
-30901782
-45437225
-46437978
-51730652
-53611011
-48954519
-63410702
-67357827
-65201213
-72069476
-73475618
-80229888
-81557329
-78929412
-84947003
-83191883
-82294011
-86015091
-79748134
-68448162
-62529380
-65748414
-68392239
-61825435
-45791012
-31945738
-23001140
-17389855
-17731706
-8407364
3228241
7374063
12197998
17591379
26712074
37922199
39553111
38578542
44290992
38607817
29183344
33167924
31261603
26090481
35069993
36647673
28883676
34993792
42120620
45080940
51772747
51507034
48895292
53396542
66977683
84235837
77029262
62334254
70476816
82917172
86720549
68688894
42797061
42864093
56699486
57227770
43732478
31312189
31307314
39821736
35838452
26060459
21729593
22543403
30935870
26974827
20855896
19374485
15725234
17427404
6578775
-2701159
2570371
7154480
10893901
9600849
9025077
13006860
19114987
26704984
28974314
22881243
21348234
25026031
16316941
11797019
10459251
-5561027
-9940249
-7853717
-18333610
-30729797
-45753286
-51576423
-54152972
-63527558
-71079053
-76407498
-72863475
-72012359
-74158434
-80143814
-86120632
-82573961
-72721779
-63505903
-80598889
-92695936
-86890898
-87105956
-87437235
-83353404
-74550408
-78031526
-78704318
-76644962
-73829109
-61036727
-67102138
-69543949
-61785661
-56029300
-41700046
-41570746
-42894987
-25191755
-5050219
2294055
-2730405
-2198691
8141060
24124825
41241136
49295222
44042090
40444476
48606166
55066552
62494070
69268989
66328900
65001662
72457552
87497233
93645380
86944537
84084426
88783306
100991688
103149712
89683522
87209638
95182496
101062689
102463221
92944191
86672252
85247540
73601637
67458309
63671275
50167913
48625821
55236739
54199699
49709665
39673160
36479942
35694548
24256465
20890157
21440741
11590764
-7303543
-12659407
-63362
2515638
1806632
-11507169
-33429708
-28731567
-18153400
-17078935
-19604724
-28145181
-35732372
-33610466
-28415954
-32836651
-37177218
-41556707
-48634019
-47495175
-59293029
-84461954
-88845265
-85535206
-88330612
-95893869
-111630730
-120220805
-113146893
-101615106
-109332471
-121271802
-121732329
-115863136
-103363688
-99814232
-98505386
-91827907
-77216982
-60839778
-53341965
-45951120
-38883044
-32115210
-26246155
-22681370
-14576003
-676938
5238406
5594379
5755141
5655809
17391426
29834369
36507443
40888703
45346047
47995939
45436718
46193986
48653037
58109759
63107657
60621304
62070738
55758406
55918691
68896586
84433243
97088994
94790917
85973571
85173165
97222793
107480746
96542150
86135890
86745662
86856724
89881225
83903842
80522729
78684875
63016824
60735053
61215674
55311001
49192445
39112492
34762820
31287784
30650624
18857694
-3059065
-6924268
1886912
11248437
4304946
-13715248
-22184264
-17293076
-4134089
-6769138
-19446423
-28774987
-36672861
-39622789
-45573952
-47183173
-47901598
-61060755
-71297008
-70123062
-68883022
-67536540
-62460048
-66382549
-69179157
-61681283
-59079043
-57179712
-56628933
-58776713
-57428036
-62526857
-75604151
-80298560
-76281571
-74113275
-71299646
-81177341
-85167014
-68835993
-60260247
-45481278
-38993907
-46962761
-34589290
-17640549
-8119701
3867173
16991274
19380486
17576922
30346301
43452528
44726605
45613324
44880018
37581838
35112060
41619351
47707926
47208154
45125092
49822677
53909670
53883635
54157578
45490683
43833390
47979558
40047938
47286616
51308469
48468484
58574626
48874854
43762563
55819377
56431044
49966846
40149834
38552632
53188200
59498056
47960713
39624757
30325049
29883867
35137250
21686496
4696739
-5953543
-7997210
-4915396
-1783173
3634672
27383852
22636077
-2685609
3559587
-8727423
13721203
24625488
-46227079
-81018610
-66025633
-49931279
-21159917
-13610855
-77477948
-93030700
-52522866
-49976229
-54342413
-94364802
-142445831
-125275070
-67207444
-47246729
-72203258
-101442122
-106567009
-65398357
-24867006
-10930264
-40922944
-70736615
-47000402
-14856672
8168412
3324098
-19539789
-20622462
10368656
41035253
37727014
24879589
2453558
6671746
46972820
51936224
34223976
14732255
6220832
25275370
46260586
48646787
32588040
28584013
40153734
63945380
81514679
70633617
70392858
70753730
66351804
77100653
62546426
33395763
36595985
54035700
61665863
55174712
24967131
7879974
22353328
36094595
45745569
42699692
30536177
26547979
22350226
-3846394
-41037464
-68568149
-82894160
-59172105
-29611604
-7009276
5359437
-266851
31246657
60139264
39683141
-2755593
-24718378
-43337970
-73774868
-68235066
-38457641
-8159790
-22037115
-20850461
35669780
42001546
15621678
-4714732
-21741438
-55640323
-96219733
-90577634
-67659646
-54167936
-60280350
-83110497
-103982556
-148205430
-117752842
137919520
428136654
445512923
244156194
103023207
94543115
127486676
125508178
-30209018
-245987652
-300998155
-136470650
95241997
142582217
28397110
-80978911
-76874626
46971374
115758678
5869897
-201491288
-297022709
-186925409
-33116453
-30752057
-144322100
-202933899
-121221907
67109241
185006618
93095083
-85644302
-159439509
-102508944
-31649265
-66936261
-183626733
-266026752
-243918804
-113406066
7134575
8796243
-66470967
-111063953
-58969758
757905
-31131114
-125639751
-198306901
-167416688
-66496350
-18434328
-59501113
-100554122
-56730098
64315825
177251337
198452423
123489671
57638849
105418648
187200179
198315440
158039814
112184508
71827222
39163813
48123780
66994032
29175750
-39435353
-35574612
115848979
408132168
699696903
743793104
515433736
272269428
204287962
235394343
189005098
20913379
-159982916
-194456549
3350591
295545562
383955701
220151672
38021074
5180257
99516503
133819027
-25787904
-283040605
-424373629
-318340802
-113617855
-55511330
-136704673
-198421088
-120072960
71151332
191886208
100119876
-136177016
-283518872
-263945779
-192166890
-179206501
-257389088
-323967895
-271841482
-100454681
50556805
49237868
-47785027
-105669287
-71348599
-39417570
-85596414
-192890407
-293729210
-284076896
-175089969
-86354925
-82056314
-110369047
-90336399
-20591025
29176131
19905475
-38073954
-105875956
-123248769
-89304822
-62097520
-68799413
-80908153
-59928974
6291236
46967884
23496716
2740809
-18851623
-30522256
99043
6872666
-13027326
18141912
86838468
113230658
99811615
99499419
127823325
153788611
164053307
171872037
153294919
122320118
136117548
165503027
140912482
65173762
-41598948
-48975063
198967415
601442598
846516861
730537656
451330007
309213471
319341083
295501699
125711163
-146452585
-329508680
-196709618
137291765
351824478
304456784
107955492
-409596
72930901
164817393
51768374
-231502041
-434569183
-392944038
-184439972
-56796537
-122664062
-215071865
-161124985
28813709
189374776
133607293
-95890037
-294253976
-318871336
-220622099
-184604183
-266879260
-365266585
-342231384
-182133131
-25959992
-23069676
-154464920
-228053651
-165592336
-86644229
-116175434
-214621880
-269408135
-239958664
-130479801
-42759421
-59144196
-116638076
-122396776
-68250134
-28033412
-40521667
-99814527
-147584476
-140854083
-109036157
-69736260
-67115301
-78787433
-49090147
-22500330
-15451055
-13806022
-30441295
-66429930
-76695616
-43725131
-5280060
38838322
79746685
96725848
108553358
142393962
180895741
180440821
195447234
242787781
242925268
211581257
202995757
210812674
203873456
182346341
111042638
33061056
75170917
243079759
511281943
691676507
643059484
507330455
404466065
348083991
252735737
87233855
-82422612
-126934207
-1528794
155512568
258544022
244334051
155445485
107245918
108850490
94453698
-40442815
-239042750
-344604868
-316638989
-227062106
-169927260
-198991187
-238862868
-149657319
-8517582
50005069
8132902
-119021128
-238247511
-268907997
-239488261
-233403164
-271155888
-304793698
-281080108
-178995735
-82963155
-58130665
-114508795
-206792798
-207206785
-166316647
-183275544
-239638234
-315524490
-307903657
-202382469
-104960437
-73240066
-112336509
-158328426
-150822072
-69095105
-21906874
-84777625
-150718657
-168564283
-115241250
-20035915
19728013
-4000
-28495925
-5545530
40970287
41980231
11368597
-22052102
-19235179
26821551
66229177
65896385
45631587
66418459
161991040
266300740
239550919
122559917
101600104
186983741
258656837
272200231
243729668
170735984
161680696
271810555
324322280
213705050
40413854
26279024
339636617
766446580
846912078
549165198
245067046
178088013
304963999
343865817
107787136
-214009994
-281431309
-28944298
282233759
347684624
110506600
-144657731
-136280206
63234235
127931632
-104867903
-407595660
-464003088
-256178258
-35326095
-28861559
-208234359
-309789599
-151168161
109449961
155780254
-65745543
-307156948
-347939221
-200187530
-64874572
-109019862
-268778713
-339658933
-218266659
-44067198
-23562746
-148166978
-291907672
-326870697
-221646048
-113127180
-131494850
-267358011
-325141400
-208693263
-74757205
-63597883
-159494097
-236753508
-219089335
-108590018
-11445552
-39592688
-129477774
-163650732
-77813521
36700504
53903994
-9085614
-73365288
-51849793
19779242
41812428
-8458361
-79267444
-67358111
17651392
73247297
41750306
-25069188
-23358524
77953301
233192080
273504592
167720282
115545786
210176450
337541093
318865138
231548800
189186062
142085042
137491320
169160080
165060605
140207264
267296973
600451682
815247683
703566782
420401314
251342230
251362328
238954392
128854029
-68873259
-209151658
-129208276
128331965
318303567
221121002
7297141
-61191569
14216370
99520542
27978532
-178983831
-334805712
-317826773
-157028207
-53411622
-134290051
-258986031
-216136664
-25420729
100951894
42947964
-117543912
-232169446
-225197056
-135659107
-120560831
-232496071
-316386743
-266044069
-144793968
-87002096
-148028993
-244920236
-272502796
-218305128
-157315475
-160615665
-228708909
-269720153
-211678517
-143429253
-151851729
-213514844
-255660826
-222903208
-156319691
-98419257
-88326036
-118179963
-101753208
-37724821
18757479
6333411
-51630380
-64558189
-34130651
-16050583
-36373245
-58131709
-64409724
-47194244
14216392
55518032
13088339
-15509392
64251136
138916726
141141855
133648485
145094039
188277947
264615814
319016344
309500119
264620612
213355291
202187973
220052097
227078534
231917122
304648289
519923738
701322993
690775089
569832431
443787322
351130722
283434622
206711676
74292048
-44827432
-73444965
8779199
129323846
132364348
53878031
-3873704
-2770875
37205811
34496214
-40180515
-158423527
-219312786
-175889859
-145353184
-193787847
-249170482
-251797749
-181231942
-65501075
-9575692
-63309018
-156607265
-199230930
-167425609
-135963924
-161444678
-213658723
-252647231
-236884766
-181673114
-151850073
-189196608
-263432225
-281198349
-237983763
-180638799
-160400101
-190535561
-189199727
-162498168
-143868103
-130735654
-147489863
-182997582
-211540570
-187060033
-139048972
-108767821
-76939658
-65444767
-50499594
-37674545
-38124523
-29697224
-47464392
-67955355
-72631658
-90668872
-100240500
-81433381
-58308562
-46223312
-25424418
12601925
58558186
110361046
151794740
171460863
208699273
263111537
256583705
192045987
184937337
223634551
198245965
189590210
304079871
511343932
682128417
672459715
557210143
497284725
501674459
479163278
381149664
227571631
78534991
20684008
64204241
103745495
40751391
-61029006
-94691691
-31445961
69947150
81028353
-11870656
-113383968
-114989435
-23819013
11579467
-73950961
-193956322
-211956091
-120564487
-27216920
-23087974
-121350359
-216925621
-208546817
-118877250
-61512201
-101395723
-199274549
-233179987
-157293474
-73202270
-69984378
-163939819
-242124193
-237090480
-193736049
-152115273
-187389268
-275018636
-311498819
-251624346
-171094546
-158030163
-184735869
-217682440
-191035482
-105070154
-50441935
-61263106
-122448236
-159218528
-131543458
-84522666
-87404752
-126597643
-137639309
-120310842
-79989140
-48537211
-48618186
-73659414
-102821024
-95329741
-72156905
-51580202
-32559686
-8011610
26481090
74207648
159074500
229475137
241309745
211903565
193040857
226150828
271879088
372272460
545785181
644998596
603321236
533963008
546034938
585699970
562719711
456566150
306733670
194911206
154893248
161135970
137996511
36295708
-88893749
-132114145
-88052008
-47462628
-53067789
-100771109
-130884686
-90049821
-217014
41599632
-16733598
-88048271
-98121863
-42359827
-7965761
-55452878
-126234488
-178584837
-177814106
-121818350
-96865426
-148087525
-214191447
-233541829
-200659671
-154280318
-145755472
-180421787
-218035789
-218979814
-178342530
-152195735
-190227731
-247957779
-267530872
-243079884
-205454075
-201021537
-224849064
-240171010
-232845719
-191970287
-138791163
-121041788
-126581726
-113894026
-81592870
-45362519
-29641582
-61421050
-111877961
-140172498
-142300431
-126503124
-135612084
-159046128
-153383367
-113554153
-45153312
1216694
12286495
25927272
82656301
161766526
217188827
242633061
230632178
217337967
246281614
362172560
512192934
565981577
497903338
440063810
506763376
608702237
639362455
556377137
429216988
352992202
352167514
377736150
313314793
160126877
502167
-66510694
-50122765
-50408367
-111733059
-201097956
-234757484
-188936096
-108218202
-74810121
-97220376
-116777372
-82631078
4412885
62102397
38159076
-28533012
-68908839
-66244357
-39979393
-32073754
-76148824
-147755971
-191759777
-184201832
-155653983
-156866783
-200522030
-240708564
-246677439
-221909170
-194609061
-204112229
-237858730
-250872956
-232259302
-197478008
-170417335
-179182393
-198506872
-190439716
-161093090
-123188272
-119253996
-145905336
-149671255
-133144333
-98756678
-63726732
-69816991
-101514683
-99193323
-66527511
-43592235
-28698458
-37033273
-60855957
-64060897
-35972803
-4832228
-10482752
-17670080
10234136
57404141
120405801
182814996
215957042
229269265
250498401
277424523
278212212
258136810
255496057
272567097
277728460
262027369
251316231
267531754
300969334
324051625
325086896
291961730
251686014
247877656
255782032
238742104
190951121
129022297
81654249
58407388
41290251
11064901
-50848366
-117884603
-145059582
-144680867
-144030759
-172848814
-208040314
-194818442
-150034681
-109635310
-107269580
-140309421
-148897459
-143366445
-142154097
-129691096
-129121359
-127025693
-113937058
-100334716
-80062091
-64320633
-48606161
-38738026
-49380774
-52667798
-45032775
-52019449
-75730098
-102736479
-119584025
-131741352
-138183564
-142574625
-146471269
-147992842
-141204169
-114574448
-107021880
-117889732
-124024093
-121839343
-96511786
-70113396
-61055633
-69980305
-72693909
-57089867
-35853054
-19464911
-23224414
-19812440
-6634966
6167275
33759234
55783378
66154240
75598163
87481793
105323032
118885114
123647786
125219944
139385818
175254834
199843884
194926418
178313665
155464914
137530944
130941174
127040049
120902315
114515944
126140781
155748646
181388016
196174739
212720849
232423316
246135864
250651717
233098575
200405166
164521647
133823036
111835876
72138632
11792700
-39101353
-62310422
-82383206
-105913767
-127181733
-156839546
-171571238
-175410807
-182555476
-187925593
-193015229
-183684146
-157798858
-143086206
-139283248
-121074206
-100189789
-80443656
-55857058
-40812323
-36391694
-30577609
-25238672
-22382614
-19910949
-25599334
-40834067
-60930056
-65479866
-72084307
-103541173
-140856974
-171883433
-181448481
-177067220
-168691533
-169824561
-180857308
-175438868
-147401699
-101777777
-72027499
-63346307
-50223864
-21209991
19565823
33908498
27984821
31902944
45515250
66991436
77540992
76299013
73052768
70683306
85999385
119147775
142652210
134060177
125180212
131688344
138657723
147056974
134488081
120146781
115799467
110014273
117840047
121164534
118376297
116860036
119587411
119809287
132695710
146179804
119445363
115229324
122386054
111659174
109780131
97436027
92166002
89196947
67474274
33382121
4224068
-19729805
-45281588
-51180301
-60089670
-77847928
-80040601
-79776527
-74731651
-57327824
-42370016
-42503628
-49458072
-53290041
-49573368
-38569503
-43655382
-41488819
-20847108
-20919228
-26694446
-27169817
-31426682
-42603951
-54530552
-65349979
-77358816
-87599691
-104781177
-104870235
-104355873
-113383605
-121126635
-145221980
-148126789
-140097478
-140908628
-136551488
-138628674
-138818947
-125251047
-101964460
-101119144
-101643703
-87241170
-83561085
-60739581
-35458085
-20416340
-4898491
-5242124
1436104
14001898
25022064
30366648
29037851
41860922
51639716
62447463
80600861
99485770
121052134
123277241
121702435
118943081
113504571
114648108
100330396
98059735
98715914
83102103
78519573
71891312
78528351
91952712
86213621
80581312
70401812
64588096
70201317
73658930
73704842
64046816
53566122
51536884
59527221
67805793
59388560
45818282
37251247
29332965
15013510
-6889854
-27231445
-37579341
-30027666
-11340701
2816392
4330668
7258999
30390158
49089171
32773510
5946836
2374418
-1189519
-18166749
-25654299
-32735580
-34660557
-10568465
7063678
-4476946
-26642416
-48221530
-59551550
-68201474
-86950848
-110021184
-128204981
-128016644
-116173463
-109004983
-108158110
-110841435
-104486444
-90577141
-98542227
-109648730
-108666101
-109260412
-84879580
-66060555
-67293075
-53000889
-37895072
-33988353
-25806990
-9592957
-16290362
-21345999
-14177643
-23147530
-12064954
8857443
17564130
31505936
44742124
50778337
49470309
54387323
61688264
59787287
64839984
59858551
47107245
50496740
53072994
57968837
54999448
33891238
22035361
23826875
29487364
36220220
40711901
43222216
47045121
49320861
57763056
58631691
41973669
37961532
39636522
38593204
28151816
9467719
4827664
-1693955
-6386803
1358741
11388791
3320310
-15155196
-4261202
14925430
15143918
6879572
6557109
13553521
19954649
28503631
29795214
22351825
14298207
14358640
11911563
6461182
5452675
-16105200
-25987514
-6906501
-9411686
-16496364
-20871472
-44516503
-55314242
-55756775
-59857014
-56997050
-61049243
-63487989
-50023614
-39889993
-31148886
-19329438
-16526638
-13584808
-745888
12803346
6884336
3770008
21188593
29162320
36080311
35881484
19844688
11692034
7741510
16042
-8549423
-10054598
-16384335
-13864709
6186596
6799798
870205
-327301
1816101
8950025
9181081
11135264
7012417
-3107434
-8270467
-11280455
-15323269
-20356413
-19769088
-22409980
-25489104
-26243985
-26681924
-22975668
-27300087
-30485860
-26923865
-22211206
-10830422
3135111
8386114
3476536
-218583
-7612279
-12188068
-4270323
-2512863
-5771525
-1636479
-879546
1825785
18462396
20064499
11696976
19542324
23906502
21710762
18926124
13087252
11131970
8771876
9078181
17628903
22543879
24633465
28715892
25527827
15782394
11768601
11308348
1288940
-6566707
-3556612
-2431878
-1990121
-7540078
-13309743
-7358413
-5596804
-1267564
7862341
5873368
3208809
5526052
10437553
12842983
7114025
5430565
15243945
29257963
34132218
29647117
20937919
13312358
15744704
18876242
13882447
-139863
-9016439
-11183327
-18148524
-18173357
-15581782
-12894480
-12521991
-17544646
-16390099
-19057318
-18526831
-11977283
-20293362
-20425868
-15454058
-30779349
-44369021
-54367421
-59864881
-56521254
-54033528
-50000768
-40238788
-27301718
-19182144
-5896691
2024775
5199809
17291316
18719988
18045289
25598136
30164983
31595665
35777914
32085135
22817163
31081646
35605293
23418233
19803082
19806209
14737832
12939833
11561487
7573639
4976510
5292925
9239323
14085702
13118482
11107661
10862134
14983677
23836353
24436242
19570560
13990136
14489673
21344868
21209029
18000796
12224157
7171562
6486129
3388253
-2237526
-3183734
-981274
-5420633
-12924499
-15461337
-6361575
420613
-3456834
-4378283
-286203
3619227
4390354
10896245
16831731
10281041
1536556
-1032630
-7547953
-6909217
8020450
666956
-11440102
-13409047
-25622556
-27975645
-26140751
-31640514
-38870967
-48080056
-52736468
-52974299
-47406043
-41756100
-40596801
-42239691
-43229695
-33104777
-21959325
-19243721
-24632315
-34590959
-35585774
-22879141
-3330436
-3803202
-15791651
-6281732
12764666
31227310
37044170
30958869
25958382
18162729
20039945
21830808
14237306
957482
-13619134
-11329470
10400324
32228095
29256610
22676369
18635464
10828941
20536664
24391717
20318701
26807535
29679270
41911486
39747081
20810748
39094420
56950812
154616428
267095047
119893256
-123747137
-238267096
-177559745
49474038
165844452
25010866
-169284313
-227092717
-104240681
141369426
226938238
29758281
-169683794
-206021837
-28548929
213977885
217825900
46669004
-101403314
-96033235
83889658
198134374
119952548
-17888696
-105696592
-58730682
59502094
62027445
-28604900
-125879747
-157342154
-54289167
45306264
20220001
-58076368
-127735299
-119529267
-15984840
50455088
27254352
-37868041
-91756711
-54985704
34114902
50602165
17367328
-22605489
-51229947
3670868
55373289
36561626
21485925
-1435805
801123
44528586
41643464
13954460
-11556984
-29057242
6843932
33180598
7592603
-19171559
-38001112
-27956539
21585252
34524791
6696479
-5705176
-25295672
-13519802
30725763
32243281
38477995
33754134
3694194
32406405
57738710
26319094
-6807125
-24733892
-6802285
24844313
9870267
-37070176
-61271082
-30264427
6618759
9119052
-8482205
-53752059
-55684253
15871686
67668494
59104818
2631291
-31157472
-747840
53588556
79008077
22497290
-33991908
-44089848
-38043536
69682165
149443953
4680794
-131568037
2243572
198710915
171978373
-31422565
-229354194
-218431367
14995277
168330797
94889298
-99052758
-251397779
-171326100
76568159
197808887
66064840
-167960354
-249592739
-88470722
136680167
168428165
-3948550
-163434713
-89541666
226980939
368803313
89132977
-240660530
-326961508
-154563828
157575711
199125262
-126134134
-371123369
-317097814
-37664648
264281017
244083971
-32251906
-188103846
-97867422
168642904
323682574
143269664
-135325398
-224543224
-90847896
126472842
157843570
-30817407
-174408474
-155706273
11916484
163815609
84094737
-96975879
-160374289
-40136969
159396088
212980175
83931064
-69578411
-95768575
35307464
172793205
138732214
-13203393
-104988984
-85842349
24146062
129777105
91784569
-32842805
-65913561
3213722
115953568
237373313
185719771
-21704521
-64586061
45322082
119819425
156689447
35477255
-170831576
-146501179
1112511
72665471
55772439
-93946703
-198172260
-108078600
25043696
95536302
35540016
-95916715
-86158997
14239065
107461498
155559513
25109510
-108083009
-60351680
3299747
30743923
8060855
-131519513
-213957556
-132849939
-49602708
-33563303
-92838250
-197482144
-177439749
-56397358
6606316
-12788740
-80586475
-113931054
-60135955
21645362
39093261
-4916585
-41985316
-39261835
34459825
89815001
46750427
5982637
2674586
41777619
120468806
104376763
8127500
-4593833
29749794
61635512
92798028
20473820
-70788801
-51704091
84372826
286940882
284000213
93005365
69818245
202106259
307104427
350490464
275117941
115139479
66285221
143213169
220980080
180593277
-46856941
-224007072
-178025615
-78293447
-61719735
-146332757
-266284004
-280504865
-147942516
-2178532
17337452
-79799402
-148362351
-68926080
64319661
109539179
42049676
-92320591
-146426532
-78820926
-19398635
-38800177
-133360781
-240152752
-252019298
-176567659
-141647774
-181959762
-235634015
-252614560
-199723931
-124126815
-98753276
-132146935
-202724408
-228403646
-160714188
-89955789
-90669649
-151945084
-212726341
-186798559
-70754593
17555635
-18314312
-96606076
-79860931
26608362
146410513
196406135
145839397
101125701
128896752
195762504
250151349
270629602
394869821
595595344
587187440
457709431
466664665
498598424
487531099
495612638
379817877
203537331
142382687
110735902
120886636
104292337
-90740251
-234618682
-183144598
-110173647
-57671208
-52394437
-129344605
-112784488
13369493
90150350
88912686
12679854
-59180688
-12245380
72383819
66559515
-41903097
-176759224
-209734137
-158069593
-143506185
-171888054
-228446693
-303787353
-282789810
-173288861
-146759415
-201119494
-253921069
-273500278
-225924954
-160201201
-162191190
-215828914
-250527261
-249766316
-188239663
-126275950
-158045355
-203839180
-209363135
-177143194
-101690434
-59975990
-84223607
-99649723
-76881259
-48029603
-21617190
-30511926
-70848912
-83749505
-71922272
-60467034
-63533141
-91908981
-130986471
-95853827
7168545
71602839
116059300
139071324
139038908
193359528
274709958
315642291
406790365
675926995
900771627
809266751
614106429
577083947
616471408
643382780
592544802
349004066
89700353
-731942
22218798
121311232
100033783
-139650230
-309126965
-252614996
-73413968
73441350
17250904
-123739794
-97007925
32511266
137728856
128938005
-41211206
-166423830
-129513448
-45925283
2063291
-76214479
-234761235
-267328209
-178175251
-90510448
-58408007
-137650606
-256225134
-252645724
-152253193
-90264621
-141722233
-280229723
-359152901
-315514652
-247044123
-217659941
-252616834
-321077219
-308813804
-216327294
-149445752
-143104640
-178594222
-218233666
-189189997
-108530396
-64983092
-83590920
-147072993
-174566028
-121071146
-62367227
-56067887
-88683302
-131008671
-148410746
-107093765
-49416599
-46549905
-86521929
-106746201
-70815693
-284102
53846785
62423491
65021194
106613625
139582539
177269970
272935177
420309383
699228713
931556376
818859291
627592070
600383582
594693528
620497463
557026636
269753582
64563670
12844757
5545036
108285443
94455349
-132058337
-247857807
-154206501
28150417
153092069
68170162
-69451390
-65015194
19206279
105074392
53838134
-140023067
-240606731
-187180278
-86589056
-27230524
-109592162
-230473867
-198366215
-99667493
-16019046
3563907
-107248788
-206406834
-233384786
-222620134
-185748574
-237285146
-355582292
-369705733
-291039451
-235430398
-198030928
-198698507
-223099914
-171452453
-97940080
-59268292
-57429621
-102189840
-122097839
-84839861
-36414656
-19674205
-46638488
-85748290
-84710705
-53007844
-27926311
-11781495
-49437284
-106211323
-112986283
-131330161
-174836867
-215581477
-238356900
-211498182
-150099006
-85552656
-16936652
56383488
125779033
221063849
307682038
320117851
280588161
262192552
344385469
564063728
880636604
994553445
735562656
474677004
445039981
507422973
527257103
368685006
73699562
-82363874
-49807746
74180076
208222048
120121517
-114910458
-164844279
-39807713
108536132
140233307
-10881379
-137684539
-127973499
-52537750
46385121
17391248
-116561410
-138637602
-74287526
21852833
88626777
2298773
-106571532
-145062613
-171471815
-170164590
-223678493
-356833664
-444691552
-468610359
-439980151
-372416679
-347370608
-345907080
-296988798
-229580023
-167886891
-125311974
-125741675
-134097736
-119108528
-94653049
-89064569
-110306160
-124249687
-117586512
-102115386
-76465492
-68513235
-91213823
-103627526
-95484413
-86473275
-104350121
-144203712
-174304298
-211539140
-237359172
-245814483
-249943969
-218838814
-178430507
-138961893
-61863487
60247616
150526424
159689021
171200897
241034903
337979763
385030343
335351880
261494589
261225147
392584216
737018434
1068687370
965579115
619937430
453861239
451687053
521752220
524145421
274599495
-14108469
-113474877
-29462079
227904100
342207449
138511795
-58893326
-92994784
22977872
179017553
139755905
-16900168
-159944565
-237303976
-128203654
-46018150
-128281873
-174430711
-170477527
-131983582
-46885240
-49220535
-118872991
-188611218
-287903790
-317691794
-308126049
-359987101
-410393575
-451543397
-437504623
-365774741
-306679101
-223567526
-160242122
-141885950
-104943336
-74043417
-54882567
-35421125
-52913850
-76063142
-94632822
-131127873
-131233846
-107752912
-89609331
-72071422
-77755815
-91466467
-115478151
-135496875
-127127091
-144986555
-189224898
-214721572
-252663391
-275095618
-238910441
-213230788
-192493919
-161588879
-145785787
-91846437
-34400411
13206703
116908197
219540588
269370946
281289881
294740426
335162912
343974907
282877454
251688162
279552598
393142232
768448372
1069225069
938592297
670626796
417226936
282734685
351538782
348784196
207362012
29665361
-140017014
-59943277
242637648
372972439
272033808
102584836
-7120708
27077486
122351970
154175223
42585724
-158100384
-266983223
-242431855
-178710873
-128291412
-139164083
-186019206
-195047441
-187701516
-159955473
-161523303
-233675864
-295665290
-354676406
-382017527
-350131831
-324312740
-279140996
-228225164
-202056876
-148412923
-70920048
-3984665
17886379
-26651924
-88644626
-147729846
-178188792
-135138719
-121188780
-171704115
-190107302
-174561294
-124081134
-55126634
-31179491
-59878508
-114589418
-146543789
-141939846
-153798099
-202411597
-250230924
-290240586
-310618807
-290843179
-254220360
-210619519
-153336167
-78525206
-26520847
-25686619
-9006993
59962652
142191578
205400027
224065779
230806003
275502015
328247857
361221116
303009248
201884244
226340319
363900470
646935227
953069517
962638924
743554266
503530202
344480791
319204220
322740561
236134634
55632734
-82956235
-33856256
167681572
337960892
336305077
209200284
60819457
-17200525
15100370
42404538
-17920261
-173124678
-340986799
-383940838
-357790324
-299483851
-211188020
-177329927
-181377794
-197241135
-191645678
-157235292
-160772193
-186054171
-225500084
-282585728
-297526155
-256756535
-196349118
-162244587
-148370462
-119049903
-99946485
-68954006
5973301
22929173
-58215926
-145289840
-191076628
-183177608
-151437448
-147648438
-172595052
-196194811
-160271133
-90477914
-62282998
-74472584
-109674669
-145974694
-158358893
-155171150
-167364923
-191327670
-209463490
-212693172
-190673644
-155118388
-119704974
-105540841
-86212222
-39577191
-14036106
-23550564
-7727593
74766958
152718658
210400764
283806534
323042294
325740643
339785492
346931159
295604274
238934650
261127851
446289931
798350639
1032241407
978154325
729258406
445808635
298269600
279662544
295245089
215164640
32459020
-84137822
-26427022
174864998
323237012
320426544
181144643
-22948730
-118381601
-105023543
-87468608
-145091748
-282646696
-377451351
-402138791
-358492595
-238511432
-153366457
-128616380
-142460501
-178333784
-183677578
-206793991
-225506777
-219042374
-255973991
-296547075
-322651826
-320689021
-249452927
-151325896
-73583099
-57274631
-86189500
-78145567
-57882003
-64840640
-98047154
-201262729
-299664872
-323916324
-304898656
-239668032
-199141881
-205117231
-187600720
-142955868
-79977766
-33734228
-51008129
-109586234
-153038453
-169598402
-168600697
-159898682
-188315785
-228105496
-219894307
-183119049
-134174393
-71842034
-24582284
1831958
45337304
78649467
83096357
127665841
214336403
280841106
320523296
355099446
363813613
374871736
386700611
347098629
318828509
354946225
549336336
843929002
957311985
851574315
627149268
376887366
236094437
245640644
260826595
189720324
115111184
82845017
135862748
240154707
301355278
266087672
102811947
-75403174
-179122892
-237726758
-247332657
-247858995
-277487593
-298137007
-317861962
-298112822
-197712066
-101439729
-70677390
-114754284
-200129049
-271849093
-286082652
-237337993
-194379897
-177103177
-173907078
-175309375
-146749372
-82757320
-14687945
4086029
-41711444
-125151283
-188798379
-197524361
-190700311
-206370953
-241601961
-268531887
-266570065
-230024457
-181877568
-154844258
-146579353
-147116757
-149933381
-150707026
-149974482
-158857807
-186026731
-193375242
-192087790
-204523882
-192980791
-173418261
-138664449
-96499774
-81720258
-71830697
-46730427
-5101746
4600096
-15368667
1780660
66060720
143280074
235723821
316248510
334011442
325602973
327408831
329063096
293209835
276199408
287817389
376303008
666934536
919689484
930842410
770509888
536844044
328333346
246799580
278649977
276698953
247975091
190114674
139144487
162909905
171697628
151022839
76848747
-69942500
-218289548
-321659332
-361692362
-344310903
-292872294
-243396181
-235731590
-257343969
-239596016
-172811703
-93223889
-35952972
-58833024
-161338283
-256919810
-277636857
-228822382
-147853289
-104473117
-125603481
-164343220
-172330020
-124088545
-68506425
-63510172
-129724335
-219073942
-249424235
-236767488
-217583241
-202850673
-203966267
-217533157
-235398786
-245865674
-233994574
-194924794
-153549719
-136331169
-135401230
-144006224
-165833131
-177911066
-171328703
-166159590
-174426672
-195513866
-204573817
-186363452
-141903848
-93728646
-72970411
-74092249
-88331728
-80115954
-39665324
16427245
81199798
125408650
165906981
222184597
315216140
403173515
430677656
419847395
353567622
301997213
310951222
426947955
658169043
821007006
849325922
716454251
519015110
384163152
329649209
345759900
312384319
243588528
128028956
48364261
80685588
90857570
102641450
53834243
-71410287
-181594451
-259321963
-277449497
-272861046
-227813378
-175767607
-179211231
-207683652
-205341267
-144209606
-63823070
4390067
-13861218
-105024905
-184857451
-234956649
-216265195
-165308200
-138189641
-143786305
-189802018
-224926284
-204541418
-154578501
-114952150
-107692805
-149649106
-210540690
-234867697
-232314538
-209632013
-177695591
-179502127
-205214473
-223914152
-216424193
-187692883
-135951784
-88089445
-91756143
-125396191
-171584446
-195672203
-180294971
-158622240
-157129934
-184002887
-201379228
-188621710
-147259527
-100080793
-68065324
-50654096
-57275083
-64547362
-40197086
8045623
60811124
133932235
218099423
277586488
313036797
352644354
400735939
415370073
392857543
351542345
305153779
349357975
553376278
776546272
859573730
762284870
556871095
373365486
268185652
261613926
267202642
227652641
150205632
53903065
23789995
30486873
39636465
33835584
-10919837
-94346275
-195825940
-251867484
-275630948
-253462956
-203383177
-199716693
-219745281
-217972906
-186009690
-117422431
-27505780
-394003
-51932934
-139405436
-221748203
-243456928
-212482935
-180251936
-174732656
-181805599
-196153788
-182849539
-120781185
-63319877
-40350628
-47420884
-78685133
-134391172
-164274618
-154941787
-147007094
-140297171
-155485178
-187764786
-203996285
-204128567
-178144786
-130472462
-121257522
-140397876
-158520900
-194445202
-215986239
-227380347
-231663095
-219000161
-195495873
-166570737
-156469770
-145807875
-116579238
-69859407
-18068380
29102031
56960650
68182657
96780310
153623009
220559598
275452029
325040165
352896369
361844197
351871406
341200853
364555944
445755443
613080858
744307112
743101643
650148325
519666520
406977320
367333609
365677558
332585398
265865653
165551315
95656314
98000771
137325569
130711531
68639751
-5654697
-84581827
-125074370
-138980335
-115738582
-110115285
-150845880
-194402518
-251806691
-260319474
-200396127
-105211589
-47052485
-52670371
-109236239
-188421678
-198958294
-176622354
-163953490
-165694606
-208640729
-250645409
-236390990
-181761580
-129961616
-91306656
-84715197
-91895838
-100764477
-141135801
-178975858
-192651038
-198492382
-199031549
-208231386
-231249312
-252588984
-243744795
-210364779
-183717200
-170704356
-176409106
-179226216
-182663741
-199001507
-208045253
-215010685
-200356248
-177985126
-165135442
-157938991
-155260517
-117740667
-55153480
-7714972
10524866
31324391
58949771
89668155
125039977
159196056
209212992
253923292
291493868
311245975
332090222
375319269
468934326
638613919
773302399
763978725
639529109
518983347
427766742
405063309
440568584
417629597
337857128
229192780
146969663
126063753
138159437
129431401
65024049
-23185018
-104222690
-149881691
-145514814
-110100578
-98788402
-129347336
-185111436
-246640063
-263193654
-217519749
-154135651
-116512596
-116122346
-157865331
-200766126
-193986833
-160662891
-139048372
-147912913
-190170680
-238682017
-257488232
-234393609
-197272167
-170038564
-156905401
-155778139
-158343886
-160612299
-154106576
-147759030
-163694004
-193275356
-214432709
-224714552
-207118721
-181549316
-183716225
-190444117
-201074797
-199240456
-178764999
-183440181
-204648235
-204817156
-191527795
-182730632
-163408842
-171422001
-202251571
-181723110
-138120631
-103377672
-67047233
-11326644
62435848
123317461
163373456
171089251
191852554
239279090
251899100
255455250
272038556
319920956
484065510
715519579
821274580
756917771
664911637
591020966
537841719
537798972
495348631
382485456
293873697
255590229
245251994
245870738
207442678
105467770
16035635
-42290148
-91699653
-94906690
-93249995
-121845823
-140348220
-154090385
-167993055
-171201419
-149849981
-115982897
-109378601
-142783436
-188870254
-199266653
-178669324
-156491013
-158061392
-190209526
-226686661
-236580089
-230028607
-234524316
-235597277
-242946878
-251544263
-246676395
-227950358
-186266458
-162009051
-163602748
-151929535
-119037302
-98634127
-101681852
-107274999
-118492055
-116700117
-113499894
-116271576
-98570434
-99997239
-121836212
-143032850
-172122398
-171080276
-149755400
-151915976
-163346035
-175970413
-188530239
-186476515
-156527711
-128842018
-119942566
-80948353
-30624038
9286711
61484909
118780737
171927198
214023251
253723482
285865007
291783891
303588810
391414310
518482689
551252218
504284848
491115369
508020420
517775186
541892683
520639592
427490009
363627668
322593082
273600289
232690521
168211215
99525328
63814287
22791143
-27313979
-56222308
-105093273
-144993745
-132684495
-146698193
-193608925
-213284984
-200766986
-169692061
-142111957
-148738229
-186782997
-214643903
-218332505
-202683551
-187370130
-212568033
-238532972
-227682830
-217053517
-223538447
-233154446
-226562983
-210655616
-196185850
-187297622
-188846436
-199018011
-196787518
-157580638
-125734660
-111729542
-88781824
-87225456
-92426960
-78961638
-79560579
-95252781
-101819379
-112404946
-130387625
-132802740
-124984327
-126571936
-132120838
-131050839
-127774064
-127334835
-126588345
-114891256
-103587682
-102271027
-85984842
-60254690
-35155809
-20846
30806916
61502857
105232554
142059164
171453219
215331696
254517532
304588444
387185646
405851828
369843292
399965640
448067697
457763496
486884677
506214708
482879064
480298152
487844645
456260006
410603175
342833225
250923748
203539030
173751714
119251800
77243153
36266184
-28312020
-73131218
-90114833
-142011818
-185538590
-187771768
-219455417
-250699470
-248097396
-246322468
-244601088
-240131824
-242898657
-248824375
-247787870
-239421241
-224983821
-221785626
-229681387
-234381707
-233850522
-213508712
-192037555
-168544418
-143005719
-136506974
-127501687
-131055180
-142576504
-124318104
-100238633
-92155277
-89921696
-90766403
-86477665
-75844284
-73010023
-77575676
-98079548
-125460305
-125307604
-109301948
-108613102
-115522469
-116924856
-117215954
-112061583
-113580687
-123503714
-110921458
-85062738
-63926483
-48108040
-46198195
-34873746
2312067
39212271
62951536
101120724
135715061
148223589
229353648
318940589
301739809
317546133
413645805
455458976
479653060
532118049
512562648
490990718
537296104
527622015
481931190
466827969
426804396
366709994
333312821
279520639
180004457
117472942
61234017
-24367228
-62524364
-100462416
-170686351
-205410085
-199263745
-207067248
-235868007
-254598470
-282412065
-299008841
-295253647
-298566848
-302530108
-289176736
-260309815
-252381860
-243685945
-225418361
-213153550
-202921413
-210570716
-224115727
-228781475
-214361607
-197747386
-183375468
-170159537
-168610898
-144670872
-123549284
-120817969
-120788898
-132989427
-123959886
-103105644
-91393441
-84619402
-82239145
-62649263
-45352472
-45496735
-55620453
-63659699
-61466775
-59818283
-46632889
-49088937
-76980310
-83661693
-71924732
-55118435
-31696560
-23082382
-28930115
-16228535
1029920
18243471
44509127
83085436
172591446
234995550
237076806
293746407
377683210
413348336
462462074
531160443
539302171
554320616
607028048
605122449
573341136
532417270
473299211
421563709
381312693
338700245
249719173
150278543
91603340
40371479
-17256757
-84304058
-159374313
-209689131
-225453600
-244956848
-261086188
-263801121
-278801959
-287646811
-287680834
-279841703
-264130423
-267694340
-274096833
-266452987
-252805542
-227337138
-218329040
-231381760
-219438956
-192967364
-184826002
-187064086
-194115024
-210174688
-219274125
-211010362
-204176362
-198798502
-181228812
-169226403
-155072881
-119433482
-92507474
-83163495
-69213109
-43856609
-19533344
-3997382
2209928
2105169
11700079
28802148
45785099
48326978
30800314
8259908
-9498786
-19875136
-36816326
-46634792
-48715071
-69623960
-76700712
-49026348
-21105968
-3089886
3283546
24509818
101602651
160637237
179784632
242242404
324399768
387052878
453519271
506522177
508398141
508546310
543921587
546593645
522815193
508642947
457277961
396426103
377902599
331503875
234842339
145753843
58744610
-8264075
-40019102
-89802676
-158842623
-202676241
-223623148
-243453589
-249404021
-250188342
-269388146
-282179551
-267401735
-247015476
-233667585
-229613665
-238868790
-239019953
-222733658
-208418587
-212284484
-239974335
-259155214
-246881600
-238436439
-256295946
-279568262
-284206278
-272664673
-256478605
-245654909
-248695093
-233838317
-197907315
-161793575
-118582813
-92368120
-76183622
-36131976
10230600
47543724
72562705
87828038
93875641
85466747
87146100
95849219
95033085
94943870
74903155
41727246
29665218
20516200
-2181949
-31432664
-56380073
-55516538
-40672926
-42756036
-34811804
-3999967
20200457
46326941
84016386
132445314
181885847
222346860
272804769
321828829
358577417
407487398
457520194
479541934
479460722
485360009
471836345
422444184
398293872
375333921
324778405
291821138
246963260
172777378
109978418
58646842
-6060217
-66124716
-103958912
-140511711
-170445464
-192205194
-215396430
-228651907
-232017066
-232629718
-231089136
-232655741
-240727737
-236196006
-228250946
-240632650
-243404882
-232035238
-230451508
-243442709
-261349657
-261575242
-261683905
-258302399
-245177985
-251724318
-259968942
-252970941
-216968291
-172538191
-150029630
-118418334
-87094479
-62932940
-28175774
2349191
27816623
48478546
65462314
86179214
96014513
99287457
108374214
110285075
100068239
88018195
76204637
54167426
28418670
6223026
-16552163
-35095783
-49806352
-60007633
-65825659
-69814090
-71648755
-64940594
-39227558
-7949270
15130784
28880730
47534746
81857450
121052945
160058792
183484962
200881007
222324130
238146217
261356615
282637775
300057468
314489018
306420459
294173328
291161978
282458132
263160278
235615959
210199027
193571403
183502420
161023407
122537922
95209733
69268221
43819537
24962627
-11687045
-45131713
-59697349
-76052264
-100153444
-134499420
-169417329
-185891249
-197280509
-224257913
-250549024
-279941510
-312143713
-317994442
-319856919
-329065471
-320065617
-303153547
-282430547
-255887739
-235248722
-211186870
-175416886
-134580496
-104579268
-78276902
-50585054
-22069750
15347851
44088071
66158061
80250469
83103404
72979004
55307255
49419770
46009894
42990107
30464994
11378014
-2876445
-26145224
-54617098
-67061779
-65983298
-70809998
-77172579
-81330306
-82946850
-78621602
-73471371
-57161884
-24583563
-7258228
-3287145
9076392
21152245
49715555
84138641
105210172
125117551
134790224
142312819
157563934
173116179
182336172
194556631
209932698
214450725
223859107
222237255
204507342
205330295
205678509
195655024
190684500
171287133
152230919
153390466
152515187
142681967
128098442
118669948
103312276
81039953
60492841
32648547
16449827
-2135315
-27954964
-49744730
-89508123
-124325384
-136763439
-152903666
-180361672
-207234337
-235972101
-249356711
-233181208
-220581513
-215575558
-203745591
-191410413
-175347689
-138717229
-100624772
-80069399
-57721129
-46589951
-33490839
-3496292
11060481
27529304
48587930
46538638
33258701
17099225
4816671
1591844
-10242756
-35987722
-57749618
-70630917
-79063996
-85253885
-101737594
-113904181
-116162328
-121738019
-117182449
-114686782
-118407609
-111617522
-92781182
-62759005
-51654240
-50785927
-38738232
-26888500
2435048
24497062
30349191
43940560
58286622
76871504
85917897
89655460
103936422
125852054
145424533
152843030
152699684
149535852
160965922
175860970
180378355
186519614
180291749
172965344
180453894
182607222
169346400
148149703
129046468
117394144
113074482
101516675
84715304
69389381
41446954
12521482
-8412599
-37199112
-61360674
-71013418
-89372907
-107990360
-116609930
-127083212
-133034770
-135585272
-131961546
-124642347
-120801953
-112795755
-104069002
-98774780
-82164081
-47419220
-29362284
-24134140
-11181545
-6104864
5233251
25332451
35951900
30326786
25107720
32975271
40431050
39631271
27679769
20789991
16285164
-3424199
-20623812
-34304641
-50158905
-49977136
-54160576
-70414649
-72397149
-74692633
-87011825
-84655034
-83066653
-89435751
-88483792
-112737008
-97506282
-97995405
-71273836
100638750
72888157
-104171131
-111004046
-59819283
-30348051
-4694929
-23293547
-47356672
8602426
32653799
36495540
108564892
115404141
68558498
71750427
100199923
130240138
149456481
147348990
146730478
126398531
137740612
133288346
102640440
244921191
308994214
146106112
33103867
-21562533
-74180489
-90861860
-102398013
-127215378
-92668276
-75197063
-148799298
-162072941
-115323271
-106053766
-114185292
-126855660
-131653937
-97593933
-61745626
-46175926
-25067295
15215146
57920942
62910244
56669354
60121498
67234038
86210664
81960364
67756978
69301304
71198126
74334540
80207967
100867036
100882398
75178724
70244741
61009705
59443831
58200041
33396188
31343978
25463559
-4467589
-12322218
10206169
-6673390
-72735351
-127903263
-168978025
-149488116
-89476044
-114586035
-205077901
-216420872
-151662566
-121710451
-134150397
-162358758
-184267798
-147116296
-70104842
-67168009
-99321944
-72873558
-60890697
-53395868
-20594442
-12080964
-1796077
28923509
65890400
72707081
94096489
150034952
134645962
111624428
155400940
191529158
176970548
128763164
89048212
56143945
30465950
114574746
251391250
252745109
197111237
225101668
277638501
295864298
303240124
240046907
142765011
132391130
133729630
74655928
-12444494
-79306831
-132290081
-187361498
-215994298
-247093608
-283202138
-275197401
-234437960
-193933355
-153868881
-116092492
-94567216
-51072193
28714608
77594575
81505122
75074560
72148113
68303645
56080780
34308747
-5785850
-44724839
-55670137
-73630296
-105791747
-119036295
-127142581
-147182603
-159110301
-150777461
-146399796
-143655528
-144131375
-156880202
-152067429
-138840114
-140424502
-155157652
-175462045
-169372116
-143270922
-138138440
-139796892
-129630268
-107101967
-77499121
-42375623
-11575964
-3453190
23328244
55603079
46740005
36578974
47973828
51739391
42994347
41602055
47659412
52609773
61831705
84241594
97943327
101577907
122523051
161375470
204644885
218371661
210589647
231991899
250643311
228438388
185584247
131550880
95380740
56405043
92417449
294517037
402354511
289303243
227066081
319265612
379681323
372552049
317987001
166224106
75409927
107016225
97675517
-7835361
-127102783
-192853185
-209871518
-207399701
-205237534
-213780842
-254144225
-211549850
-75136671
-3840881
13549362
-26856675
-23894581
68472648
122423786
116037744
31879857
-35169443
-57800436
-68790322
-116780814
-192238309
-209901482
-230144558
-214042110
-207277004
-226807862
-216350954
-198893945
-164803064
-164856902
-173517817
-181372080
-171198014
-155114199
-165969460
-167420866
-186684091
-189814658
-189365321
-190975300
-171841385
-168969285
-148499059
-109876068
-80297088
-61075487
-29571797
4017556
3403881
2210777
16384753
12480673
-6830428
-4449326
-16794895
-30852928
-11250700
-12613619
-21434503
-4716601
40732558
96741528
132620562
140612039
155648426
205194898
246152076
246233319
205283936
171529597
132532069
107651202
149879705
198344954
305804143
387694133
339955313
325508931
380903597
428705629
420115126
358455078
277314380
218105678
200607304
170385510
108680166
15471770
-83394329
-135022210
-128114663
-97617674
-122714237
-153442346
-104724677
-44801899
7397511
48903538
34421378
20900441
52233740
84115241
77677642
19244934
-43859520
-92322935
-147030545
-173782417
-209348820
-266271015
-291286098
-291050741
-277342408
-253917644
-221608196
-209708204
-202656598
-174301171
-143953443
-120507736
-140619587
-172759977
-190229090
-204230030
-203898701
-217917168
-233935839
-243076334
-245380162
-218976713
-175971311
-133498393
-115990004
-92264127
-38270201
5796166
45890475
73451943
75438145
62690283
51659727
61113455
47387576
-1966520
-36488143
-47009451
-51809350
-44266799
-39743449
-40121747
-20634375
7815106
48573181
92330761
135185472
162221106
154572081
172999215
227387868
254452541
207621652
144416396
160193590
193476987
189262043
166588954
111191526
78777581
203566897
465368208
578943022
446820291
348646471
419745758
540452947
603451612
497596683
272559431
159859230
184254130
225690040
177999037
-17021170
-224878168
-262787589
-169155294
-105933636
-157732399
-282986236
-304252133
-175382172
-34541394
6913079
-78064974
-139232757
-70912703
20930571
29714000
-53861189
-162313718
-213161130
-184890163
-162976043
-212572917
-297981767
-371182732
-376235521
-328532167
-288667557
-281791798
-323076060
-326778748
-245441299
-173044638
-138692734
-126149585
-131152170
-110800648
-64539515
-47487097
-76280373
-121834225
-139327774
-116073559
-91965305
-96136648
-124634784
-137563641
-108656279
-56550384
-25674916
-47354339
-51516457
-11770561
21761361
48712478
40678483
14760357
23971139
42207004
36728742
4593552
-26437948
-46603946
-52884546
-40739749
-23925487
17763927
71965074
109880251
144951920
186308556
232251968
261638692
279280743
313790125
332394183
307760070
268028352
248630639
244072712
191777916
108471195
74447759
137414196
310693976
418783107
321508884
221980733
283945467
412141946
484481022
426856522
275532210
175386759
148366117
148564237
155118349
39456624
-184430685
-315931283
-300619548
-220333564
-202018492
-298895495
-388216126
-334523224
-190178064
-87817895
-67301068
-113030072
-121396953
-41287817
49265535
73014272
-23955221
-141033275
-184809926
-181357507
-159293350
-194855055
-297847545
-375309468
-352338020
-277422579
-230333224
-221875377
-233300806
-199502050
-123356607
-50523403
-10582769
-30556797
-63351531
-60204464
-38193601
-45144421
-105035214
-190374684
-227763767
-193783118
-170964634
-192442377
-204594017
-184671059
-128923247
-48269057
8664471
45047440
64785598
60220601
79411648
119842477
128915259
82038900
25493274
4664955
8619675
12439240
-4598229
-11868935
1532671
34612706
103583530
167667346
191386236
216613940
261364051
303356203
344761636
344316443
322698515
303222007
248425900
206262346
173693108
132853104
96472446
36076998
-30535204
-39385722
82851958
296180751
404703269
314771565
210356596
281261947
460705481
549372976
433786104
235251250
120718339
85066381
93575780
83965696
-56394618
-273354247
-396589668
-367815049
-249473839
-195406296
-273117099
-328368268
-263622066
-124242180
3375850
20952530
-27756463
-41209611
-7459758
51006203
69016587
-19964000
-159783031
-238504540
-247845001
-234413921
-255278533
-333691628
-396244575
-400245320
-348655957
-270747188
-234358231
-227581213
-201290688
-147002577
-79503666
-35915514
-34258127
-48796562
-50642913
-51407058
-46801239
-42280324
-65871397
-96182025
-127367990
-138938869
-111067580
-79077734
-63237857
-58059104
-36734755
-507344
39018742
82210001
104168226
97777117
92698582
109555096
131323322
134148735
110880970
79852341
62220819
62859821
67974286
60432300
41320269
30787020
67284607
125671997
152347383
149898401
153503417
186681691
208541017
199699406
187888288
172977916
152057216
136184491
127483192
107944350
69528602
21593160
-12950093
35407643
222836012
426664204
439224521
313682055
271700535
380034821
539076208
556818312
387358158
206052078
95687075
66265244
115431997
76054400
-136180828
-356601761
-421323070
-305590293
-169741035
-198512660
-302925069
-302781116
-184086275
-23006816
47030455
-4522437
-60877161
-69208439
-7630652
60405082
909231
-162320567
-298029759
-330757259
-291205678
-273919715
-348023097
-442085669
-450468913
-379203633
-280595357
-224200025
-212260904
-195974477
-136253817
-35721033
25569977
34114550
8980938
-23367816
-21688651
-17480745
-32327516
-69456181
-123417382
-164946045
-160311114
-116283394
-80171557
-79554394
-93496952
-51409904
18435027
64530004
102394270
113690840
114170771
115597154
113808265
121770801
105392487
57091264
19135974
5285764
1606747
6795933
10330311
-3459935
-1564681
50677243
126150047
162509740
172412392
201353878
236418628
274962071
294828436
276984012
263662418
265327869
231599984
183730265
161432242
134109854
105393796
61932688
7607472
-6664965
124792392
380052438
458149638
319484371
226070687
307698240
470209137
498098280
345625470
154780944
29950564
3511012
68652354
69970244
-123540964
-353009153
-409302797
-278075658
-152160544
-205049952
-328203657
-337198295
-209340087
-49550934
3541566
-68252608
-158258422
-164015196
-65836600
12428205
-54886913
-213899277
-327779980
-311029743
-223749274
-216378127
-298561796
-381406671
-387118490
-285714386
-173833341
-146135857
-188340856
-216203985
-149090901
-1359710
77497938
-4326974
-93444096
-89655120
-41777665
-6082554
-60875153
-158560873
-207612608
-185116483
-106078399
-56334678
-95497403
-171153525
-146378866
-22894239
65657718
79111709
49444432
34572310
67255993
133398131
169085133
118270199
31862977
-6820817
27486512
72153743
56410278
-2942900
-38786804
1556807
89459096
153633687
170035137
168405721
199840407
255991552
303752179
320561467
284456919
230860886
197583279
198119833
207415898
171109775
104892100
57393466
25695702
2843046
-6738609
51698072
247617559
399172873
341305620
253646614
306531225
439162825
482059259
361944722
190845264
99127151
85054831
82033139
29647081
-116072159
-291138768
-352043169
-276898325
-209946132
-248033895
-311163112
-274737504
-146389518
-26315415
6220698
-52991196
-90615845
-40318360
42185600
69975477
-38356742
-195684919
-249744908
-223856606
-214939286
-276905260
-369080875
-410409678
-385309734
-314079778
-250157751
-251162061
-274143487
-228816342
-124849641
-44108093
-30525452
-56812612
-71811105
-58905186
-37085224
-45833798
-111863496
-188385949
-201648295
-159360509
-126839749
-127858591
-134891136
-128879473
-86909290
-16391185
38055032
69399022
81904735
98572933
137862303
166004138
159243555
137179658
112095840
87609453
81325391
73739133
48403971
27239760
14082147
19082074
53326626
78891329
98481151
136626681
163116085
199385526
242310791
246601768
232878312
213898880
212794671
214234319
181788014
155498448
136320438
117119966
85575910
37986484
4477730
35438882
232897511
416554386
349824669
225351243
281662562
449910586
494265089
341528048
173626981
135490295
149962162
119931312
45164644
-85854150
-213974362
-241038334
-196992976
-187971514
-249279260
-295947280
-240808128
-137788258
-79984400
-75278942
-112341268
-113741847
-47365576
-6198989
-32776010
-126693540
-196795893
-191259361
-200623307
-243461420
-301232779
-339760035
-331218504
-327257108
-333494784
-318945529
-289728671
-255147894
-211811236
-165828116
-127068929
-100089479
-87598489
-60325033
-21438645
-19300391
-52482315
-86990493
-103765168
-101211945
-106075209
-130984244
-134949532
-111285231
-93519030
-80560330
-46634043
5938667
40788032
54050223
70899726
93574045
107710041
116959741
121428190
101728719
75977806
64998794
50466992
27730368
9668790
7708191
21564462
37597433
54589493
101832452
161657000
180676072
189758924
227717010
272323829
272512629
247488972
247127369
243026489
222340868
173279392
134913220
113685466
66417938
37011470
59657111
206830557
331875870
274083182
229282942
302416982
413360533
419759262
329024689
251114378
207774828
197388141
124725545
17552872
-63508028
-145874659
-189304367
-212705731
-247655121
-275910458
-268030677
-227202817
-190029225
-151794280
-114350051
-94659667
-82233162
-54122311
-26061366
-42223669
-94415617
-133621968
-151200440
-178277522
-225007924
-280450559
-317806735
-321697363
-315043191
-306979146
-297953194
-288321855
-259309066
-212805509
-168587638
-125899548
-101005902
-86116892
-60583652
-51574486
-38159345
-31905219
-69017609
-107021544
-113764417
-99907256
-99848875
-110773502
-116918944
-106378069
-75540897
-51469536
-29852096
3666674
45762608
76703448
95006832
101238576
98983680
110717488
112193256
100592745
80902345
63225923
65084836
51512321
38182787
42793910
55081140
83983477
113714951
135097205
168504988
215396527
250644292
281627335
296127745
283943825
257912264
231590628
246084361
234835111
188229926
151803072
102724889
70238848
49120035
148393012
281932538
243583496
179953919
222060034
341910019
377213061
300564183
210500070
180138339
221595295
167383300
39399731
-50614531
-94776924
-120373675
-158226356
-211144692
-251947138
-255322182
-251157297
-224959787
-184921034
-153047121
-148365616
-148057353
-105067362
-53596647
-35547245
-67717180
-107748904
-127036609
-130700004
-160820604
-218326465
-252710178
-266698419
-269225709
-289754364
-305560021
-299571130
-277414332
-239381301
-220010092
-188927913
-141962522
-121309381
-111691152
-94453083
-72011756
-42672789
-41249810
-66318779
-73916943
-69492936
-74026963
-92365192
-101270042
-106217020
-98242492
-65048854
-41633322
-20056077
14675255
63556223
99305199
103921266
105889616
117803026
144957695
157137501
132753387
116584685
115813298
100193439
84752907
73390882
53853008
56155696
81840703
89119833
102660774
147346191
186855112
207311779
216207678
227411199
240361166
272893289
289781561
250541247
221939510
222649826
197835262
152622841
120969968
118312236
202924590
260718749
192970545
168427464
248479965
292837306
265522307
238557536
209110458
203850277
202076218
144206081
72431923
32039045
-22651166
-101429005
-147683900
-181069557
-215148049
-253872212
-280144096
-272215569
-235602460
-213521788
-229817476
-205786914
-142583327
-106145428
-102110914
-97086538
-90039374
-97909725
-110049081
-145895488
-188243453
-200739856
-223807735
-272947646
-302973769
-302613830
-295424962
-291510260
-293669031
-294433791
-273730399
-228696623
-189395308
-174643327
-152774138
-116517941
-87577738
-59444090
-44527837
-52688346
-55177619
-37497743
-33562976
-53821188
-59997549
-56643122
-35411048
-5032490
-3031457
5816126
41700873
86567440
103996446
104895525
121025020
124086032
131113883
145638437
145532743
147879291
131769442
87032830
73673073
92349592
95897257
97130320
106111232
108711976
131431992
184232663
199150731
207284149
237068163
249447389
269929290
281764869
269214178
236220718
228454438
225277348
175984540
121782823
96026128
147741350
182270985
125861952
93863244
131009260
169951135
182948903
176005265
149439273
170532080
205360863
165047189
109927611
83242486
46265645
-2943628
-48720136
-99620159
-142536954
-179634776
-226964726
-255651283
-259531662
-270128104
-283141370
-281913103
-264070483
-235486670
-207787033
-182716842
-165701118
-144882883
-120594752
-125940765
-143446808
-146923179
-157593567
-178342211
-184889238
-189325295
-206425814
-219466672
-224649111
-216775039
-202161825
-184222366
-173030541
-179965063
-151438203
-93459396
-70886269
-79530019
-70077871
-39003962
-28706517
-32178175
-43818926
-39838441
-25134578
-31379473
-26346404
-2892553
13983310
8751578
45410510
78632165
101559067
152524130
148989578
146906050
171988958
202490895
186666343
165192201
157364386
130051254
140978774
133535300
122657098
101541526
98816152
125178605
136068039
153972160
155620375
174993499
207485451
217195513
215967047
213534807
207326902
209406693
199653329
190311859
177800678
129426333
96639956
71181966
45631911
51927758
64565967
37552102
11805321
36661150
70953867
88668938
79508001
56020922
57261166
76982398
86624272
61215299
23751744
3556102
-10306316
-26440918
-64677311
-115251860
-145241869
-143820815
-152597618
-181459225
-194655154
-202354270
-199672068
-184744932
-166085684
-164154083
-175862094
-169289424
-165751348
-159261991
-151599406
-164279684
-181278582
-187693974
-183804237
-189226805
-192193233
-179387661
-175000405
-157867396
-138523592
-131683280
-121470585
-111764477
-87685530
-77214292
-55500652
-32407070
-31639176
-22786784
-44376376
-52021685
-34452743
-25222657
-35429812
-54458921
-34109849
-29225539
-9834843
9611929
35070279
76946325
84992018
122309733
109455730
125360368
161702538
154526998
166649185
133789123
134375688
122899543
122654551
129257554
80350858
79979251
81885950
108043541
112050564
110855567
127692691
118559084
141452129
139314416
141899404
145330949
139204426
126044875
137924910
146849978
105856649
78930436
52067428
47227444
40276024
35034502
7723260
3911728
42098464
55027008
63018844
39139082
33786704
51735333
66513954
75564926
59911469
42045569
33697111
21283872
236899
-21433676
-38825285
-52904834
-76427871
-96302038
-95962046
-98717481
-102460043
-97264502
-100239050
-103633434
-106202511
-101408775
-119267401
-120861084
-112259458
-144997093
-138470966
-138064466
-142955210
-159866244
-180288992
-174778583
-170908155
-148728228
-153279012
-129967984
-114890364
-95257198
-69909961
-70229004
-46058951
-48566704
-23421834
-20209932
-17694903
-3937963
-39621665
-44460021
-43713031
-36489760
-40917334
-54848226
-56985917
-51757043
-20178066
-13562408
5030540
20426032
30058896
59275936
67830201
94083264
90250403
78405256
83679940
82141660
97633956
89169947
78062377
68593504
65158067
81151552
88055160
104803286
119811232
103593149
113079969
127536986
119138683
119493818
106374534
109069680
99026618
89714616
87318348
63417730
60757479
50988941
67301178
64219046
33873177
39188274
52093442
72552939
58594615
58955013
75502849
60882150
76877285
82021562
63958876
80290654
80839206
40542276
28709196
30410196
26621090
22312484
-1067762
-18160560
-33430466
-26160784
-27411524
-53634107
-55394516
-52083986
-56000478
-68599394
-77188095
-90015386
-80617760
-89538338
-134542924
-137656875
-136983331
-139675918
-146021893
-168209950
-180191731
-173360859
-171374931
-167755027
-155311154
-162749894
-146582731
-115986003
-102231113
-106368558
-101435436
-80521809
-84623553
-69322440
-51712116
-61504326
-70515279
-64187866
-71044857
-74759760
-55824498
-63050988
-49257091
-42515265
-30919445
-16308763
-18551173
-2289910
-5078736
10191351
27573952
40428617
49834022
47255040
49063544
72155209
95738191
72203413
53869265
73870361
87280022
94201798
115774696
101769780
113761717
138606651
134523057
150235016
150084128
147046706
133604741
131307767
140218939
122547873
109736437
106293243
107553459
99914812
81389829
64567458
58610452
68412619
71613727
61231215
61793499
77984561
109184574
148104985
128758828
101854025
119615459
120889496
128835300
111709587
84508817
79039486
61317279
42605557
6423394
-20950441
-38814477
-43075325
-45157355
-82988497
-112631052
-112767512
-106694403
-116948238
-126982789
-127350895
-142531015
-157236557
-157591966
-151120194
-137842610
-146843196
-160411926
-166999608
-161463887
-146802158
-161643685
-157392385
-147780888
-129148187
-124056594
-132967852
-113717589
-124242626
-104320233
-95435652
-109113175
-91679484
-102053500
-108939037
-87634116
-75143797
-82342772
-83072674
-81004407
-59294150
-32493291
-14073999
-4496411
3061181
37340698
45595669
49708826
45413514
38317780
57611356
76333723
82999459
63002210
64332701
72570225
77730435
85668552
76223024
78350854
80881882
80624567
104391576
120167567
110705155
119726550
131036670
145733377
147626691
123822313
143435091
151981361
124869616
112919597
104837097
91697324
81310061
84287817
55222789
60317731
123283567
122373959
90271933
105916562
136976867
133773903
143181540
143449881
111701872
123202719
127504615
93252439
58817669
28828598
-411276
-33332027
-51493306
-78815749
-113219148
-121210549
-117162035
-140511717
-163709811
-151604599
-142997373
-117965105
-103807499
-110811960
-105389734
-100120845
-90859578
-96901725
-100336192
-106930923
-112793355
-92683666
-92915453
-120003335
-137949756
-127243169
-114577658
-114595964
-116623421
-135925810
-135447023
-102617145
-88744330
-98136446
-101691210
-89686145
-73567449
-60739240
-58239600
-56928177
-43810514
-17981644
-4759750
-24669747
-19653929
4764637
15077406
31614831
27841771
30534657
67082616
85963201
77933021
65308406
67051648
82154399
73850215
62025050
57257692
39312681
49118393
64322384
54592633
55834460
66576238
65234327
70715803
91290717
102616621
119099371
125085815
103149627
106605703
123195083
130177886
106988253
68911595
140267089
234579095
204641182
155441480
162597231
192155288
243551133
253125843
179842185
133734005
162239170
171811006
117322404
47921750
-25338899
-81670853
-91087366
-109401700
-173365349
-226990324
-213824516
-185514627
-177953716
-163483506
-188928147
-207611239
-143051020
-84137667
-67745656
-65563862
-69006019
-59563901
-30705125
-16577449
-47756445
-74967241
-68701452
-76154983
-107587406
-124705629
-137723001
-149296569
-150539275
-162385516
-173592799
-163991661
-142622841
-141198106
-131993797
-101876063
-92316498
-82336165
-58730926
-50185595
-46380657
-25207927
-5378448
-3652370
-2607183
7096032
19654475
34106396
33481200
34516158
30092522
34165271
63916804
62839824
59655850
55781958
36797130
36207883
45138002
40220463
20487409
21708666
32301453
29883278
21185960
14807735
49150066
78853942
65794460
79211552
86621766
92276220
138412462
141326310
115335099
108936828
121718398
113009015
113507478
228803354
309975375
256000670
214619007
238259331
283411251
334973805
309491300
194438148
161615382
212537384
189711121
110503683
27625565
-67298719
-100347639
-82736534
-119119500
-195810831
-231476362
-214549642
-186094023
-145054765
-128876575
-172785087
-165238763
-78752385
-32393322
-43675763
-58734909
-75738206
-63237036
-14194351
-31054290
-96558967
-111393623
-104229514
-122015396
-143672526
-166406046
-186816323
-172311944
-155687936
-165504328
-168357795
-157428785
-140208867
-118921046
-100023195
-89142213
-77773945
-66009610
-64535838
-56819768
-41820480
-32208584
-36653294
-52202595
-60215577
-52737805
-44195716
-50495399
-51415492
-41691353
-31861935
-12508485
2126358
-60763
1868197
3264874
6261801
34360556
52511913
31969261
15237542
30500226
44758757
47755782
58295611
54969718
47681602
76171227
97991121
90322271
101801947
111759478
98363971
109744477
147450094
149104918
136489591
129967779
98888371
94672880
100258115
142900234
256496961
301915448
249213061
231254152
280991997
345496707
395142014
326524370
204850197
187072315
215815639
201675182
127968403
15131775
-92182847
-114141620
-92816247
-147219863
-230370139
-257918189
-234092045
-178602650
-132185765
-144919156
-174361026
-134260194
-48101592
5031938
1769141
-34999961
-56979493
-32564558
-11448308
-55955188
-124501636
-157788950
-162204606
-180410109
-216651738
-244462509
-268693448
-267245301
-237058474
-227709919
-233148768
-210563994
-169364069
-146872999
-127287233
-103091671
-94587998
-71112484
-41360289
-45983511
-60208655
-61543830
-64972475
-66406982
-61598524
-68305533
-63300867
-40510454
-28528818
-23296316
-16417312
9417987
29991946
30227119
31469942
23666119
31941940
44929487
34543439
26856115
24708650
39952586
55971669
54847371
69482409
81228632
102225321
133380750
136510278
142238044
149762770
161310610
178475570
194127363
196723123
166712471
172673718
183566249
151878102
126531928
107182102
97649152
59656605
80209109
221215984
287058830
228551935
194969407
242939491
309444274
368935639
341957304
212090039
170893051
229206792
230307016
161984349
48989941
-73201266
-106516225
-66838838
-86696233
-195278923
-263017638
-248385781
-195231443
-132557898
-138548867
-210702338
-206773568
-108706059
-47775911
-45703633
-89474230
-136576894
-121752218
-87369070
-104746114
-180443480
-230231861
-232203267
-228831705
-226612945
-254116102
-284531270
-263299439
-217230843
-180059962
-161168405
-143839711
-115594196
-85730055
-45128024
-28321273
-41841898
-41818249
-39051948
-43632568
-46449628
-50310110
-60750115
-58938946
-50672904
-44174449
-30131243
-27319870
-23582056
-11079357
-204245
29616231
55452011
49432147
53854336
67055040
91894060
114695000
96466385
62570736
49800152
86626755
111698620
86729186
60730872
80206533
124552385
132301555
117563376
99979024
99466317
130161216
140217982
115834127
110137251
114489580
116548244
147892516
159278255
114943028
72210793
77175213
106413684
106372697
73995581
43092246
99530274
227598837
252060188
185751049
174544031
216005856
253710696
261099737
198475564
110857900
102421330
121145530
83517135
16158788
-78228072
-148828157
-139236616
-125375895
-167283651
-222675393
-230203996
-195140148
-142533132
-127873985
-181294409
-210589796
-172390889
-116762047
-106453148
-139800055
-150430165
-135754887
-138745301
-161809635
-184543832
-207468834
-197667733
-167909826
-180993916
-199181867
-182816303
-162451017
-140936652
-116987675
-120737209
-123618888
-93869768
-59890993
-44542562
-44844746
-50574971
-55764475
-52516919
-35549948
-34789046
-62046318
-52087209
-27998221
-34849248
-28082350
-23636809
-10458181
37798763
75612900
77335617
90649197
125282972
118282136
119741460
144045747
135829408
116595070
110960421
94944694
72625738
83960555
91323861
83959313
80394340
80750502
68019679
79936915
104013644
88574417
104646170
127658029
141361276
156024284
155424676
145746724
142070057
160836829
161197054
140332834
122470474
110070132
96671522
90190439
71437274
35622311
17848119
17560551
-14433435
-45055527
-33778196
-31908775
-18226228
4857691
8454260
15353475
48206112
68168372
54782104
45215749
56650990
84912968
100662275
84284459
44418292
30784949
21776591
378222
-28370632
-84679237
-122907665
-141524173
-153672292
-158357318
-178996548
-205495735
-224680143
-220070161
-186784390
-191770706
-217463584
-201525292
-173420508
-151327189
-143838630
-150583669
-144412327
-102874011
-88703892
-96477791
-81038696
-73465799
-50264585
-57953228
-76310739
-86066610
-90915503
-65481841
-75158948
-84490035
-94685626
-89603368
-68718537
-54862930
-62971727
-87584836
-58525995
-38167468
5517962
17515036
-1535768
37512500
57674149
74220670
75968229
73021011
80686531
103500326
123015203
107553193
108803900
124145109
144745464
147771172
122189824
99848452
107389072
122322010
115263230
107513190
95937951
93193093
98396894
110770732
100644601
78339703
81659994
95018834
120030290
100676486
93407549
102068076
103471191
138961059
125565699
105542442
103688439
93376296
108925486
109076364
87778476
56206086
34674700
42511900
31509133
13712606
-2447442
-9754543
-6227804
-12258605
-27241379
-40258299
-20813987
-2944945
-11025027
-11681987
-2203496
-5977709
-14977922
-29040963
-37881365
-48030453
-75742856
-91790478
-94433282
-101185997
-124981866
-161229963
-160816530
-133090378
-149218325
-165507734
-172393647
-164863804
-128592170
-121602009
-114032291
-114823286
-109755337
-81657129
-88132055
-74184351
-57587544
-81403193
-89641831
-90900715
-88524645
-86914727
-64263105
-66176566
-89098582
-92741818
-95145723
-62935641
-66929836
-72820923
-50185769
-33238204
-28281882
-26515260
-13131333
-266795
36333908
52489571
46070337
49204148
75863138
98275077
128940814
133060760
120051970
136588206
126227002
160098896
178233599
153338624
151330374
125640399
126694956
134623727
114985979
105572389
79601781
69255129
76105567
84492766
80778088
50699131
47822404
49710182
63757568
75322847
65904503
71257188
68893702
83178680
92998026
84103744
79730137
71556211
75536656
68593327
53135839
34385417
23380955
10498763
-14972681
-21277955
-44072611
-53291944
-47652114
-59161858
-64705158
-75345779
-79767465
-77068634
-63638591
-56659102
-65806620
-71172733
-75639497
-51530865
-45474006
-73628837
-57142769
-65044776
-78427427
-65406462
-90684429
-95522666
-92143475
-82798352
-82427201
-94579772
-90756324
-91155657
-61054905
-72332128
-86473628
-77051642
-88549491
-71766041
-77320064
-61220016
-47953337
-66119235
-43739562
-40026657
-38294798
-35867758
-16244239
6170459
19450047
45887217
21346454
31837159
54088288
44906239
52149483
43721326
40372191
38532272
40759965
44985199
49362439
40527870
43593199
44215169
28145968
44105190
50398766
51941359
51286090
56357049
68389511
98313699
88590707
56663317
80531121
76221287
70283792
59883007
58821124
51560751
16715440
21145575
17571549
-669591
1058395
1005802
-26089383
-11165681
3313225
-22649941
-23523385
-15417632
7554337
10189079
-397025
-9966519
11748455
37371555
16451784
23301810
18580575
23202435
22021922
20016369
26311896
18761256
22143641
-11256973
-23195547
-8996834
-8927567
-52219688
-59865869
-52350954
-74802375
-52167654
-61141524
-58256063
-57843858
-80070344
-63245383
-49932874
-48646245
-33731605
-37296078
-54760412
-29479092
-5444993
-1163012
-5078613
-12173231
-14294845
-2343725
8450160
-3403463
4887613
2384964
2689156
3207548
-13363890
12821315
25173708
35999248
32021054
18598416
20117290
14208167
49091864
43538980
23443312
17102397
19223692
18088200
-4825145
-9080326
-14844305
17696371
13384209
-12581409
-11556533
-3888197
6718542
1786407
9047434
-16935502
-9629150
8535942
-5491627
9624453
15780324
6419232
-350377
5341718
-11021917
-15029338
9291278
9780274
-10117415
-14740179
-15984610
-16056910
-622636
-21209816
5091873
10614364
-13900862
-1890083
-17570921
7706416
9629820
-6715244
-8290693
-4638293
-2771418
-9990216
7789640
-10510715
-15092013
-6385784
-15999137
-19360500
-20904686
-17131448
-5404856
21086156
22848950
9134440
15173482
23570957
12808820
10539482
22575440
3089479
-3489716
2531740
-13173835
6139247
-4448306
-21221787
20806729
4561414
-16173007
-14646674
-1727470
27699879
4753810
6591896
12333861
7780449
24993532
20383332
23851093
29879621
23726551
16230783
9088013
11001005
2103726
726875
6806352
-12541524
-5925247
-5552519
-6983350
-1291908
-11961570
-5443104
-11648704
-2360295
-1681442
-12128404
-839907
-16676259
-17084050
-3781009
-14943786
2255704
20028582
17536538
9416042
-4018649
4198298
12924011
7739612
-4640832
12653045
16535308
-1249583
5103538
-1322725
9727532
-6881209
-26313260
1220784
-12478495
-28475705
-26720510
-29062067
-18110251
-6572355
-18924594
-22284538
-15046159
-25044722
-6328416
1912199
3389050
1890418
-11780568
-14453880
-14945941
2168005
-6397769
-22874245
-9331524
-6688101
-12161624
-13922935
-14076007
14439008
32829244
15568102
9402645
26553627
46589472
65762684
59925103
36260230
54501163
57921797
47259107
48389508
26410596
20637776
18461029
13621314
10324515
3353919
-10781886
-23165446
-17845411
-31874151
-36523348
-35998538
-35117486
-35541851
-39615451
-28341632
-31621944
-11713387
-13562669
-14292013
-10167153
-24976200
-1956416
-6229294
-11960491
-5481590
-12180420
-7744598
6382930
-14867877
-22305787
-5005350
-13984734
-5767442
-16907121
-14578189
-10197444
-23168698
-18252397
-23413559
-16225947
-10476422
-2475187
-5905749
-10778374
4681672
20942575
25696357
15012758
20187930
10363611
21592621
28196514
2625943
7717834
3071377
25190792
26293875
-10113068
-18044504
-7979555
1414983
-4400941
-643168
-5917360
-359787
3994776
20862785
34285893
9667311
28508353
36483451
36011717
41058632
22598066
34293654
40875621
34438567
20051744
19310035
22891380
-5903659
-14199107
-5564999
-6596928
-6678746
-13274576
-26931870
-26163920
-20268115
-21001791
-16422016
-6379936
-14586837
-15200343
8573028
16487963
-4759737
-22258022
-3724013
10505991
12808742
-6948437
-22942563
-7167113
2665786
-4595861
-26729988
-30580388
-32755263
-24034457
-27310907
-38475865
-34902048
-33810593
-31261439
-45504237
-27962430
-27121600
-21723124
14082283
-6834365
-1187679
21536511
8416266
15382915
6442139
-4116462
16740582
803034
-12536080
9716775
13320368
2904529
-10710113
-11780950
8295307
19890413
-607388
-815819
21049884
19056547
46772803
49429209
29584591
54731265
51593989
51480143
64641922
28788538
21951785
36764294
34567611
46709662
34860186
23264954
41304824
41338152
24973238
22684108
8755817
21731134
47103615
23163883
12340832
11160538
-4917176
4433434
-237753
-15463159
-8940365
-28417719
-30290755
-23704236
-42588502
-43416099
-53404859
-59626129
-34941199
-31207640
-29864564
-37446034
-49191037
-22026352
-17361849
-30494263
-41387415
-36643691
-36984242
-42918713
-32400341
-33225259
-21341291
-39330104
-53130882
-38048041
-31078091
-16506874
-26284784
-23593686
-12286879
-7477341
15794017
4845321
-10073404
16763879
36891964
28324953
5803714
17715065
29824877
5871162
1703074
13706379
3845789
-18597187
-13792432
-14553608
-18588999
-17322121
-23146127
9462563
81942
-23338798
-5592128
2607740
15251645
13307565
23992728
25045501
42505797
46237740
17706447
36958484
24366299
45366616
42792160
37167629
70781702
25439245
24472612
45317704
43030211
34770956
16197505
15493156
8883178
30550143
37167069
14351252
9344004
-12137514
-1637106
19768563
3823500
-8120834
-1856453
12645543
8311744
17248442
2341807
-4208494
22559819
5659934
-14622103
-5687559
253068
-17468204
-12973702
-23773158
-42493867
-35585838
-49075979
-36009280
-31681733
-60793455
-45206253
-20189908
-32572120
-30668268
-28493907
-36353828
-14831660
-15298086
-8161683
15320145
-20499054
-11987095
14685738
-5145691
6060155
3705211
-5612757
6775952
13999511
-44138
-15654583
-25018659
-6715733
17284634
637730
-3160005
-13522341
-7014563
18041902
18437397
6112566
7655188
30752609
29921417
32162089
24302855
15760200
41744362
39895000
17223656
34608927
25859825
18826409
19500733
10320881
33158586
8424071
18153277
5032996
-8932670
14660096
-15881602
7498734
-1126580
-847137
13606602
9303442
15720585
-3870805
21844312
5290970
-1688579
14103356
-12548979
1041549
-1966433
-19248894
-15078021
-14092066
-35412972
-40747080
-33131329
-38315668
-22154329
-31907668
-46345486
-38727521
-32872955
-33223874
-28505723
-20873425
-33346716
-23422692
-18892691
-13206756
-9473695
-26160462
-4978429
-8675493
-14254004
4796218
-4207092
-7073769
-12443532
-30709255
-5273905
19435429
-31204997
-15512438
13850920
-9931843
-10264811
-19242659
-5789420
-13189285
-2246511
6803968
-112164
21978760
5235189
24935364
45035638
40252572
38233207
34424991
43404595
38528227
53079282
50992339
56848299
65075022
23323135
25989205
41620736
24085382
22158266
20293269
20267778
31639150
-6380461
-16932314
17004384
-265620
-2896312
15431086
13704759
9137631
25467199
21489748
9917265
15486306
4463087
1098967
16379892
10832197
-1600658
16922534
-6762134
-27199284
-21460022
-37793216
-42229431
-18197395
-10075185
-39150951
-36596657
-43082887
-48763319
-47981419
-47453803
-33388408
-41864734
-30128333
-18299207
-13827713
-17595886
-32837122
-19166467
574168
-3044225
-7768399
1720072
5883290
13403632
-8406230
-8325805
4193542
-12445586
15423243
5754312
-20465025
-6978063
6525223
18088770
4226548
-2635955
5799441
30181261
39792211
18618400
24687343
30125254
41302451
42402302
18992237
9169054
1599287
27284635
28006321
9626554
11724574
5727479
-2713183
-8115023
21525626
11578303
-12206440
-20427777
-24671263
6819092
18896809
11681234
-7434482
-4478506
7218210
234216
-5096422
5982827
13261504
6038714
5131975
-12223710
-5072963
7224589
2446775
-1463834
-11134694
-7622413
-22481370
-36964963
-29390395
-36367586
-56322106
-49789721
-22393680
-39451879
-36464942
-23761276
-47433907
-32305236
-28682810
-31570114
-15528778
-608567
-3409032
-22269535
-8677861
11081395
4868877
-6462616
1368449
-4385760
-10420831
-6388123
-13705666
-7693546
-517453
-3745058
-4413534
-370828
9365169
11419708
4509821
11562117
9698286
20860904
33411583
-922542
5319134
43783974
49490749
35534277
24261543
27672750
29130878
19559347
15594044
21695219
20462439
31391542
21882012
19075426
37667754
18295093
20090495
20441501
12055651
24860373
35707355
29335503
6510799
26183206
47767589
35285445
24877190
13197144
19139136
23754563
8242552
15641108
28588432
21878972
12723224
-8558950
-23475810
-12954019
-20675052
-20246139
-13978154
-41633901
-38356100
-21495547
-30185526
-31810248
-23979781
-33675468
-39138410
-20894275
-15816644
-23768761
-26033526
-18889286
-21205439
-16506021
-3047209
-14352036
-24076421
-35341338
-36448257
-6134587
-4554081
-19618568
-15036787
-8782855
-2435304
-8933707
-24464093
-13918910
7700853
3222771
-1566304
6537744
7848594
-13541022
-18165805
9067690
-8099866
-28539712
-6079425
-4890879
-20323336
-2240776
16897634
6469690
14765600
14352972
2834275
30882532
50086117
41147951
25665144
17008288
17275249
21929647
28540180
8983319
37180
9577068
-13922065
-12719185
12063647
-5680731
-13250929
14212536
25861433
18892695
29158290
30788985
18185942
40475864
51864806
29648060
24265116
27106762
9869104
6327440
9535231
-22072679
-27018632
-9759690
-14475541
-10108875
-15640387
-45608065
-45052109
-18564620
-31707179
-47093969
-36624435
-40994968
-35179387
-21829847
-38325284
-55762216
-49386543
-42228884
-38481420
-36016826
-35897778
-35451477
-39638343
-36637654
-40587439
-44195084
-40035927
-42464511
-11989047
-418185
-46478452
-47205483
9807838
14565347
-19763007
-7479026
-1488029
5644753
41426699
15688399
-28526670
-78728
11337998
-13483377
36474661
104783986
137669756
188990803
223620584
209326958
215685232
247475871
219028482
156482139
132101077
107483092
65425095
38986757
-1406067
-51487596
-76557484
-89673300
-102098409
-103910735
-87450399
-76670683
-62499776
-32895389
-17618350
-2497305
15724589
12818652
1983010
-12520406
-24406130
-37172381
-72609818
-104860604
-112782058
-102006045
-88657841
-97546909
-112086249
-107564157
-111381275
-121722415
-120152491
-126948245
-129690382
-127922501
-140273342
-152760568
-156575593
-161988196
-156744854
-138886035
-134812206
-129676193
-105147362
-93545190
-89594422
-64338303
-50499145
-39011009
-6137696
18476770
26865257
46053205
83939013
111367676
99682984
49028542
24573981
146282061
361102727
452060785
396282418
351841594
410636054
498316859
484173645
336352311
185400543
174774473
227910676
192838643
91035364
7436743
-23979866
18911672
42674613
-7492697
-40402377
-18269076
27504653
63892237
74640678
34823874
-22126689
-28006774
-7682914
-8509186
-46669016
-102348060
-122820469
-99415467
-80834813
-112903022
-158539590
-151693406
-121056429
-115846211
-127488715
-140504298
-153445088
-160650927
-175416907
-205305791
-212640131
-208317310
-207089619
-194936870
-182643270
-174994437
-169863908
-149396818
-141955078
-146548095
-121476459
-110253710
-107897444
-89308488
-91695452
-87117000
-61687598
-53165228
-58302856
-58201353
-58734368
-59676712
-42634664
-38692006
-51225898
-46953727
-40750731
-33948154
-22190614
-36215537
-38914894
5995584
27026486
26504379
53006303
105851069
164221998
198217934
169595385
127186193
176670845
252569148
374192098
557758191
600543689
490862004
457072153
519808572
523017059
450246219
268843565
96254939
105680202
154236023
90882947
-19627568
-78342302
-91562715
-47113776
9222278
-24934886
-80796031
-58869553
1190082
37626878
20550660
-46484156
-105267569
-95276646
-60523630
-80953503
-123950946
-163959972
-182605464
-142327419
-100532939
-113705015
-140655851
-134124392
-112742398
-112504085
-132716736
-172462072
-206513567
-202856245
-213327137
-238408621
-232358396
-220748028
-230206152
-241597909
-224259895
-191820228
-165607988
-156876443
-170863773
-169933168
-128899186
-84607671
-77448484
-92883105
-96925986
-92580193
-72209042
-55363249
-93952316
-117874740
-105339662
-110265654
-105516187
-106327025
-117892213
-119559737
-106560331
-87819560
-77354351
-33058510
26533408
75228984
139582607
186376767
206742390
246896745
343012640
536890042
727898384
733013273
600617778
547245176
592799220
589358449
497953318
307956094
142815628
138440912
174739619
137802350
45355996
-33281713
-48891054
19553790
83587681
46501792
-9641638
2779637
58196744
110343314
94687071
-20507620
-99845593
-58057700
-3061642
-18446917
-73877750
-129233485
-134367147
-83089411
-71332858
-112972960
-149297837
-149374142
-139771043
-155878159
-181098970
-211838380
-233568675
-247999782
-263387118
-267524319
-264991170
-259512733
-251319757
-232447748
-197347734
-165783972
-170241168
-178421175
-171577917
-164733035
-150433869
-146607676
-147730130
-146985460
-135768229
-120122473
-124768979
-133340228
-134036493
-129698874
-127697709
-131035748
-152430530
-187655994
-198389433
-188616034
-191938409
-191000446
-176079431
-150193022
-104796899
-62735442
3853035
75938844
131503872
191548655
230872942
234008254
238314199
296687407
407985986
604856328
724895083
657555990
565010721
547285062
583711680
567665386
460167148
268498416
155002172
168477697
176762292
136541334
30906807
-47050868
-38785574
49786189
98143685
56613361
26771162
43164462
105192936
148444825
120629067
20573681
-51576530
-51603380
-34478878
-44868517
-129300006
-220505944
-236459589
-189640080
-167966097
-202759607
-242760049
-244161614
-203057497
-162931834
-155132272
-184691358
-209354942
-206322974
-187517666
-179434144
-197259272
-219898145
-226128198
-167257098
-103327186
-122272862
-148963506
-129050719
-98032975
-83516487
-100620958
-128740929
-121521362
-103314540
-107741688
-120279840
-145721742
-176195413
-187248621
-178938854
-170010775
-175534051
-192747399
-197106654
-167471693
-131280013
-115550333
-111301577
-96503427
-49928012
5421816
55392021
108574852
153812769
198453282
234293068
275026604
276996752
238090958
261436830
319991887
466915902
639838589
650802766
558081422
500007510
534247310
573463513
553210132
415999512
238223178
179081614
188635501
211369480
146762218
-5124993
-93632850
-70508841
15330262
47997194
-4891879
-69947806
-63945433
15301416
74388850
24797289
-101711068
-156074402
-123949164
-81676041
-93662904
-199972192
-291984958
-277399547
-224480089
-207217947
-228041519
-278253931
-285640556
-220124571
-155909140
-127389749
-145050186
-171797348
-157391606
-115392601
-102740502
-139504956
-179402303
-195576212
-173531579
-144876583
-157996047
-201727462
-228148058
-203699152
-168019968
-148471309
-149238646
-169689686
-165841399
-124536266
-92585284
-92231304
-95929320
-115570446
-127832572
-95119752
-78659904
-92193891
-102847415
-102217553
-76988677
-53847235
-45932229
-31455950
-18805402
29520950
102991060
132656761
158970814
192060846
209639335
238098308
268022034
256099990
213043541
205774005
270898116
406575763
496176989
442404036
358560342
360232862
439436754
514780764
492892319
383603635
283382311
256342132
292570160
306694588
224878863
90245422
2809531
8026878
46520657
23328084
-74184513
-159617710
-172509050
-144769925
-125160203
-164829346
-237682401
-252042197
-208662555
-160540654
-152959434
-188488785
-213333413
-195186882
-147962523
-113332594
-107059882
-117563863
-127208825
-104417085
-64427477
-56304468
-79213324
-100168328
-100779368
-85682706
-100311772
-144393389
-171772173
-185329506
-191081359
-197103321
-203189176
-205155012
-202084318
-196097688
-188683754
-165818478
-157558558
-163555955
-161345961
-146125291
-120372686
-102464968
-94879093
-94251223
-80189350
-76415566
-72959586
-52945731
-51099777
-30941949
-5443956
1082601
32281547
68419184
84530628
105930453
128115589
154268234
189622286
204190297
201681336
211635031
232696131
229858975
210247334
196014724
202233298
227251777
225018090
233786962
284416782
328798909
343441785
319117638
300010039
313587214
327858340
321043926
283340155
228608673
175693224
152734386
136211921
81538813
10776652
-59517821
-94905130
-88707525
-92959726
-108732929
-130726383
-165111096
-176940779
-170901092
-184125115
-198579422
-209745861
-206179407
-175457159
-161677312
-160431940
-155062108
-148200843
-123593135
-85602528
-60621472
-57618555
-56771160
-57663011
-51873185
-42905767
-60351698
-95990638
-127135173
-143127954
-157997249
-177105599
-188958007
-195238915
-192074530
-182151385
-183069408
-183050286
-168180946
-151365476
-134767015
-126585323
-120293061
-112114300
-103289847
-88066617
-78396848
-59763499
-47120696
-37165455
193781
23334968
24521684
40851563
67205992
85062807
100308249
99701316
95546539
122932960
131510172
118008877
135230099
142278104
130065985
125635034
115325776
117413482
131660939
142728940
150940050
169765238
197873748
202648580
203955914
208518072
217809140
254767650
275395429
241652638
189500843
153851662
140750244
148921217
139379518
93683938
45425465
17483070
14417901
26104647
25771378
-4192198
-35935443
-40503357
-38313226
-46421897
-55572584
-64323605
-79136737
-88173959
-79297295
-74611967
-77772054
-81629194
-81909557
-71462846
-65868436
-69029988
-78942745
-79067619
-73625502
-70611367
-61550246
-71803988
-91233160
-107983028
-125592920
-125865333
-126408817
-148502273
-167225682
-171276426
-175448530
-170040123
-160413588
-168267905
-170388098
-153276240
-145746427
-143000131
-133079409
-118086727
-91299260
-68683638
-59077944
-54716056
-35157790
-10359937
-14264213
-8514621
17715323
41167296
62452448
57784111
59275336
77134269
92322073
107860700
102013045
98369543
93245867
85286122
89447971
91965437
83608150
70645284
88867882
109970787
113167187
117718576
129227036
146422441
155825421
153049795
141910451
139788807
132283626
115024149
94688937
79408831
91918437
94752395
68322153
39631149
20377144
15652737
32509539
53964502
59260039
64207295
68838164
67999371
75074907
87391773
93799586
75872773
50655539
36982535
27693462
22751826
-3929140
-30207890
-42841490
-63504198
-78365882
-96108817
-105251621
-108032820
-115183807
-108630902
-109331142
-116021783
-118299891
-135194911
-146694243
-136190566
-120750885
-113263281
-122364627
-135971354
-138665492
-138046432
-131502507
-120994147
-123586572
-131174746
-131850252
-125832221
-105250991
-83532527
-91818943
-104319674
-96801911
-83496378
-61935903
-55416616
-57979549
-34353151
-7624936
1649947
11971641
30248801
44392920
55523695
66711475
80944333
94879223
88595817
70240726
76215858
90696470
84230668
72232147
62504806
57651430
45690045
34636439
39684649
31678391
20982375
26096757
26029687
24016279
35718224
47323382
49243050
63231221
67961371
63472403
117030574
193097810
224379016
200577566
154453645
156527573
192915958
230482388
240895996
196560142
152436337
150333437
169999914
173331550
141880355
76302904
19848203
19691243
28893167
8126653
-29580788
-72137368
-95983588
-85778919
-69971428
-89490610
-123599602
-144361443
-138897396
-111170731
-112983854
-135926366
-149519172
-151425967
-129778739
-109845902
-109497770
-117038201
-128191627
-132014478
-113833744
-104403638
-130588635
-149229660
-147123323
-140217606
-132296382
-133919901
-144775141
-154058344
-138874718
-124493397
-129131151
-131341891
-127538818
-101643603
-71683117
-56282892
-43808169
-28439032
-16125178
-9296122
9675971
29796156
37836882
26597695
8362944
18152067
32878838
26480749
13253797
-8269591
-21456387
-26869415
-33437914
-22870267
-23436770
-29717064
-19190157
-11281872
20085216
154115429
325677592
379987933
346794908
330328910
385711552
467096511
503539529
467711457
362269736
295257856
314374655
344539515
305431616
195345128
63467648
-16308689
3617616
32783153
-6131327
-97438940
-166295192
-164458658
-122486047
-94976746
-129787397
-173764907
-163852461
-117138581
-65342402
-47792185
-75060384
-91425741
-73320322
-52294473
-48519221
-66421461
-93320655
-140618879
-175918879
-177622146
-184683170
-207829476
-250782134
-263827529
-251701489
-253317023
-252932486
-257659473
-249975034
-220870547
-188043879
-172490140
-161620707
-131177335
-98660684
-73873706
-51442009
-33889470
-36273782
-34257068
-16802755
-9743309
-5471224
6579485
10941629
-470017
-6523221
-14670254
-31865878
-45397746
-59590107
-69061179
-66894773
-66758601
-77588935
-73839439
-58594936
-36682968
-1104303
11065530
-2684633
-2182363
51941045
197932938
405260279
528790615
494719633
439397620
472615906
545092300
587297847
545086850
438877545
349103864
334717192
370926035
334805219
223160609
99066334
8507911
5338499
39617754
3239431
-99353663
-156125097
-151813197
-104354133
-67902426
-109835487
-162141626
-150013643
-77519135
-17403100
-5986117
-40916511
-77425466
-53777390
-15381278
-12795184
-60368009
-130002243
-166875606
-165289386
-161339516
-199597420
-260919907
-291985171
-283169441
-263322097
-252886313
-252425424
-269732679
-264538984
-208085471
-157090482
-146522860
-162428332
-159054700
-104655364
-28750206
21393934
11876984
-18373773
-2034052
34263254
39052667
2190188
-45983037
-63121997
-62738664
-77581485
-104949866
-128832101
-160552685
-176145828
-162489039
-166894501
-185230397
-170666879
-105186595
-52416645
-29667937
7728916
45114285
79441185
97906263
108670456
164966984
285204871
451481480
590413677
610229746
548408800
541514047
588008546
607646670
566625004
449474690
320927126
277872941
295527081
266984464
165051525
52304674
-18514947
-34146051
-9799530
-28883148
-97800969
-132277139
-124202626
-91140519
-73707497
-103430999
-142062151
-132002973
-77417855
-43004795
-55864624
-95513751
-133995337
-143155739
-122709159
-128550884
-184356260
-234776770
-258274388
-259871557
-248421165
-265124421
-298361122
-311600905
-291444685
-247219586
-229418776
-232372547
-208029044
-163869175
-131142349
-112584172
-95036664
-89347895
-89511701
-58750680
-19402470
-9199230
1379995
5462527
-12527528
-23609833
-41527867
-56706969
-68138684
-90681312
-102005058
-123500723
-147632887
-152878867
-146795768
-133426074
-140503869
-144971424
-119088838
-90491804
-50317706
4459979
31147075
56834631
109892792
151637125
195029363
228915933
229701541
240430356
285892499
361866668
454123747
537854267
530841112
458235041
468735893
526826018
520863416
476230293
425059446
356151244
333417103
357930981
325237530
245912709
180656376
122722657
80655856
66503792
28771700
-41435556
-84978386
-95242815
-99518719
-113064494
-146949696
-191361657
-204019046
-181349251
-175372693
-188328224
-222982647
-261015407
-257248851
-247706119
-257379732
-277081087
-280619429
-259760522
-244647217
-232394824
-225159406
-215676588
-191762115
-175232994
-160012207
-143674372
-136990170
-128932264
-122612784
-112670744
-95153387
-92631651
-101935664
-104910421
-101580179
-104793162
-110228429
-103564363
-106815481
-128510983
-127362919
-108639223
-117544392
-122180873
-120931999
-135476574
-123439581
-103227034
-95253671
-86564030
-82637926
-74789170
-53348828
-35153760
-27423726
828790
30247547
42099177
66053959
99496382
139967956
182373843
209290900
221765746
234982603
265570264
305427122
349006713
396047355
413910666
396202302
399082742
444214634
467387374
458320980
457146542
436775490
414329636
419951484
403732479
338909905
274003788
233756348
184689197
137376923
76055155
-25236513
-107701327
-141291291
-169293790
-213165106
-248891525
-291534083
-325251790
-305847699
-295484813
-317690929
-330869680
-335892007
-309993166
-265034357
-248154993
-243505784
-220006689
-190071642
-160358351
-119607771
-93667116
-89153250
-84210183
-67903739
-47858371
-46862719
-60784098
-79550371
-98861503
-107876655
-118841487
-140406600
-158832213
-179950389
-181663924
-159852332
-164156813
-180029048
-182571059
-171236083
-147055173
-126980749
-114317466
-113941152
-102175199
-63583961
-42554497
-55954535
-60242674
-37698071
-18186685
-2747928
-1178456
-16174692
-7177199
16299670
37712007
65139568
87573871
104980441
132290776
174783457
203197982
218078037
248324696
269327020
282162704
317713789
373659022
405094291
395543850
403378961
440877614
473696882
489126345
492024100
478576148
453231637
441342344
423260448
366913889
292992967
229906203
175446959
119826320
53624396
-28548174
-108984183
-165107206
-207725754
-243828046
-273447060
-314075123
-334675219
-325931950
-321118621
-308625863
-299214728
-302354311
-285011583
-238429839
-198603444
-180814243
-160648355
-135855796
-107245042
-87552706
-77764331
-68566801
-65132241
-61173222
-74473912
-93223182
-101239930
-124301214
-151296935
-164463023
-182701530
-206319514
-220825401
-227598836
-226222150
-218418042
-216206815
-227048783
-216683659
-182503229
-171102192
-174233189
-165048674
-137025808
-100113820
-77943301
-77451355
-70902220
-37547593
-15972396
-18555469
-14782990
-9394261
-1106715
20694762
47403044
63780369
74426917
101347797
135266966
172101505
207813661
225139297
234002028
241681813
261142100
286189580
294061772
321623002
365438971
366354367
358882067
390251574
410588059
403172730
409051531
399886509
363298074
352607023
342449462
288957817
224917074
169419558
112678963
67893034
24794569
-44751916
-115493607
-159986133
-186673836
-213000344
-240609262
-266424537
-292537416
-290184452
-267478073
-263477119
-252474939
-229042896
-213401587
-179235234
-145800430
-129960871
-104648655
-78913937
-50624346
-34013591
-38287056
-37051507
-38315817
-44099999
-47588618
-59860684
-84780677
-102381617
-117529043
-140210953
-153769505
-166382771
-180338011
-194512444
-197893404
-192394317
-188099490
-177150509
-178152478
-174506143
-157605552
-136630211
-112455341
-105223073
-91655329
-70101370
-51739681
-35400992
-28436521
-9022989
-640776
-7943427
6462127
23896756
32883190
51856317
78528257
100005995
122734441
145413288
168698429
199987073
224140239
234439521
242644990
259696964
269571683
272463617
289343942
306525506
308395401
307909015
310515198
294652521
283267753
290040376
273098661
236642781
211047944
196658524
174299035
135259602
87975129
48141103
16285302
-20242490
-49627339
-81544389
-132642407
-167937837
-178383018
-186767932
-194564576
-206082196
-216242526
-205615086
-180337434
-167510845
-166319690
-158108244
-137736573
-114279629
-103885671
-95864367
-84891639
-75381308
-64779905
-68898332
-77286206
-76445095
-79883383
-86372315
-87309806
-90859574
-114329910
-134304246
-139212904
-156998535
-165831043
-159085572
-159141970
-157921419
-157846825
-161182077
-157360737
-141925898
-129631366
-124098962
-111443312
-97859259
-83817971
-61070246
-30769895
-12335991
-7802088
8507372
29458943
48117660
66882477
77198885
81212525
89713038
113069893
140312646
156198723
159104539
161748089
179548000
197708899
209676193
219983509
220136571
220991463
225231815
231522900
230888294
217896077
211710745
197040234
183630369
176386103
148102011
115995416
92867838
80411548
66626018
48329862
26974857
452144
-6500828
-6207095
-15394084
-34273184
-56178883
-69633106
-75421394
-71334000
-73109840
-77677825
-81082598
-84747292
-76463825
-75824467
-92172688
-103264017
-93593027
-87396220
-98582808
-103619089
-107982285
-106181339
-96173523
-90984856
-78754651
-80835782
-94969271
-92306064
-82378299
-71519426
-71583505
-80825528
-77167804
-72876490
-80771187
-87838431
-96818426
-101090290
-97487380
-111671260
-129565923
-131155035
-129154036
-125853268
-119656414
-118890402
-124115873
-114291450
-92218320
-78621456
-64229863
-46317591
-25021920
3723602
22296497
31277114
52799445
79168831
96374623
109221491
126060309
147441313
164125132
179757325
181839424
178766362
192855963
200225915
200572401
194013817
173082620
159596381
158981252
149928681
127785012
93473069
53723273
37357817
29234041
25623812
20139296
-5006612
-17291995
-14418817
-6700096
-5818399
-6133628
-345453
-1121917
721146
-4749473
-9308997
-10266791
-11920189
-865228
1212575
-11511504
-24870465
-27063084
-19699629
-16280652
-25002270
-44401133
-48435314
-41871365
-38172268
-33544412
-29230380
-24731381
-22126624
-9924194
-4049667
-1518873
7713321
5375911
16051141
26689978
18250384
10181344
10770559
6504403
-18459797
-38508605
-56853234
-78865246
-84382290
-85502337
-103385693
-131406533
-145011018
-145016443
-141775259
-135869795
-121196601
-109608644
-112458375
-105228607
-76640649
-40987310
-13642559
6493300
18087768
25183546
42070851
50042849
53961902
63543494
66817571
72206418
74327267
73388139
72836189
71180636
69177619
60227985
41514760
19446151
16639160
18975805
13497637
3505387
-16315606
-17560995
-15022742
-22512847
-20251850
-21921824
-21004666
-12973132
-4654274
1750526
7552137
21223222
29089768
30155060
35885660
41057944
39649744
42354294
47374515
38450769
28671287
25675975
18166669
14191073
26970106
32630158
20295147
13540878
17718237
32044048
34390662
22585321
27993035
41830626
50909349
54457649
53384154
47918174
50964210
65767977
63206110
52424251
41056084
31833751
27287459
16732577
8578350
-6269018
-26993001
-51386536
-69935242
-80791529
-96562185
-99418964
-96132452
-91354906
-84582917
-86371126
-84703499
-69884782
-50005998
-28780650
-4280548
9204086
16812324
26764211
37551203
52889043
57562549
52472519
48415937
50501033
41695678
20688862
18828761
16436672
7009778
-8822307
-28866680
-29633767
-32924445
-42215599
-49824764
-47102300
-39138956
-42653855
-39991645
-41774946
-40213258
-32927816
-41064017
-45380477
-38668984
-28946405
-23637279
-24785833
-33723768
-33043425
-21427006
-25561345
-23228231
-13922467
-12405500
-8359208
-7821953
-5310959
3718023
15739000
16071895
9500919
23276332
38099154
45250680
53915343
58267710
57789031
62290878
73083470
64882481
56971571
67209138
76942913
73401197
55086568
44931239
36805497
31196524
33468363
21235979
5373108
-1645534
-8344815
-9898715
-14154237
-31965655
-44194512
-47875021
-45995628
-40009933
-41263415
-40566518
-31658028
-24234882
-26298565
-20196869
-6119972
-3590196
4885100
12054813
14742228
25615236
25886302
26157972
34705573
31632926
19595061
15997413
17128170
14853407
7411099
-13181527
-19222315
-7453814
-9892893
-14010445
-33205839
-61150840
-50358685
-35503580
-41924277
-50278529
-63661304
-66889258
-57142053
-58909728
-68723753
-68007790
-57998670
-46576196
-39428221
-50786729
-60512179
-42507621
-26596119
-16425915
-5073173
-9088121
1872012
28196207
26933795
15526219
22739895
33387401
43813437
57585330
56179500
50616161
59511874
61411903
59064229
61550005
57055328
53435153
51817012
51608761
51233632
48013390
42181346
34511640
36180495
37323386
31559967
15230821
-39164
9907540
22398009
14313860
-1746692
-4501378
-1311488
6215081
15317615
7743256
4404255
11199526
14322273
9869089
3098962
9326301
11406047
9299086
18355613
8899545
-2042860
7943319
6923030
6602980
7726988
2087496
8179112
17592638
15999576
7357813
5812279
9195749
11550149
-451052
-16087484
-21947096
-33139576
-36046046
-37435893
-40883429
-46849495
-57360635
-56160453
-66203115
-78183826
-73983949
-77102418
-79482960
-68395634
-67120840
-72570413
-67282302
-66560742
-67444902
-60325807
-48849264
-34737323
-23493063
-15968362
-6927340
1582593
8371595
20092203
29397843
29315504
32878191
45513592
47649126
42817358
41691023
35495506
30817572
26928993
21050939
25230824
28476845
25236450
28714621
22682915
23210258
27439604
14196458
13982896
5624473
-2739800
3589852
-868315
-1136299
-7264386
-15488588
-14450253
-6112223
2813002
-5356965
-7051316
-8118115
-9253275
4398249
8652017
16077481
22468639
13894038
14340979
20002017
20493504
17925264
15378561
17671244
14769910
10064273
13993138
15632738
14499013
14204345
14676449
16727315
15611750
12930804
11509808
10160971
8674151
8210743
6353268
2985558
-2213178
-10618683
-16662376
-19375235
-21036088
-25713688
-29005052
-26365121
-27414565
-30579890
-24948443
-21684088
-25313311
-13593403
-6140764
-6092004
-121488
-5965281
-977693
11541006
18889675
27827755
27945517
28762411
32327980
31919893
25965618
25893509
26744168
14658292
15622154
23095672
15040770
7965067
7468123
2513026
-1764853
-2571077
-12419061
-20897785
-18576905
-11892638
-12345901
-25095386
-32081226
-28927814
-27944166
-30679308
-36403210
-47285527
-42070686
-21753632
-22272315
-37369592
-39214577
-25083755
-7726310
3872560
3799024
-5451547
-4130945
8622459
9277357
1071172
4527483
16671224
16488277
8114773
8260706
4748970
5974550
17341057
17081087
7392680
4657131
16114798
20718241
13002007
8158851
5927172
13116162
19070462
9730474
-1350987
-6731040
-6187422
-1578576
-8582889
-22000126
-27876240
-32642582
-25538850
-21659256
-31400956
-33740629
-32903119
-20864533
-13740182
-15352095
-8709720
-5756329
3726623
12610579
9545113
7108616
25632093
34877332
57261766
105260458
67627734
14048972
30203667
51565598
69509904
122836379
140752755
58512735
6442574
2737717
15714281
54390837
26942677
-25352136
-32165060
-29308196
-21433367
-14886380
-27772932
-46894636
-51162663
-41923717
-42032423
-44946071
-35283133
-32481891
-26242432
-11005302
-15626341
-37628894
-40245641
-18657141
-8221866
-9820037
-18487730
-25645275
-20011770
-8703589
-6441457
-18954245
-20541883
-21335041
-20433755
-4391756
-2824694
-9116872
-16549541
-18565237
-893371
7052062
7325174
8236888
-1599617
2152636
13761041
9931602
11513159
11284850
-6863725
-7645585
3488734
-2089684
-5738833
-7046767
-19939801
-26091991
-14004041
-10260264
-21142282
-19089765
-12792239
-23580920
-30107373
-20080804
-8674541
2656784
393469
-5883537
29571
6398382
16853504
21421110
30372105
43076720
52517707
63451810
57309218
58989411
61641318
54019875
62242313
53413419
38727529
49593366
51175576
48480433
42575560
20943323
13729499
16909468
12352223
-2670252
-18446390
-24884447
-26199837
-22780304
-22868392
-17174132
-15508002
-23835499
-23284690
-23845895
-16744556
-2284650
2416718
-9732935
-20325237
-7466169
3418607
1951428
-11944771
-28816550
-31834528
-24219333
-9927505
4942051
9841438
-13034858
-12639248
3422724
19117198
107862208
119730603
-1037230
-60689649
-64719857
-42654472
-6595672
-14291419
39977428
104448572
6843834
-99402998
-76505323
-73715026
-91368127
-62551950
-63244063
-41643285
-13748172
-47909448
-41718521
19547883
51790148
39141001
-7152181
-38382281
-32589434
-19659063
-11150994
-71033694
-98993822
13202517
71239032
74415975
85393244
-5845192
-44224200
2560358
-49587061
-92063456
-32631764
11726250
44741868
111812048
100809757
8536961
-7816798
28106030
40674684
69730354
42157843
-27713958
-21751963
14443844
28275021
30278385
25323066
-9465550
-41288611
-29324316
-7984320
24322426
41047657
-1842936
-41569825
-32844436
-6130458
19330864
34692077
17380284
-16274294
-7216265
34612824
56798757
49284463
15925379
1371103
30347564
44507373
39574912
30392192
23774772
42549348
51410653
39924912
23608665
9284971
12583785
33476492
47003919
24884107
-554641
-16775078
-28988988
-8242183
1990863
-25653961
-46706127
-52258002
-53331758
-37745235
-13953370
-21595298
-28459505
-10855992
-14050573
-11066471
-3177383
-25919132
-17502039
20508996
13713102
-8350787
-16801436
-44115961
-54659401
-31925687
-28296159
-45670333
-28752033
-40805662
-114152342
-65605486
54689458
49146082
-30995830
-105738851
-149063797
-92667540
-2746702
-16911058
-81971773
-128216520
-137150682
-61139996
42481271
27164081
-62712528
-85915739
-68082337
-21386961
41907052
47446386
-6913404
-37999725
-34876765
-29019998
28319734
47883697
-5666519
-30211117
-41847720
-40940177
7077799
58326659
74350819
145852821
247739018
324687630
404088785
381573233
277613649
196649468
164993911
153678102
118649341
67216448
25130884
59852073
147745041
180502463
133362259
57131973
-10547830
-42099601
-47545799
-86449675
-142741317
-170601230
-160773636
-111266921
-61848768
-54265271
-78172069
-92688378
-77269211
-47374525
-45287876
-92435481
-132700051
-142007527
-130202391
-106282208
-107162874
-133881581
-149718784
-150467023
-156591836
-137791289
-116391614
-134509988
-150525919
-136871960
-110544510
-94650946
-99815312
-137872606
-154432251
-125913663
-115754152
-101324183
-67164129
-50333037
-27779999
9840905
33916303
37823028
20733678
-11451690
-35201666
-35645126
-6824074
51109994
87842703
82376921
74640963
75303400
94175014
114237807
103099495
104582821
101632100
47713236
50095675
153357809
327230630
534247970
632983183
548938854
387419577
253067156
186316116
216644079
194971749
89009998
42300821
56143666
152861116
281072158
279545522
146098568
15193302
-68883587
-104099414
-75157400
-92442004
-172404794
-184268255
-167702545
-138135533
-61645126
-56388719
-92092178
-88240654
-88987185
-100517283
-125100422
-182151779
-224175134
-206317913
-183758278
-182292198
-173098509
-172694841
-185109524
-166002509
-144445184
-149484427
-159767226
-193429625
-210326977
-176171269
-154199315
-160325288
-153256997
-151996768
-148882966
-116847216
-122852469
-150802008
-110257124
-49591352
-25526468
-12574012
-16016146
-37378156
-29035253
-2073834
-12390652
-13657191
3298996
-823635
12386128
26693665
22125548
26884059
29099426
4276531
-18551989
2912800
44052256
87240265
148863677
169525455
144999671
140944240
121718044
94399562
97064571
104137307
171976830
396894904
627578187
711130346
650140175
439084550
248304248
184659745
157815024
102852604
59774532
45275876
96111240
257514156
347345005
282715601
148948884
-5076483
-121353133
-140418261
-137466853
-179316291
-186626797
-157979652
-98625613
-30504968
-19662758
-47686706
-67664576
-71011597
-86972672
-110231185
-146353222
-184033493
-197794871
-197887255
-170096727
-148626210
-152115442
-163818361
-165221902
-168684677
-188152562
-180709327
-189318764
-202188534
-197444524
-205301660
-201449467
-168855427
-102633066
-76565160
-90429565
-108524517
-134021568
-94465997
-31860788
-35528393
-58532118
-65719934
-78426328
-67532733
-42966416
-57605247
-83143917
-117944649
-164382111
-154553091
-105081018
-70050370
-48975909
-47938220
-65848464
-60879948
-17640570
-96462
-12534870
-10992201
11356839
95256705
208814202
270929144
282725992
217787884
81124328
-5114175
17039713
82603086
231252105
502259707
725380373
796884526
703023817
439371666
160918262
34446982
-6471908
-1824611
69303223
104542975
180089518
329559462
405713658
375655090
237241127
22179072
-134867128
-181856531
-194911288
-171924237
-123665972
-89389552
-50248107
-23997532
-20961223
-18891733
-18422390
-59453704
-130383232
-194458619
-260492401
-290519810
-269865165
-246564216
-202942018
-153664698
-140650200
-119631220
-108803778
-115907048
-122200253
-153469447
-180647007
-202559470
-201380483
-172247830
-155116837
-130519850
-112872322
-102882307
-77802409
-68067605
-92220029
-134524978
-157204025
-143735618
-114145231
-92754731
-98598183
-110468157
-106891044
-103669772
-85222255
-64476045
-91946478
-125101272
-123179997
-111581518
-82125823
-53788556
-57759877
-54647398
-39147907
-25585714
23712634
77434943
79992093
82945377
110222910
143832861
194514365
236192768
241296688
200829644
127100075
58139789
58452455
142175883
284431698
528139277
774467226
856848252
731679691
455951971
163900692
-30155195
-70579411
-9047973
82032016
169084492
251153603
328590884
371303310
335198051
191938840
-15580938
-219832075
-326303243
-312441956
-234067070
-146920546
-86130227
-55409034
-68163076
-85791066
-86268105
-69720449
-49561259
-90757018
-163834134
-225059267
-265404723
-239937955
-172184111
-112949462
-75756118
-72288789
-85055069
-80213420
-76509185
-103555416
-146039415
-188924755
-229215633
-246416467
-216805081
-173439424
-139561391
-115536548
-118260326
-129249063
-148307944
-170042894
-170182683
-170133807
-177914261
-166257669
-128532663
-86154554
-51752726
-36075616
-51554259
-70149946
-66930524
-49645169
-25010769
-19174787
-27378958
-36009976
-54683367
-55753184
-30751700
15225169
62351714
94293260
129795983
140836302
124310567
126195174
133914646
140142447
162908361
176172122
162495904
167726251
190724365
158457652
133281092
139673976
240552429
532898867
784918497
838140306
686890673
350437561
370180
-148636344
-106946994
-6991883
111496580
138989036
130451727
166855281
194456162
202521689
139825216
-1131097
-165747032
-294098227
-343559425
-288939870
-181355981
-70466414
7982096
5166551
-18731793
-36192911
-30912520
4274685
6308977
-57340943
-181869929
-274254094
-266889978
-179562960
-70099507
-17341399
-27420550
-91434831
-138164932
-157178018
-164947100
-99440494
-93122834
-175738619
-253900383
-320189420
-329258156
-230739695
-93727635
-51583123
-69545989
-125809582
-183300549
-180985391
-150406337
-133735846
-148165480
-163124307
-182899191
-143330468
-66257096
-22782008
-2454565
-7945067
-21351513
-71032621
-104303646
-98811101
-70147966
-6133825
29335757
51780237
68814541
75979801
92925705
96565572
82906734
79447638
108871853
124327560
157038500
236790662
252497017
238666449
194786698
88463653
61745274
145971360
386666064
709922154
892890544
841849570
562432970
201652226
-85924648
-172542380
-101850769
20095766
127331107
161993611
190024427
206509875
217130869
195833234
105596087
-31592020
-194199207
-316027616
-342034604
-251575038
-132536827
-26171566
22352857
-16959022
-49412543
-48793726
-5806256
41096379
12500279
-92567293
-216344812
-306631945
-312887928
-220089056
-109831325
-40353619
-30146265
-68269539
-116692429
-154179055
-166212119
-177037974
-200269432
-233108917
-276830287
-290160629
-262152583
-195584978
-116664779
-72502661
-68963177
-101214371
-115475459
-111976401
-89239551
-41334401
-34225297
-55447442
-87082320
-96321303
-68000902
-24766914
20611961
18033362
1602311
431110
-1306085
5493618
7888957
-325201
-7617908
78499
377234
3680376
30955884
59277186
77525848
88583138
103846959
114942721
144121240
174793586
185819121
211690432
210615056
152128710
97327450
76864370
120877689
346354303
623923894
765705038
764063762
545675065
202942402
-60836447
-171310045
-165257834
-71722980
46145524
90350531
119687776
157581218
162882368
128278499
76273257
-18455496
-157026708
-224709589
-239459303
-215817205
-128081710
-40279818
-1326447
-11204643
-28234812
-37958456
-9199356
30961849
17434304
-47347203
-140783527
-214197688
-245355208
-214289484
-157148772
-132954205
-130507433
-148063837
-174777218
-198255980
-177524265
-165053300
-160915296
-59493414
-39127422
-134037817
-205924687
-267290227
-281084572
-181328739
-49527285
-33224329
-35910110
-64252472
-130971594
-88764292
-26666651
-38793822
-73995264
-87450916
-117324052
-99939507
-23026845
10293016
21432016
15037713
-23095159
-100535673
-125472243
-72909861
-9299247
75763416
104598050
49168830
-25168149
-39815072
-13262323
43541653
151061155
216178375
228247043
200242184
150776586
114247749
108088637
178915961
372345492
613339843
755701145
746091734
568994135
319164216
110364114
7808805
2653610
41651990
94320202
91984954
93445385
125594065
146102035
153381796
126033928
71372873
-15498672
-91000423
-137817122
-164628495
-142873194
-94580687
-60707551
-70497113
-87811447
-82379339
-44107550
14581594
37838463
-1768267
-102061294
-193827643
-238242740
-232847674
-193310610
-174190084
-159673805
-154376064
-174526872
-183299538
-174828911
-164208905
-164054647
-168575771
-184905641
-223212076
-248716924
-244606073
-211268748
-159322411
-126870389
-128811462
-139007570
-135669947
-123453687
-88471229
-47689207
-47602871
-61208891
-68275203
-85473679
-83278711
-60236089
-41492739
-19299908
-13156192
-29148634
-43203926
-42253731
-16559718
12833726
25184091
38028295
37676783
12239368
2935320
-2662219
167829
48738859
112031955
162547094
191827966
194678852
172220996
160511995
184008014
208384381
278690912
462990818
651771617
735204824
713250503
563054866
344838587
189009810
129451094
113492979
115892254
112022888
71923376
48664844
38465841
32523470
61007194
84657902
67988532
13660969
-31284741
-72652765
-101464711
-75178868
-64674482
-92300742
-114944128
-131779991
-127609763
-61954340
8252139
20048468
4805476
-59513139
-138705290
-172958975
-176073779
-154359678
-132559842
-133864743
-174654494
-223172407
-242623782
-234558445
-206859940
-184899629
-181568324
-190999891
-184062458
-183187019
-178296148
-135194754
-108425242
-114207569
-149875933
-198226069
-218208295
-180202618
-107334545
-58520611
-34303026
-48873697
-90061695
-111186913
-98579708
-79214696
-75635555
-74331562
-106088823
-146094212
-148933780
-114296177
-50684066
-12621755
-9799402
-30471764
-39030798
-23043299
6490195
71131328
133281215
192308908
213085642
174692990
140835483
128793410
169381510
317457471
552144936
706276916
732830417
656397952
479330811
338228758
274584198
250134820
240674513
217349363
132260126
29852033
6243316
14654543
57291356
85094988
43796777
-2900238
-33345297
-25424904
-2665566
29366021
52093014
13442687
-59654653
-140713834
-176948303
-130007665
-40376618
17270784
1265639
-50387267
-100693091
-117489412
-93134891
-65182438
-67159390
-114820701
-169759181
-199847065
-203028788
-199600148
-193466954
-185768223
-206691564
-231620065
-258368113
-261175449
-203124220
-127834339
-85216144
-107376595
-158839841
-194865445
-198497586
-174715070
-145897303
-113465850
-107642791
-131776926
-141535303
-124596849
-92304320
-67674975
-71501918
-104829823
-135852543
-153839084
-172081967
-152928935
-107504743
-74963414
-53349539
-53501337
-63881945
-46010025
8952996
64755867
120947670
170697846
183038678
184630321
176823876
160188295
169105353
204813373
247087053
340946395
508158714
626465602
657731100
623021587
506689093
391747328
344229949
312855678
258320614
205434736
112066299
19441225
23221673
26588987
11386201
15728109
-17112261
-54125088
-50747627
-41382591
-36280618
-7502444
12015952
-21092584
-76277588
-114662520
-131546269
-107323697
-48666578
-34143803
-73670058
-135824623
-176364639
-150833413
-91863036
-55710128
-71716748
-107047172
-144662275
-167563738
-163257633
-162297877
-166365544
-180987340
-204979098
-229256785
-244226292
-231415815
-200506146
-168259476
-142245200
-142903560
-156753656
-164662595
-167849900
-147423722
-126920634
-128742762
-140836773
-147795801
-132170658
-116636635
-99226998
-74713823
-81403411
-95236785
-92266180
-85635804
-73435751
-67347027
-70787072
-73598914
-42239798
5692443
26163332
45870299
67964116
93391829
146615363
210845903
224894110
195868687
175659886
136218383
130672166
191677427
277340695
428236014
577345493
626470143
599669208
530520958
449106050
422428922
435496019
382456977
280260802
171452674
61436650
10352552
22177853
31171544
5923181
-42568868
-99210142
-131764181
-111166883
-70875870
-60971313
-73494135
-103259213
-138488111
-142825847
-120967936
-79365674
-47135352
-51263094
-86984375
-136851415
-155348032
-145830978
-119078254
-96198904
-113032551
-141292416
-160767863
-143256033
-100724931
-97094119
-128952330
-175746445
-221366609
-244945259
-248034822
-252520746
-242980963
-210306136
-189015740
-167314529
-146504935
-150523373
-170737041
-173674648
-158314996
-148296241
-127899986
-121560850
-132317303
-121739790
-114962891
-113733608
-97826655
-94558434
-94447822
-70764411
-55452023
-57249417
-50934832
-38172985
-20786465
8456268
35604132
56613535
83253434
127379717
187176963
228162276
259100020
269682028
251091783
248030299
247894372
249138446
260891766
322410107
426621595
502835705
543081973
513243315
456619910
440342031
453397239
463860740
421377212
318715081
198505592
119638818
87134935
57636087
-6769717
-80677421
-151927786
-209127945
-204100814
-166408084
-134934627
-120787272
-117414579
-129546109
-136659155
-118178989
-115489376
-110684738
-85011875
-72665228
-73856000
-71801249
-73714749
-78164386
-83646718
-100171711
-118611853
-135628835
-152383680
-171002428
-187734604
-197927633
-213080821
-220880181
-220119121
-233818796
-255753705
-265995626
-258925987
-234949785
-197968215
-178050759
-171261453
-156117074
-159673188
-154244878
-126094205
-106144265
-88050598
-84831910
-88778977
-88381475
-83128319
-76350729
-66262089
-60853663
-75547893
-62843469
-34546027
-15666549
7753109
30398324
62130510
82971627
89986127
105670612
125295829
146655093
179258908
230039685
259867034
258993314
249474046
231110493
227019490
240333706
257278476
263155396
285667915
323611194
348087598
376437147
377736998
349930775
343320939
359511406
354728625
327675888
272781706
202526205
158713087
135385243
102176508
28514325
-52797924
-124097037
-154064819
-133007728
-121951466
-139387786
-169975383
-194255858
-208900969
-197934489
-179025104
-166646654
-151946963
-140962502
-125956367
-96996919
-61627352
-43542063
-35672603
-45237240
-71636740
-91010837
-109512548
-121445168
-134029152
-160259336
-184158814
-200218713
-212466319
-226380922
-240283817
-245510493
-258105783
-267781926
-248797619
-233872838
-203712489
-170957168
-164066412
-139379414
-122849438
-104801860
-88103845
-72887725
-67366945
-69928267
-35852174
-20868822
-25162770
-25144556
-23120519
-19183677
-8146091
14847344
42127786
53997648
66904056
92358078
103761569
127192463
118708856
124363680
148532840
147550279
158952914
144804979
160524046
165637493
159694563
189533462
193957831
208303574
210768578
215258297
219028373
218516109
237052818
242244152
255649920
245560244
224457179
213153293
215863731
218076153
194503950
167223594
115434429
71023946
45873953
24653519
-2760600
-39448698
-69953503
-86291472
-87533226
-89913218
-98122641
-110108657
-119178065
-135031543
-131062839
-128099491
-138215642
-138843897
-126518973
-99820513
-82458678
-67824144
-70664898
-71057631
-75416291
-85886499
-83966261
-93638168
-97547372
-108427163
-138103762
-154566990
-177349265
-201725040
-201685203
-192398233
-181972890
-195881360
-193094596
-201451178
-194173997
-161392964
-149051379
-109733119
-109292855
-91741593
-64869773
-64375909
-41823117
-39744971
-32337818
-8372989
3709377
10872445
18409690
33679408
48336150
57354366
87163244
83390891
77790679
88882259
100689413
114404055
117215313
120715561
111700726
107578875
80273505
85824130
110109638
127935916
143241496
134568035
145480437
153789949
180693644
184886807
173383561
166946192
152587667
160206883
149242545
144682774
150101014
138744327
136375885
124422741
87680530
54525903
34055910
33377521
37385018
26844130
20819755
11502034
12949544
16406277
7559387
-5480586
-28888200
-30146914
-39981257
-50444507
-49633995
-68687127
-73617601
-82476921
-80212359
-83237834
-100518682
-96514408
-97909471
-89591806
-85888566
-103254946
-117384749
-126453784
-127482131
-124083077
-129371977
-127197533
-134094528
-126109023
-105675789
-119810062
-116627614
-126811514
-133248011
-123516492
-124062415
-107449282
-103593945
-96419227
-102028269
-84575340
-52426132
-53057808
-52689969
-64250429
-58756343
-36808053
-24522479
-15586299
-614284
8016474
22002117
31591309
37423052
51593637
61337056
74615606
78542219
97852350
92912481
74426084
64385911
64602232
63110276
49363384
64671768
60947429
73289612
75174386
82490780
105784843
98027576
107240424
103374915
122149288
121060618
110813974
123244461
111929920
119401874
103098095
96703721
91450225
69087529
72925926
49272391
32227314
28841869
17194758
27680064
43721473
40433367
26459358
26718210
20660138
19090240
25628256
27729453
43890917
42859162
26588132
8493803
3676242
-8096201
-25428157
-21029042
-29284649
-31719613
-53629748
-93750681
-102280295
-103003994
-120099544
-130532490
-138042805
-133737458
-119694620
-130556413
-118001634
-101520949
-115900609
-111672834
-107718580
-112799554
-103262204
-95638757
-77793025
-68502950
-61727553
-70445371
-75964679
-70175275
-79424203
-47195978
-59587922
-63756683
-57731681
-48855369
-16927802
-26339703
119874
-24195593
-11221921
12006161
-1359197
22438703
10901566
40956724
54728264
66204829
57704118
29850846
37468373
19552116
33835233
47182245
48330053
73132588
76057094
72769190
97790778
106342450
104125427
100594351
99615988
111309477
114089542
109583417
96739601
95241192
95347466
110136920
102654330
80610117
61739602
55024813
80736329
77663273
66561283
51257840
37833710
37011948
45205131
45438971
43359185
49613826
53890975
53392002
34558216
37137538
33431000
34653415
21416170
11121972
1971607
-41405377
-42393729
-55237607
-58022247
-59120580
-95975369
-98675285
-112128816
-117782700
-103205798
-100933316
-99645437
-121322298
-114821606
-98630359
-98885837
-85404725
-76512289
-69003968
-72639796
-75049731
-66951074
-64596658
-75488289
-76496788
-88065942
-88900384
-82713776
-85498076
-73990283
-79276564
-70534004
-59451123
-56591617
-68415151
-61378234
-37573480
-33959549
-10440534
-3821456
-14024760
295060
13466667
25244726
29767127
16013666
5222909
3915525
44497773
54456357
50677589
52643573
48481702
85558628
95384076
103506587
87009305
85491950
100947860
82571493
83917021
79977659
93463739
85595241
82339282
107159663
95066849
84222374
64518946
71606876
91682808
60255534
48643935
46379455
41696238
39287073
27900613
44494911
63934071
58820371
45595950
51908761
51056350
50182075
29083754
10462258
19797869
10826625
4011671
-19681597
-29569878
-41139251
-45703888
-45821276
-60884813
-53386717
-79289988
-90653426
-78812855
-72443086
-70722750
-96611310
-108562194
-105437154
-94959116
-70120399
-77347457
-65258728
-40091106
-62837814
-62158287
-49636886
-52401165
-77135859
-73069195
-49596745
-49877075
-47388408
-51670172
-55263072
-70683649
-64636803
-57911357
-45879940
-37970594
-29174496
-24021460
-28333466
-9113962
-14179934
10919694
-3627898
-7549045
8445241
14969695
30559655
25276002
53251916
23290096
57632918
63389662
50845438
75492642
47298303
93065790
83051036
101985650
97948212
69193305
72496496
48251940
93672125
77636858
71963585
60624186
65711425
120922969
125313142
124450222
94932231
100289753
111919331
125746686
124539707
90958614
70313974
55724458
76864867
68484405
43794614
2573103
-29896655
-12265541
190287
75365
-36354892
-63161088
-69847415
-59054480
-48827866
-79848305
-93182714
-102177220
-90531247
-63035873
-62982691
-78653595
-93972947
-94856665
-87762570
-72480204
-95560426
-106783612
-91966352
-86263591
-60746678
-68528755
-96659168
-112979972
-102966536
-94093876
-92638018
-84088663
-92892456
-85406812
-84321109
-75006971
-66977288
-77995439
-79409666
-80639460
-62260882
-55990726
-46038145
-31855237
-34544687
-21173521
-8813869
-4544588
-9168087
-18673588
-13247097
10607962
20909027
10464621
23975298
47931064
53547654
71159581
79759725
66557545
65821413
86318847
107416276
116600574
166373261
248794069
321041161
322484312
285562239
283904156
291613671
324106554
324314717
272539826
215214381
176674756
180346724
186316197
148034895
50636174
-44330548
-63426961
-41645137
-47515394
-86001803
-141627132
-176608027
-144686519
-96529458
-103301244
-129150434
-145162576
-137991296
-83700261
-38469027
-55759781
-96471317
-97189798
-79724090
-61710863
-49575282
-89722177
-127614487
-123804755
-123757806
-120774361
-129613647
-164871797
-187661589
-181314084
-168026791
-168824072
-167568966
-163568369
-157584348
-144887924
-133584028
-127263965
-113639214
-97774096
-97413998
-76061527
-50598774
-51699445
-54513673
-54286912
-47102378
-31831844
-11412155
-11775486
-21288104
-16183534
-15262910
-7046682
-17153052
-36217341
-39625224
-36374428
-12457546
7143163
27479055
60281562
94524759
116525519
119718010
125200883
143098365
170885257
237716165
385818362
511083315
497001406
451919636
440711703
430001888
465849550
480022822
398560174
286096546
227930252
226239760
214090158
189049472
103065481
-24120777
-63673037
-52645786
-60795132
-68816667
-122772313
-199774572
-196541355
-155709429
-151951487
-169752856
-178791837
-182672279
-153819770
-102229047
-92318950
-111435910
-131446415
-139108360
-135159033
-130498267
-127833024
-158462585
-208606423
-219285356
-209752316
-215004292
-227487790
-240883942
-250675420
-252803894
-244401545
-233342559
-220346166
-211599603
-202326839
-175948142
-152843696
-139480041
-118380869
-92504870
-70378426
-41524580
-12964137
-7409777
-8907889
-5161644
-7036509
-14730969
-22721191
-35543215
-45424406
-54645466
-76613592
-88012733
-83594875
-84517073
-87881887
-85488926
-81308576
-47168909
18517945
59130557
84204320
121692458
153642949
185480915
219519934
229636955
234109291
307541896
457296801
590235320
600654093
520101533
485234354
505643860
524645304
508735128
421530325
288784717
208029266
208755455
219147190
175910659
66296366
-43944984
-76005986
-50647447
-39145947
-65734485
-127710872
-170870655
-153670442
-114324579
-92632603
-110020317
-137344021
-146791440
-124966081
-75621555
-76997806
-127718373
-168327261
-185955322
-167420812
-152696306
-178690797
-228996208
-266734086
-272499445
-252978444
-229664858
-240206970
-262686965
-267240603
-246530050
-203461746
-183555209
-190138950
-188826485
-167663079
-136310019
-120532788
-113887550
-107955156
-97089230
-77542517
-55911839
-46527638
-66629375
-70831400
-69828374
-76346464
-72597778
-90886009
-110323837
-116737502
-114715023
-108177445
-109473852
-105637838
-91005653
-85490083
-84317725
-60189455
-25768684
14652058
61349885
93597567
123200294
166729055
202727003
234686796
273160175
278523670
252440192
253834619
331657475
459540460
559890261
566816254
486462347
439794137
469295771
499697107
482906469
412747688
306222777
236340912
251772264
264113022
209214095
118310859
15399074
-36851930
-4529255
2870981
-60571044
-120055339
-156228969
-160677777
-128646887
-133585899
-180287256
-206772872
-208576772
-185009231
-158309397
-167930726
-210867258
-238138251
-223612660
-197755277
-177451518
-182362448
-208048577
-207506729
-185819651
-169628356
-169959567
-174099175
-180818247
-185517084
-159064948
-146645727
-141595138
-132032717
-146400202
-149911922
-135256447
-123463088
-140105285
-157035330
-141277186
-114096451
-102908151
-111634570
-107752553
-104433284
-107324698
-89570325
-87585563
-95709990
-70043198
-59071698
-72999636
-67427235
-52704249
-40732973
-24097521
-13734396
-17843887
-1270468
32790367
53462290
69825357
89117932
128414736
167785990
180900273
188968188
193373050
203008539
221273987
226812997
225031662
244944414
282441633
327656470
383223280
389950598
352109125
352331321
374519186
379594805
384302248
357293391
294421533
265950948
265691284
250565285
202882559
120484309
32929868
-16054953
-32546642
-64710890
-113011587
-161790451
-204333556
-230483071
-236426355
-244790250
-258915296
-253502789
-243273405
-226690632
-195598617
-181512931
-184668149
-175871125
-154035578
-133278733
-114241347
-105861865
-103935889
-90716036
-87685709
-89477962
-95397593
-117601578
-128173802
-134093566
-142309290
-147854443
-165155190
-187023209
-188547553
-197510013
-209844934
-183607404
-174298960
-189560969
-181205876
-157271613
-135111219
-123213293
-121938236
-125517123
-109126455
-82959266
-75157120
-62814723
-44950841
-41773501
-40066505
-28099181
-13711487
-4352240
4072139
16063503
24440698
29429276
43085750
65208808
87628627
103289685
110675556
119179642
131712835
152008832
174205583
184129338
196014420
221404860
244332384
244751037
241015657
260157865
287710428
317127157
329475488
310413120
307227941
328545046
344692972
355817778
339110788
299883514
281734464
264094854
232209643
191864162
139242857
91235008
54893281
20982403
-25898278
-82991722
-141312457
-180827319
-185412686
-190140999
-201429911
-207468556
-220571180
-206612090
-168357082
-146832664
-137059121
-132423782
-117851303
-101174228
-91229266
-80380790
-71989079
-69182230
-73119792
-68850418
-71409942
-92657671
-123864285
-145503080
-143592737
-159750409
-189893637
-211561407
-225273814
-209650883
-196348429
-210569151
-219628163
-213266605
-200623379
-172988361
-149310287
-139836989
-113824545
-85406157
-64174812
-50625072
-34776773
-18555163
-13682708
10321119
24824771
29191611
36408622
34766761
44154979
53749677
68523168
79014426
75531651
70883727
59063587
54425854
66633819
83725933
97449536
110136762
122697998
144775315
166238050
170771132
189058582
205582005
202038762
211897804
224858513
232301102
236191224
227350457
221888234
214111204
193168563
186251713
187914535
175845916
168782729
165415366
156031801
151999403
142605219
119481280
97278617
72321592
42782583
29076382
18375379
-6387851
-37705670
-63607943
-87584400
-104543574
-95827995
-104352992
-127956894
-132414655
-135049139
-138968077
-147457588
-144984858
-141681778
-150219752
-139381072
-130417092
-135503722
-140231337
-154720156
-166118462
-167347286
-163430648
-160516451
-169750077
-178464474
-180858864
-182343291
-182486306
-187686024
-197056771
-191306171
-173286739
-162774203
-154179883
-142785799
-127515714
-109954086
-95902350
-79659164
-68144326
-56267779
-33287958
-13950107
9921601
34410311
46893760
59380105
65907438
75060999
82887885
81465805
87588497
79268685
64318904
70196298
75829907
82484653
90996584
85429230
79854591
92612851
107809177
117014455
132236742
140415546
145075424
147476440
157509244
177048090
183575387
191180450
184009434
169183561
166990829
161853828
156141275
137142883
117261882
110568226
98673811
91084745
87283311
82569279
85457952
76737700
62420161
65262639
68889538
67144730
74300636
80173093
70590723
67308483
68795357
53555692
39794057
27394424
8907952
-5660840
-23323089
-48239281
-73793926
-87136967
-98513515
-114649866
-124844983
-145014274
-163924013
-164583527
-162010124
-167524933
-175786482
-174967359
-174861182
-178361343
-178157187
-174006459
-174010125
-173957284
-164913370
-161348833
-156648111
-151799003
-150206180
-139537482
-133237198
-121056619
-108179920
-112241555
-103062665
-83241018
-68262219
-62356153
-60828949
-40923264
-23738760
-15420257
-869116
12190281
28333935
35814253
37800626
50734724
55118430
57658585
72337030
84533455
79952955
68667408
73705203
82776181
85961906
89878566
92885661
94474889
100642421
105942426
114472648
139439908
142755835
126617698
117335039
117650864
136022764
145968474
143530148
132513825
118523350
117963822
129312264
136854775
126056890
115429947
101954152
94021504
98256001
87157647
73413589
75440109
77172350
61708207
44126311
33948886
28417122
30942576
27095941
7358940
-14623986
-28363554
-36298357
-38043392
-40974646
-53006902
-71546370
-94152428
-101531619
-98813407
-101895012
-107609456
-126022212
-128549425
-123604199
-116165432
-73749188
-57054860
-102290097
-151890446
-146340648
-119361389
-99384867
-84902736
-99330602
-110604008
-109362966
-110483383
-106145462
-99949456
-110276922
-110535413
-81393932
-68351301
-75777653
-86085494
-84674963
-49935643
-8468109
-22262253
-42995356
-14201836
3805621
8481472
14683689
-1531081
-27230875
-15085807
-969844
-13380370
1118452
15159360
5611089
2996035
21408764
18817516
15877392
49765063
58973287
44725070
48266984
59661886
68259745
84438776
86719863
77899017
87712050
108486816
112885648
101618177
90337844
71192014
81183004
110031288
93629397
67199122
56080234
61135881
100715363
112162326
71893361
44997591
47952247
59627828
70504904
64274884
30687359
33281977
69490172
43563903
16637184
5829771
-14284361
9607592
34368017
7397835
-29558188
11833267
64945583
55124760
10481109
-41010806
-57005122
-36443432
-33708097
-85949452
-111307515
-85912117
-63570715
-46349249
-44943018
-56472260
-35735025
4686108
142013
-13131471
15636066
30098688
26295889
14742024
-42711762
-75391277
-53005061
-47196609
-60978192
-63423177
-71057902
-65083203
-33438687
-38476451
-50190234
-25557150
-19943651
-32747917
-36744243
-60658657
-72569702
-39959424
-24620313
-44487696
-50037671
-29345607
-11095656
-2595902
9800356
12413459
3354382
10829302
21981481
8598152
-1671210
21944912
30873618
7268973
-4367490
598651
10272309
26571451
32046733
629871
-15494105
19369695
45401344
27209695
13163606
22285311
39122293
77888229
68715981
-3332583
-26936173
-431934
16187118
39181229
42237259
2488797
-962110
28621052
12667604
-11251604
-23271004
-61477526
-56644323
1250979
42401191
27911354
-14327395
-35285720
-41828787
-34260048
-38181614
-44386824
-29847966
1531214
34020452
58773595
62893371
11975139
-35794642
-50564186
-33449176
38129158
88543788
47054000
-1690442
18773755
74260244
94206893
30746655
-50302785
-74956597
-6658507
88589848
75154683
-8579049
-38157466
-21912094
-7196055
25132650
10925182
-41836005
-12273298
47556076
60519663
69661191
47409788
-18779029
-39377753
9075621
13229534
-75324675
-75027539
-2739195
39991796
116005820
118963230
-7605325
-74921039
-27471954
-17284990
-7502492
-15111487
-108734603
-97940999
19826558
33587787
-40199148
-67572478
-92243963
-69688211
4145762
-16999708
-91024750
-93119865
-19706733
9235919
-10518966
-57457807
-123280088
-118836014
-57520682
-39625204
-64404364
-58749482
-43668676
3672691
49497674
28675322
-17471441
-46108442
-32533268
-1331225
37464719
-2677745
-51433656
10564996
78196672
121101806
113123079
44503863
16846579
71509627
99402603
62124398
27148708
41446496
89315525
103796149
119676866
104014105
44302360
15686232
39056382
68767925
69228558
84207074
59098662
58974533
118860491
115462522
78612442
19896605
-30850846
14321505
115456128
129660944
42283895
-7168592
16729660
60317003
95858078
99101944
56586656
46365270
86566079
85649309
87070195
78535226
-25881662
-108169878
-72737270
-9473644
-3269231
-38240511
-93224729
-107625021
-26674352
-5695459
-102712708
-170264290
-202714284
-220227324
-169527815
-111630582
-161633618
-241201708
-236473200
-214563858
-191435996
-163729695
-188418164
-199939651
-145808750
-93898836
-65525126
-76570223
-130426156
-165375831
-167670709
-148178186
-129140635
-117835731
-87110369
-20325537
49770548
74506705
47413032
-30502170
-84062637
-51713545
956979
21207984
32901004
47704446
85857924
139192532
134284491
101345488
73912599
57029714
113176488
204933848
187289684
114689355
128115903
154921373
172079777
157221066
82234018
40771487
109933522
238093203
265007514
225107062
151395799
87436871
114175442
124334780
99101602
56572641
52654427
90272040
127330986
163403341
129113044
104596590
119563203
84445593
20874792
41597938
87089005
59576621
64076325
69107194
53508597
57349311
36353224
-6970037
-15697062
-9792601
-57418255
-45848442
1323359
-39600013
-82368158
-102285853
-128564746
-127329754
-138948504
-218749520
-252421437
-199192536
-180529719
-179840888
-170810299
-207570619
-239204480
-189066097
-146377005
-178628958
-194820017
-204212054
-216130865
-153897455
-104308978
-163244231
-211109081
-171215324
-132017439
-100289199
-81914096
-117047127
-114000269
-28081821
17422189
-32734774
-68247573
-87845793
-82039791
-4831121
15271309
-34234791
-58080039
3881457
136022001
243557193
232912609
88889279
26358317
106134274
140862591
98994631
44274964
14934587
83109322
200760181
192200940
116131565
105896942
157219243
219674545
234767119
197092673
96614352
51074647
127824301
166237561
131038305
96006140
98137208
158087038
233039797
262342374
242331459
191898147
105852786
62022330
139603559
160253300
60074062
30638604
48846973
77315729
109901915
34365975
-50546589
-26457165
26997727
9255041
-24490773
-24822441
-52653826
-47567903
-35724137
-103929327
-161715696
-168066888
-179774445
-184576763
-166882205
-185394785
-199872082
-156143116
-163648839
-230483542
-222738187
-200534584
-213461365
-180029359
-196464027
-268661850
-257736628
-205211589
-182317198
-170211725
-152552755
-147006794
-123221135
-84434247
-106713991
-134708034
-112483396
-72889036
-52110484
-49091901
-32990716
-28142063
-17341730
-2021898
-28285070
-48058225
-28848243
-16623091
19560339
121878614
186864667
165286259
172803799
209591068
159823643
93999374
65922165
24276913
27111451
123667887
226712956
224510520
181685229
152866266
135274876
155258428
163114281
140880811
81527208
59078781
138225085
229674093
263204789
219871018
142811133
112870291
197617261
258750587
155793808
58240367
55574790
96126853
162870819
210915417
151353359
40747945
62951698
124147585
87798043
90076
-95847196
-107832249
-12596018
53995243
2556143
-65656423
-92285206
-118334349
-99232542
-73056641
-126463925
-200617157
-211645503
-172246628
-122904648
-118358393
-187940542
-221589738
-186481542
-167105056
-179627556
-209405233
-208455065
-183394817
-170310656
-148765501
-145501614
-180332849
-207735079
-188938591
-168044297
-161859187
-136810776
-124602062
-107663931
-86550224
-94958462
-94568531
-96964600
-102689637
-78843253
-35218727
3180067
4631135
-5800877
14097528
31588557
3829442
-15901455
5192466
38679384
112570134
160132981
133591937
119772953
131542385
154058762
156870930
109935904
37640264
48343319
186052278
243750945
185196651
118463968
72877433
156189803
268226157
253662531
174825654
146771516
209857570
279939174
313795117
247736611
121813690
97793437
150285162
199551905
174660906
97617968
83862286
150076572
232495411
221024354
103978733
-28548401
-40698635
73817668
40488609
-129154188
-199630666
-184720080
-116860906
-36201657
-46653408
-137867593
-168277205
-137965380
-116826713
-98199716
-172893850
-264088048
-239190739
-150544285
-85572112
-125801968
-193885538
-209703479
-171166620
-120137495
-142191967
-198038203
-236008277
-209096602
-138023778
-108515975
-113787257
-153030319
-174044481
-143008694
-137299011
-155306703
-171253083
-181993849
-163589070
-112414280
-42533469
2170458
24519198
31087105
17101306
6713957
316585
5204029
-9051194
-20825373
13857171
70699624
152632038
175281480
115424095
97427745
101318701
90918522
91349222
99607493
122266888
135247263
145125545
143366057
124227427
64357636
-23771349
7397663
99207663
163108021
222254192
229075985
250336493
300356559
302774855
256782084
197611832
167304632
160235604
210367869
261759437
227849777
164908797
103693360
88240490
100146988
74580900
9684991
-41827631
-20365487
218849
-2186923
-25769651
-88881201
-126947987
-120732333
-115343329
-149716586
-159927243
-133808572
-119921624
-109259213
-110124731
-106366076
-94493907
-92657277
-119650642
-161495642
-172378726
-152748214
-133200940
-140173660
-163494005
-176598658
-159897054
-131913540
-131932072
-169676782
-205189064
-184810626
-145895707
-116349231
-110147462
-153932545
-157674876
-117665463
-110312075
-120374635
-153942510
-172204625
-112144613
-15118451
43378604
26742439
-33947065
-54572460
8619937
86849381
101053170
63099604
8028555
-52456
81145495
141486159
109843750
67015710
65336378
110385032
190927725
209093494
132108958
63787846
72262539
138455403
152842747
81935965
31543122
70398674
168338058
212830758
181670508
173340746
229124101
306271851
331748386
305856928
256985783
212455472
228278399
224646507
141041964
39960516
-17774138
26024568
93762921
81040506
-988019
-69772403
-31994233
33982654
15849085
-76093130
-170577000
-168724138
-111951502
-96130815
-127460653
-192767202
-210050520
-142241729
-71885625
-68594863
-114722445
-139426053
-122976732
-64843364
-41696867
-112682950
-183455530
-196833519
-147515692
-106077283
-138850776
-181381554
-203121275
-170293556
-88406221
-63352526
-94264808
-124201049
-129250003
-104146659
-80885280
-90177051
-134314636
-152335684
-120405182
-79020194
-56809871
-80500234
-106210021
-86979608
-36536086
4615266
10285087
-6706076
-40028891
-21424686
46760338
66037046
30605608
-18971967
-31784708
16669406
88292215
106603048
87139071
106733195
150915542
196682673
208732593
170024152
113722580
97117669
137114958
138102655
96416839
64469470
75891882
153800230
214095315
264105014
344532111
393731051
409913565
400951459
373163938
322846397
230165155
157537457
103830650
39059775
-3802213
-2907478
25792256
13556550
-6218152
4121316
-4272519
-7393647
-21745333
-66680923
-107177321
-146456727
-154555149
-149363788
-160285886
-172939414
-189321515
-153166251
-97219665
-88455891
-105844833
-119019401
-96544451
-78286692
-85853200
-113269662
-146851076
-163342410
-172539029
-157620780
-161687419
-191574277
-190009611
-175260141
-147500626
-118430963
-127771547
-133692948
-111014056
-97876060
-91986061
-99433140
-127103724
-138894687
-120382498
-97871139
-95336713
-91012447
-86151669
-79347359
-50235732
-19265422
10210332
12509033
-11104742
-5430256
14203958
11097606
-16195981
-17411726
13679146
29756368
43900108
58455757
80652526
98423591
99293202
112242465
127005592
142757351
161179762
173437982
151133472
114197353
122865026
143415668
117742128
68260608
61102500
90485588
137239397
185541511
292405462
455628771
496918950
450734946
399062973
348358393
292160660
192564357
138206280
96745336
22112227
-26781879
-23614211
32622466
21118072
-54286732
-81997953
-67745929
-53152956
-67213688
-79128457
-106106575
-154721310
-152964123
-130351662
-144094112
-182757829
-199677766
-158263602
-107546542
-99593987
-101328939
-104615688
-110440870
-97459612
-90293055
-90374414
-123074003
-193284609
-228890140
-221922343
-198295965
-210743984
-251250827
-249707776
-214917316
-161334257
-126851343
-127711901
-136854974
-138383543
-119809806
-109080285
-103500847
-121448650
-156631942
-135278689
-85854237
-44777046
-34909368
-56019055
-43326734
-2171339
48952620
70553057
46026088
32126750
19771993
24943107
44670918
26051576
-2553352
-11161793
11685268
48878743
86030020
131992710
134246862
111620765
143264541
186236080
217717251
235111680
192856734
164998077
183093731
208426793
221630196
168918008
105477007
75645703
88871179
151475355
179093487
267711644
452102277
538758439
489594425
375603520
297188958
266657052
214149814
124563205
-10371022
-114450921
-146755277
-105034279
-12929843
-10668010
-89005616
-131531009
-92086864
334161
16411006
-59325028
-137692565
-177987906
-149096203
-109052574
-139243874
-220886167
-272561906
-216622064
-104780024
-64676129
-119092933
-175528366
-159380580
-93859106
-52034554
-88955672
-183259011
-260466396
-281036840
-257805382
-230090391
-247364891
-298175703
-283114263
-200631781
-124304071
-88050592
-92762992
-2396421
134789719
71968078
-137393081
-233462126
-142045760
-62138653
-99120214
-179030006
-199160093
-109056942
-4930275
92598953
121416729
7599043
-60117056
19374783
130309459
105746858
-68538269
-156962629
-89305173
-12655776
6503442
-33918204
-74605798
-38568786
72751244
191317979
215978547
159262871
136236313
197445991
282715226
285447576
217888583
171346304
169128690
159296001
139368184
150997028
137290742
111812383
141520353
262071739
473576331
588527797
525252396
408739120
337228470
337269953
310468317
206661479
68716550
-65307033
-101037800
-38857408
32067684
43372658
-48320932
-111374203
-50048009
41804437
64362066
-18919963
-112137444
-154467882
-146217756
-106220163
-145756636
-231323836
-269361858
-240715884
-153763491
-109516789
-125952904
-140294481
-136824467
-107934041
-81704293
-93976051
-149093773
-215808331
-248569751
-242496596
-227100961
-242899889
-280646798
-273858719
-209618448
-142511400
-107695447
-105204702
-115058791
-105634649
-80584960
-67445535
-85623424
-117349492
-134701394
-123301869
-79336484
-66993583
-80318656
-59626097
-14603003
31832953
38631585
24550628
26360972
42375012
63024486
54639348
20885932
-13150379
-18159411
3359974
15971612
7424501
1247170
37203001
94261995
135622170
156774532
181884337
199895081
176261057
171802813
213298604
230938990
184448719
113354967
108382280
177992499
209338520
175730080
144294145
129595271
119432539
99647947
106975770
126933156
187583871
376122029
517916860
482078614
336276924
226870258
260697723
290638497
211376868
49284938
-93321079
-121235319
-74819812
19877651
29338300
-117475795
-231170119
-190905558
-43867233
30310205
-54889548
-165096283
-192960339
-133568075
-88806918
-125538826
-198904624
-256646412
-227922209
-135356840
-90534001
-136864825
-216274600
-227362504
-168668508
-129956094
-150380630
-216323637
-263502243
-247443741
-215196559
-188922569
-193478322
-232033903
-243775194
-215579509
-158324049
-128691761
-138739436
-122155990
-105234763
-95894085
-76479968
-67460660
-79097605
-112241116
-107245109
-61816296
-19382955
-9344450
-37092403
-16183506
39402380
72789607
85613376
61750990
37428555
20360923
19402934
51123699
48807205
10604213
-16618817
-5086617
52975066
103491653
113842661
109767112
129699386
156225345
179404847
227745915
231447914
168138989
125772286
150919199
221352649
228680718
139705352
79416675
99297934
137232303
167542910
180663182
239148073
414208173
569662587
567023832
421790174
274444787
254238978
273745120
228494087
101040121
-69839143
-155895719
-102880551
12758203
36214644
-84230861
-206231937
-200993229
-51490184
58056999
-4301404
-104564276
-157469995
-121622506
-49172227
-70695378
-153652615
-243489870
-264140479
-188915203
-139875837
-177257056
-255288315
-282862363
-226645266
-147265331
-116863272
-171810512
-257071058
-296600240
-271818866
-208929595
-216560203
-284023407
-254523351
-174260303
-157751505
-183910524
-179796027
-120640353
-91553066
-98068135
-91785718
-87071058
-83138835
-69740778
-30002940
-10952658
-52991806
-88373174
-61861033
6824517
45480810
32991757
23519067
41126789
71228231
83178758
62381950
46954097
49297708
72723621
117300546
112631008
53878556
21265302
72126517
164560814
186857004
135824271
89067434
115193813
210437971
259802121
229080667
175644235
146572336
179653734
243475591
300845320
275686371
167901413
112412316
128708374
172987459
184673555
276980760
497242917
560031635
435295688
311215565
311542322
382501180
324524690
162216278
10007759
-88518976
-119043210
-90836612
-44356239
-114807760
-268504987
-300036328
-192811449
-69157574
-78973111
-187369611
-199150269
-127005069
-45501552
-42701899
-149856469
-245880115
-278205057
-213020569
-142356034
-187965578
-292382409
-351803839
-273804427
-161411423
-140670324
-172044991
-225204950
-252673091
-230992174
-186029522
-164747012
-212642993
-280869064
-286606992
-222751964
-159371900
-148931159
-162212156
-150699414
-109505967
-55293432
-18432571
-27065261
-75697157
-105637736
-49594115
21418422
17179510
-35776291
-77419192
-41262679
31870137
67743787
69814130
45569525
43350834
77572871
111595415
121962534
89473072
40643010
21110472
51229285
88141237
77837857
54686189
78891168
143919734
191940015
213285076
249153169
274163096
276877626
314166471
351470058
343653407
308801020
257521138
240000002
239561568
197746416
155919135
129358813
202297659
425707645
578092483
501509942
314949195
257320259
337175914
367984190
269959752
68910516
-83652802
-123092455
-91159162
-35063236
-83727305
-223834510
-309473348
-248930618
-88925660
-23735228
-105537497
-187624400
-181499332
-91340367
-22880268
-76264961
-198720890
-302302433
-281319334
-182648095
-182838832
-268302005
-367150252
-377456475
-266192087
-186075335
-181616255
-228976250
-284953350
-273734125
-211579762
-163154415
-197399835
-277305481
-289859562
-231198746
-181272307
-189999653
-235311850
-244173244
-189429212
-118160489
-71142155
-75864544
-113985032
-107748978
-46579290
1983746
-7146079
-62632700
-96150723
-53398556
20224179
46502504
33658071
19390595
19675362
45322529
72682630
90262210
92033776
78251107
81337350
101976764
117158220
131622908
146416638
147221792
161585627
197644562
222231619
237908431
241825766
239875300
258738748
284583201
293204455
270260336
247756479
259605135
261018532
234469755
181363575
125470835
106717855
146309283
324449586
502352042
453744014
280053588
203962425
309700209
413823394
319273944
108019085
-34959293
-33224839
14037378
4608645
-70289591
-206139614
-300685585
-246956319
-138754188
-101321617
-164493950
-232584225
-170779937
-59888909
-26323247
-88819092
-193662941
-217319807
-148851068
-92666661
-131887939
-241326751
-304858598
-279959445
-206321452
-165876998
-216956014
-276310078
-272641363
-217913717
-160335796
-174617303
-225167257
-257278262
-253188164
-211199399
-202048785
-226848441
-254312704
-257645050
-189117253
-125408622
-114100916
-117348497
-122407099
-80738569
-26150226
-5692989
1383214
-6668816
-7122044
5078036
35522263
58899744
47944561
45817421
47315296
55980358
68948512
55221770
54822190
60391184
55774021
79153625
102051059
103889609
92295151
105114878
151240199
162214089
169320404
190085492
209911829
228249745
214590131
223136190
268727190
292357641
279812954
238150330
200156237
184888274
162167149
154325611
164897470
234820129
383271809
426276658
356789824
305521670
321567116
357231190
310819353
231839274
134904999
47794168
36946024
38144218
-4107878
-109843442
-208961512
-213560225
-175840566
-156132835
-178524159
-211146073
-180869003
-125696564
-85508630
-79879656
-132694123
-156602783
-125523295
-99278978
-125650487
-194458543
-226798295
-238169519
-232839661
-210443812
-223971640
-236408182
-235350761
-218905359
-185215632
-185413767
-202178274
-201997656
-201733301
-199774133
-178593813
-172675819
-185351258
-172321968
-160325730
-159743723
-138265686
-113076825
-106348272
-101824478
-89046727
-61625580
-17407205
4716662
8940351
20250261
27713992
38368371
45186070
50431789
58389184
50298920
29684581
11137684
12680553
32203891
44307725
41824615
41096728
70525122
113671754
122320438
119545944
133919812
163725302
190837768
173722207
171684209
207245473
228018302
256589805
255191762
210272755
198687582
220839282
235916126
215912767
158178107
104551108
108692748
211056991
341840532
353961919
264817871
235203799
294598808
327588629
281181425
185243715
125716009
134724846
134255532
84045787
-8975858
-93100167
-131053918
-142278433
-164535602
-212709013
-244627961
-236850122
-187051307
-137190370
-124355809
-139699729
-156067150
-122074181
-76444687
-73978636
-104493090
-132348908
-149277890
-178596973
-190218058
-198382575
-218090742
-220061461
-214628338
-205504292
-204164463
-207035400
-200790507
-194863050
-194383572
-189931199
-168095154
-157998448
-163278288
-162472519
-149964903
-134072373
-131646364
-130034877
-139271166
-138438922
-112118567
-92799307
-81492003
-60489456
-34978160
-33087735
-22187344
-3160107
-6233281
-14100972
-17722271
-15390028
-12757558
8376841
17541052
1047379
-4983736
11706122
64413884
49279007
66501649
203453989
228631201
171029770
136768735
197067044
300678959
333660987
305256750
214304833
196746819
214421667
279622904
332354048
251588229
160061245
108612748
158077188
208383261
235152917
256070340
249418931
259246268
276433700
312067647
296007203
275160633
257989774
222496902
195921207
160018938
127256665
52136618
-12561744
-43130978
-94640096
-141987494
-188189892
-233135802
-231623882
-193228235
-174385507
-183018190
-180965749
-151019903
-113050267
-93684399
-90602522
-79400386
-80102024
-92676113
-91824809
-119172869
-163008684
-175428846
-197193691
-216219029
-218042371
-242113835
-255712579
-244295239
-217325454
-200215207
-209834494
-211240816
-203243794
-190241956
-179919516
-180212932
-180469328
-178440488
-157087947
-137872253
-152807765
-148695719
-119775344
-101896608
-80577142
-67640209
-61578356
-40564761
-5270628
18801591
14779558
14290882
22600821
27959730
38375145
43718590
33599032
24360460
49092516
81568048
90726944
116712410
149439681
177114104
206086877
228590384
243176123
235101547
237296609
252134180
265658550
275680822
265129370
244179622
226077097
229449836
229941691
205706365
184748899
169586614
164681685
190802054
192167889
158421028
159766586
169164564
161942279
164364583
173748895
168723550
160157914
157008928
131527066
103742197
79947601
38353072
-6721116
-45074458
-85669028
-129608814
-161515072
-179491102
-190126170
-198104904
-203523041
-197447795
-188485415
-190746178
-180675086
-152171563
-132060334
-137386061
-152795556
-149890878
-158381188
-172955794
-172832443
-183359518
-202262656
-214753025
-232585859
-234458138
-211968161
-214876811
-211027555
-202793406
-202355951
-193173233
-188283502
-164147730
-152496894
-150071258
-142521684
-132039171
-111431555
-105990224
-81666929
-60919885
-53118855
-40189103
-36354427
-14524497
5799131
39176666
53760924
38401971
41019415
59851998
104786139
127095993
102977807
66379937
87191814
132198479
150058237
151280250
129025289
138634613
164591489
185738715
176424165
152023450
147071230
156661713
185806105
184837403
171344197
150615298
159828273
185789138
180933544
183404286
162145251
147479380
146259300
145933909
140455431
106725816
91488195
84269951
79852574
80932293
62818321
43163264
28680802
19612834
15717035
14299506
13367672
1158089
-17864078
-29694621
-22618976
-29634512
-62364715
-83364030
-90916862
-93346919
-92840856
-97489277
-107943036
-103662679
-103782882
-96958250
-84864641
-102739406
-103030702
-107884001
-123938176
-131622532
-141374586
-153524151
-180609716
-190478943
-191311663
-179753007
-175687994
-185955345
-171789865
-169885837
-157681606
-132952925
-121659856
-108960101
-92524243
-65789685
-46446302
-39745793
-38018695
-32588471
-19570473
-1721487
10381883
14200661
23000289
30415536
35358853
37923466
32197271
24546587
31570397
45970164
55188497
48827108
33128293
36501925
41164124
42810236
63501200
89121768
105754186
109572895
116907912
141050588
154852729
152409567
134489684
128912764
141793779
135532752
133900881
126913956
96517675
75609457
83765435
88548143
76212338
67246824
59223038
62635003
61959073
56983132
43268207
31376262
34569228
25714201
21100036
13277985
7690453
9034081
2375416
2387487
-1015621
-2368617
1702293
-11303540
-29864075
-32138108
-40329510
-60981902
-76101997
-93309882
-100177761
-99321210
-97731463
-93988153
-94190798
-81062094
-66409460
-61197260
-50513885
-38840684
-40326982
-40773535
-56180182
-74758158
-64632650
-57695275
-52826445
-49857464
-54968421
-68557590
-70053161
-52873026
-41201742
-36724515
-49225581
-55326242
-44098753
-34916387
-32711924
-39746164
-47718168
-32484640
-10734151
-13643896
-17365592
-8623169
5063353
29512288
41575729
21771171
18815149
29223084
39523730
57352226
48341153
28324728
3138399
-1521698
17303364
12240417
8859861
11387063
14832524
29156516
39494380
44427208
50082350
59297039
58939355
49360872
52043382
57475131
53212401
39547988
32688351
39854144
38454014
35222414
40191913
43297009
36377128
23325847
22992524
36617220
32756287
10411411
210557
-1114273
-3936653
-3465439
-5151138
-18633694
-31101515
-35831799
-30806742
-11686859
-10975755
-24513695
-19875268
-23945698
-25587378
-15136817
-17894549
-16747631
-22568467
-16854219
-1560616
-5058723
865937
-3976511
-8119243
4472495
8964078
10074862
1129229
-101404
3512387
4529756
-684411
-10844423
-8608571
-10437926
-2200825
1095108
3283344
6776885
-3950427
3609353
12793020
9795107
-3483259
519794
18758507
13204671
6734998
4353715
3534882
44240
-2079352
-1358349
-6873719
-3659480
-14923234
-18625094
-8471932
-22503611
-36516900
-31417033
-16120814
-15849177
-14118080
-26382161
-40375600
-26769691
-33774315
-29931085
-26470648
-32616121
-25618735
-23577483
-3737182
4147675
-3121756
-10800935
-11909781
-8230857
-13467104
-16975781
-23679671
-23961686
-28406724
-26355482
-31934005
-31921742
-20450184
-21237659
-11394993
-18056410
-14845897
-5171425
2358577
12692852
9120455
21156069
32519276
33760348
27092284
15560964
15630777
20632371
20069641
24440575
22643593
20926909
19068494
12560543
11792829
1198816
8810775
6402585
-4448981
9411769
12402793
24078714
34281952
47524731
52652592
33314192
47518572
60747349
59691486
50497905
40214127
46903602
47917452
46639604
28563920
15974639
19376757
20590683
19949374
15065133
12704207
12506008
12791714
20641107
17080228
8250300
8540479
-3102094
-11972079
-9777997
-11512882
-29191140
-33711205
-35842738
-38769594
-19615490
-27116740
-43131621
-37169512
-29440823
-17369823
-6299223
-22597967
-29355780
-18125769
-16133144
-23506600
-41370617
-44702419
-40248776
-29545286
-36179880
-52070733
-44557197
-43166954
-29345852
-16449105
-33804251
-32747899
-24930263
-17467437
1680733
-10097926
-31301408
-26190454
-9477258
-11102201
-16523778
-26966325
-23784174
3040391
5413597
-6655653
-11513199
986869
22729453
30065014
22186221
15519557
16748720
33664031
46124610
51876229
38425032
26810014
40029157
46969714
48109796
30264135
25681676
23341193
18767075
15939742
10184628
34959456
35601352
12027431
17961197
34385692
22531848
13344401
21401053
19342101
24329515
33040013
23405706
10761066
10254044
-12261491
-12348928
9777644
2868387
-4783696
-11264011
-8589365
-19677462
-4885107
-1473138
-26162402
-11562214
-8409130
-12405646
-19142021
-20440917
-32077238
-30605347
-16279895
-36263350
-46026875
-33036516
-12447334
-18499868
-23417218
-32504631
-35003596
-7791794
-2018408
-5528025
8483903
20767019
-11357017
-20422061
-14167064
-19993849
-2306244
-18576093
-24650951
-7102439
1501060
4558684
-2312672
6381497
5211527
6801860
11432949
12984372
29171226
26303584
34231250
34685165
19629663
3893565
-6687029
10220826
36801820
31312976
2210147
9430062
-2729721
30987625
41508060
11556845
29529997
23267373
45929199
35519117
25843113
17007587
1610913
33674130
31969269
19534099
7947628
17845163
11598286
-8584748
-10948454
-19094764
-30420272
-33223495
-26170228
-23646528
-326922
-17489432
-23436694
-4100125
-8141986
1299738
-4819432
2813532
-22496898
-15434221
-320308
-27472434
-22870832
-48318549
-37232146
-35382317
-38591779
-25005032
-38004842
-19144576
-29997134
-32371483
-25242886
-8660581
-2185462
-21964612
3161992
3733828
226632
-12339790
-18345907
-12244856
-27233577
-25430267
-22794038
-18918831
-14844226
5613706
-2887916
-12788531
8473213
11112327
15718598
10315749
11547440
21928941
12426719
17337524
18454133
25013851
32637341
12349431
16302301
30282707
47290918
37610057
13778651
24690405
39205107
36527690
23446816
30096231
22545773
12633554
24588778
20707988
6405293
1573922
5806923
10530496
15144751
3014219
7723882
8188474
-9413828
4178235
9982286
12499989
-2347331
3061258
17351178
-1229783
14865637
231945
4643174
7719046
-19902987
-2236972
-29748534
-20269072
2659339
-26951741
-33481247
-29225184
-10627262
-18109381
-25562014
-17677788
-18095598
-2429299
4685669
-9686262
-9745360
7786261
4000326
-520506
-1132610
-1972752
10902539
10052411
-4926392
-9589867
-15084470
-21877690
-23300507
-7905316
1914645
-17608031
403017
-15324434
-31925091
-5526899
-14374625
4601804
1634881
5168664
14658122
13743793
28706722
-7686587
-17879378
4204170
-2232046
6011936
6053771
4453068
15770890
-7907828
-2945661
-6059024
5554500
9163211
-13314245
-4684740
-28270769
-1388820
20307424
15387056
10950518
1280288
26387760
13324375
22872555
37663783
12170946
18998711
12421076
-2896729
12217533
9849978
7013723
-11959134
4581179
4315387
-32375143
-106892
-27221234
-26917472
-4752349
-11758031
-6519391
-4783434
7931452
-11213819
12971103
14523767
4365618
-105899
-4548135
7761640
8910617
24084797
-14943447
-37299118
-6653409
-6780039
-3204366
-2397294
-8083463
-23752480
-27927719
13949505
-7997983
1233036
-9880947
-24605925
14552236
16737131
30621663
6081216
8787246
-11205872
-9208996
3412788
-3942608
2911114
-3551285
5218172
-1085481
11705586
-18111338
-10764864
24371463
13783852
21072364
25785668
421375
4073006
23501410
19726310
13821430
5664340
-2041420
-8403832
21344070
-7316730
-8444413
14363133
-8334145
-9286855
417476
22349845
4455022
20135602
9776759
-18993247
15222614
20589394
-16835008
-18420267
-11791376
-23377787
14048120
2869794
-33998978
-50544574
-26113344
5101897
-11257266
-5453718
-30349205
-34330377
-5144059
-14930873
-15724238
-16519176
-10556047
9402132
-13089280
-18225895
-36204810
-28257734
5473436
-2980974
16888087
-2081807
7766484
6047605
18265850
33722000
-12126140
6461750
1447387
22733590
29173456
7945650
5712014
-1491798
2022614
-3779569
28147036
18098871
8373377
-9939011
-5147033
30742955
13046900
29292025
7641160
27040504
30409938
21348107
37980986
-252561
12051694
-3506217
19989357
-4433976
-35848392
-11371314
-22428494
-12935865
-28212997
-7688240
-31205954
-33518107
-8432023
-2856682
978485
-2216350
25585233
12664587
28313566
3749438
7666581
37557668
14402570
18387771
11915163
1483392
-16080764
11750220
12616310
-10614988
-1731985
6901529
-4055689
-6093608
21635774
-7063726
-6121279
245702
-18667978
-6659418
2431811
3569220
-12091135
-16506613
-2153832
-7430954
-695652
1568911
-14969400
1871906
-7427444
7969293
24809509
-22811025
-20227404
-12061700
-20923378
-26909817
-31829662
-15605355
-23500973
-19601810
-18847982
-10980986
4001606
-13630508
-11417817
-18998169
24544239
30612100
-9652228
-353452
6711590
26990596
7339224
6303884
-6596536
7834322
32903407
-13604852
16593744
11887737
-3176000
-5658083
-8365375
5913209
-17629905
15161184
-616605
13376513
21261704
-29347762
3576168
28055481
51476327
2068386
-4959076
23192022
-2462579
32422414
15118581
-17091893
-508204
21491679
-15542503
-32880727
-4371109
-7483390
14010038
8176661
-12578516
-9163874
9759518
5612196
-3637105
7642061
-6559142
12065998
20750780
-9443612
-25714898
-18572766
24032424
1387996
-31799610
-9835473
-22025523
-14818926
-3191805
2849557
-7448037
1527039
10142170
-3969035
-9459962
-42113210
-35013690
-33228797
-889912
-20876266
-22896736
2446842
-5861108
28949917
-12268497
22871493
5564883
-12392948
8393399
-7921157
22785718
-10717816
24243448
5732027
-16661037
3802754
698781
37323351
5599037
3248677
-2390199
16414212
10566753
-9440056
15046151
-12409737
3519813
5232606
18610789
3781322
-3706483
-2402099
-4784525
19174978
-9795821
22808384
6696287
-1948933
7053824
11417219
24401706
5753301
12050650
-16513882
18611412
12116215
-4368616
21924776
4723276
3744081
-10216085
32610474
21997452
1019220
35435960
-7058755
9438491
5854165
-15386952
8909674
-9186172
15195588
10982003
13080378
-2936763
-26536275
12826399
-11241162
-2843990
2456184
8308823
-3236578
-22312772
12378796
-7078969
-20035120
-28398279
-24012585
-22194652
-3717259
-1305586
-17494262
-28310150
-24448551
-11290866
-26838496
8976834
-20869013
-15670385
2222171
-906285
14404246
-10616221
5899784
-16618315
-18275684
-2286004
7369575
-14484293
-14422926
-1719684
-16001245
19701464
11047616
-7871932
-28406784
11318478
7243140
-2625646
19402336
-22689257
11113413
5566969
17746525
7806797
-1769495
24274577
-3977154
25335490
4969130
17026080
16785305
-18505917
8854727
5833513
4931959
-12767146
-7219199
-8250338
-18602957
21800889
1236907
-22604254
-8780227
-5063747
16423738
17693203
34667
-13207059
14455144
19966175
12590629
41536924
-4686298
-19550144
22001996
39877860
4768582
-19032699
-4113243
776904
20387812
-7475490
-5987966
-10929262
-12966587
-7872799
-16778351
-747590
-30192692
-7746140
-4959150
-1715389
8391010
-14829368
-5008472
-4932822
23613692
-12760801
-9612711
-908943
-24296826
23764712
-11648402
15712481
6356985
-17753423
-1798111
-16543069
13449582
-21239589
18156031
1688648
-891793
33870953
12278749
11585669
-21759153
10728162
24605790
52453552
19507942
-17026349
14385588
15579835
28700311
9686650
18293942
-664208
-11645164
20295521
26675056
20652166
-17187931
-39228381
-29506375
2963400
13449258
-15673236
-21739457
7648587
9475375
9795550
-4123055
-18564700
13006853
-13908578
-4039036
-6348522
-7195128
9460676
-18652020
3508935
-12703207
7034687
-15182037
-39848147
20023678
1968567
-14845768
-34010405
-21919623
-5964427
-19643525
11543637
-4692611
-27008131
-15087148
-18923534
-12110771
5788401
-11491894
-15981460
4477756
-25014224
-19645040
-11081399
-13901020
-8756263
-10196211
25820616
-1707883
-8508808
-10015471
-8733548
26031349
-12736846
-6588725
-204499
15856483
17105859
6060106
37338412
18981958
3739994
-18374599
3454717
32923579
26183779
14202024
12276931
33143766
8768996
21918109
32064406
19126339
9706875
4549522
34683569
20751925
11649786
-5678205
-14457306
-1817545
8229028
12445549
7024275
6583555
16494702
27427938
-16025937
-3638503
-16611308
-27697480
17745141
15160291
6054328
-21158468
-21572094
-7769506
4962881
5169617
-35418212
-22029981
10085060
2570258
13123751
-4245748
13232572
-11233514
-17035613
13209171
-34930593
-11260972
-20531675
6075064
-17747533
-32085618
8901422
-19918848
-3599098
-29951045
-4993766
-28038986
-15470872
6418787
-25302670
13674063
-7139423
3502249
-6576386
-6665648
-12198005
-2159151
202166
-32560094
9549278
3009642
-1185772
-1752375
15358426
1942039
-5529659
9646612
-15534976
1704517
-4050728
3192117
7370137
10049770
13908245
10328602
20113769
-21986804
-12349137
10554410
6225975
-379602
-4691893
16868268
13357614
39926231
-5673502
-6597575
16718905
5094593
29076324
1169545
15271163
-21406114
29336486
1579111
-28869247
28285641
-26342207
-6538748
-16305050
27488857
-5529784
-34637895
9765607
-17392519
4000280
20829125
11833074
-7783724
12648991
-2367931
-783794
11993076
2344661
-8778895
-167619
12490456
-3805621
42220653
-3640506
-28021324
14571222
16236144
14824389
-3879591
10099753
-2265846
7007072
30328349
33104131
-929324
-19340098
27638259
-6662570
-7633215
-5087806
-25590615
10583112
-2005562
2809390
1694017
-13006428
-24413372
-19041336
20628816
-13335559
-17647731
4329524
-2122120
-6669007
-10020084
5020671
1794345
15163550
9964257
-9979388
1899114
605136
566754
7978000
-978197
914229
-10855536
9126786
8465801
-18548042
20427561
-23949018
-13144176
8744645
-15340834
1022730
-9700058
11270847
-20896946
-16312128
-13598324
-23330852
4938332
-6345702
-13579053
-22453305
4474035
-17196251
-17218191
1550351
-29283862
-17432831
-15981070
-6721440
-15884151
-14747513
-17967956
-30779717
7454610
-12588412
3777523
4980979
-10080960
6385385
-12062130
13968634
-5339936
7426495
18363706
-3992574
9769796
-97117
40448905
17182736
11001578
26059561
-8643558
11490200
-22422096
-5051732
20249601
11078094
33503614
-11422361
8274095
21841855
12095176
15110822
-21596650
7658522
-12519252
253156
39277524
-6757375
9024992
-5947553
10765837
28087381
7355576
28775748
-11031164
14749802
8061320
5957536
27432539
-15271279
34074266
6844902
13688417
-3592266
-24864333
41407206
-435325
23702695
-668410
-9710147
219674
-7271294
23226118
474433
12101271
-11717609
2800669
-11738557
-27901015
-5112579
-11276388
-6231595
-23799464
241655
-26121958
-13431220
2184701
-17083377
-16614774
-34927470
2286928
-40231323
-9759056
1067343
-27229809
25333940
-9815772
6073341
-17944662
-3997231
-2841824
-4790871
28562010
-45857816
13643343
22215615
-8990913
4729080
7832020
16004649
-6664750
36131288
11060532
-4442024
25067847
10314202
4516392
4764383
10433792
-23014
22271395
16200919
194755
28448006
-4100622
-6829952
5989212
5150118
6125485
-15360560
21534733
-5376977
-8299232
-245392
-13184559
15889216
-17862169
14482719
-15013430
4257191
13125401
-30952087
17416691
-26787424
12510794
-19784059
-16639253
-7447198
-34057621
37792456
-50928684
11815088
-1846118
-30190727
18418115
-41687244
2339547
-41798183
10259164
-7023244
-42839128
-9777017
-42043678
-5613865
-32096044
21858162
-26036844
-38748217
-6870384
-26821667
-1661534
-39083260
-2896491
-19796354
23122561
12310303
-11188085
8855763
-27918837
27910606
6379721
14881354
27084772
12320308
30851452
28084679
25663497
22997248
15790795
17964646
32463125
20993823
23803729
10547497
27190036
13228071
26292599
34419145
7760313
35204707
-1129206
35131177
26082248
4024150
12233939
-3145228
11910179
-10313505
9785242
10886570
23269663
-1858097
-10777948
-1108827
-21748343
-3333286
-13088119
-3416452
-13776878
-3961252
-6800878
-22471680
-433634
-16364086
-15735085
-12441866
-9686452
-3567202
-20855822
-10888939
-8310569
1577318
-2161425
-21641234
-4568903
-15572534
-1505575
-1088908
1530364
-5596279
-16845142
-7593875
-29676724
-7747575
-18973714
-10584322
-9764055
-6286481
-5610103
-17090658
17937056
-29842709
-22484020
-704263
-16372187
-11926439
-66177
19486362
11578704
1911367
-7163176
456920
5957985
29493277
16754667
7093073
29835661
25693853
22234089
7544327
27755510
21308414
7921745
28345864
18952263
23356222
17687569
7360095
24952212
30810521
17555330
6803487
4056197
16711658
12507050
-921019
-1107093
-16034603
-1748831
-2714400
-13476970
-5781556
-16098058
-17612645
-9891479
-2139366
-16231057
-16208395
-13753876
-11460846
-4624340
-23885333
-19987669
-18710360
-5382856
-10613279
-25084257
-4109423
-13255023
11096101
15682932
-5519294
-11111907
-12903480
6424159
769491
3927644
3649476
-72101
-8472252
-1332658
6721181
-9524471
453459
5878403
6974550
-2478537
-13829316
-16782317
-6001242
-5514229
-26547852
-11675590
-5072560
-9006694
898984
-16686793
-16040671
-319639
2769148
11219402
-7167271
-13486529
-9178683
-2081081
13177844
9039543
9973310
8507717
4650392
-5377530
10010642
15964039
6591966
23838916
8329309
3947411
9208596
10515000
21897258
15002463
18643025
10447312
4071051
17232956
9705346
1928112
7246909
9714707
12103983
10728988
2404762
753154
-1163911
-710832
-2704940
-11359771
-11370014
-10864022
-12185504
-15396865
-17297163
-23649687
-17898508
-8757508
-19294730
-21037302
-18997711
-24916491
-25337922
-5747786
464511
-6341888
-4599608
-6604685
7076112
3489670
1262684
10779286
-1743944
4584669
7803219
5174594
8726481
10688614
17162036
9385025
12350830
11445713
3351526
12614143
10469492
8125050
11967509
10504734
11848561
11276813
2267263
4730727
8854904
1533017
6731219
11904869
13167401
4145053
-445172
7045296
5368177
10405360
4838696
-1409922
4781062
1596127
-3507369
3019617
10124638
10641566
5495189
3546314
12832920
16448974
18012193
8257524
3160437
9458084
9050364
11767884
10825337
3147320
-5891334
8040774
17866459
7048248
-3922036
-14944917
-12366157
-11506463
-11238436
-12916325
-20169917
-20508693
-15559200
-11267581
-20238137
-20779603
-12810529
-12718905
-15149735
-19294455
-23068544
-24942556
-20688971
-7035616
-6437202
-18481927
-14556876
-16987938
-11189496
-875406
-14880964
-23699806
-15667261
-3559022
-12942242
-18136747
-9750301
-8219025
-4219048
-3151032
-1558944
-3201796
1001169
5516745
3976810
7268819
91798
-3223481
-134073
789637
-6482229
-8382970
8261846
10053266
3505652
-3786140
-17395070
-10009191
12574836
10298247
4478762
3390644
1486978
14696296
11030995
10921783
15399223
7320720
13475102
18192542
20891713
20335784
14634441
14170102
9506588
10912327
19177882
16399771
7929633
3653062
-1828104
-10732
9750207
1821533
-3264442
1933367
-4570432
-8223967
-3238974
8383399
4639076
-2342624
-1490987
-11826427
-2975518
4022866
-3045061
-4506541
-3907403
5121084
-719791
-10249927
-10126272
-6249348
-3327929
530804
-539653
-10502291
-262962
-5220088
-8380998
-1735078
-9776215
-6654262
4840579
18875975
5679032
-4437467
2766914
1487980
5221762
3635826
726538
6451713
15732451
14830711
11279637
8802852
6485601
14050705
13927163
6297173
591628
10667875
13476250
3338635
7179893
612562
3716519
6264616
492452
3608956
827314
-583135
-4199880
-2118245
-12192672
-12763780
6244039
6538994
2678632
-6160787
-6774294
6330331
14318728
9919616
1254736
-5132079
-659928
20020305
18159014
2792813
-4592988
-4119095
9179439
10506043
3977542
-7982238
-20274057
-3459921
7383108
150445
-6247025
-13410390
-10823896
-8976898
-6454598
-10888269
-17141854
-5974308
136861
-4541544
-8619411
-13668616
-15194267
-3705446
-1828480
-10870606
-13116037
-15491566
-9817479
-9167044
-15574540
-16706177
-23331293
-17299756
-4150648
1428777
-1170100
-16856580
-18468261
-7183401
3207098
4960439
-2760724
-11192858
-9366219
5570854
4378045
-618289
-5817938
-3935601
4683997
115569
714254
-5598474
-3004254
-1043756
-8140757
255774
-5318397
-15776258
-14309163
-3469866
6778693
9319461
4131061
-9156401
3672434
15000551
4306610
3063902
6692487
8316216
8935496
12305148
6397579
3053717
3703984
3927008
11138061
10720156
6176984
99285
7133747
12727196
14229834
12650659
8327491
20770725
16303096
18955698
28762871
17642534
13438027
18020071
19957697
14051924
14683914
16835671
13537949
10942338
8916250
6376938
-7719531
-13768553
-4311851
2040469
1972052
-8719439
-17588054
-18000072
-12106878
-6798397
-6233717
-9305895
-18055679
-10434032
-6619838
-11508964
-18757710
-21666277
1398713
6061929
-843529
-6461502
-16466947
-8304905
3581673
6950416
632815
-9927352
-7327252
11231091
15474721
4941963
1219250
-1204011
9939179
18232055
7787591
5028209
2453041
-198991
4881978
11022248
11380873
6458073
9972207
7629844
2459884
1160121
459894
6096833
7019360
6963341
8307702
2625574
-2555670
49569
-5343301
4388157
17828708
353892
274623
3797445
5539901
14234130
4030393
-3857623
-3984095
4886810
4557238
-1751292
-2632511
-5795833
4823973
-2081793
-12156730
-8361143
-15163185
-4661831
-2664380
-8136915
-5180589
-14619963
-9285634
-7471373
-9830703
-5279128
-9387959
-7473364
-4507941
-7561980
-14153181
-12116613
-2199464
-2072519
-13227352
-16142324
-3684000
-2991216
-12545112
-17951437
-15308706
-9296839
-7621404
-7268760
-11264602
-14939888
-10757527
3963457
6434675
-5116717
-9805738
-9247769
-227720
4608129
3599829
-4050784
-10222516
-2894171
526443
3842870
-3753347
-7507024
10559212
14110851
5813308
-1434462
-5138570
2995566
10845526
10085921
-858199
-11693883
-2065291
4390765
-1498357
1172678
-1906884
-2239387
1560881
502411
4515117
6056725
6672130
3846113
6615189
9542902
1612053
7928352
11856338
10146198
14746269
8383565
7530939
14361755
14425501
17968160
18434276
8810463
13379116
26254602
16334082
5435613
6163091
8405232
18436330
13810156
2106452
2333939
2575699
5021583
2736611
-2861360
-1516251
1315264
-2130914
-5762875
-9967739
-15127591
-9611336
-3151916
-1916974
-6668415
-13635824
-13071823
-7596038
-1583068
-4572365
-10372449
-7079685
-1769287
821094
303021
-1086645
8762
438404
-815835
-4895871
-11574620
-3928414
7815994
5252112
297004
-4681206
-1647773
6391261
4985846
-2545482
-3740398
2237057
3372224
-2042484
-15714820
-17799608
-2950322
-135288
-8323617
-10256725
-10399166
-6224333
414471
-4096517
-4898716
-1019734
2797415
9652782
7158989
-721347
3250680
5775401
2173626
9069653
4905532
-2100125
910048
7270945
14825645
9046673
-1448580
-9663735
-22048
7765753
174534
-2826436
-10184094
-6358449
2941902
276262
-6527517
-4684505
3799614
-338982
-6065129
-10383092
-12299326
-1964025
8205073
8012229
675189
-3092172
-4928970
2777014
8248468
20887
1050381
-1141891
-5157008
-2014670
-706195
228592
1219116
-565572
-6032414
-9033609
-9095052
3594364
13214272
7680445
4912838
810971
4311784
11061082
5454267
-798652
1511700
16702990
18773946
2743710
-64025
2180859
8003931
19187807
16401496
6940284
7300532
5851526
2484685
4388281
-5947571
-10328130
-6291236
-4277824
-1468
-9412706
-15650034
-18560434
-16569253
-9069729
-10067910
-11186721
-20705950
-17368862
-2033225
-1481768
-5673652
-14069216
-14282873
-4325697
-8544261
-5830466
-422344
-9407074
-9886502
-11983643
-10272804
120508
6951879
2998139
-4163682
-5675177
-7022944
-2867705
-2867918
7494219
7056014
-10984013
-5569419
2481738
5518124
5271697
362837
3224137
4783405
-156974
1173946
5377664
4257168
11256637
15940056
2724045
-5731253
4824484
12524631
12640010
12743587
-643003
-2437084
5900867
6199166
18064268
10428138
-3440978
6591696
10921897
14323201
19804479
12057894
16856397
3777651
-1237535
18323892
-5729895
53258500
54856223
-20061636
-5636340
-20978975
10821395
26312107
22002040
9262564
-12343929
10729683
-16951454
17975759
24505750
-2190955
-6079891
-437747
26748652
3289552
4238895
-51015872
3578010
122997549
48737625
-65920446
-128403685
-41120810
15566300
18759058
-8781271
-96349781
-13005367
74068096
61424146
-41110286
-114040126
-47038925
77321800
101947190
3126709
-49200307
-76051953
2294981
45696959
11371924
-49275809
-105156242
-57589841
-9253107
76901327
35073654
-52066054
-49292719
-5867008
69757241
19008086
-91712311
-111998937
-1368169
68427107
24523148
-57721615
-120188803
-88599936
5625397
34558156
-20121133
-70942595
-95624245
-28405533
37783324
76177566
38396719
-46508279
-21706546
12818563
56175705
49620724
3774867
-14720268
6918712
33473147
25386743
39313652
-9315984
-5388640
31903387
15086746
21908537
35514690
29351635
-4072597
52888719
74919495
50661299
48050876
7558987
24387175
34272840
26993497
9739063
16119283
21755064
-5611540
28189677
39784612
28034258
12198292
-1891173
13146170
31367709
20391290
-14908608
-15166256
9276548
21872802
14126840
12067839
-22627642
-38039693
-5347063
-20792666
-25344506
3233227
8619489
-3478221
-4332050
183417
17278068
29523638
4301732
-28737320
-36441968
-12849945
-8826086
-1617499
-939342
-51863275
-46692697
-6125243
-5379700
-12106195
-70567623
-94329498
-11384571
42212939
8264105
-61893306
-70505601
-46249078
-4596929
41108302
-13887170
-61348354
-66895807
-39148944
20653674
21670622
-1243745
-36492278
-30622963
6086485
15928813
11874427
-19218624
-38487435
-23172319
21739915
23471782
9636173
17602586
9705960
23210015
26868972
11846703
-8220874
-3270113
25071574
24079057
16685717
8778031
-14750594
-21484867
10301508
19762471
-1075262
-14198271
-5562370
9794479
15336785
26020563
3161357
-4261578
11029915
-7219113
-4561230
-634975
-13133489
-15720380
-7403558
-3167998
-14312017
-13301100
-6962547
5524063
30850456
31347930
925405
-4364718
15370037
25184124
36387423
40725441
31419397
18418266
25411184
30846588
18862095
6445959
-6307195
-1078447
7851849
6937170
-1890193
159088
-1263817
-1929280
10835361
-6766502
-13205707
-5813073
-1891324
13456857
3665671
-8881036
1956307
12981852
7288119
-10182428
-6257664
4933050
9143592
20340457
11202350
7444242
30983682
37267700
16429326
8264846
26754494
27773556
16417489
-3365268
-31887038
-17003498
13886213
580652
-24194915
-17134290
-5855862
-5040686
-5738238
-13624791
-20290690
-10105734
2851202
-5362794
-86005
9598608
-6171179
-16405093
-25957898
-30049697
-31083261
-44167241
-46251693
-41456338
-36330252
-36418479
-44456343
-40175237
-35208168
-30311030
-13386810
-8423744
-10669453
-7159525
-10736441
-20682484
-28685900
-20674470
2696946
10313781
812883
-9257055
-20082725
-18899754
-7127947
11081970
29229379
20001996
8764140
24683354
17493685
9631461
44517784
39404058
15019112
23280402
17340228
21010999
35610764
30734822
11823688
-50453
4608403
-9693818
-20841030
-18620696
7632869
86788493
152572658
203457829
235809581
213115904
175432797
157228205
169412989
157748639
129964727
109420038
44717717
3834589
712136
-31425119
-65894941
-94158538
-123450069
-136169566
-121831100
-100132164
-82690659
-57114064
-38222586
-42490169
-65311992
-79116846
-61120863
-43324536
-38784469
-39167303
-82435628
-130437486
-140528941
-131331300
-111862874
-104771919
-110537482
-138926035
-161371269
-158535387
-152304447
-131113485
-124852605
-139286113
-135087461
-131096519
-134770968
-109985939
-86870052
-80767348
-68536096
-63541641
-66889782
-64752710
-35245608
9548608
40614914
46140951
56762921
78544725
82155120
107589266
131251395
131117676
140420710
155535797
149377502
100333602
69318530
48428543
20360279
59385549
156772624
248413122
320628369
375400183
371528274
341641936
324954187
305874114
306150563
307575499
279619287
211705143
129568586
64288406
11333239
-9222137
-20606723
-50509801
-73618654
-94314621
-103950071
-93936828
-77268701
-55612894
-52577634
-59783091
-75495869
-94204951
-74704361
-51867808
-51500119
-65915466
-99592117
-135456965
-154390118
-156803862
-149968709
-134628829
-133706832
-147674957
-173978546
-199177372
-202030383
-199502991
-176628625
-162001627
-172283799
-189663664
-207344594
-196007683
-181163654
-167426778
-158519686
-157821271
-146424512
-138962441
-122209942
-91543568
-58367561
-34020180
-15509534
-2594944
-3592999
500351
8186645
26150504
49351749
50415606
49313362
46008964
27307726
21043184
34013444
43378634
51022776
69591100
62379323
48513164
78273236
121416310
160342177
179610820
182311073
164539150
138333720
134415559
120450228
118127164
125719904
142059178
211753889
317015398
420009167
468336248
465233475
422525869
345186612
295201385
266465984
228121784
192136834
144953770
67728780
-14210239
-82967312
-130086904
-150656627
-163953275
-174361919
-182742268
-172040938
-154311364
-135139759
-99386750
-73204902
-56239739
-50292194
-54968295
-66547015
-81013010
-92078445
-105909833
-120230348
-144788862
-165575511
-175341537
-177655584
-161452662
-163995339
-200410114
-212696273
-209845062
-215664205
-205462884
-207131954
-216026402
-206451117
-192373420
-186926509
-181645838
-165077034
-147696051
-116776799
-77206175
-53784970
-42762339
-23100462
-17616926
-24253168
-7155716
-7090769
-18903426
-16213205
-9756913
-15117034
-30989282
-31255969
-45208123
-50919946
-37207219
-37314554
-30204849
-13407294
21332029
55328658
77608696
98898474
125078235
149956866
155828087
183217317
210776576
217100592
220579926
221365865
208985853
159087096
120564436
118503204
178431765
305506652
431410203
511981437
506951272
449890280
360572362
270796531
237623447
210928975
190506001
161066844
98021939
39365609
-18945869
-63403854
-84072951
-82102478
-70009257
-59433989
-48406855
-56529445
-74459315
-92235805
-94669020
-96608032
-117627769
-144258431
-182732073
-205875687
-206709006
-189354424
-181633619
-200790185
-206556378
-209777020
-194361064
-169608771
-161804034
-151899608
-146681242
-144273967
-163890898
-200204341
-229501443
-226464056
-198691918
-193408127
-186599830
-183035973
-182851266
-165504058
-146119106
-128494442
-105706328
-76231200
-77946918
-97469748
-108556227
-108731762
-89002555
-66092880
-35802840
-12102369
-11019160
-7715349
-2052476
-6338806
-1882753
8556426
12535360
18664562
25982420
30397395
40189486
69750084
106777927
130002492
136856473
140085844
147541408
161423608
190637738
234685061
265978645
262949274
248333529
228100760
207419076
184298103
145947596
132889218
157629880
242850756
381702643
499554049
572338757
553300765
442395101
311316292
205760395
149330871
122092958
106828292
92294556
73567083
43239803
-20174417
-80817735
-109912595
-117844362
-94463154
-86446269
-113701969
-143752478
-198987589
-247685421
-269483131
-283758940
-280548684
-259957925
-225369940
-197301311
-173333458
-158261862
-160770224
-148582248
-118191277
-104249975
-112831343
-122075168
-145605763
-170605211
-187955524
-220605986
-246498321
-259395082
-264253337
-250536232
-217943785
-193166867
-185903660
-167731236
-147276998
-141062065
-145696353
-155558921
-154098383
-132494192
-110743890
-94801460
-74660354
-60472560
-45078161
-20584414
1858553
12349724
12717607
17700174
30687199
36467889
26429856
15425723
12192625
30213470
59963628
61611151
63707324
82271298
93309359
107286262
117867231
126379097
140303268
143657409
144928183
177101234
225856773
253535945
266797798
261811569
221622326
175333873
172632469
186605803
240602927
386911299
523766587
580031029
543350211
437906441
311024225
184910171
108360299
75816757
79741807
113528082
149904170
163271984
120710133
50418220
-31018986
-94684226
-97130576
-91766514
-104685265
-112132386
-136539111
-167887389
-185745982
-213279986
-226199035
-183118609
-110280522
-59279613
-33178649
-38590853
-87593351
-132121154
-155174244
-174362279
-186430915
-190689142
-195349818
-195123276
-200239824
-233090723
-256243945
-262562201
-252751747
-221808439
-212834052
-214672490
-219662860
-225271890
-219932708
-206338985
-181403575
-166125681
-151825386
-145099160
-144970038
-124490126
-101705191
-86366221
-76191263
-66564780
-51465800
-23043320
1522199
-694939
-2051508
-2103256
-2752513
13143296
22670489
21803428
34468583
44375517
20248756
10064046
29425987
49314388
95121350
127263945
131408223
150942870
182322377
212933799
227791973
240214001
263937356
283845449
278846113
260681143
239362343
189357783
161800974
183850885
217979595
301020757
415522970
461010704
434130187
402478327
327261866
193804778
123561263
103390842
83585173
121605189
172451740
161184326
130745703
93873292
-4185970
-100166709
-142573707
-173296857
-164390533
-134213556
-137610248
-142199621
-151274640
-202802381
-240196838
-222640420
-198394971
-166468245
-126999400
-105729021
-101398301
-134999274
-189821408
-227642100
-239147177
-218818496
-184944364
-162879717
-165960505
-177136901
-185741182
-201397195
-207384343
-215102236
-225697096
-210718540
-185181644
-168707262
-166343885
-175759529
-178414334
-169602428
-157082945
-128247911
-98072371
-88073284
-64970731
-25412038
-548323
2494957
-4121831
-2727085
10154719
29352087
32333998
-142320
-26997397
-12571331
-6356936
-23277292
-20063851
-9512207
-4366339
17437439
49659984
68283952
95585269
144914033
186045283
219476461
241984143
240390483
227860836
233817202
241073811
211229085
194901835
204406738
182218939
168143117
200521317
253196195
347234045
447283838
466413989
453956586
456003432
382326255
272575904
218105063
157821490
121510901
145153793
163829472
158456080
136344490
88827476
12914298
-45684773
-106899701
-179500575
-194040566
-182021647
-163886295
-128044509
-137350442
-185428102
-210205195
-210547428
-207093874
-192157384
-156906167
-134954332
-121988712
-130665885
-175580955
-199499073
-222448484
-249124986
-251641786
-244604534
-238612424
-235984304
-231239090
-238934114
-250006973
-260604264
-261180026
-254656291
-254558752
-234594279
-222459436
-209194927
-178536963
-173819491
-170326442
-140368379
-103440069
-75431886
-62755535
-58411763
-38223522
-10277173
-9443457
-7813591
8100826
17522368
23088624
12910392
3377591
-4292735
-16796613
-7951990
7143431
26715894
51862503
70309565
89921548
111573666
143897644
180286517
206600135
226486039
243462685
253665126
265700130
284124568
282029117
266868513
269325932
263496850
227030470
219272458
266139933
334214814
425462947
505614787
506411232
469716684
430044542
346814743
286545117
246598427
175060220
142128517
137445639
131669316
143718114
127993328
53739693
-15997987
-66557975
-144466078
-211017614
-237316155
-239386212
-212910966
-189561794
-201343428
-230693233
-250967520
-252078330
-241922397
-229281303
-223291912
-205364978
-169529415
-157072755
-154900813
-163997871
-207925356
-236590688
-246141624
-267761978
-278525826
-277812024
-278672125
-229560932
-149883676
-159476572
-214921438
-210301038
-202598221
-213294818
-186306589
-169707233
-178341667
-139083715
-88220041
-65580114
-44306665
-58767242
-90763211
-74668743
-49658755
-44329956
-30396130
-18803686
-9965408
19229292
37682930
16543275
-5272558
-1422223
25632695
63029629
78912226
84805768
88262990
80927277
96357422
127415021
150302363
170920576
191603196
213347912
232778161
254072598
267298808
259326301
245968414
236220494
219419805
197782997
184803322
193781874
205306492
236080788
330284581
391222596
374921570
360642862
359262670
348956381
331650192
286003305
206439529
171033040
167984980
148358739
121025617
75591891
28131587
-27595969
-87548183
-142934978
-205850004
-255302113
-276722933
-271328926
-256611035
-249245090
-260975318
-268874410
-244986063
-221406341
-215814121
-219596769
-212320004
-178311781
-142175125
-130979391
-146177013
-170500941
-185858796
-187058319
-189900316
-206556155
-222318877
-227346315
-218516934
-194824224
-194011756
-220817120
-225266696
-207184654
-182425788
-153293865
-143502183
-153642385
-151554345
-125161768
-88856496
-70069024
-76902199
-73376756
-49168853
-26442860
-1052776
23693863
31070296
38427896
64489152
86379955
82293543
57414940
40562177
59569715
83083700
77167514
56024032
48199674
71978574
96844337
100635398
104701350
116200342
135927731
154516614
157813868
176390926
207360076
205938895
197570672
195727752
184677716
172313411
172614066
202013588
243322315
306748304
366712693
360416735
329119539
314504616
291972312
263047333
262143603
258684082
239200569
234833471
220562892
195295476
151835124
77855015
22816655
-4931572
-49479769
-109580654
-140521959
-144690648
-144869291
-139073717
-153295248
-188140297
-209702747
-212398815
-203942205
-202774516
-203941024
-198000582
-188671165
-173907171
-173290312
-179060817
-175944995
-177279762
-191987185
-218551332
-236290167
-235974897
-224030857
-204867519
-190266544
-187579814
-179731011
-173300963
-184830196
-185752716
-177444972
-164860878
-136403643
-116251314
-115526401
-105164646
-73417524
-50580876
-38728501
-32965370
-33014990
-24354949
-6186942
5618043
1800167
11493048
28061334
28892156
25194273
26667172
35834756
42947662
50534650
48332990
37923845
52426682
76108247
80176473
90892692
110255855
113075768
128529682
145764260
151994838
176532051
187456782
182575773
182251659
176018677
172990672
179151769
173908854
176328064
198512938
210117265
254905868
282744372
238147669
217076329
228741227
231679237
237640618
261199550
265999134
254109631
267094208
261293191
221938182
171395590
108539857
59660447
38792790
14103651
-39964926
-98952372
-139201252
-163334194
-170356109
-198096846
-251054849
-268648266
-261275775
-256075814
-247703724
-239290265
-223381622
-204663886
-188304576
-167698562
-148429643
-146409013
-152919583
-152865263
-161472383
-170782193
-162338807
-150599836
-139509094
-130297688
-143641827
-165376646
-173075974
-174754127
-181116578
-184209991
-167478105
-145466407
-130966699
-129337065
-127275488
-110050691
-101730967
-93679898
-82840327
-85247656
-71548099
-44790220
-37200202
-27093989
-14594401
-5186053
23917432
44168011
40183370
36612858
43858986
52757728
56298242
48401681
36101681
43393386
62231517
82678202
90731045
90309287
106213293
128848555
147453643
159350581
170977210
180730082
196152411
221885064
232124848
225462787
220799318
235187174
254280569
283223527
324910157
326250570
296903240
282701507
282598260
270481177
262240441
265976628
249095420
251284522
266333666
230288020
175725683
119870221
45470530
7007771
-5972328
-53967935
-91521793
-116181918
-151666631
-162372617
-172702538
-213015698
-257206616
-271770208
-266821786
-254632329
-236420310
-235701493
-223507273
-189839348
-173834962
-177479959
-185423206
-187410505
-191262001
-189949458
-184204556
-184349785
-173852803
-167142995
-173947485
-180639406
-185788805
-189880081
-202737952
-213562808
-202896285
-187220258
-172219320
-157485754
-154075873
-145569154
-127864804
-118095731
-113821154
-106071985
-97584643
-75547864
-40986190
-21701640
-11035359
5454141
33445856
56461207
60709066
57322396
55215259
64691366
68822874
64292524
65171414
75867649
90455933
98638237
111801524
122771437
124579668
133131069
143507007
153614845
175370071
192069699
203521106
225504269
244352106
247192661
244875627
243709066
233753838
237070358
251794125
276136120
308841858
290418699
252493574
259071237
264607952
246699809
251357874
260303879
252288130
259622686
258001075
216325945
161185005
111318376
71118709
50912818
14848899
-45627890
-81894118
-97182909
-121158040
-151167872
-175832314
-220619996
-262405519
-266341345
-270338380
-266372384
-240980873
-222933093
-225424535
-218806571
-202483942
-211752495
-218034331
-222246913
-222156128
-202728875
-198519708
-196263665
-190338599
-192511879
-202874919
-212317403
-206637006
-214982496
-229020305
-222817846
-212924077
-206020667
-191932991
-180243573
-181913178
-172931740
-158789448
-144773290
-122363048
-105623453
-85330158
-64577577
-50568900
-30281105
-2876473
24963270
50512987
59893455
54500752
62923125
72362136
77723552
89776955
89648377
90239520
95209575
88950659
97450918
112342522
108389933
116403585
125677675
118359418
137209748
167829913
176228889
182601949
186463194
194257999
222339567
233959751
229371224
245840940
263978873
288779714
330930520
329360303
291299823
297595996
314942523
299620386
306252670
314007644
294809970
290668212
284496339
231814610
172562299
135821356
70336761
19861762
6526134
-32087951
-73440822
-103296786
-145332526
-184391378
-199108625
-233627515
-279612309
-267763997
-241987922
-240262971
-228826252
-215985375
-219302587
-205031163
-185823836
-195865216
-198235972
-190148671
-184997497
-172748829
-162560652
-165211538
-179579260
-186823202
-190802607
-197177368
-194360953
-201091416
-215107723
-204718646
-187581219
-194349234
-193720923
-178128430
-172000521
-155713771
-144978296
-139921207
-117313295
-99387953
-86682349
-59945806
-22894030
-4286855
11268706
36830750
59694404
77430004
72669441
71966289
81908793
88889062
99662376
103767461
108941475
96108895
82327216
103454823
107083767
90436484
98615535
113514394
119419001
144696115
175451770
185511967
202325042
222998288
231067852
245003601
257291678
253702546
245971178
247893597
253243181
250215491
262866328
266221712
237359066
228213834
227351090
198044014
185276422
214515448
212908243
191440469
195129432
156889526
99513668
72989081
26356426
-27134340
-40380041
-58863776
-102240688
-130026749
-160823014
-202185838
-218752162
-230162744
-257070748
-260289188
-249949323
-261409803
-265109180
-251490802
-239098088
-231945036
-230808713
-228269164
-206922562
-181829835
-177907263
-181329604
-177350941
-150459992
-128924956
-142442148
-154744984
-161148584
-162254574
-146246151
-140505832
-136908161
-127787431
-138561729
-136008743
-119060267
-125333464
-129220645
-120185159
-106688557
-90302326
-82054492
-67348893
-45117015
-29276992
-6920444
12359076
23794355
43171807
52971592
62560183
93175628
109227168
99389402
95712206
102100722
114415292
131987038
134655128
118856828
111770170
125730137
146134930
156464494
155631217
157085857
164512590
183541796
208990809
215901438
212458455
220577686
232448263
234667657
227636743
214153138
207126975
214714922
215104230
195772808
184957466
187121574
169175152
147005526
145727556
131038027
102529084
101697401
110468533
112830760
110042795
77775720
36984348
11282551
-7297324
-21821293
-38371840
-56165157
-83814635
-117148838
-141995697
-162203964
-176638176
-193176569
-214301306
-227625863
-224618054
-218836094
-220592571
-219007242
-217524285
-216120544
-212238421
-199907153
-179907740
-169941614
-168186128
-170343745
-173595489
-161232737
-147478689
-154578216
-158343872
-149944657
-139481316
-128007841
-123977237
-132229379
-139144897
-127153319
-118492593
-118385775
-100726342
-79447070
-77104779
-74339349
-55261643
-40722435
-20067322
-5395256
-10727421
12720382
35817893
44614669
72418141
80642224
81264563
107968713
125831571
133097176
136128601
117523506
117360175
136252099
135639430
132728752
127231471
121666972
131933772
145607133
148661128
147686174
144423792
133930705
136938647
147257415
154794596
158922352
160087583
172453774
165342475
143507263
133893163
132611042
145635299
138865350
108293163
96863779
101011203
93656664
71648515
55989015
44880772
29710367
19059396
12118892
8583081
6315499
4360486
-732784
-8098770
-5268857
-1448771
-5051665
-15440970
-21900859
-16960360
-21499439
-26478257
-28036400
-34566661
-34646216
-49092548
-74490236
-89726960
-99984474
-107090164
-116942763
-134750754
-158525457
-171752942
-179451164
-184292561
-182102777
-190174177
-192747488
-181897699
-171263328
-169382654
-158295646
-140664934
-140561717
-131673371
-119880511
-117263601
-107006862
-92226733
-79249566
-67232132
-63284420
-60226283
-42436069
-30047007
-26506071
-23146621
-10907357
2707772
-1872162
-2398179
3278206
13443179
26511188
29501838
32807295
30794995
27943118
33702759
39112052
44816467
57706320
77229417
90926377
100934514
108431828
109426447
115507371
127487430
131053397
132062006
137313163
129790601
119610060
118779429
124744559
130980369
117997239
106554733
104787753
94002264
95709100
102047279
90089799
78519897
64865556
54804600
63603755
65688047
57361624
47499086
38669513
41099391
34455445
22255003
30249121
35327197
29872254
22656914
6788972
-7432528
-8448821
-5157497
-14110540
-19008361
-20833186
-36074563
-49959693
-59073181
-64544155
-70027878
-75826791
-81663755
-81903167
-80348107
-86226428
-83282748
-81455797
-85735336
-86141436
-77247175
-66368481
-64755169
-60266777
-63729069
-72098592
-80264934
-87149011
-84790121
-92633021
-98172533
-94440456
-89545175
-83277195
-99381230
-115772769
-93684386
-66007404
-60796948
-58962343
-49413038
-30959195
-9220149
-6334907
-10875886
-78931
11243133
23248862
26429368
12055322
3876932
9863052
18632698
16960717
20786016
31109826
30358920
31230699
30900620
20028731
25163788
45990642
47901474
42924012
42205559
40313620
54080297
69291728
72250093
73777140
67479457
68848908
82049232
83790679
82784014
86904191
84291837
72395959
74221576
74155072
47122752
28022043
27019871
24195932
6675749
-8411298
-10157753
-12673906
-4962400
-1260597
-8886784
-9187932
-7750354
-3070256
6986472
4803614
-989347
10028107
17511217
14492263
12501045
13505288
14979718
8778042
2088941
-2689966
-11398015
-17368192
-14469337
-12856200
-19307339
-24687339
-26688613
-32722385
-39209674
-37464885
-40413580
-45224185
-31774395
-22085008
-36835504
-50075389
-39588154
-26059828
-24093184
-22000363
-25012685
-27739139
-25925518
-24832309
-25997921
-35928549
-41225139
-42887461
-42009893
-33967911
-30216088
-30886299
-26023494
-23228412
-33717915
-37929999
-33616847
-27760755
-17343908
-9678309
-5485585
-7089737
-13737635
-12105455
-774929
8382451
14726073
20228175
16008489
9275465
9952113
12603127
21127264
18371541
12072709
20226452
23845972
32877597
39549137
29767274
25134043
34881312
41298885
47039225
49585167
40175683
45692538
47440817
48743067
58633205
51032504
42228600
35334206
35560189
36785867
28202843
20994000
12943803
8257044
5758156
8029553
8426780
1116129
-4256358
-10413783
-8119510
-5891663
-10424444
-13049744
-13931106
-7780542
-9934488
-20764251
-22959258
-10685382
2862338
-664025
-12961785
-20145619
-12472692
4581110
15171744
8679985
-7827908
-8828529
8026887
15482695
11319529
5396634
-7572971
-15989214
-20088608
-24488613
-16964449
-13811124
-31319898
-42632269
-37938018
-35514755
-34356286
-35290794
-40214049
-33323438
-22123373
-25035982
-22450374
-10734395
-5725916
4160878
6732841
-4588077
-3981870
-519773
27189149
52107687
4115934
-37120064
-17977029
1049918
1980537
626062
1348144
9913974
18930507
-2881507
-7160715
31898313
12602231
30557923
77401430
-19339022
-82609747
-14184709
38087780
5688668
-28853934
-15770323
-15699893
-14288831
3759890
15259210
16840828
2437000
-17942412
-1681840
17212278
9323694
2283302
9683715
24723663
10193816
5543492
-916744
-15772562
14321659
21167337
-4152157
-13614876
-16016076
-10286398
3164626
2937659
-18262031
-33407330
-35158194
-35944924
-42721999
-34012841
-12701515
-24693093
-38522943
-27378339
-21285125
-13021784
8886924
18216093
8912855
-3167278
259452
34070686
60704979
104827006
96703761
-11293910
-5196908
55473610
24807731
2773926
3611775
-19788888
-41399286
-17483821
2900017
20752624
32507037
-13527891
-14180149
26644706
30831796
45052364
47107092
17002549
8793578
32607791
57318668
41455092
7559489
18085895
28383937
4672577
-11728828
-10976519
-5477421
-25548193
-29008838
-8226960
-11088805
-9560192
-25540254
-29329273
2143251
-723564
-18304247
-1721768
8567934
2722584
29101076
13737311
-21486265
-17195607
-26114418
-21061003
-32181329
-58732279
-43510662
-26950145
-23564690
-20239414
-19859902
-21395546
-24322747
-16211679
-27364399
-28904935
-1519496
-13932366
-4573974
1446237
-7553170
13596760
-16678847
-15686914
30564617
14518889
-20713443
-13894926
4985719
4940266
11881388
2582143
-25414181
-25417276
-12047451
-15549124
-13162281
-13929625
-13699680
-1095132
-17352833
890005
16726273
-10100896
7574614
2663324
-12923755
11985286
22284796
24008298
23537075
-590171
-2917942
31776809
17079664
20335891
38589178
1216658
6359823
28055300
9527864
2570805
36325187
2510243
-18873907
37316475
6536514
4040299
29759847
13067669
25119486
24424002
1863581
4307775
39201753
16466234
-1164932
25023504
9712377
8623836
15093871
-171151
-948685
4568547
-784798
8829171
16203217
-13641084
-8889159
21369115
-209442
-8322412
18276097
-2066448
3412621
29856391
-18316820
-20460566
-13567890
-30420140
-3758535
-17772867
-41389250
-35795049
-14411736
-4456570
-1427155
-14542116
-40506976
-21972593
-19081305
-19926969
-14461882
-12048862
5476209
-816763
-4661426
-1835804
-1104874
16077653
-2305747
-24697034
2401796
-6652403
-32370694
-13200619
-12547669
-38863290
-17034263
-914662
-30459533
-16097770
-11449068
-25098547
3795151
-1102321
-17323623
6014558
13220814
7675234
17972646
27251117
15327798
23949735
33542861
981109
12253501
29196093
5980297
6373062
5943765
-393541
3324486
-2571710
-1735119
8720616
5403961
11658579
21188240
23414396
30902595
17338354
10078090
15561244
20324702
28122762
12228977
7232810
7701498
1036632
3223756
2110104
7240485
3153194
2594720
1549380
11754739
18968644
-3874104
10627214
10860367
2463389
24641832
7270478
6893045
26106890
7047602
1240466
-8983526
-2285962
15682987
-13975943
-3590357
-16248818
-37377008
-5775070
-32542787
-35261805
-30754206
-53649062
-29141889
-37083289
-37168628
-25037952
-42704623
-27674262
-25192226
-8707207
-7254502
-33515524
-22961435
-35889648
-15521811
1635871
-5523220
799571
-34101227
-21579341
6996957
1357325
6352453
-12984559
-14854509
4653776
-8791225
-2723722
11931563
-4464143
4595842
21562576
21901272
31692594
33348314
27366189
22762869
25682911
35790298
46999896
33036735
-3602894
15305232
31680259
12400998
15873382
-13819599
-23178296
38039896
64698976
63221500
71120145
52205643
43521195
91976518
132613559
111310604
84876871
72431689
61969069
68626704
63546738
45334754
22081922
-21301125
-46810189
-55229927
-69401521
-71707867
-91010995
-98818011
-93508773
-107763173
-98668146
-102004838
-94624199
-58967390
-56634250
-56598987
-50459787
-38009755
-22785745
-19124115
-7145713
-15506766
-19188604
-13545576
-28852082
-4294534
-8209118
-36273919
-31836645
-55557349
-49344918
-51828634
-68401654
-60041963
-65453494
-50322831
-56767015
-51489231
-29643988
-35494298
-31744452
-39502245
-24305009
-2266155
4567153
9788244
5360957
31656793
43011306
29265240
30597564
36441987
48271104
53331850
48979120
35717870
26629969
45924275
50434298
40204791
36011587
33813168
56923092
55281587
48252438
50792439
52240342
71530338
60773537
60884812
55797142
57641798
80029324
68501896
70871288
50901514
27772188
39907886
67848117
98014290
94096651
90935760
97762568
98063475
95146673
119802758
133628383
118660463
120973196
96743657
80751222
78476644
52685105
34771902
2048387
-51160458
-101347137
-116822641
-107957415
-115743582
-131149930
-150991338
-159706415
-157543729
-140768401
-117048147
-110271200
-90292473
-87799958
-93525414
-74046154
-59512210
-53381927
-70536968
-76259951
-62834450
-69159254
-77612644
-86582990
-98368668
-93965843
-84776199
-99703808
-107446765
-110030765
-119812523
-101916733
-93747604
-88746959
-74979211
-70267730
-52083342
-47498354
-42153514
-21494219
-11253882
8067247
24911471
26232980
22166791
30782300
50529588
47095252
58329923
69202084
49344350
48087366
50706240
67458028
90562189
79108617
60365544
55966341
66698599
63312086
66495501
87715658
84228215
83262052
86463717
86138874
86559400
80441858
99475790
102493257
79578150
98583626
105248513
86580504
95242612
94654999
84712675
87121812
77384139
56128298
46067280
29074043
33108174
69745642
94505124
104396174
77765072
59246999
77233455
102092354
128926300
126542566
101495702
82990582
71681534
60119912
50173454
13412852
-35765329
-70371505
-118239729
-146259931
-142081755
-146826328
-179709359
-206598355
-215217000
-213064650
-185591525
-172761480
-167988443
-153868866
-143163941
-132303425
-110369732
-80054749
-83786105
-91151380
-85452884
-88461309
-90577125
-90951623
-87988636
-105486610
-112064004
-98814590
-104926295
-98568215
-91102482
-103444402
-112044451
-91504388
-62410150
-72003707
-70187242
-49014810
-46183855
-29151272
-16139927
-15861080
7059047
10311105
-2912195
18922338
39946217
50118179
71752839
63072284
49196837
64039981
92576969
113375026
78897156
162136682
272742254
206437285
133087255
71985038
29276540
14360915
5568238
-21969287
-37564638
20247114
45213022
101708038
159861458
124472040
114310286
151179889
187316588
197505871
158280883
113940423
91377989
108244399
145247944
81301915
16633045
-25907947
-79214731
67257440
258126430
272742990
202876066
147268922
128647034
184422860
295550265
254486762
94612407
-18420574
-75130710
-71797773
-38369718
-70471844
-213457067
-310253909
-277651622
-182736205
-97839209
-83387390
-144215698
-183651477
-91274030
-1802243
-695824
-60537252
-153640240
-176582082
-132968072
-75608796
-105464987
-207281523
-243927683
-213359058
-137452799
-78603916
-96125347
-155282285
-179075859
-119598552
-49910426
-42998783
-93091787
-156058347
-162071675
-106071863
-56565421
-55944265
-91311658
-108045616
-55797616
27112010
48910949
-6820551
-46039298
-20070403
22016462
47894744
12706085
-41900786
-34514089
-4043851
41496989
55232158
8926788
-14351553
1412757
57391683
107079194
96022144
48041573
15274219
47869287
94440138
116388410
118907076
106771714
109428396
119464013
128757246
132199853
137500822
157555917
169621305
164595737
166191236
172717170
156538677
118341740
63496947
-2728686
-12850121
15113906
49206478
241613173
444241546
425313723
352296900
329583177
306561436
304338818
307643500
164224225
-36799602
-87139893
-44406898
-9584494
-48829443
-144340798
-237203386
-215472355
-79921962
-33218820
-87538499
-140718253
-158527395
-117400939
-35164440
-45120309
-166074918
-243902046
-220999399
-127056776
-72882955
-120447790
-204805279
-210505031
-110140948
-34550279
-41725032
-110473453
-166073879
-155478547
-107490806
-89349696
-161550583
-239919105
-249128479
-190134543
-128272285
-116977118
-140617464
-168615824
-119012387
-33219376
-6058571
-34472699
-58952145
-47372652
-19966466
548984
-22454247
-58593966
-57926241
-7434792
36879846
26103401
7503761
16535825
45937220
63535047
69175821
51565776
29438392
40921125
58388394
68196214
43721635
10765039
11002989
32936421
69601328
69107481
55734148
103378756
168447616
195331712
191603902
159050368
118593637
108089596
121150944
128429688
107310912
78654934
83559519
134070655
123338271
47534974
4457653
954688
20621963
36184379
218584667
423104994
405722634
336660898
289649172
266848182
250532214
231559317
93189398
-85067970
-106719353
-51773599
9654736
-25382432
-112102525
-180734638
-145830262
-23704871
-3148106
-64794102
-137938076
-118686770
-45119269
-24420386
-94753191
-214152585
-243701282
-185098334
-99826949
-96134701
-176203091
-239992790
-212431500
-118317171
-97405347
-147172704
-217998586
-229413681
-162734822
-112443882
-130394210
-185604626
-184602372
-134392038
-71657700
-56217388
-92415674
-127666661
-128933706
-48528861
-4217226
-58278949
-110948266
-112488207
-75984941
-28536813
-6999853
-42457882
-64974692
-20335111
57179359
102498038
89295094
61718936
47449893
69697408
105799479
86651650
18225230
-12231458
10437895
27853568
43533486
43189367
27027591
51007252
110689050
145429263
134928418
131824284
157278053
200060062
217289102
160669950
95516613
106569507
170079237
193178593
128678558
37716327
41417011
148796303
221846665
151382815
24430333
1600266
60736456
99512078
110656022
218671125
376589161
412025938
358101280
305685347
281578856
231590131
178699321
83894646
-52541460
-88838259
-44055672
5816062
-27296138
-103329227
-146860600
-116508669
-29631013
-21022269
-92089045
-148783836
-111491696
-61746652
-83687777
-168487155
-275281905
-284240819
-214214626
-156624918
-175836757
-249261805
-270640517
-210442772
-139775016
-155999100
-214554998
-241102689
-208964644
-153423355
-177266782
-242839559
-267924703
-238243908
-160923529
-109545462
-137616072
-155693437
-108898047
-51556445
-26730141
-48736599
-64813765
-86312617
-57488803
78932192
112673976
-20913353
-121476195
-47933407
38000549
17926073
-17979096
-47856238
10157861
131476446
194940538
134584825
45214816
65528459
114422214
119762692
62658245
1114389
-13681048
35580005
117083196
122790542
78382140
57031426
121937980
214115563
227629035
175610982
131266689
152952685
196142942
216993664
184793288
131840322
129060935
157725004
136526760
68912886
69678816
120111400
118918075
62372308
10528728
22999620
218102273
479271977
475699455
281620628
208951580
303215812
346824144
240350043
12928794
-171233507
-111733773
22144019
18546740
-120703640
-236231073
-196828636
-51537482
33943757
-50853962
-173696792
-179765429
-77748969
-22782484
-90068118
-231087717
-330047981
-277807219
-188910910
-177181383
-246900916
-303987093
-263261137
-191488634
-154855117
-170236891
-209126852
-221876971
-175488471
-157274413
-190174629
-192449135
-194512944
-177952331
-133722809
-95922877
-93581983
-117223769
-94205028
-49712734
-24311301
-30408220
-68409868
-106156545
-102864612
-70043638
-68422548
-77204898
-74418249
-65116458
-30784662
24162302
51498244
39688573
62336807
117222644
156353652
163331270
133824478
101223358
88448291
104922256
104887787
63073411
30689803
33311805
84377419
137413821
153565164
161526598
164684230
172504083
187453018
178677370
143026597
131257952
144460811
147891924
144440827
144767316
151525334
123807452
91134190
122451102
141909857
95955159
87555500
129124180
121938274
76808739
43657417
6293322
-35065880
-68978031
-26975494
180902247
347092880
280171079
183567397
249380059
329023046
258983003
137092299
36294609
-39779561
-62621107
-38344275
-53423131
-126260173
-171003144
-186811951
-157045992
-113677005
-135681578
-190150806
-192413980
-129582006
-79506420
-105542069
-202099782
-261207107
-231539510
-189225599
-202575822
-258787778
-297923633
-293247548
-238227827
-192258604
-179095083
-157620814
-147682363
-119689234
-59719221
-47020376
-79694994
-95681698
-99780023
-104064452
-94381628
-99579994
-126735696
-132156269
-117038913
-97830337
-71304627
-46080886
-31834674
-34876564
-23504304
26735690
49739591
22781792
27338074
64177365
82617523
102746261
99056376
74100441
90286162
119094866
119072788
100114222
92068166
94362452
98508258
102561758
100377952
104705591
104070513
97399309
94913009
88459977
84738436
93236503
109528647
133899847
137198660
115483126
125847309
149558727
139587918
112658477
105064607
107607418
108568076
112331127
103711193
91996856
65712086
37115521
42391612
34577851
-23877620
-81103439
1361622
232743765
327087909
202411997
158628540
284375908
322249678
198076995
102035141
77435028
41577596
-9806319
-36500331
-51538307
-68525055
-107167258
-169564124
-181105091
-140137173
-130572739
-189124887
-203087554
-139069239
-97476057
-121420356
-180003041
-174095453
-137639585
-155043177
-195586073
-205667335
-185418705
-178355632
-187766126
-184746670
-151748028
-126872616
-114326249
-101101459
-87390377
-70583650
-83555320
-105803151
-102698180
-73842504
-68068811
-90753762
-91722712
-79972634
-54745621
-51473707
-66088776
-65599432
-60446877
18915832
94231183
32385522
-45563251
22365624
106461046
31664458
-17721162
38377624
65498430
63453708
61605575
60319559
62034409
60189815
28172016
6425165
41421164
56889961
-4279278
-21510472
65907477
101324136
34984106
-9587167
48257246
137979503
147188872
106023287
107333127
154285637
176746878
148819088
103762974
85134720
107606784
118604911
89805543
73323230
84200476
89691286
72658765
49087421
41622680
41820239
158820737
329306568
292845423
197047335
272867653
339487781
240005335
160351400
160054420
108136340
33913836
1826270
-21212673
-59618798
-106670198
-167803415
-182570037
-141544701
-141532384
-200728269
-190129872
-104676796
-81183854
-118580110
-161069646
-156198048
-137908632
-152379063
-176520930
-195257173
-192539831
-196108268
-208659317
-212455959
-194692079
-179340337
-188487218
-176889477
-139384311
-125916463
-148611645
-153570333
-137114121
-119269950
-100862000
-104321417
-102165434
-66016765
-53430574
-96853800
-102585691
-50262368
-39875032
-65380766
-56302907
-32215059
-39138016
-28262573
2599729
-10322255
-17227279
16154757
32645401
36088627
78631398
111950629
87437574
82442351
126637249
149324584
120499451
97863867
89741719
68589565
87352140
120994908
104857956
84886430
96763654
113521694
124753404
129636690
115879188
110071240
126836144
134031071
123425454
103610629
93664748
101393131
98893210
102608653
107947346
76566927
73530264
121324979
116165776
82786769
105823662
94895248
30728964
42255378
71201760
-35657137
-72911289
142652413
260651100
137065679
129857598
277538531
284368466
197919744
188362415
182995181
142737416
92673701
34024327
7084302
11690261
-69478643
-213880141
-224353612
-168131805
-233839750
-317533821
-276936081
-215191307
-221420918
-230074124
-216634124
-193126348
-176730470
-182235322
-183859482
-180885320
-182600081
-198550765
-207877661
-193228239
-190695816
-199549112
-188483246
-140324810
-100558609
-102193294
-96969047
-79491055
-72092093
-65433979
-59317604
-77384376
-108903046
-106357388
-90212496
-95887256
-87817024
-77468602
-85097182
-54699389
-11424579
-10844332
-9397923
31148672
74024808
83493422
79022613
83777154
95017814
108648373
128356190
120340399
102127986
119530184
115465041
98451568
108225229
95921361
56132324
37504908
52807018
43361363
13482095
23638238
48194889
75712371
93076031
94367096
115139752
142339996
155549326
141047066
138099605
133269253
104648738
136575870
178817308
146120987
103469854
114982730
104767947
56703129
4579576
-30283380
100793785
245707125
194037275
170481887
287719470
292687634
167632052
171496859
193787656
82073019
-9172082
-6184545
5171751
-3493530
-50340229
-147293657
-139921966
-75234391
-136344910
-216662472
-179223119
-160913469
-238036536
-246966669
-217832546
-242317055
-252999303
-236065741
-209856128
-187793493
-193602167
-209719058
-183611990
-131195197
-127896531
-156481177
-140339964
-110100732
-128488222
-140993907
-115675210
-108770283
-121565937
-107763612
-69028240
-56298507
-65117994
-55553406
-26634482
8195123
-86518
-42468638
-29964306
8289424
-17152624
-35890384
5670985
12465903
-11609273
6382318
45119058
61444686
62858133
72964018
92344672
104638648
98611855
93306855
97011176
106307763
116626602
108110881
84646526
77043660
82964680
76177820
66527010
60143768
72548665
93404188
94940555
90208482
81992423
95384152
106224718
97217495
98040820
86449147
82545364
86678022
71594684
70276338
84696172
92287955
86393066
74505754
72137428
57619444
35336702
28280452
15954021
-6505234
50193357
179327883
189703954
152953175
221547204
237900692
153494287
132906437
146325050
96480269
54490437
34864976
26212436
27531230
-19171302
-92091061
-94561604
-65168461
-124615237
-172450154
-133604948
-157099934
-228598923
-211159368
-190192077
-241550295
-248345090
-215540550
-221669803
-207969665
-180298804
-186746468
-163649328
-120555098
-132936877
-136501278
-101630865
-120036192
-144894231
-118263790
-105869433
-126863352
-138321432
-125166907
-121023187
-121903668
-107356071
-96441631
-99559076
-103551925
-99736066
-74942019
-31089111
-2797440
-1388083
6466658
34871201
35705115
18846512
37213986
56638077
41057368
45986036
78890004
75074279
72954298
106987150
119921331
110168699
112011631
109982730
103421603
119433458
130831136
111589876
99196424
97961548
90877102
93663183
97488513
75676456
44196315
56028749
83975132
86602408
81441311
84155763
109488281
126274553
113116908
88904132
96789315
113980800
93946210
80806564
84739263
89923874
85074348
78672728
36711186
-15913680
66685308
175724449
152911257
157431098
247482813
226519525
149854137
197035074
215047964
125359104
80579545
65227663
57138044
70626290
2771947
-79645497
-55485529
-67967747
-164690895
-176506701
-145853217
-212215995
-265734729
-226721460
-234160373
-284585246
-277248244
-256277360
-230247514
-184833445
-168811629
-170581894
-142183672
-123818210
-136255207
-115292190
-97460000
-123205088
-135666998
-115350459
-85900152
-73414587
-71466548
-66430668
-64463859
-65432528
-63769067
-61591270
-61903471
-63780817
-61698966
-44353585
-46477236
-67088443
-60255683
-44798794
-36000170
-23613328
-1356522
13653269
28855514
73105885
93148462
87960804
103167680
108572130
99430250
97028298
102762327
100935126
85408920
73287498
69322393
75058177
80923325
84944432
85357950
70364586
60162434
60449608
66749770
77185282
78779034
91320017
101112258
98966826
109062021
126771098
140171751
130221820
131405185
128716186
100800513
107529095
139243939
141437753
89641687
59674347
58931835
7088858
-29085904
54751605
153155984
120977739
111404413
181112869
164821593
119529743
151612060
155201483
94191075
82158588
85928958
63380012
51890097
8567600
-48763748
-55813610
-78729160
-137124473
-147706339
-160209282
-207909856
-225263228
-212736619
-217331373
-245970732
-249822524
-229801599
-209823265
-200002748
-196925662
-176024823
-157261666
-160079604
-156667158
-133904342
-123374603
-121431140
-108166028
-89521155
-85037459
-98316537
-105230176
-103108470
-92567892
-91201439
-91077165
-82746629
-85392730
-74413269
-51904615
-47227180
-48568553
-35786128
-24543727
-29178756
-19425414
7318122
10947338
6316938
20176283
48880474
72015629
66562766
79198521
107227361
111148950
128151524
140506294
127235373
122520950
133978447
143198989
126714448
110054951
112302322
103280984
86981181
90631322
81290744
65176479
92056555
101488771
88106678
100750849
96348719
84135108
93956039
91548375
81665359
94025606
111364159
100459674
89703626
94224600
83774990
82021471
86208723
74181654
59462565
49979207
35260870
64444834
125680464
121029176
129162147
158128754
123027609
98861417
131045270
118224318
65894466
73119263
63530514
33608786
51946667
35514370
-36757382
-61127313
-63635856
-108190936
-123058650
-139476115
-200028861
-228661062
-217876818
-220517062
-250958208
-277216600
-276999478
-257397032
-224124074
-199742233
-202882371
-194878845
-167849067
-148418283
-125226676
-118073150
-126116529
-117588649
-105178534
-86457448
-87243013
-106678758
-96042973
-77604314
-59924625
-48008433
-56041994
-54576165
-45243549
-47091613
-43358119
-30426234
-33724461
-38638597
-23528263
-10330465
-9458737
-7360735
5286759
24451170
48792663
71361132
78532490
79387108
78431951
89944510
114176110
113462730
99082295
97236712
91227161
78764921
86985305
83474500
61034237
72298531
79469043
71580845
69501294
55617051
50107251
62370209
77855002
80532567
84541248
91507171
76782859
87876453
117477220
114488708
111511107
106572559
105485811
116185043
115598245
120418100
98851190
67490996
86194311
90770881
41673911
44747039
108028406
120405880
141185067
178068090
146460465
125206045
156096684
154976842
113684727
94083019
55870584
23429437
53603526
44609941
-29655020
-70634349
-81976450
-114102836
-130802407
-162609344
-217302125
-222167787
-208489264
-217120690
-231926471
-247209470
-259905554
-239421985
-209371800
-192623456
-167007270
-165889490
-170007669
-157692126
-144446832
-135120257
-141523539
-135674986
-116604287
-93798408
-92293268
-100502293
-81912042
-79600079
-78701028
-63545134
-61593998
-70493778
-74046327
-53826926
-37744992
-28293946
-28036329
-48516432
-46108803
-25181417
-12969834
747041
10272996
5069470
24323176
55706819
51214518
58015353
81797110
90309833
101592053
111943790
118665343
128117022
128071146
120228057
117017084
113124070
96291607
84260478
85846159
71596229
72074063
92677559
80799710
72966640
86794664
96532700
111761333
116582875
89929985
75093654
95926196
106076192
107064382
112675566
112061664
117029292
125890842
118296103
86417938
70035641
76424697
61279498
60062788
48202536
18007959
78825980
141032079
138392325
140497777
113252552
78515076
109622961
128568786
71650298
49747772
59719755
37017485
37724804
21414810
-41310817
-72862952
-82795304
-111060549
-131254441
-155421652
-210162443
-231309028
-216801712
-229899609
-246898368
-247725711
-249361916
-237138880
-207469458
-198472563
-206553696
-192096616
-169752946
-161829660
-148734847
-134494043
-118876433
-94755478
-84485242
-84400192
-81502390
-74860653
-71970169
-74510346
-66574670
-52701254
-38156056
-32116289
-46298629
-44116879
-32868628
-36823569
-29037796
-28141856
-28723595
-8235951
4443358
15934210
40773083
55781898
66394333
94482623
112290923
124716263
142842768
144981208
155927952
166056242
153056055
140589178
132892380
119518540
111197855
102056466
90975971
86651941
74624953
73239114
69027498
59703610
59897226
52039073
66457246
80564439
72616298
71776922
72248506
79459282
91349659
89205682
78986847
89648534
107902814
103757294
91630895
88683580
90068285
75127024
54427347
41374695
26506483
26889698
29130391
2210374
-6673832
14228461
39748020
57191662
46628586
43675408
54939699
82218955
96062154
66252460
48066416
37966971
32573991
32868970
10641174
-40175757
-92360076
-102149296
-113811115
-151246809
-178402106
-209652474
-230837355
-217816718
-206951500
-229514551
-245114467
-216748096
-196972231
-197395048
-184152124
-172001027
-158569685
-128560797
-97800179
-86178270
-75332127
-56445803
-48748204
-35054035
-21982903
-29150786
-35948350
-26456618
-12552501
-23314451
-33828502
-37331484
-44257080
-29721215
-32471802
-52466642
-56605293
-44635841
-24421576
-16301195
-6424118
1772985
11419309
35089851
59276666
84919232
102906739
105088243
108645288
119089630
120610253
115885112
110844224
102274723
100129780
102486086
85291619
56301019
44949849
48574490
57442042
53787321
35020451
34482330
51595033
57219689
48987733
39920027
38256651
47596749
62754622
76424359
84397121
85082943
82668631
84283077
103560136
120983212
108421272
108645444
115975171
93838266
74844052
63360678
47107595
27655537
11449333
-9157243
-38395632
-51543087
-46900993
-37775604
-26898959
-19716853
-22889406
-14767669
3710830
14504592
23627345
27307460
20785721
13865368
14025353
11995113
7690269
-9101912
-38395927
-53954220
-67429159
-89971644
-110225819
-132274837
-148588463
-154670123
-155366482
-155140431
-176178958
-189827894
-164065231
-135608159
-122187765
-113361723
-112781972
-100809696
-71796577
-64361808
-61252183
-49144850
-47334712
-34899019
-21851331
-20299350
-13259684
-14538753
-23117736
-21602932
-36973705
-59161576
-55252608
-52994150
-52927128
-56181851
-57710080
-36374386
-27733693
-24042692
-11618860
3344011
32725566
57042086
68084303
76623069
97637658
110855075
116885952
132000263
125112870
122476006
120107226
113198073
120902163
102896486
82136130
74509492
69133056
71849839
62710106
44396809
30649417
26909271
26985462
27514153
28592721
30350304
41119897
50304102
63539528
86356755
101545446
107817230
107337868
118296009
139749315
138710998
117095498
109161815
113450484
96911647
77265605
57345291
23645040
3648351
4216456
20636266
22880109
-7188105
-16428285
13921910
26202014
9585875
8435185
14701786
15072891
21442671
24123969
16021114
-895893
-20586177
-39840127
-65607587
-90702979
-108224651
-126777846
-152912741
-180938603
-192441353
-195562280
-212002600
-228769765
-222866371
-207889972
-203439719
-188607915
-174531640
-170195169
-149075519
-129527330
-121047923
-116216457
-106131555
-81967935
-60468988
-49094169
-47215173
-54086525
-55471380
-37889584
-27646001
-30875796
-32479420
-39057423
-31658877
-19122689
-21767367
-34757657
-46118999
-36339944
-13885343
5050807
6289568
1952737
19127703
43514883
58172231
60248043
62267787
75620479
95130246
115600689
119555851
109942220
110672981
127086835
132981173
119388394
116818317
117933859
115059412
113383288
101158912
94048357
90255754
83127775
83119643
78660109
63125100
57776360
79578254
90925684
79186883
79309501
90698681
99185859
112894514
136476386
139605745
130048862
126643872
115485134
112470706
101134254
74983942
64238126
52834446
27420064
-3047718
-15732226
-4502356
-3675712
-28699931
-41683431
-19107426
-21116843
-47324337
-39066303
-31052058
-35328101
-27413201
-32352348
-45779200
-47159057
-59023763
-74911435
-69431785
-75280709
-104050518
-125522678
-135317817
-139521283
-141274029
-148814796
-166354910
-168668235
-149418729
-138130063
-140034757
-147772774
-145708751
-128950542
-114136958
-104547671
-101474050
-96322757
-78664375
-65523305
-68052876
-73121739
-58835128
-41498219
-40516400
-27197013
-22966440
-35962586
-29650281
-28730490
-30270263
-22105364
-24556200
-21839588
-9327541
-7092449
-7339530
3275138
9061259
5837512
8825875
33668713
68913570
81400688
75278110
75878004
87804776
104443148
123144036
125372522
110289996
105098033
116793604
125785179
115721165
106578430
107700505
98262509
81057722
69354599
64832189
79422328
86872040
63915158
47246738
38228542
36361898
55165283
60236380
43218102
36532922
44199294
51902103
49106246
42231196
49994922
56535289
53410034
53280557
44762547
41283993
71004263
85590990
58009806
63121868
77801958
58117480
60704294
67248256
49201999
37121991
49738381
45825117
5164374
-20302389
-39557782
-52512694
-42748472
-48869392
-82325202
-107982388
-111897560
-127175473
-143843706
-147335901
-155457081
-158792219
-154329396
-150198927
-154764669
-159854012
-150302558
-133038368
-120301361
-113807920
-105097488
-103378817
-98722460
-76682377
-63467904
-60498404
-61159129
-60114464
-45791458
-40385208
-50341982
-57573733
-45308296
-18960455
-13096918
-20395842
-18580630
-15856787
-7088376
3306848
-1353032
-3655374
5688741
16487567
28824561
35250488
32336627
30608083
39801198
39797648
27336248
42556866
64569324
58324565
53915354
57960857
52809384
62039171
73338304
63238072
56540760
47040666
44891633
56886192
58658094
55364818
50504976
49079193
48002550
43987316
45440549
50089644
51409655
58669068
79140579
82905432
71419131
75324140
83617354
88735988
96066531
93939763
79018056
74308224
87626647
72476016
47367744
74220958
89645575
62736858
69531578
85738650
58560980
56234030
82285644
59848036
30198307
33507774
26894881
6412738
-4482784
-17272838
-40436247
-53005054
-59120567
-79065726
-100979836
-107882655
-115626266
-121319035
-120514363
-139244771
-139200221
-114424400
-123325166
-131594748
-120137654
-127274655
-122277052
-94173024
-85613429
-93406638
-94335016
-87633049
-76473441
-61387243
-60711656
-79456701
-91348975
-86759193
-74579252
-72331463
-80389742
-84415387
-80683605
-78020324
-76870810
-61971126
-58846854
-66906507
-54892025
-40262066
-34439079
-34477520
-23793370
-13252080
-19277835
-6029458
7368756
7984393
24973698
38256423
39466048
46127502
61097961
69299543
71032414
78682564
83750194
87173618
94645691
99004044
96899232
95361700
97533146
104865573
114145699
104656063
85553294
89355466
104002973
105802682
100971969
84210744
69635985
81111246
85047502
68637029
57724614
60023228
60827013
55400321
53100412
45678850
39153770
37760508
40016645
59954073
75973788
62417250
65495025
96029797
95000727
84319449
97118238
95363266
83561308
92359663
88371942
62852457
47394821
26307575
-4283196
-23009047
-34437796
-56623158
-80811332
-96924560
-118355080
-130422128
-122085931
-127104960
-153205039
-163921168
-160720640
-157009832
-144301740
-135626648
-137949882
-141913481
-139694082
-133876904
-121684284
-106716560
-113976266
-115945465
-98318723
-91846679
-88755442
-84586309
-85114743
-84657044
-74013964
-67945345
-73535514
-64200647
-56236905
-56224988
-47237948
-37795483
-26979142
-17208432
-9335596
2147118
16117271
27202274
33620867
46166401
62447855
74162936
79769975
81860843
87135258
91045073
101223400
108956684
93955640
84741495
87047784
85274878
83609384
81253005
79962207
73631699
67936633
69821923
67071116
70551014
86804336
89600889
80818952
75439307
71515953
80656106
92581679
90371189
78718133
72370852
85419574
88283775
80576267
83335990
75847011
58699294
48715776
54067280
50157978
43306437
56786320
46099749
33061025
59178958
71604127
43244983
37847329
65924365
61604499
49172200
48077542
27343616
2100947
-13734369
-27299878
-53121106
-81420692
-101390040
-128248888
-153618440
-168853632
-185296831
-200476683
-213561752
-214103604
-199374789
-193983276
-191199579
-186194082
-177843989
-162924835
-148839543
-130203664
-115932402
-102009574
-97723128
-94993303
-80683548
-74095234
-59583132
-57971016
-60344865
-44745667
-43515549
-53628248
-62038423
-60398837
-53281937
-40532169
-32064433
-36330608
-29393044
-16444836
-2434432
13509949
17850422
25170114
46204816
62445592
66753761
76890607
93586315
87915064
78075031
82471172
85315869
98113778
105155798
97232208
96133789
95883227
91387383
88922130
92385930
91605117
90065421
94085651
89441018
93741425
101521450
101646196
108823441
106841032
101945561
101885778
103811991
107591245
103899420
106571834
108604717
95637778
82550676
73020409
64403702
56658618
42915990
33169116
37527735
29861991
12124037
3410696
-14648823
-20774252
-7523454
-8112873
-13601754
-16716102
-8723212
1752952
-9666249
-21232780
-13189197
3711056
9853408
-572447
-17672326
-23436431
-19620461
-24755600
-39765547
-61225177
-79888645
-94128065
-102830467
-108449825
-119186810
-127052617
-133052850
-135149209
-138160114
-143557805
-143082766
-141401120
-126060609
-108102867
-109954472
-113333126
-103955240
-90238287
-84770569
-83615229
-76836699
-69976341
-60532294
-55717853
-70636780
-74675048
-48946110
-32113826
-46692788
-56073850
-40324615
-23706846
-10836509
-11101295
-14840265
-418794
15087330
25908081
26862285
23240053
32356810
56231455
78938816
79838674
77808415
87975609
101743088
112702482
109273402
95118686
101668900
124709287
120705291
102023586
90572802
80903848
82873797
82695739
66042354
46399131
39565505
46139192
51747455
53266486
41349770
23114439
31022937
51278567
61437326
60359147
49700559
43363795
49418898
64431032
60824644
47631162
50028546
54444054
56283349
42952208
27847972
26105344
21428872
16299423
11414675
-1449990
-10697891
-8632413
-11442994
-13071989
-13403453
-21265489
-23406768
-28308010
-36390881
-29148181
-24648494
-35546431
-42749161
-48807933
-48739240
-39668529
-47658232
-68270085
-78871134
-81075438
-83385771
-86366416
-100705999
-113895624
-115548176
-117830016
-113286416
-101822850
-96927905
-106434392
-105316474
-84601543
-62559117
-48525209
-46050580
-50211836
-51184045
-27173093
-4409440
-75458
9262708
8793092
3443651
14956159
27236344
29761024
25627337
14556259
15772091
28403593
30879013
25942847
18062419
13264070
20961212
30830932
26320835
20976997
28043582
29223822
28160867
41175914
47788351
50013342
66618129
71619469
60019693
58390291
69350836
78365696
72448609
57062641
48552842
52859069
60812715
53999402
39834710
24274554
21341725
48737004
43700605
20083557
-51793
24887922
174207447
204630359
-1334099
-131458315
-42146561
59059790
37629644
-36491954
-84735363
-60242839
-21010201
-3679241
21500301
-7199943
-80875945
-81109167
-1615806
55248835
29215676
-31661654
-32994917
13939145
45394321
33416661
-24447258
-55748177
-29177955
1037498
2323410
-38573298
-86108114
-87615303
-57010505
-39080655
-48990619
-59076188
-53414192
-56523706
-57761890
-42008899
-37452365
-42361144
-37177636
-18349392
-2791278
-1653740
-14393286
-33480541
-28192058
-10281330
1840977
-15102070
-47700361
-32366587
-2603320
12661737
3603928
-25942531
-26168798
-15212529
5123677
33645824
29901826
9213870
-380779
13809333
32306894
22832462
2033823
2310464
13636967
14804756
14602368
14895566
15014953
5313800
2439954
24768029
41623647
36678157
20737541
24570720
43413021
47166014
33024410
24660341
35293486
38292441
38644539
40603990
33005861
26796325
17831304
11970225
5905861
9630567
14501247
-5337123
2278742
21869649
9617960
-6879944
-19220506
-16188317
3536755
10981996
-212332
-18700810
-28691507
-11848390
9238820
-6981165
-32059646
-27998303
-19878591
-11656585
7460940
-17830662
-56318232
-12362896
87904543
179059757
161480559
32086296
-52315632
-17988263
26868393
-10518231
-80668167
-130542494
-105346167
-45277951
-27294369
-33129132
-60319162
-77731926
-55243832
-12555234
14368183
792243
-18305811
-9012901
6088095
21842814
65271338
87936780
18652970
-56834341
-39324437
-1804103
-27483832
-97616215
-121733954
-75125123
-34511083
-24151857
-29556515
-25307813
5963085
28223039
40451585
75977703
99596127
75741650
52238240
59261185
74114530
72420228
32866704
363439
4161219
19581549
62121897
79334271
11351395
-38555595
7286675
47003670
28427727
-3203517
-16786341
5963485
21292139
16806724
23458012
22310590
6292237
-4570814
9273138
33554768
22567613
-16251817
-21949096
4327123
16399024
177662
-12685994
-9954016
-22838300
45555926
137617029
37770081
-104476455
-69948044
24812833
32184203
-12832988
-70735322
-81525946
-23614803
-7015237
-25992225
-22570101
-43127940
-81479700
-64036101
-506213
23809888
-8484089
-34898580
-28637640
-8779634
18127202
8654981
-37213761
-36355256
-6869732
7810163
-7274789
-50446452
-66514527
-49888789
-26097103
-12021395
-31201675
-47139067
-26495291
-9626940
-13380197
-28146139
-25270723
-12558208
-17816377
-17638708
-18924206
-16208961
-1035180
877871
-2881104
9414874
17873045
-698938
-12135846
6011664
24490312
25295639
19678640
19562156
19409501
26507487
41385207
44590746
41385129
40016626
38905226
34929343
29076355
21689050
25540473
33677173
29364210
26225975
11101452
8411563
30283189
29378315
16174477
15786352
17070074
13095759
15104985
14064916
5227069
6412884
20233960
27245061
8343665
6541234
31408621
25187905
3629015
4000895
21843191
34198038
24263649
16785775
14061329
14281120
24300507
7665168
-10492785
-3607933
-19526342
-30875650
-19751866
-25630956
-30501792
-23513881
-20270288
-25974884
-28074985
-27168798
-22620952
-5451928
6541199
8825738
-2214511
-6485543
3242348
11345851
16246416
-1308461
-19358429
-5617262
13846360
-1518449
-28443473
-22577104
-4482780
4381832
2587240
-12612039
-14883370
-2110269
6516327
15021691
1063132
-24904077
-23132509
-18908826
-23593338
-27112273
-33290537
-36069595
-41542401
-37605764
-20832634
-13899386
-16249202
-15572221
-5047615
14054785
27049618
21625805
20828641
22842852
14735788
12865064
14478078
20471516
20297583
6945729
5634386
13363744
1709802
-13266453
-8054608
-1968407
3464389
6040392
-1813769
-4937481
3740892
15959018
21852685
16666740
-4151870
-18812887
-12418332
2661927
9864360
-4375862
-12588321
2585486
10379633
4155288
-2450452
-12470225
-17455582
-9441071
7513576
11954878
-7876293
-20613554
-11090867
5175567
12108805
2750256
-13160783
-5138616
13609230
13109476
9457012
-7464167
-18904901
-6161177
1170836
5502500
-4407785
-17653809
-11476313
-373419
929192
-11596149
-6226120
-1597630
-12573173
-5058876
1503478
6660927
2730782
-9938310
43954
6953480
-1431542
-14366596
-12665949
2859898
6025693
2627512
3611949
4644598
5899017
17410880
11569982
-1171450
-1839689
-5229934
7368100
5894768
-13035195
-12746351
-7152876
-17275543
-25286106
-14176756
-6059462
-4308385
-3076039
3051371
9406297
9135537
9552479
13704014
15529644
11141656
19069585
33341295
34957375
26212999
20645084
27608490
26942240
9919394
-823808
7461909
3322705
-13850303
6155766
18723490
-3096071
1192766
9762156
4584349
10535448
4787417
412928
18156409
22480386
6366936
-9453968
-10702421
9885901
23837177
-3300523
-29054020
-13933918
4812287
11138300
5425466
-13040696
-10645581
6386351
2133057
-6947870
-4554946
6757295
11768875
-1657886
-8697314
-3872201
-2134528
-13184861
-25396073
-18987254
-11468600
-2566272
2624839
-6598165
-3047839
-150774
-5773714
-4465921
-2089176
-2898658
1409195
6195333
-2963421
-5674542
-9293873
-14184697
-3314395
10120571
10890910
-1342663
-2311703
-2845109
-1654435
7282819
10822686
4045633
-11923909
-3670140
7681268
6480400
3716694
-14593945
-25852991
-24792866
-22988919
-24720451
-18817895
-3616047
-1391074
-8896645
-30995014
-35590045
-19900716
-16311373
-5221253
-9043618
-17639055
-21659652
-27594765
-3087954
17545831
14835339
80705
-2689420
18261567
29129598
15664551
-6499644
-9556036
-5391394
5854577
7981129
-2510430
9776034
10637963
6863696
11303641
3150072
-13486528
-21133064
-3588066
5853165
7979622
2273522
-13030726
-5051160
-935183
-857910
1587494
-3503878
4638847
16464561
18322887
-1400505
-15012921
-4794999
-3748053
86897
5956178
1828889
2193638
16719751
20291783
944036
288887
5032337
-5971061
-13559746
-1000238
23748206
30864451
23711252
17972563
23228888
16313953
1092809
9847632
21338512
26608566
25557907
22186306
24139584
24371635
10452224
-12104329
-9273711
1603810
2235208
6446564
4468449
-2549022
-116989
-2076066
-14850210
-10425816
-3741853
-3048974
654938
-286705
2836038
-7637070
-19502478
-16360189
-18021138
-15971936
2720412
13603206
6719767
8895790
7572273
1626394
-3789892
-17088062
-17556229
-2300482
7790887
-127940
314506
4988598
-12396209
-11900548
6048270
-2590303
-18764321
-18131091
-9287805
4286829
5496230
-13026812
-13602513
1995027
3863198
2946632
11074299
17737741
16632764
11879745
4504321
669272
-5506377
-9261644
-7892112
-9598195
-1693424
-3707813
-20231431
-19574945
-9878216
-8459286
-5205633
-4956054
-8199422
1138401
9679626
8933745
9769361
10366233
5253232
3296553
3409263
7460205
11238330
3744460
579052
-6989985
-4994172
8193085
1104139
-2281143
8301873
10534789
-3711941
-13665159
-11595909
-9224105
-10676795
-8259993
4242793
-718508
-5776321
-1323787
-9439783
2361835
12475754
-468411
395080
14640569
23774644
15120177
5852231
184
-4708270
8091309
16211442
8796724
4222829
4878620
5534070
3629878
-7723091
-15018140
-17151459
-26871324
-25388584
-14327213
-13644541
-21018184
-22564437
-15417275
1349807
10994942
953949
-9324144
-15066098
-12627848
-4347398
4381536
5551051
-384701
-3298469
-12797526
-18153026
-16395038
-13871102
-16399665
-22696574
-12840839
-1278396
-1707518
-369248
3062005
3869937
12858963
11589886
-2319807
4994101
25846694
44051761
52423666
37569011
13240588
14129090
13850657
482857
4195659
7505690
13241945
16670762
7722926
4759957
2569746
-2093962
-5138347
-12302048
-15040555
5521910
24360281
21839623
14551346
5393585
275814
-512189
1702519
2320574
-3627811
837510
7230715
8123284
4222741
-2554334
2196563
-3518773
-12964278
-10679151
-13965432
-9680256
-298825
-1417758
307727
3852842
-5920215
-8280754
1893248
6498742
10127668
11047859
7416511
1033460
4836722
12594560
9546248
5383347
3862199
8111958
2673083
-4937159
-5404367
-12944262
-11818728
-8224806
-6885905
-6006153
-20140596
-26599682
-18383169
-22884107
-33546417
-29676805
-16983089
-4829755
-929609
-9003500
-9502372
1121213
6296718
7194523
10693620
11363003
5183371
6550561
14399380
20997279
26302895
18845106
7857734
3518233
9367747
12781559
6603491
8151672
476592
-13399395
-15459659
-5468350
7742775
9559156
1030901
-5341645
3912291
13987251
20312906
9887197
-8235773
1116531
13356131
20694456
15280427
-2024009
-240386
9424499
7067371
-8627079
-11349379
-4834627
-6198943
-1274916
-4744628
-9245823
-9433133
-15694820
-13538932
-8217482
6553360
15752385
543000
-4668469
-2719153
-5127254
-2426347
-13624046
-24026935
-9713492
30436
-7038400
-14896732
-15367824
-12861753
-20299589
-26484641
-22251929
-21505441
-18220218
-11878994
-13968537
-20557659
-20889403
-7171232
-2498594
-12478273
-15459876
-14692910
-4018604
14761212
16961947
4968174
-3054918
1346591
15289610
10241238
-5226005
1582027
10825288
21262989
28568372
15758015
5582451
3221119
2828557
4923783
2661304
9331633
24694738
22743070
15321014
17507522
20812045
16132956
5008968
6778641
20411499
31087345
34055634
30950009
22360198
20159219
28706066
26939299
16421862
5937284
7088244
15060604
8158277
1306158
781943
-19786
-10621908
-25269991
-16859369
-952130
-1441751
-6462229
-6970618
-3103396
2627378
-2744773
-9815166
-5132471
3871873
2070021
-6058318
-7206931
-13748466
-13388611
-5415906
-14260176
-26593462
-23631276
-19233142
-22428440
-20587276
-22516687
-24902650
-20422356
-18947002
-15297500
-8511469
-7412905
-12910629
-12341102
-14084292
-16853599
-7864046
-4699268
-8388918
-17547134
-25964568
-17466540
-11693782
-7854604
2419920
-3804970
-12869553
-7782072
3925210
8637126
1483576
1733710
13487853
16686954
10440923
14323268
16533244
22149937
25612289
11647078
10682979
18184054
27625241
26337811
5346958
-2070907
9951088
21536181
26697383
27067496
13550407
6794650
15526714
18761131
16607987
10436673
3542943
1048097
11324271
17299811
8963302
3315388
-2748212
-7760334
-8626099
-1944861
2033331
1614556
4729066
1967768
6536732
8879880
1339305
-536299
-315153
1400664
1179106
-1195542
-11190178
-15230284
-3246886
-3266872
-4414257
-6635055
-24190564
-27945936
-21834893
-20592028
-20232400
-29811678
-33550358
-24820438
-23553297
-20447103
-16025878
-17590939
-14916064
-13656085
-13585158
-11647719
-8884726
-8021117
-5380760
6812520
7850659
2907289
3241359
-2947151
3196614
13100103
3117843
-9932815
-13207027
-3057338
5758741
5580777
6184000
-2661899
-5073378
6214592
11972978
15616047
11278879
4896243
11110307
17765522
18475934
22924986
21167781
11010830
16678226
15617471
5287182
8674026
8804041
14399992
16966982
2368582
-4562949
3084347
5757828
-4358530
-6729993
-3201505
350729
2271685
-12080044
-21614867
-8439214
-2158899
-8353371
60371
-297012
-8268976
101709
-3537528
-1687380
5107666
-3524595
-3648379
-6299451
-4957833
1828311
-3703910
44709
6138411
3388956
4578963
-433353
-4628062
5149660
13307757
21355513
20009332
3711012
-3814760
-1942371
8293750
15830723
11908534
11405687
13708837
8873895
3691301
8915563
6676069
6385602
14601938
8526634
1710590
-11179139
-13765468
8452092
8972272
-7784985
-16458727
-15022855
1291079
12771662
1710977
-10474224
-7813365
3000888
12819609
8880289
-1796885
-4657841
2054849
14013523
15135239
3426179
-780492
3621887
6718911
4165722
-9015105
-16892651
-9112257
-3660110
-5525131
-5494384
-8434442
-15424125
-16089179
-14891109
-14306186
-7094757
-5619943
-11144826
-10019064
-13379701
-17158355
-10501542
-10320688
-13168976
-9203637
-12178458
-17392756
-10752155
2750141
3238985
-13898165
-23488013
-20344775
-9835640
-1805489
-7037803
-16572819
-25647222
-22162966
-9037000
1304634
-1715535
-17404391
-10207808
-514215
-9748946
-6245252
-2679141
-924938
3449193
2171511
6582796
5066896
2885513
7338694
11275631
12180171
9599642
17161384
18192943
8727492
8397476
6222261
7488048
19753816
20115605
8216043
5938827
12911857
16365687
14742440
16369063
21694645
19563614
13631447
9194405
8803383
17317768
18649164
20257976
27577089
17344581
9749987
16296929
18034251
22220248
25439325
16384693
12946334
13650202
6444802
5431029
7872555
11540039
15779480
4798351
-8756073
-2233981
5012591
-604162
2043485
517045
-5721109
-4084832
-12231358
-22736944
-21732598
-15505677
-16123486
-17608678
-18985353
-24395152
-23949962
-22658684
-23065638
-21905728
-25434635
-26657751
-10930808
-9850746
-23887814
-21701316
-20446110
-10393240
3760230
-4959990
-14497438
-9474631
-601039
1516173
-6308886
-12470852
-6347944
4367299
2252065
-7213465
-6373301
-940178
7672629
9484374
1845969
-5942719
-13350885
-669885
7718094
-2367146
-2380687
-6379987
-9039585
1576849
4762661
8247266
18709953
14220653
5767746
13857082
23713485
26399463
17353404
7101986
11918127
13564661
14498468
17663183
4845133
-1573082
6546478
4607924
5717599
12768328
-375591
-3783850
12862035
4136359
-2893261
2881158
1393817
14519006
10314409
-8053278
-6385727
-4746525
5806147
14275723
2500875
-6236415
-5693711
-2727975
-5161617
-3450085
-571730
-4858784
3260285
2015373
-13382986
-14406925
-14760822
-16412541
-12154113
-11139481
-13772572
-16191710
-12705636
-8355254
-9797632
-12728335
-14059477
-9802489
-2500476
262580
-1948497
3139766
7865712
-736617
-3221967
-6873710
-10994657
6385837
14362860
4173819
-688204
-9909109
-8217101
8965436
7248079
1305628
3515267
-3897720
-6173696
3532998
4795414
2871518
1491815
-1194175
2405534
8862880
16004148
9321024
9111816
19471723
9270785
4543082
7710192
6024778
3093503
3941451
9105490
3609282
6043003
9138761
734093
-453217
-1957695
-796308
2575397
10424938
18215491
8569616
6919116
9564986
1765585
2002951
5130250
-332504
-673533
6247702
2623127
-5435400
-15026185
-12444914
-2134145
-8792417
-12232037
-14448762
-10395423
794870
-4098534
-17567159
-31577852
-25590842
-8875833
-4722212
-9221802
-20046075
-20050753
-7019305
3571437
748534
-7354135
-14199615
-10445350
3829538
3470436
8765099
11018696
-684555
-3300159
-13029453
-12612559
7497454
14921067
6241204
-4573310
-7095066
1405789
16010527
20489921
2712907
-6402256
6669380
16201279
19757667
7637900
-7573709
-2285189
9102670
12178579
-1316192
-12922592
-3977714
13425641
13676962
-3427910
-10483106
-3115648
4015630
8896329
6190847
-7364292
-4013236
2624878
3072036
10232912
5077207
2735328
5978578
7401610
10357906
9246450
8300538
-788166
-5896450
-689913
-1019122
3567363
10275346
5968260
823971
-3234614
-3543844
4312622
3255638
1952588
9724612
4711055
-3474994
-2121748
-6957069
-9625229
-1427754
1161100
-209118
-3056270
-11103804
-8916516
-1119733
-4830743
-1614966
3540545
-8601192
-9007372
-62420
-1687198
-6497128
-16728876
-19871558
-8635273
-2151076
-9217739
-19534953
-17752298
-4721108
9883402
16064320
4344414
-1863284
4446009
2877818
6627954
7455680
1629519
5940065
5290644
2523507
1579718
298248
5908162
17528237
25862938
14094704
466886
-2488453
-5818956
6465972
20313858
7704481
-5976730
-6293392
-3534351
6528098
9730094
-209958
-2175293
-1567590
-9552961
-12250457
-4150637
4727334
2969122
-7782095
-11399202
-3528014
6471307
789483
-10266785
-5564758
-1436232
-3170844
-10393901
-19176572
-14744894
-4814613
-1393331
-3500373
-6936304
-11403258
-10337486
-3863367
-1863024
-7117935
-21105613
-25024707
-10383583
-6914631
-13003529
-19152338
-22445798
-11387373
-4910423
-3002568
-5645865
-14315709
-7547673
3791041
3308262
-7413244
-8340178
7007794
16622011
16204894
8370791
708277
4186447
14363686
21073408
22959003
22189899
18101796
21316578
23564454
16018095
14408172
14783997
16909460
17123929
9655248
13989470
19039352
13269800
14121187
14030504
14386890
20271811
17463046
15792083
9315615
5298620
15403503
6987133
-216247
5896399
6233136
12202591
8644794
-1197572
5156198
9594253
7233537
4575294
-6003380
-2413321
11784173
12405283
9330564
-2738310
-10283409
-7879169
-6351247
-8422044
-19753095
-18795820
-20661570
-21869027
-14281984
-19186164
-20197915
-23133867
-17866813
-12476341
-20016660
-13745965
-10740658
-10710195
-12483170
-21820189
-22962647
-18447078
-14530573
-16883688
-18030498
-18300142
-18103152
-13142392
-15082877
-14302432
-4459829
-4918049
-13659528
-12990696
-8616075
-7303325
-3917138
-1839604
-2676462
-601890
1855959
-2350611
-6738845
2476275
11052968
12033292
13159937
3190505
2187861
9861197
8248071
8133367
4022283
6179752
19734829
20665523
11532988
6736544
5533507
16843555
19302988
3010387
1263693
9656129
20952152
19817007
2142534
-4671929
5918
10611446
9992671
-1658837
575243
10067441
13003361
8888449
1267664
-1720807
6708317
16170647
13428837
6582055
4713266
7278156
9276387
11738724
13530281
5236186
1847417
7872592
9750396
7848224
2674925
-898517
-4997665
-5226031
-6552880
-16196026
-19402979
-20715476
-13878405
-10025518
-22122161
-19840559
-15073185
-11357634
1594562
-1503717
-15151481
-23351341
-19823854
-4775909
10961705
2479325
-16455322
-8953143
-2927132
885279
5953825
-6066032
-12656445
-5025460
-929281
-7728383
-8150301
-4145209
1728440
11495275
5095589
-5577944
-1997990
1884134
8761171
20499338
11659400
4173068
12630822
12113176
12926280
10172654
5522441
14380857
17002697
16516021
16327794
1410068
-8274125
3528503
7893437
581003
8860343
7748953
-1498558
4514915
-257630
125323
6556056
6410643
5427824
-10584024
-10810611
2272818
7260871
18066271
16208480
-6257323
-11418706
5869675
12297085
16768991
8709262
-7779877
208112
4577914
-5146735
-11040613
-12641094
-15288652
-11935061
-12397736
-19566309
-14881710
-16412962
-21709681
-19910409
-17211948
-17042243
-22846454
-18589320
-10357046
-10075913
-13507617
-17331273
-18506073
-15187028
-6425440
-6876584
-14573347
-22093408
-21513625
-7281214
442470
3357211
4037905
839411
-4325354
-4542377
5192695
7314836
6917239
4225445
4979465
11983401
9129817
7761620
9967855
14880096
20571738
22815510
16242626
8692258
15314546
16494042
17153450
18519076
13335732
13502410
9616526
5488203
5723137
8838046
8811565
6027850
6908337
1951941
13386555
26592197
13892432
3943213
926659
6903601
18707856
17737560
3623792
-6174418
4621365
11856437
9289343
5008713
-6800414
-6281696
1727229
-2294723
-7992660
-8651964
-8860593
-3782825
3522531
2515289
1193513
-11798343
-27042692
-16831793
-7200959
-1768116
-3586567
-22317364
-21474472
-11829344
-12281329
-8734842
-9551410
-11538334
-12300225
-10555842
-8326098
-15386965
-17468569
-16325505
-11029878
-4583028
-8181448
-10064486
-10503081
-4015424
4220954
-3048854
-11835884
-4765782
-1067643
-8223822
-1260295
-1103945
-5896757
4231582
787481
2171723
11892341
5725365
3181658
7189460
11190444
11147997
4430675
3947533
12970718
12405704
2427020
4453103
12896243
20894353
21698049
9336705
1065640
5988731
15518973
17839264
13867610
11457899
15427059
14619816
8970923
14130570
14287932
13198858
13074723
3009148
1943878
5138753
6511448
5926380
-959194
-2179558
-2360865
-4776962
-4973764
-6848662
-4483668
-3952403
-10685679
-10827114
-7160791
-5818915
-6644241
-8490224
-13014363
-15824000
-7511269
-9007381
-8554582
1282357
-6918232
-15577477
-23039546
-24971248
-11568544
-9591628
-15661723
-14227362
-19654136
-30067166
-23491296
-11473862
-6188795
-8438368
-15345560
-15936175
-13498361
-10814889
-9036789
-2401692
7110732
3592662
-2523898
5318768
11179279
10445430
17181914
22329200
16591307
5883405
5779035
15999538
18665664
14679303
9890804
7155158
13774137
19258604
12216010
2648736
2070562
12154825
15943192
10851517
10591747
11605688
16148997
21703999
20633006
10019925
-3624120
8086656
25111483
16123090
9365968
8187508
1581622
8138084
14856708
3156449
-6731710
-6724463
-117771
2415813
-7533529
-9271065
-3612449
-843630
4155768
688639
-6575600
-2281642
-730133
-952109
648419
-1556382
2067641
3003652
-3383857
-10805345
-12053642
-4056875
2642970
2553031
-5050147
-12900617
-12454876
-10896584
-11132454
-4960088
-10668891
-18683443
-16343050
-19154848
-6683919
-8465169
-24602315
-19102616
-19050386
-11730604
-892872
-8741681
-17243524
-12869143
-2561766
-2680079
-6714668
-9839027
-9578166
-3561070
-1593446
-1503758
-1419023
-7942442
-8943253
-3949447
-7816834
-6079244
-706754
-165175
5009347
4267146
-2317960
553428
2919679
5099920
13546596
9123481
5788007
11298861
11803546
8564166
1948091
5695953
10005244
9318742
8841481
2106779
3951420
8045617
1684394
-2946413
-3643529
-2353956
9102400
14275248
5689953
3987046
688206
682758
5206098
4046238
7628960
6605567
6874529
11376879
10830914
8870151
9013608
13118175
14214364
13341904
7312929
5599673
14371644
17211789
9000208
-5042960
-6352944
4094502
12045052
16444940
9001504
-6794513
-10033929
-2730125
69925
860256
-2615284
-7072966
740595
10335722
9078623
-779137
-10531206
-9813007
2036862
10209197
8851734
2277336
-14039105
-12261136
7957010
7569958
-3259526
-11830344
-16342436
-11641730
-1208923
2344908
-3977907
-8251339
-12056128
-15299546
-15073660
-6240826
625382
-6185300
-11699069
-18187109
-17879820
-3601298
-7135753
-13159442
-11887243
-19053756
-6123237
1088784
-12836404
-19074483
-16224571
-6618676
-11183509
-16501220
-9921499
-8879069
-11618418
-6832443
-5881475
-20093178
-15498550
-13291937
-16730465
-1037727
-3594924
-7420168
-1072988
682855
3547610
1150802
-379436
8211507
15508450
6331248
2354748
9010732
7149197
7425433
10955632
11442801
17553370
22904634
11096142
548159
11429355
25373663
31794764
26400721
12002783
2459487
621314
11847014
19597877
15630900
10582248
3063172
3562595
9271190
9065976
6107078
9648768
10796128
4821457
7617581
6172613
4284653
9547630
3973390
2308232
12098555
18914869
17132296
6094934
5927130
13938937
9381459
4646294
4255976
8209463
10734494
6546750
4433756
373394
-7197831
-15113768
-7644619
3215991
-2291469
-9546129
-20743088
-22839674
-9341314
-3731577
-7511906
-16645922
-28261603
-30179315
-16098155
-4868611
-14135424
-23892875
-19653837
-13109345
-4361883
-1469589
-17427294
-24365779
-13580005
-9267055
-2994011
1333903
-3145264
-2132694
-5152513
-7967392
-4191145
-3659923
-2015004
-1560536
5247049
12049729
2057451
-2562098
-4732675
-4879887
6025915
6331803
7522871
15560566
12697204
3000862
-1144031
2472043
7319648
6147701
-3942310
-7945471
-2546747
2276670
8612288
10074651
4468868
447015
474150
3224261
8963537
12503063
8181763
8268572
9769987
10416559
10636808
8145291
17483472
18168020
10567083
3359317
-5771816
4088521
13368658
13860812
4635367
-6097270
534769
3258416
3466005
-3791465
-8368802
-4258732
-11737318
-5982350
-5709489
-13929170
-4817165
1309426
3065727
-5952159
-14510651
-8985695
-8676435
-5391972
-625721
-6696775
-9617203
-8881128
-8420852
-269207
1797153
-9143271
-11060214
-4792684
-4217581
-4425605
-6720988
-9794678
235875
5886002
-5059293
-8756116
-4893353
836734
5147276
-1729884
-9028976
-4146496
2039715
3506246
5433872
-8090174
-8846951
11611051
10436488
5565987
-3378873
-9681315
-2991945
-2297653
11691463
14623141
-126627
-4945087
-4366790
3182136
7432982
9152773
7423002
4341741
7714123
6466809
5605393
2057827
-6716484
-2266926
13429039
16983168
4048151
-5393563
6301758
18494553
15068886
9292249
1921586
9336154
23368398
26076346
17025035
-2188380
1678905
13334532
13911055
20448248
14415210
1419831
-3797853
-6373266
4887432
11423602
-6164673
-19576433
-15377389
-7574022
-7482496
-9242491
-1182641
1828703
-8835033
-16615168
-17960850
-15607303
-10368089
-8969924
-4952471
-4058180
-12454087
-15118693
-14393942
-10576400
-3450431
-4225863
-9892111
-5254278
875701
-3075417
-2743712
-1429829
-587164
528575
1920037
3626674
-1654760
1393915
6442745
5739507
1676586
-6553372
2122506
11263469
6928769
1747486
-7583971
-6147024
2535727
3294776
1957399
-3505843
-5558622
-84870
6710821
8619052
-2407381
-8052573
-7120473
-13217631
-6948827
1885329
-1104001
2354397
-824593
-12423615
-5244263
903750
-8156350
-14620918
-10476752
3898608
6542838
-5171981
-14925631
-6542144
7638166
-1397104
-6943619
-8324239
-8327362
7551632
7087792
-756891
81405
-6514149
-9776558
-1159497
11704472
9509671
-4290450
-6763394
513951
13329758
9755891
-4959429
-1507925
3627913
9249256
12920659
5438465
7891852
13193241
7056463
2417913
10070732
15644271
5422060
1494593
10289061
15523866
13931606
8065825
8387956
19509589
16838998
1189903
4480017
9478342
5842654
3261670
2252903
12590452
11707509
-7212604
-11032860
2072236
5055817
1060103
675489
-5971736
-5304512
4015304
-2105795
-12865488
-13889771
-16118661
-11247170
-2379771
-4109557
-4529054
-12766190
-20308046
-10725915
-3549096
-3491662
-12056094
-16933035
-14714028
-11056801
-2842967
-4949438
-5241666
-1263020
-1199797
2538097
1140566
2732248
10382741
10641965
10558399
11317165
8091340
5283091
8440904
15390751
9708176
-429157
1298013
7838420
12868576
11440013
3248898
-8872667
-6318408
10117249
5873496
-2800411
-3548106
-5074369
4238991
-3263406
-15663266
-7148794
-3677326
52504
-137052
-5777472
-7770343
-11572333
-2560293
4550639
220874
-2737179
-8073759
-7857874
-6084952
-5170224
1258182
2363461
-1189087
-1723090
-5695199
-8103364
1783062
2271158
-6108662
953229
4329951
-3559321
-3728442
-2596632
-3599989
5846980
11956599
4268383
4613653
3632570
-628800
6537846
3245497
-4028051
-583720
1979144
3893995
7092301
3901738
51011
-1441446
-1720408
4401471
2489485
406416
-2547411
-10161307
1509530
7285143
-890962
-3434848
-8717035
-3179051
7719759
120718
-8419773
-9767982
-9035930
-1722060
420055
-2388798
-705911
-2960904
-10094129
-16140579
-14161148
-5132159
-1078616
-4734519
-10256039
-13143154
-11699823
-4337058
1144580
-3832634
-12423785
-13432421
-10318708
-4726904
-270260
-8664684
-10754953
-4868959
-4772661
-1291694
-2920035
-1959773
4750929
1856107
5529490
9444456
4989575
11449296
14683529
6163355
6263955
14807719
22151339
20851430
10435434
7019809
14301483
22149169
26582070
21596634
16985381
21271703
18071577
11035323
5162986
5797722
19536114
25771195
16846463
4341376
-694029
5627210
18215234
12782208
-5949467
-10561482
-6456012
6561276
10344889
-2312006
-13305758
-17803553
-6540103
3897742
1656698
-12450098
-23608581
-7899870
9147730
9389663
-526162
-12043842
-8057569
7684698
11075182
-3434912
-9835717
-8262458
-1842367
3574109
-10918425
-8482369
2100629
-3396389
-924824
-3874808
-13702185
-12787931
-820934
-2374720
-15554344
-16456334
-19401541
-14067146
-2456268
-7216865
-7947594
-3556212
-9934490
-13318239
-14218161
-22741231
-15793484
-862046
-3780181
-10648021
-14228476
-11831103
-5095175
943177
-872038
-9131672
-4025555
2492000
7482204
9989671
-7512482
-11959545
5676533
6129071
6894489
10474404
-5405510
-2860645
10942243
8261062
4941230
2823343
6677597
11041896
8194647
8537002
10338134
5549547
4695103
9635149
5201947
6015189
3387891
-8334864
369558
6554561
4867020
5162995
-6653984
-6234854
828399
544917
2237554
-4657773
-4354893
-2522507
-7695738
-3869505
-6246016
-7548788
-4127455
-5317170
-4658569
-6888113
-5115209
-221948
160192
-472940
-9160872
-10671014
2535349
8039742
6326740
2359198
1836666
5502187
10581700
14048430
9593560
4868950
1271190
8229471
13710553
7831394
4470027
1684959
3415475
-1240960
-2582237
3664505
-3645028
530236
7089839
-7456030
-10719755
-9371619
-8278116
6067623
4467101
-4488699
-8534211
-13260789
-7086944
-702231
-644551
-2170162
-3174838
-1785071
-443208
7189799
18016709
5470133
-8011368
6482181
11709491
10280366
13837674
2599187
13075
5636335
-919000
-1898304
-2784246
-7783010
-1009881
-3828045
-14010521
-12078514
-11940729
-7765326
-1970438
-4848775
-12956363
-14380585
2124577
8773931
2945092
-3362754
-7032606
4279584
11976239
10009301
6065090
5038252
9136507
7551893
7032578
8902781
2075649
888310
7355799
3678233
6418751
12176381
5146142
6148932
9844479
6850527
6150990
2881308
2145438
8349664
10971376
5471025
2398853
5819205
3692601
282781
3802332
4719023
-199895
4339556
8660692
4925859
5919049
-5498268
-12859612
2159750
8737956
-490455
-6665677
-4459392
3822443
12609467
3347744
-7273693
-6819236
-1919414
2016786
-6331179
-7177363
-4822174
-2665198
930592
-7350415
-12036838
-12001727
-11015854
-10007048
-12037759
-13261959
-14791653
-10123150
-8923763
-15617750
-10488525
-8922439
-13350887
-9498485
-13730443
-8824229
-2536082
-21955910
-31262863
-20172780
-7644463
-6758249
-17192145
-18956945
-14936049
-15056480
-16739246
-16954758
-13113816
-4752434
-7898346
-19018101
-15340065
-12375948
-13867541
-8438153
-5188063
2456780
6371417
-1259208
3253399
12900813
13985605
14552698
12432380
10100235
16594369
27555668
30777066
24168867
18011152
14949626
19725771
28799877
28035085
25364958
21802289
20134819
17166730
7331540
9421980
16087846
20708184
21823431
10414042
4805230
12310568
15943711
11293332
3973685
4278134
14929257
19055072
13028506
6212467
5557376
7301380
8826155
9741473
6050055
7327831
6431061
5084406
5759646
-2642062
-3782989
-2800569
-7591660
-4682848
-4684842
-8315747
-6177120
-6793193
-9157681
-15065515
-17790975
-16107124
-16484624
-7316425
-9146817
-20710724
-24883107
-19913969
-6929362
-9725792
-14669859
-15396291
-15041055
-7833728
-8553474
-8719949
-8399960
-5371724
3266848
-1409832
-7177716
704867
7313155
8200503
10294650
4472455
2033064
11923771
14355213
8928908
5078878
11615522
16010093
18577684
19278698
2251488
3843253
11176545
8304443
16631392
6306777
-1627346
5193678
-123405
402414
3262816
98117
2850147
2000991
-3485644
1365475
1068534
-6206946
-6576473
-4564215
-4931446
-9263414
-6975644
-10135646
-12670360
-6316925
-14756672
-18515519
-13460765
-17219128
-21642262
-20193559
-15000032
-10947382
-11254187
-14631781
-12321731
-11354807
-11016102
-5941963
-3934550
20290
3268246
5123051
4169194
2035553
3750329
-572309
-1497291
8621624
8835089
-2907861
1285787
10798077
8156644
2331887
-4606720
-779186
1499921
-3644564
-5185150
-6444488
-3557310
-6930637
-12610076
-14542777
-9571021
3503263
-214180
-4221539
-5241968
-11196179
2273012
9557164
3456378
5865208
1868009
-856187
12121793
14796843
11585109
17138832
11655030
11258079
17002437
10450009
9837018
8597860
1026962
8864694
15842200
7456165
2565701
1811443
1924780
3412451
3951848
-19725
-4233154
-3505657
-2395851
1041481
2357001
6508102
4317810
-6207593
-3718069
1049024
4353054
-1284008
-13126492
-11274249
-9226992
2107
14034321
4990074
-6706035
-5602951
-4516308
-3806113
501805
3292808
-2396596
-6390393
-9510363
-7698045
2487203
4181398
3355085
-437587
-3180039
569069
5899164
14128560
8403103
-2581604
-6123015
-4148389
1922716
1962868
1871013
830088
4133417
7661522
-987964
-4513578
-2215884
-396019
2830974
7382553
9278703
1363159
-7673594
-3252579
6551863
7443636
7052183
-103481
-2006315
11158292
9489481
8865586
10949421
3513498
8572785
11678932
10394223
15446689
13404318
7090295
9515152
12025965
9951488
11387406
7178623
5346360
7031709
154138
735517
5556969
59902
-7297642
-8403455
-3604082
-1359283
-1004421
4201847
-857581
-9160661
-8411445
-7781928
466272
1555751
-9441347
-15952979
-20321369
-13964768
-8803710
-11160349
-14200240
-28371678
-28320502
-10295747
-7717172
-10411418
-14415931
-19656456
-8120198
-6201698
-12799988
-8328186
-11598477
-8349154
9336
-5758084
-10467050
-8325674
-2947808
4367164
3666499
-9808749
-18409838
-12371492
-4983830
-5131622
-7615011
-14604421
-27599617
-27774197
-16177478
-8740572
-9128765
-15983206
-19096891
-11679133
-3646913
-6442181
-5975625
1378821
4734168
9098710
7396571
10894090
19319894
16275089
20441557
25138153
21068469
18582188
21043151
28749562
32287254
28679704
12132933
-2874394
10982897
25907894
20762382
10576265
3366171
12376786
18668772
9376430
9217351
10265212
12173837
17068857
10822916
7400983
9986284
12006622
11829072
8181239
5894485
1917682
2133759
4822363
2654396
2772305
82271
-1617527
3435133
4253174
-2458874
-9235905
-6842025
-3007588
-1999675
-5547393
-17170455
-17529291
-7609987
-6434375
-12069472
-20141639
-20569130
-9344196
-6933969
-12296823
-12375331
-10635551
-7858801
-5522753
-8680359
-16644799
-13954394
-4709516
-5010126
-5654314
-9213071
-14000406
-5375901
-672181
-5876318
-8985464
-12364676
-2288162
11059751
10512976
8283397
591305
1484206
18051204
21726027
10992981
4617946
5333571
11652332
22884539
21756164
6697577
7005794
14248838
12610824
20116500
21363746
14802690
14409924
10477730
16756539
21251033
13022250
9713824
10659916
17260614
16543405
6167607
546324
3863006
10871301
6088000
556116
-3815484
-7011547
-2995792
-14820989
-19512205
-9561385
-17980401
-17987265
-13477673
-24120338
-23486002
-21256250
-25469729
-24816625
-23990409
-22124356
-18207411
-18000601
-17167184
-8517875
-3746254
-3753634
-4855684
-7033691
674749
3587068
-1615527
34178
-610868
415034
3496341
-3169792
-8717402
-5894698
-7198826
-6961534
5612358
-1366078
-20218967
-17466119
-12300500
-10790916
-10487705
-17164868
-15165789
-840527
-5017177
-14625777
-5457764
-2068244
879016
1590452
-6869978
-5351863
-20752
10206997
21226970
15792807
7054867
2235150
5550122
18068843
22631609
21813452
13151976
3311690
11360370
20877847
25530980
27395191
17964827
11698769
16289335
14565105
11385129
11792956
6685174
7499176
6470405
-2648243
-10619663
-10176774
-1142674
-1655945
-4512074
-11421500
-15649318
-8609265
-8663337
-7246497
-7352292
-13476437
-19606771
-20593784
-14814392
-11406168
-8989680
-11050685
-12641886
-10458824
-10564543
-9550247
-11579442
-12573465
-5010468
-4136228
-5830165
405333
44226
-1375294
-5782327
-8784972
5480091
10080803
907995
-671671
3846294
10118792
12619644
8000769
7289508
15619266
15815214
9914291
16504157
21034013
22386615
21525167
8303394
12440169
22595902
20218604
21235983
16425216
16984985
23281265
20271408
14774268
10132100
8329119
7346508
8282107
9759989
9157707
9665124
13087699
16342141
14382707
14887325
11853901
5159692
10422917
11408738
11173385
16681397
9066123
8420239
19378152
15813861
5173951
4714004
9359369
10460848
11717496
5926460
-7801078
-13958910
-15352637
-17645348
-15727983
-14697902
-21480677
-32963501
-34548974
-25560081
-29585835
-32222845
-27556453
-33290655
-32178720
-33244358
-39690791
-31499742
-20728389
-15370109
-14240422
-18853692
-18002916
-9643822
-11837468
-14785722
-11339522
-12866714
-7031441
-8466502
-17471017
-17373364
-20022025
-16998538
-14192196
-15215146
-15537023
-16302245
-11664438
-12428174
-10900763
-10498840
-13014113
-1613244
-1674380
-7852310
2646246
8418544
10269459
9406775
-4282577
-7005515
3880672
7211062
11573526
8695236
-3485735
2256942
11967116
13695274
14126384
2499175
-4524710
4387320
10122575
16416948
17656083
8313072
7532297
15762687
20150727
18142627
14778917
12280838
18062333
25501040
27632208
32325597
26385222
12906360
9773185
14175441
18721422
15000946
4885497
4548185
13886357
11179098
2294258
-924730
-2683176
2934365
6316987
2306476
-386206
-86959
-2690321
-9135178
-2994287
1550554
-2400033
-2917023
-6938815
-1398218
1141944
-4247256
-2386870
-6492282
-9244379
-10030710
-7081399
-892902
-2095791
-1108993
-1042412
314966
2624519
-825180
-980209
6278621
11309682
6640677
2708123
-19340
-993517
3216703
8532051
12208953
1970972
-3251076
8793986
6035056
-5349110
-4202582
-2141015
-398773
4063396
-2776478
-12461722
-5212465
1907087
943419
2058967
-7244174
-17318344
-8271380
6278853
12376493
5260233
-4340840
-5726731
-1019216
10988380
12389328
4731896
6088817
6859790
11693579
15658587
5797851
-2833806
-7632474
-6986614
-1086451
-1249809
-1553775
2391634
-940906
-10451258
-14344375
-15845233
-12756278
-5686651
-4352942
-12015586
-18377359
-11520280
-8828907
-13884024
-10021381
-8305268
-12507788
-5370729
-1475370
-6952712
-7461606
-10223926
-4615876
3015184
-5139213
-10827515
-16059315
-14387614
-2522184
-5056008
-10339192
-8217864
-3111106
-653525
-4096574
-7470749
-8365915
-398574
6670746
1218245
-10566382
-10513508
-2818277
2033776
11757662
7710748
5093672
15239863
9393407
3736067
9116259
15546232
18309187
13809265
4542338
-496436
1361347
2138356
7876597
4813859
-14807715
-20359875
-4328090
12520860
14176891
2911101
-3665347
5501496
14555228
12062316
8132597
10430234
18129172
19584116
8388020
-6951649
-4589542
1352722
-4386081
2673628
4545358
-1317371
-2238396
-5225098
1526237
5478976
7278356
10623898
8527054
11944995
12518824
11752231
4469690
-7588543
-2662684
-1936554
-8688946
-7031165
-6716419
-9309571
-11505119
-7548869
-1631902
-7131353
-14788237
-14594780
-9103271
-1450129
2740258
4709313
-1880307
-10792608
-7097852
-9055528
-9636168
-3463613
-5995807
-2498817
2221953
7238122
14061588
10242648
9668879
8671179
10245999
15721429
11300346
14578325
11584037
-2609398
-4517606
-5425848
-7170522
-2000172
-5345003
-16306083
-12681366
-1465429
4093781
-4501038
-15810712
-10983259
-8491942
-1973916
8800782
6510117
-431563
-7061620
-3194338
-617320
-159858
472428
-17500960
-23354140
-14420267
-11147211
-5155000
-1555640
1306449
2056466
-3666942
-8552314
-4177524
7652038
14295456
18786714
21749546
20423545
24681738
21459274
8706395
11517316
19722484
15968106
5013792
-5875204
-8144415
-7512594
-9227378
-9944710
-16296744
-14420301
-144621
4837509
4062508
-1606427
-6199410
2840084
13307703
9965255
3348759
5123810
3312930
4394685
3142062
-1248702
7067620
8748622
1310826
-1944261
-8515763
-9223224
4632441
8254002
5672201
4995865
-2029192
4065012
22554667
22534257
4401653
1348507
-3502941
-5757663
16569017
13706765
-148357
-2351239
-12415793
-4458219
8971484
1607420
-8058280
-7770090
-5350695
-8379139
-6989252
-9749949
-20122794
-19250138
-14787227
-13237333
-15023382
-18284864
-18424483
-14129363
-1798147
2768642
-11001010
-26765357
-23156044
-932525
17043344
13086251
-2679460
-15451873
-15570196
417558
4793242
-2990912
-8249327
-9995799
-1182009
1260574
-3242030
-7819927
-9499917
2392651
5464667
731453
1523436
352799
6846518
10827806
580623
-5441343
-1351576
7204418
14192885
5025761
-9502902
-8610029
1426691
6150973
-1660945
-12053886
-12515702
-336664
7614884
4534174
6798740
7099720
1129693
6186667
12098164
4740008
336792
1942563
8853449
18380865
15843698
7482867
11750857
24819741
27118927
20503002
12537506
10537276
17748264
22052800
22941535
17282487
2506850
-322240
6945702
11501940
6379726
-13023950
-13875562
-7964634
-21269401
-21583980
-17066009
-15641517
-6984521
-8234390
-7706629
-747436
-5029616
-9481921
54377
9475696
13770978
19201781
18136623
16752709
16023833
9400738
4122718
3242315
-3548313
-8727452
-2201672
-7910540
-13045886
-2672237
1666714
2825062
3989757
980170
-2037906
2374958
9795388
8023412
2729082
-5046620
-14251811
-9124518
-3026884
-12095936
-24465326
-26064297
-17909078
-16824212
-18371730
-21474519
-20444104
-5706646
337715
-1159204
-4054000
-5710646
2480930
3705804
-6258477
-12504647
-12296770
-3975320
2992449
-7084066
-13789870
-4108689
1981785
-369401
350862
2007281
667990
1741304
-245741
-6518534
-7310840
-1697917
-5513451
-13267158
-13451981
-17072692
-14533429
-12209019
-11897980
-3385297
-4202764
-1668954
4590170
-1872304
-255250
11389082
11630141
8002291
9729713
8040798
8616766
3942386
-1430816
2126295
-5519721
-1756045
7188271
-6600533
-5253902
5275390
4013101
13398925
22092550
17901915
22318362
28244168
18147464
20688162
33043150
23251161
11847527
11697822
15016198
20754335
16195707
3252789
416014
5631897
8928567
12864144
10852217
1341325
-1107051
-303097
-6190659
-11942122
-13463404
-7754477
-1615785
-7116318
-9555294
-4370168
-111175
97038
-9236184
-8060555
3690098
4410207
9867784
16013568
11494312
5719723
-2623682
-3944959
-574281
-1477598
-7733183
-16840784
-9039920
407035
-4398612
-9433583
-12350598
-7937628
-6057252
-6415330
-4480398
-9839555
-11109451
-12103179
-16252864
-17785444
-20628805
-24510299
-24435569
-17626080
-16035645
-15052593
-8960785
-16814593
-28203719
-23836255
-16689651
-10208662
-4362894
-8144931
-5040319
-1403372
-6660146
4326393
7229394
-6344877
-4430143
924976
5795048
13008908
6268509
-3153842
3165724
13571536
22514712
22263865
6806302
12116824
19577706
7373252
12901581
14200046
10981741
22391920
19454448
11953402
15069586
16698218
21243056
30826905
25726342
16021190
13477666
10158941
21734428
31431187
19503360
5763570
-2932373
1543850
10347727
4196420
253927
-3787866
-9462270
-3041020
588558
3273676
3302028
-2439742
893735
7327126
4351021
2646748
16185710
17202279
1843790
-3104538
-6921233
-9460868
-7653721
-16934814
-23842691
-20205819
-23604111
-26994174
-25119530
-25585999
-31065161
-35320158
-30733984
-25607156
-18633839
-13626762
-15011074
-16194150
-18852299
-18579440
-14330841
-16393637
-18771521
-11490580
-11887003
-11148275
-9732585
-19217311
-9373641
1586796
406708
-2661495
-12465221
-9459027
3250580
6786150
3450973
959125
124426
14892814
27936591
15890107
14908542
22846967
22151962
26296545
23962070
21052095
27822159
22928689
17990174
21635807
15968692
12602600
9272824
-1210441
-4618191
-4051742
-3447883
-1389780
1372809
5534437
7079197
7365233
8998900
8523044
9627925
12381818
11893908
17049668
21686843
18091120
16264837
10261578
8317047
13694042
10274951
8450721
7277335
1506288
537145
2763113
126795
-10151463
-12723248
-6588034
3425129
12711691
-2295848
-14794178
-6099055
-6803320
-7743123
-3458389
-3001691
-7855097
-20972043
-22769934
-16547753
-15047853
-7682730
-5459363
-15050998
-17844081
-8042510
-6471884
-21891894
-28607648
-20946574
-9650178
-445570
-2858848
-7943528
-6412708
-3903624
2864427
13303328
11112542
6763088
5013686
866046
9990594
11098270
1767313
-1946990
-4025870
1001121
-1289524
-7200002
-3880119
3580774
1226367
-15701427
-12962590
4442741
4924244
5077224
9450304
6407353
10105011
14761917
7080369
3421416
4240094
-1243276
-513595
1075866
-4611537
-3510625
-4534818
-6397477
1600690
6837471
6240460
5184310
2031549
-2118391
6517018
19946761
12693569
2523542
3784918
2465728
5100723
3312946
-7748165
-10581696
-9529194
-7140876
-221392
-3174089
-14745052
-15067543
-7609546
-1974227
-6284992
-8040854
-123948
2552064
10235627
12725306
3859087
-2441127
-1338709
8146887
14025353
6964025
-6528303
-7538373
-3390760
-3821206
-5409772
-8968712
-9137499
-6881894
-7736024
-15799599
-17320503
-12706461
-10788970
-5807083
-9654799
-13490743
-9846339
-6812159
2972657
9012448
10593127
14502001
11714570
5792900
3024890
1175226
702865
5715897
6163986
-3237816
-5581961
-4300262
-8729580
-4172205
-2613067
-5671087
3978627
2895428
103136
6311679
2739305
7156226
15590533
12469798
10937979
2839533
-9026210
-1177163
11916174
16750406
13103721
878349
-4874480
1964354
10200977
3007105
-6629403
-759041
11711227
14580744
6581565
126484
-3884677
8284282
21133784
10029206
-1529665
-7281099
328755
20873574
17530497
-3402126
-11449530
-8399059
2227693
10824370
6518610
-273566
-5030180
-6570699
-2711985
3862531
7374418
6754461
2360102
-4832516
-5644326
-722862
1308090
-1712054
3631646
3431505
-4531552
-3747134
-8504791
-3842191
3370898
6429989
9364061
-1024866
-438456
1362184
1173734
16376619
18409415
9708857
10010298
8368879
10114139
15422714
2460275
-5416088
8769623
12401572
9312417
6186500
-2810809
-1331081
2440477
5536938
10284602
-490322
-15201586
-9711459
5658016
11789101
1140238
-15136503
-12749556
-4961695
2941687
10739762
-2281208
-14669816
-12505897
-6948992
-8135177
-16632773
-21069157
-26791471
-27209934
-28331570
-37520083
-39735331
-44338166
-37059952
-21032257
-23996623
-18876580
-10188062
-16598721
-12817792
-4251073
-2098371
2458190
4832193
7270039
5922853
-1246962
-6203824
-10504140
-11081465
-16200070
-22020270
-17744298
-19375845
-25821455
-22284914
-18113992
-17319990
-9268539
-7280243
-8056744
5751375
8248473
2344168
11030509
16539035
19070060
19597261
11132711
14250704
28290572
24938954
22802540
34007031
27932115
23265502
21179524
18994637
28418451
22538267
15923302
12844892
11415153
20466655
20715097
20655105
21502164
18418773
17031222
17334079
21186477
18794878
14102826
21623395
31233770
30188041
23097968
12902888
8243114
11087762
9016186
7042526
10878603
11031892
1764732
-6253014
-4725405
-718478
5685255
7376212
-5465541
-9950002
-1962648
-3399678
-7328990
-8206673
-9073712
-9045115
-11188664
-8325166
-4763462
-8343851
-10353260
-9791589
-9746082
-11361783
-13766087
-12257907
-2744828
-1392972
-8397194
-2155532
-1827266
1185444
12048027
-3445394
-15157503
-7074922
-4000847
-1898147
-5199722
-15053233
-16103010
-6927189
-2999528
-6885686
-3752748
-5203237
-8379747
1550934
521223
-10216966
-12374829
-11228171
-4048474
5015336
2294918
-6480528
-7940426
-3046535
-1113849
-1768357
575293
6013373
10076745
2014544
-10060602
172064
11112899
5624966
3621706
-4097013
-3424371
-1615420
-15505925
-8491204
1000731
-518976
268442
-590062
1156938
-3174096
-7083662
-8340870
-5505079
1163445
375818
-3581424
-15074027
-25275935
-28048874
-24109360
-19300627
-31565924
-42486222
-36828304
-29321752
-26391596
-26375715
-36181118
-35466614
-20519025
-19694275
-14639543
-7093644
-8801012
-7414940
-12288915
-21792564
-12915102
3939109
3297658
1196826
-1632915
-6875398
-6158544
-7337308
-2137897
10208594
13169007
1965291
3819252
16830387
18538865
22481974
17169214
10199663
19405591
21173430
25087803
31402937
33564731
39130601
32631947
25841954
27589308
28460088
28971739
33486053
41096135
40374681
32458575
20834727
21665388
34378062
33124120
33154591
34312843
23317906
24600740
30623258
28227942
29280820
20215751
8262795
18222337
33482352
37909955
27778565
9297735
11470339
22755464
18868644
13047568
10411739
6049966
-1838505
-12202011
-18579812
-18654024
-24422887
-28037347
-19776339
-23665612
-36154154
-39223553
-36410936
-29039108
-23014061
-31032571
-43543858
-38534262
-28116366
-25925104
-29515646
-36026361
-28519559
-20202316
-18554230
-11174644
-17668286
-27577772
-24237091
-19513834
-11133550
-7137840
-10039215
-10978334
-13048828
-7813147
-3386513
-605769
8981812
3637857
-3269258
-138845
3453936
13191047
19783722
17073636
10653128
12434163
17023517
10408550
3145073
3187050
10695006
17489656
10629395
-1810553
-7495986
-5561554
-544176
-3566695
-7203937
-2333015
1758766
1147207
-1204615
932339
1116280
2754796
7384023
8907767
14571379
9729671
2045532
1953359
356329
6668729
10508324
1955064
-6456397
-7014779
-8193696
-11525422
-7064209
-5626844
-12125239
-12138543
-10799212
-7710492
-4865024
-16257489
-14697813
-5170393
-9709591
-10114742
-13961592
-16950191
-11535417
-9450674
-11538213
-24142907
-26740368
-17469882
-17331464
-12477141
-8491906
-11288635
-10495597
-10055812
-11825741
-9813302
-4337291
105544
4973412
6903514
9554301
9265927
2885043
4335110
5215165
7154612
16051852
10927816
4656948
11307612
11349136
12479838
17854517
15708897
23097418
28615728
16853846
19681873
29668278
28691782
35277467
29809334
16656982
22688824
19770057
14237215
21225425
26745040
23904948
10430129
5457256
8579619
15541245
17926948
10488096
13069538
14109702
10765308
3938794
12828
12063109
17337170
17824057
15490839
10748531
15034303
13260997
5687974
-3013027
-6683637
-479408
-3535807
-12526475
-10718947
-8820792
-19704574
-32063258
-31168188
-22085649
-17525070
-15192521
-15567424
-25486506
-29410253
-24910054
-25434678
-19322468
-14595768
-24150757
-27634646
-27312383
-27168166
-22039096
-20481984
-23084507
-25097139
-21528511
-20438087
-20990857
-16402662
-15164060
-8768255
833061
-1245424
-1917627
1103062
17341419
26973663
3457279
-2954656
2223391
-1512295
790477
-275763
-110393
257139
-305398
234629
-143133
61972
-14022
-4605
38540
0
0
