21525
-24779
-48470
-36302
132172
360677
442752
220561
17011468
-5958881
2849668
-2455591
1787049
-1382104
1233268
-1042346
947756
-850565
753132
-686509
654772
-589577
555767
-524336
490464
-458908
425012
-425882
392827
-392827
360102
-360134
327664
-326935
295102
-294558
294559
-294761
261995
-261944
261773
-262048
229493
-228459
230135
-228612
229285
-196886
195851
-196954
196361
-196154
197057
-195946
196610
-164121
163190
-164164
163664
-163650
163747
-163788
163713
-163479
164251
-163210
163856
-131367
130436
-131410
130910
-130937
131068
-130998
131016
-131016
131016
-131016
131016
-131016
130975
-130941
131052
-130959
130725
-131497
130456
-131102
98613
-97682
98656
-98156
98183
-98314
98244
-98262
98262
-98262
98262
-98262
98262
-98262
98262
-98262
98262
-98262
98262
-98262
98262
-98262
98262
-98262
98262
-98262
98262
-98262
98262
-98262
98262
-98262
98262
-98262
98262
-98262
98262
-98262
98262
-98262
98262
-98262
98262
-98262
98262
-98262
98262
-98262
98262
-98221
98187
-98298
98205
-97971
98743
-97702
98348
-65859
64928
-65902
65402
-65429
65560
-65490
65508
-65508
65508
-65508
65508
-65508
65508
-65508
65508
-65508
65508
-65508
65508
-65508
65508
-65508
65508
-65508
65508
-65508
65508
-65508
65508
-65508
65508
-65508
65508
-65508
65508
-65508
65508
-65508
65508
-65508
65508
-65508
65508
-65508
65508
-65508
65508
-65508
65508
-65508
65508
-65508
65508
-65508
65508
-65508
65508
-65549
65583
-65472
65565
-65799
65027
-66068
65422
-97911
98842
-97868
98368
-98341
98210
-98280
98262
-98262
98262
-98262
98262
-98262
98262
-98262
98262
-98262
98262
-98262
98262
-98262
98262
-98262
98262
-98262
98262
-98262
98262
-98262
98262
-98262
98262
-98262
98262
-98262
98262
-98221
98269
-98325
97949
-98309
99111
-95820
101440
-63597
129714
-37286
60162
-101945
32408
-96599
68172
-96428
100736
-95874
137162
-128671
225726
-193769
158037
-410607
302007
-484692
2418366
2477891
8676172
5035075
6884539
14090072
17058094
7085665
5178837
2608642
2959500
1847449
9516634
8129093
-1927045
-2825978
-5863569
-10829774
-11021776
-10252711
-10545803
-8064048
-9144917
-15538886
-8904014
-10981291
-16275853
-18425289
-21493967
-13846601
-8858855
-14387182
-14332961
-7527850
2353750
-1917283
-5499852
-11717149
-8512544
-10226139
-8593333
-2436360
651069
1527537
1538418
-5726281
-7627201
-4901672
300156
968826
-603481
-168803
-2526386
-4172591
2136139
573980
7273883
4151868
492232
-674463
6713268
12096309
2812031
2752317
5114380
9917928
7966632
8833617
3345766
4014253
13366579
12925165
7879700
929710
-3028318
-221761
5498110
12020517
14834278
3168393
-6484022
7130307
8132436
-3549155
-1490943
-3574254
-8450940
5794710
4129596
-4885223
-4382268
-7603688
-5347177
1543382
-1479537
-3274288
-449323
-2296707
-5949126
-5367570
3844382
6605184
-4623940
-5141601
-8034759
2069651
4302512
-1793994
-5618266
-7642673
-6616330
-1164715
3362100
3970436
-1904870
98416
761271
-2640138
-4896156
1070350
6507151
5778097
8585863
4266597
538494
1909730
2727541
2451687
7130755
5251854
5141776
7858883
9944893
8405105
3094588
2626061
270396
3270681
4605542
-242271
183056
6681027
10315446
5664175
1746465
665029
1545004
19990174
21774245
1058109
-1165779
1341686
-429172
9334388
5884020
2549341
1553237
2111866
7080764
5902755
4428701
3659015
-1776440
-1637147
-7836359
-2015896
775047
-3277111
-5636272
-4362368
-484187
-1735625
292132
-2473076
-19258824
-17018753
-16331503
-10160871
-541043
-8467994
-15383741
-17761316
-23538887
-13733679
-4326373
-16814711
-21525641
-18541258
-23462544
-20497248
-13304338
-15983393
-22008381
-20952110
-17039266
-13383051
-10226444
-19088834
-14010772
-6265450
-6958793
-9265671
-7969519
-9344862
-11668249
-8448938
-5803584
428646
5520171
8233721
2625309
-3855300
2932626
2693085
6084355
10879898
7928059
7520927
9759397
13821119
14976946
16674308
30255935
27028318
21318616
21171358
18597772
20638152
27440770
32211155
33999565
29738815
22268238
18219531
24817757
24246201
17148804
18674910
9737081
13755485
17736864
8324361
8368944
-921649
4354344
11469749
6985525
7913300
6095133
-3515553
-7734345
-4432445
-4021420
2712220
1835131
-15244640
-9382197
-1060840
-4029501
-7607965
-10187397
-17402872
-15112844
-14805137
-12981460
-8663037
-18049345
-20290933
-13278117
-18433178
-19614105
-16031355
-22928157
-21583838
-12664192
-13670225
-16499139
-22914051
-21178735
-12319124
-2683300
-4830327
-18288819
-13842639
6373055
7180369
-1000303
-8947500
-6908240
1929214
8921948
4909140
3399004
7174411
5072837
8528992
11061735
11699894
14332921
14811800
12069645
17075451
19878687
10422247
8280181
9950477
8442270
13823348
7214821
3256097
12304159
13223691
6513062
4350901
-2751609
-6557625
-2807023
1347570
14181175
10899318
-2674655
-6628349
-3669067
-2507659
1185769
527011
2084308
2313250
3324235
-1105946
-4767759
-7583926
-3124092
14347503
7384745
-4496971
-2721181
-3464538
-217486
-2345907
-13671251
-14514899
-11557918
-16901059
-14821481
-13952388
-20378977
-20972653
-19616084
-18904607
-17220265
-19822669
-17519944
-16928037
-16515904
-13746117
-20146240
-17181674
-12499209
-12810478
-10167490
-7093610
-4484532
-6267547
-11647687
-9011809
2180185
2657460
-1503577
-467984
735217
4045075
5365526
7109177
2386477
10606443
19222210
12426717
15763500
18534353
15850884
19323773
28097750
29470780
24036607
23904000
22999521
27160959
31959623
23625492
17338656
26084372
35664250
27858911
21147458
10080533
9598351
20972639
24729848
27801114
27698931
17997346
7616409
10863258
9096488
13595199
9777572
8304265
4542313
6661521
-1515911
-9296183
-4213360
28622
-8020638
-6827141
-10563599
-16052218
-9731905
-7187852
-6854043
-16391390
-24941818
-27505440
-30143765
-18494133
-23814296
-40654730
-34891099
-24758002
-27709368
-23080206
-26726183
-35646599
-34014893
-31598166
-29185615
-20853944
-20033119
-19976806
-26095156
-20744302
-16448506
-9031042
-751029
4924525
-2823395
-8216427
-6728774
-4129252
6688069
10209068
7529586
12370253
15621802
12527842
14463051
16439920
8843122
7764339
13339606
9678837
13024901
23754898
15056974
15594879
22779691
15764922
18445459
23311914
12678726
14432063
19849881
15886185
17632120
17675997
7814458
15851674
20491990
13074368
8128941
12099528
11167908
15478453
17466374
2258317
2719106
10070746
7923617
8905816
-1054916
4142799
6565919
1361939
-3785090
-16430446
-16662240
-12920046
-16798574
-20693142
-22753440
-26573016
-19805181
-21386754
-20595857
-23747037
-19669166
-16431383
-22986641
-34674909
-26941348
-22596944
-9889500
-2399585
-16699788
-22762239
-11755397
-15074958
-10811913
-513795
317562
-10315824
-12529934
-17699435
-20326253
-10351495
2174847
9743866
9447397
5857641
3518544
-6931965
2272317
15226886
12894018
14447097
11555334
7053565
8813187
10970255
15166607
13287181
14063018
24065380
17006409
15959321
33159304
24904883
17105050
16867522
15055138
20984066
32541738
22930611
12550305
19146996
14545761
10911558
8430187
14451148
17953729
12182877
17062432
13973574
1981178
10739464
12524911
657351
-892179
6353072
7024897
2164482
-3043426
-10309571
-9223616
-5213915
-10804277
-22643757
-23278892
-16669504
-16244270
-19985271
-22340674
-31398329
-28766890
-21526157
-20717861
-23550688
-27883924
-21119617
-26072964
-19567942
-14131402
-25977974
-26334932
-18914483
-17118400
-23043741
-26583225
-21244578
-6879156
3434992
-3263193
-11622042
-10546609
-4232989
4550224
639203
840402
5164827
731530
7760662
11985695
10349160
14686740
22965820
19674997
15309464
14850212
16106400
15825508
18166437
21456881
23729540
12989004
12972729
15324289
23577291
21453017
16656270
21750032
18536406
16624362
23484082
19011289
14170189
20878505
14648773
7872729
7519062
10476267
13403384
13247886
11263106
6053906
1947038
6503118
10586370
14475577
14726314
10146202
4415490
8274257
6545858
-4833845
-7068997
-2603264
-3261048
-6782535
-8650638
-15676650
-29567334
-29532690
-32217075
-33268094
-30872898
-31301034
-29869240
-30426761
-28613517
-34619948
-39992756
-35513340
-32110605
-31816921
-22168773
-18275826
-30111477
-31415741
-16842706
-19112244
-28457634
-20556910
-17713721
-15577069
-8818990
-10911576
-13151176
-9182912
-10895128
-5471946
5316315
5150363
-416491
8487444
13196880
13996063
8783197
8387100
18652727
22282906
23113104
22365805
22715223
22362679
18341956
22685671
31884887
30097277
19405234
16221776
21342721
26927880
31510481
29815822
19147699
20750492
23778701
28346085
33080445
19881879
18989673
24668431
28843268
20747326
9043368
15860861
27131567
19423465
14548730
10977548
14484700
10653436
4162808
4110967
6805600
5238730
-5274342
-1741089
-4321730
-9974635
-14674337
-18555383
-4770340
-3623344
-14637820
-17375616
-15432578
-19371500
-13942416
-16246699
-29942007
-29342365
-30924652
-28675472
-17165526
-17116852
-34274288
-42238648
-30015599
-16739025
-18797411
-24980511
-26791615
-25758497
-9793943
-5879128
-7149069
-6083898
-3857205
-9404315
-6068190
3824049
1018398
6049150
8874689
6628162
4643851
2705952
8419539
17279533
17980954
18562277
10113947
204378
10231125
23730895
10710124
3219422
7433453
7205113
18142145
16233692
5313323
697225
7377913
13120596
9935481
5262741
-7690193
-1056033
17647172
12261589
1612753
1621923
6344047
13207195
16730031
8284196
-557005
4078349
2179996
8197858
14991413
6615476
2894429
9774965
10751480
5634080
-1754956
-11702313
-6901125
-1221947
-6490072
-10950763
-10876447
451665
-8161873
-19943455
-17161041
-18054788
-18908204
-16783676
-20258128
-25440657
-27992563
-27273560
-28588015
-27548432
-34382322
-28223630
-30076561
-32485239
-24919886
-26463241
-16069650
-7694978
-22847192
-18888616
-9559553
-2833799
-3829596
-6926512
-8786938
-4504281
6137766
6365245
5012874
7546706
14668839
20195302
18445482
13553059
13221984
21819241
34364953
28278030
27456346
26768961
25898358
28101384
27353789
18920585
25321702
25035755
21111297
26395237
26041762
16880389
17806689
14920508
19256945
27402307
22471780
24298601
14939337
14490496
13192569
5760718
9514675
12084187
7930937
5815618
7012458
6902208
8028074
6269328
-3431471
-5404530
1009414
2656320
-1853405
-5476194
-6392746
-13863158
-10518465
-7436544
-12833594
-16635433
-17236408
-15104305
-15898902
-7880407
-17366375
-33514811
-32779900
-22453287
-15201751
-16011485
-27430960
-35472262
-28070413
-20327467
-13410942
-15181564
-17740023
-25156635
-19589989
-7157744
-12352346
-19023798
-12773032
-1879004
8406515
9433228
-4108104
-4781474
14541812
28896413
32911272
16173134
7133902
12777337
32647570
32109284
24542353
14891403
11663940
30154676
33222932
20090470
11174085
12927988
8457344
12016773
12263333
14657
1438218
4611542
1600823
-7846984
-16208063
-16020934
-14798526
-12713421
-15880356
-15734637
-18038241
-10291896
2748174
-482977
-13358295
-20946784
-8327198
4519884
-1671001
-8308093
-4462774
218077
227184
4237095
312611
-6197917
-7780956
-12699928
-5926439
-7683843
-10869029
-8616337
-2969645
-464872
-6360498
-10680832
-16694280
-20355344
-13908859
-4051156
-5424960
-10400652
-6284929
-5859920
-8691175
-5077793
-9640335
-15287323
-12295137
-9470956
-10983742
-14228960
-11662331
-12614467
-5581746
-6063920
-14822332
-8624798
-1240313
3430682
8281865
5558147
11919646
8259567
8838676
21445454
26566805
25464591
22353110
26278057
35978923
42429884
40446577
22395719
24515698
33093322
36734641
31309277
23121024
21666106
22257031
27240908
23079809
20850876
16995760
12105913
8565876
3992961
1846201
-1626296
-3589497
-5741935
-2045850
847316
-9639481
-15612100
-16027886
-15647185
-8889457
-6405491
-20300929
-27312825
-21502319
-12881460
-8957744
-13900020
-23616980
-17432465
-12497832
-12643778
-10921896
-20239456
-13608729
-2977519
-16461772
-14297649
-15679302
-14683752
-8948653
-4636733
-10383828
-19911331
-17187260
-14838041
-10848839
-14344415
-18023154
-14310920
-9960321
-7308724
-11148131
-13929423
-9312676
-422280
12539942
9258648
122798
-3779417
10354327
10031805
5346994
9883179
12872327
14201990
17468671
16931362
22237329
22164299
30830314
33592338
21466140
21051925
22815521
16897876
17617013
32413443
34282824
28644028
18793171
10446368
15338342
18590616
20650859
15782256
18463618
12881270
5518747
-907313
-6586455
2988855
7448793
-1159837
-16381109
-22527932
-15516169
-13199496
-9946481
-9825598
-27333223
-30581175
-27800326
-24891437
-25195139
-20103329
-25373284
-23379991
-14420255
-16317315
-26035052
-28301191
-19601468
-12144608
-3867079
-2691478
-9601933
-14244780
-3320288
-1396331
-527898
-9565717
-6757001
7182028
-4152699
-9648254
-5866026
-8988470
2820205
2760357
-14474775
-11841093
-5546757
-9024456
-3008145
-13195372
-20730166
-8100704
-6571131
-8538420
-10877759
-8120346
-4143116
-3353010
-6305994
-6329955
-187015
-1041255
5032006
9902953
8260439
16520439
19718344
14033183
15385012
19583260
20717098
21067000
15899716
18154187
19771975
25525851
31001124
28765715
21388472
16483259
15887721
20430099
16090983
19069514
24540538
14628642
12518186
6792489
8774528
11134081
380120
-7702678
-7920687
-10323443
-9900419
-3709409
-2161465
-14033044
-19324911
-22569728
-16007972
-6081748
-4867859
-21044224
-18015601
-16262643
-13765986
-6593602
-3172536
-6862603
-3445059
-5955917
-45240
1960752
2501209
9144247
4781552
2854582
-1879531
-2516483
-516922
-1476340
6000831
-5074539
-12283189
-13048231
-18030231
-8189417
2481664
-5948070
-7734324
-15270433
-21523174
-11880236
-5528065
-1035510
2347468
2086684
2621765
6771334
6386333
2840722
9011547
19828698
19858839
15154508
6427684
2817374
24865265
34559242
18440080
13214058
6415547
16460202
30971109
21978505
11557608
3421252
5560836
14000382
23382657
29214900
17976003
5803071
6453570
7660883
9488766
12670557
9497282
7175206
5046454
-8889805
-13979497
-6955138
-3202772
-2571195
-7405083
-12883063
-10914104
-13002239
-17358260
-19989587
-26047410
-25372642
-20856968
-17891678
-26552213
-23717860
-19258210
-18765270
-17953538
-14960493
-11512942
-11883385
-5992715
-9434396
-5207313
2960856
-3062311
-5724837
-4550961
521439
3183164
82933
-143446
-5102072
-14709064
-11454525
-14494450
-11024463
-4575118
-12873134
-16386682
-18628124
-15849863
-11719512
-8289002
-6179235
-9967519
-16299627
-3079818
-1103247
-8004996
891972
5058469
5957892
11560923
10379157
2112361
-9490662
-1109617
6190713
17709880
18648343
4809834
-1762785
5717061
18668693
21678033
18663298
10258810
12192321
21635577
28185021
22905371
18398858
18192961
23636755
29602524
15663018
10161431
9654211
11678187
16930793
10417583
-6561360
-2520824
-220078
-6771307
-5942431
-9630446
-10471922
-3621319
-5490265
-13347230
-25751621
-29413139
-24776008
-11022513
-8631886
-16385169
-13023679
-7133667
-2970732
-2335966
-2546771
2971944
2061779
-2227197
10463214
15493698
9235513
-1531109
1779801
14136854
18873129
19515495
6413505
6122868
17844710
13205186
1302713
-3941270
-7794682
-877095
3851202
891924
479678
-4247335
-8291509
2061865
7927778
11517257
5998524
-1933589
-1424573
-679891
7488901
12342885
1886237
-1339230
6282887
9641109
9736166
6429734
-1291444
690771
934708
-3450287
-4033891
-3083111
382450
1439391
455844
-4788552
-3370445
-2649758
-2983548
-5058025
-2603724
587779
-5838315
-4965519
-7881214
-8703389
-8599805
-13266515
-13105899
-9350951
-8845309
-13621362
-20975532
-15726694
-10208778
-4241288
-11137600
-24044753
-12148453
-8251416
-11479467
-7480386
-7377042
-5414876
-13489288
-18524840
-9588553
2694416
11679174
-2628677
-15102452
-5320424
7098188
7796124
7965737
5981793
12451991
13307114
13685024
13349106
10449031
11715538
19723668
25261409
15988121
15590762
18533012
15510945
15086198
15887761
17286636
20282452
15432107
7434160
16946003
13522123
11577587
6835834
-9299009
-3731609
7384029
6556802
47460
-5118638
-12141839
-12644865
-7301401
-9421098
-11270115
-7890675
-8161681
-6720658
-8782978
-8649637
-8342903
3442055
3046235
-3978324
-1516194
3074646
6690223
11329264
9415230
5101979
-3443236
-6720188
-3911639
-947788
-6098629
-4238183
-6907317
-17988083
-17426746
-18497401
-18259874
-15157804
-20781680
-21906031
-14516497
-17225521
-16706382
-17761596
-22515559
-20158710
-16517030
-7583512
-897680
-5536077
-11264987
-6640855
-11688816
-10783133
-2583380
-1482015
3299383
7156120
4346902
4846426
-1348078
-2404798
6967231
10710314
8739448
-214182
2570543
16973194
20967273
17328397
9668161
16955595
16066825
12087383
6718015
15459514
21101234
22251362
18352692
10888199
7627874
2063001
8806565
16489064
9323127
3862312
-3279398
-6256252
878130
-1438018
3564835
10540361
7613295
5175093
5190012
2229576
4585332
7379784
9743915
10486517
8399280
6894189
9931271
9900150
9638370
10092361
2525303
4286464
5198904
-3543045
-12644763
-10476557
-10370236
-4651860
1172080
-15170544
-22144422
-16219957
-10606685
4012782
-4008618
-11292517
-10184853
-4434028
5208501
-642585
-13087634
-13102749
-1755172
10261193
10817914
-10264053
-20685641
-6885848
3487076
5750044
-12348638
-17463595
-8651494
-5152160
469627
7932584
-7329915
-6542596
-7504872
756564
9560383
6825515
8768641
-2383083
1713596
13991082
12503279
10265047
13807096
14041025
17739205
8168029
11394156
15829772
20615796
14751918
5194136
-4680745
-7575440
8196083
8862437
1477839
-6587043
-4651905
-6273901
-5942815
-8077264
-12906068
-5173218
2023922
-1594305
-2507824
-13732379
-14256470
-4814927
-689833
-5610860
-12942862
-11240428
-2412040
-2773977
-14719517
-20087346
-18049838
-17775351
-12156403
-12572587
-11633769
-14687694
-21890423
-19092618
-19944809
-9403051
-7771112
-14964209
-8571002
-9201924
-7357300
-7149909
-12597390
-18492552
-7055851
4759586
-594575
-14750273
-18413037
-1938710
7560491
9547537
6934078
2683148
7152069
4456120
2224906
15322532
11060114
7813202
3485125
5846637
9380729
2605853
9286282
24834057
23724311
18292617
19391781
16818895
17454287
21867402
23624762
25223949
23020654
16837644
21048774
24990272
21624541
24379041
20591229
18528467
15855468
7713432
10326405
14669544
14114672
10064139
7934132
6995186
7225141
4065937
1237601
3062515
-4305950
-9021744
411625
9672033
2397973
-13997252
-20618701
-20696689
-6064350
-3800563
-12453128
-20804179
-30671056
-31260306
-10985121
-8415279
-12923344
-15627887
-32323087
-25298101
-14744471
-14601766
-9502968
-8963812
-16324232
-14943241
-5568554
-3944764
-9241700
-26358495
-18715046
-111343
2721575
-12356494
-24203296
-17234569
-1270831
7105566
5972605
-10574844
-11828750
1511477
11033162
9127135
2581282
-5340174
-642283
8611337
10597385
14555511
5488429
-7091682
-7388509
6012022
7612112
15670714
11609965
-3604872
3778456
18877697
17263823
7561959
5090035
10317394
21251599
27120891
13404644
5023774
7107916
16707469
22851710
16530786
10606070
10236222
12400622
13379737
10620385
7574911
12040893
16774589
8596908
275010
3113687
-1145935
-299830
-3627404
-9813310
-8902343
-13467285
-10640395
-7906724
-14602440
-21909407
-15506689
-7254487
-10365511
-17546269
-17985208
-12254666
-2812075
-7480710
-13381643
-17072680
-14940905
-5642511
-2708651
-3231270
-3071284
-2090887
2618541
6672580
-855246
-1954228
-441808
906907
-63709
-8646999
-14843038
-14191633
-7127307
-2387081
-3515423
-11113711
-9985766
-1705604
-1569336
-571658
-6085232
-4455773
1113170
8752165
16019826
9047266
5441872
11131671
18917405
25373710
15971051
26204
1156132
13540500
19685723
16421435
-129183
1767562
1680650
7719476
10567995
-305725
-6391999
4356710
6826494
-5458296
-14393299
-17887073
-11467340
3707660
13537112
3529406
-7611480
-12501935
-5215722
998999
3277305
5927932
-2860975
-2409883
-2261886
-7365196
-9016950
-3863939
-10222593
-9137675
-5199700
-10017494
-11416199
-12433717
3160407
6522106
-12806963
-10920103
-8533008
-1731099
-2885915
-14789368
-15227306
-1424329
4941603
-718024
-9643557
-4892717
-2915855
-2485694
4341877
4579262
9728014
10191589
8963062
7012772
-741655
4922579
11219712
14704116
15081560
10210234
8630070
11069887
13632697
11585047
14154069
19926817
19786785
4634272
-4199372
1135328
9216495
11173605
3587280
-14957137
-6564113
18997185
17805059
6934518
-4418763
-8411485
7308063
13665127
-1155800
-6383314
-1935392
2163733
662190
974665
593687
8286190
13683371
10043087
5207821
-2820411
-9818382
8302077
18063300
7431801
-1036067
1740116
6007468
2546158
4617286
-9569686
-19985106
-8520529
-13551
-5555431
-8086443
-13569915
-21404688
-10593710
-11221380
-15481028
-16226306
-12601020
-12702369
-13542828
-7265731
-7130378
-10187120
-1681503
-3343262
-12994809
-15452287
-11432821
-19484662
-20993986
-10143102
-896141
-2303542
-9192463
-8417817
-12608839
-9043663
-8538471
-9820285
-4774721
-57033
2231918
4072058
-6080528
-13915399
-4913011
16351088
16920235
2029523
-277506
792959
12454756
22324357
12597439
12082209
14640548
13563403
19910238
22520094
18839330
21963780
7167741
-2367077
16736382
24103043
14068762
14095272
4298924
-2470722
12274656
17805343
8697340
-1196066
-19068363
-5418383
9940562
-3828467
-12978327
-9486602
-6721675
-4842047
5944736
706453
161462
8319422
608708
-1852600
-2136814
-7207800
-3224287
-5407223
-3565673
-4982894
-15327335
-20468269
-16734728
2758088
-4891704
-20735139
-18147715
-15511432
-19387649
-13488217
-18539382
-27500692
-19718813
-16257132
-21128419
-15540649
-19196745
-13584241
-135500
-8777180
-10614269
1606508
-1584800
1573659
10444462
6384759
7637400
11401942
14508181
18814422
18606402
14540640
10916399
14886200
16175242
23665347
26305916
21490457
16631983
22696825
18069076
20307925
19392927
14161667
15165498
20224499
22125140
18715927
2627264
-2988383
8138408
10279673
11517939
9118940
5720100
1532979
5264584
3171813
1906774
908306
-7343791
-4043564
2145946
4299148
7167837
5169599
6674237
-1306422
163143
-4321068
-8624586
31168
-2841556
-15240956
-5103193
3092907
-8539363
-13630363
-13175446
-16346167
-14233998
-14771097
-14067492
-15537135
-32632923
-29095905
-18391926
-20592802
-23578192
-26188082
-26970205
-24461357
-27366083
-29235211
-29784737
-22247543
-19655069
-13734677
-16384188
-20978717
-21311559
-15525512
-9739346
-3912910
-1669814
-4985508
-4638820
851604
-1083425
-2298076
7814671
14064807
12651638
20942732
14563439
11277319
26889144
21819703
17009128
19913950
19107652
27274823
34007695
29508587
25510273
29886033
26962471
20427955
28522499
31648647
27069883
29607684
18258563
22505379
16585534
21188803
27783448
14514076
5850016
7055836
3168125
-970594
-5103705
-8859111
-3622476
-775692
-6163567
-13549557
-18391771
-10012868
1637987
3890
-5535177
-8638555
-8896734
-8732055
-9673041
-7475820
-15902767
-13211959
-8156084
-2355430
295885
-825619
-4417208
-6614970
-24970975
-23057681
-14359641
-14733313
-12953241
-13178497
-13066555
-17378143
-24190695
-14885374
-18522537
-15154993
-12860211
-25662140
-24597300
-17538267
-12984780
-8728842
-9261703
-16961344
-12628061
-220610
-2985281
-2918213
-107426
-3897521
854964
6774962
8747061
13277956
5903707
3994960
11155284
15020092
21996146
20001912
12470085
14756159
21462099
19724939
16288020
14534232
14271223
11992975
14492140
-401395
-5037514
16935391
19043711
6353374
-3001559
-12169287
780198
8518008
9275475
827924
-5328563
-6867628
-3025562
8767445
12717939
1917654
628920
430504
-2575227
-6531485
-7213680
2262135
8983752
4250615
1899592
-4481064
-6269686
-4268887
-469776
-3479005
-2440247
-3235735
-4459042
-3412250
-8595265
-10619047
-11963697
-13354104
2347632
5094520
-1151820
-4916713
-15122669
-4787960
2182417
-4182532
1079692
-14227495
-13476991
-3939206
-10318699
-8503236
-4394025
-13135031
-16906438
-12388986
-16278325
-12071477
-3229892
-1828875
-427826
-1913653
-2818813
-1755727
1654669
10717008
10988483
5052180
6460842
12168431
25853550
21877379
18468048
18626251
19200937
27756101
33114906
37613055
28916637
22609141
29265910
29477600
26807257
22170224
10758380
14378412
25104716
25048250
15981493
629659
-6840426
5851118
15242810
9932946
-6137881
-13603534
-19552908
-9502748
-546892
-4816745
-18390637
-23126745
-18942109
-16004899
-14439198
-10434000
-16811922
-17295659
-22269878
-18706426
-15890022
-7977343
-10389816
-10249121
-14941449
-24444472
-25692711
-23696606
-21273930
-20795948
-26272988
-28593180
-26489278
-23171376
-15261737
-25996151
-29351936
-22602218
-21857452
-24245815
-30536060
-24081986
-14312240
-10185273
-19312615
-21851238
-12155175
-9924856
-736664
-5082485
-13624151
-8645786
-9851615
-1787659
11481972
20309829
20182280
5960694
2867685
15304687
26924953
25131116
27145583
22297313
15588551
18452138
29510738
36802732
29813289
29954637
32412067
30687793
28522215
26487529
22460092
29142595
32999738
22851826
18419213
15682890
12791046
20062564
14265759
7508980
4302663
5969547
13513239
12559021
6611826
6072929
8337682
2174487
1442314
-6453762
9399641
4225117
-9179402
-1867213
-3302080
-6955528
434645
-4570874
-3509534
-3109480
-7434369
-3481445
-2475704
-2287881
3836573
466132
-12188285
-1727636
5400128
3117738
-3602045
-7764072
-4055297
3597403
3941669
-5893021
-13346571
-18503964
-10952810
-11149506
-16257880
-23534650
-23267042
-11333936
-7855233
-12676856
-14021043
-14516822
-18236635
-18995262
-15831646
-9185252
-8113311
-2626402
-5780980
-10378548
-5640047
-9718160
-6643472
3458366
8206555
13940836
14140201
1631700
-4537699
5177575
14015902
23266420
8570537
-910067
6669393
11583287
13801695
3527979
1593441
-726945
485626
-3201942
-3827795
1403302
-12534604
-2176938
6516133
-934403
-2905283
-6233792
-10743075
-6178668
-1869589
-3428098
-12770434
-15044707
-11241445
-6503703
-6865149
-8694148
-10819148
-14525068
-939506
4213885
-4972123
-835124
-4922181
-8188904
-2808320
925432
-2485244
-8423029
1879128
6759567
12614377
11984173
6072652
-1927275
-5012914
-351896
2070755
14824184
9146160
-1912304
-2982956
-1382348
6198699
5624789
-3436016
-6916393
-5663468
-6831092
3041663
3028399
2387322
-574305
-4150379
3376038
5287158
1553711
6828362
9741984
15066848
6744611
3919770
5405137
7458082
14466977
8679619
3784980
2554890
7110680
21953230
28378465
13797374
9412595
16490412
20097721
18482614
10348930
10699795
14993644
21926639
19934267
13106800
8435691
8342848
5630919
824843
-3445802
-9048349
-2532872
2130951
-1035505
-9964160
-16749895
-20676094
-19281333
-12438564
-18979906
-15462924
-16567724
-15677860
-17053459
-24824013
-25421213
-20920589
-12519113
-10411702
-18051379
-17692787
-8820172
-1691815
-5491801
-6562463
-15913934
-5755826
6690533
-224836
-4257050
-6901141
-7586091
3600672
5152026
-2777113
-6494699
-16004914
-3709850
4340012
6522110
-407774
-13480651
-12372726
-7737981
-3250360
-10772022
-13489274
-14365457
1313972
13896392
5200432
-4401706
-7448538
2343091
11776298
13821484
2461481
-264090
3101632
12679440
18987420
9304934
6109949
10790288
15110001
20222231
4946549
14353556
18006034
18085512
19686647
15209976
10727497
14164943
20460814
19659205
16963126
9597498
13353684
13307957
17073816
15288653
3837753
-5814163
-5337832
6069459
5510129
-325231
-12176538
-23638878
-4299338
-4505256
-11454336
-20387578
-34381709
-20105459
-834218
-2699520
-4893107
-14674578
-16848987
-2007443
5558871
-643984
-4415932
6411940
9804722
12495576
8345866
-1941862
1955393
12606513
8225714
-5232740
-1524697
578773
8476716
15091222
6916951
-9798966
-7601197
1240116
100029
2657494
-493782
-7725383
-5029646
5256101
-1312847
-4265040
-3964817
1561541
3045968
-4341821
-6451932
-7340260
-2526383
6325629
4015669
-4915333
-18972952
-6932833
-773913
-5453697
2943044
-9485259
-9205246
681067
-4296417
4607698
2996886
7930489
6269307
927923
-286159
843375
-2114846
5979341
6834212
2332672
5164715
-3117369
-7935675
-4233628
-8257362
-491772
-2719235
-12665748
-633227
-6134556
-12741392
-2769469
-8413031
-22899612
-14790920
-13705767
-10794094
2640685
-7398438
-17223721
-10053538
-15624511
-10290461
-8749246
-5593126
1050889
522749
-443576
-2706046
-7311213
-11009343
2290353
13656046
14215032
11856321
176469
-6505210
-4171375
11551212
14584953
3518092
-4085820
-4373588
-6826865
8420745
10188676
-4709759
715530
190992
269740
8315468
1146572
1783330
11304695
15713441
10831580
7235577
5240538
2871516
14319081
7098037
17227530
22220980
14118490
15774014
17966884
19145181
22400381
18432452
17015187
20190671
24866519
21248079
11021915
10697216
19801503
26121708
18279939
12356238
-3869498
2331992
14332951
5017457
2269479
-442201
-3821491
1767514
360627
-4329824
2166464
10990845
-8131912
-11212126
-11099350
-17860583
-8398323
-7227190
-13212664
-16315774
-21335652
-22204473
-19693596
-15937440
-20458148
-25051231
-22510270
-20773117
-17417797
-20312007
-14407155
-15550186
-21508564
-20044754
-13933540
-11689144
-8217955
-14037252
-12645905
-8137645
-15119762
-17286960
-10274422
-9436058
-6866690
-6458889
-8096856
-4608540
-5870101
-563885
-4967658
-7436697
-5264033
-3670533
-8373567
-2426843
7484834
5945687
3027429
-2890933
4380392
6273706
10257234
7221186
-1354325
-5626989
-1572927
11168105
18915443
16896750
7310343
-37670
17199924
29883512
21222461
15083610
10231117
11437136
21101747
18279148
21709580
19728076
23898297
24334702
19911268
13395774
5598469
2864944
3791297
13795428
11481087
3964728
2201279
-3901192
-445161
2718179
5176861
455958
1650975
-2618045
-6402760
-17575206
-10437212
-7765810
-4644859
422605
-12779508
-14160120
-2566138
-6959066
-8986999
-7418894
-12079304
-14153467
-2922962
5967051
6270230
-2838973
-5890103
420857
7810652
1773836
-5958802
-9426869
-358123
10041397
4174697
4640705
-930043
-2999631
-6538948
-10958748
-1696268
4449284
8501729
6244656
-3674204
-5089321
-14982798
-9174749
3444899
5488932
8803400
316292
-12023180
-8057272
-5475897
-4529939
-1064132
4094834
3710427
1467865
-9161259
-7767233
192955
7924067
7727365
2291139
2406949
10224452
10653589
1035488
-4717202
3963875
19401523
11180679
-9841882
-17710976
-1095086
14724142
12825483
-2775714
-16601706
-23664198
-9036358
-2996042
-7206663
-5508698
-11925316
-6000989
-6526748
-10161147
-8491198
-9040528
-5261429
-4603605
-3862215
-10975161
-11809377
-11610431
-9735025
-9970551
-14690791
-5860330
-5511593
-10446994
-8302583
-2880371
4622998
10918768
7505831
-2944381
3764568
18988010
13840948
8534827
7781878
7573077
19558436
28041531
18353680
9861208
123079
1353524
10895194
17474283
25381038
17972680
10765266
4125389
5294615
5056578
11652220
5556733
3051118
9174328
-9925593
2686966
13669873
-3426724
-1763094
4490409
5383696
3503852
2355015
775275
2378274
1821181
3423194
4392008
10786001
9011229
3983124
9444107
8305209
13740467
10415757
2927988
8837232
12610621
7238140
6259321
5160266
263890
-4523074
-5206224
-8847128
-1198977
8627145
-907721
-11104282
-31972646
-13842885
6139645
-7075899
-11962108
-15623481
-18973732
-11579763
-3556947
-8198796
-9345130
-13110520
-19957819
-9269951
-1101752
-9355616
-17152572
-11491331
-13370466
-13749948
-4658154
-9796762
-18576405
-16349724
-11414570
-7205146
-12325145
-18817280
-19262585
2274688
15471117
-2704861
-15549004
-15945845
-10487637
1644150
2178997
-7261386
-7180250
1467760
1970913
4553048
1779511
-11072085
-3625069
3769490
-3318659
-12957410
-14566282
-8249078
3757465
3078876
-5909664
-12835320
-13640465
214038
9219130
4505904
797357
-7189206
7283425
15825138
8985923
4047696
4929381
1900577
13067991
13594986
71693
7128736
11043116
7885505
14722200
12777984
2681771
3237918
-2124518
2341023
11146686
11124333
-1450425
2250784
5727046
5356522
6784034
-5498122
493453
5160490
3532315
7818119
1761219
6355166
-696276
2902640
15925724
17365875
19093868
8369206
4569683
18079025
16039705
9299448
7024195
5312237
12496558
24085570
20450035
14391691
9710607
8077817
15496653
21535033
10085441
8940643
16580949
8506414
12328925
16392003
3214579
1765401
16457593
8141014
917738
2626791
-8103966
-1034572
11810028
11370015
-742599
-15575832
-15734789
-7580056
-837552
1241785
-3059699
-14348076
-16076443
-8897849
-11684655
-16240113
-18506993
-26489944
-20948664
-19660782
-16238329
-19795417
-30751460
-26657012
-11521120
-2996316
-3657931
-15455142
-24888505
-9022375
-9193402
-12140161
-16364777
-21438077
-7068801
606715
-5113421
-8308373
-8717296
-5413743
2420260
3504636
-6774565
-2340970
3342777
-2651219
4587938
2248971
-4143806
871023
1566047
10339210
9579815
5750393
4717335
-1007152
3449719
5143124
5296702
5510054
1396327
-4956304
-7927350
6306923
11406974
7863056
2082974
-2993470
11805029
10689678
11050872
3178650
-6256169
9171602
11700727
-983292
-10484748
-11711577
-4871076
6380033
2093111
-8109130
-10099651
-6720345
-8683211
-3810036
-5852834
-10634737
1939084
4101375
110644
-3167856
-11285887
-18637136
-2022333
10304581
-307551
736919
-5296407
-7388606
-1477096
1889180
-3342145
-5092371
2040153
1793968
117608
-308862
-6685232
-8347160
5610739
10965959
11160111
9300739
5558291
1239014
-1352228
12475214
15504944
13170391
6173206
1777007
3308753
2519477
14532265
16375622
15186669
11011410
1639134
2819106
14284649
17452705
11066075
4967386
8129172
5012402
5999430
13661432
4378809
-1716216
3990800
4614984
16448708
7223303
-197567
4651754
5829611
10237730
7119509
6171684
-13574
6039818
75125
4241128
3435777
245667
2931655
-2034758
-1335089
506904
1151933
6218690
-7803522
-4907958
-3486345
-4798618
902823
-10398637
-20551811
-24488049
-12784804
-9662286
-9063738
-16520207
-26098513
-18436599
-13773069
-3928442
-11330211
-30524851
-21357749
-19532064
-16931738
-1914783
-19598914
-29120604
-22175099
-5225596
7165137
7271409
-303223
-21949007
-8543392
911178
2799015
-3447265
-8680885
-1176064
-837954
6838293
5447908
6062419
8491259
4807256
8707979
8260783
16758798
22758380
18547256
13324416
5862683
105681
9100138
24577169
28631431
19365733
6202763
10629410
7569810
9629688
19120796
14703968
6252431
6111915
10858634
10246220
13603719
10776838
511103
4499342
5607906
360562
5141735
151724
93473
1311925
391400
1824121
-2353775
-1205963
3130223
42646
-7270425
-13575654
-11519766
-9875020
-880965
-6085946
-14882663
-9415983
-16294576
-9013728
-12495003
-19508047
-15202426
-5324671
-7772110
-11901793
-12410053
-11809091
-5076149
-5558971
-10577525
-7639948
-7492231
-8069279
-427505
-2930615
-15294548
-12766654
-2668955
12531892
11195388
1588148
-4326185
-3300197
1382384
7379282
-3332851
-7718933
133228
4537497
-2166658
-4381392
-4494018
1632723
4496329
-1186853
-6138848
-13586262
-2036960
6735091
-5494305
-6146564
2036602
-633361
2588513
4319259
-589373
6969290
5444117
4846709
2750682
1337514
-437069
3289081
7212924
8229644
2205916
-228412
2156601
3102500
4733889
9724254
7619575
3389723
-2422457
-9138438
-2925301
3663575
3705460
4910934
984287
2038690
-676149
-2513603
-13381215
-2782818
-3427436
-1897373
-361117
-5526957
1988676
2810012
-1590960
-612098
-28239
-2464402
-3982307
3842588
3928310
5443903
-2984595
4741218
10270782
5464853
7355006
-5093128
-6328414
1790149
5242123
2180204
4051175
-2978076
-6946199
6228610
5410540
-826627
1039008
7628026
4231683
13622987
14174628
8120614
10251414
5378460
5409476
12437089
9603441
7379797
14255884
20132953
17731864
10758789
7334777
13958965
19857004
19557552
15189217
14683877
14425560
14200213
17169980
16041923
8005018
5190338
6993964
10788039
6530354
3411858
6564578
-1614132
-12592948
-7583686
-3947370
-6764414
-2304818
-743091
-15147290
-8144104
-6938839
-17474920
-13208758
-18284157
-28951003
-25723221
-19294903
-19585409
-17455027
-25828954
-31473950
-21534525
-22619944
-28802518
-26750019
-30850819
-22309125
-17090524
-24105946
-24292590
-10758135
-8714058
-14405909
-13460026
-14696206
-11466638
-6200389
-4777319
1840089
-10124087
-21639167
-11990725
-2810277
10648313
12301941
957958
-2263675
-4375988
7468215
15937418
12028614
1420611
3947621
12560484
11313541
10211228
3494573
9899520
17286212
12584498
15739231
5660006
11322332
18852283
15312307
14508462
13876877
13963062
15597198
18745464
11881375
7360142
4799093
12784818
20505256
2752695
2112471
6154450
10694910
17327996
7179477
2681501
-193037
-22719
6594160
4820144
-2976618
-2459673
3119291
-9018417
-12116428
-11622258
-11927663
-10746374
-9228835
-15599714
-16930502
-11217491
-16979829
-10159092
-7891319
-10219912
-9882320
-10504574
-11733895
-9816701
1150214
6013328
1670501
-4183788
1814540
-5910658
-2880554
10768666
7574421
11335517
5766083
-13888892
-6253945
16353778
17347222
7259156
-4724418
-6147925
11594589
13265281
-2246952
2506556
10773515
10774046
9835155
-2923643
796254
9444790
5658320
-1847914
1236569
5326796
9954759
12816365
6400902
-102601
3953489
3212591
-329040
12116254
15719537
10369010
4114322
8423923
16430637
14588619
7076112
6544017
19472384
30725894
25235778
9616124
4204420
13123301
30124776
23975136
-10794630
-12498566
5702659
16591746
18379412
2648214
-5827468
-3072549
-1654935
-10648018
-19466919
-16711774
-16030740
-13289253
-6835428
-9619041
-18280840
-18892563
-13553459
-13656449
-10591451
-14347051
-18738377
-12915707
-16739490
-12826884
-16685398
-23510716
-23230324
-12650718
-11273907
-16540731
-18623089
-24539345
-23410795
-22580344
-15345349
-17323989
-26083612
-22778832
-10701184
-2594915
-11995294
-20857986
-14426626
-4519492
-8159805
-14122882
-10212880
-2307937
7161703
10972904
3264866
1385011
8728354
10556489
1474250
2244697
8004881
6714409
11277680
16747449
9751610
15730429
15164037
11412699
12940939
21260480
8930923
1732032
11217939
12116738
20665602
23342661
13850035
16173867
10406602
12825486
20137477
15981302
15036894
21648384
12922891
-1853613
4688343
16394584
16012772
13745025
1548167
2452235
13433886
16965093
16349868
7407191
1234394
-1296270
-578427
4182346
666354
5597650
8029855
187856
-6114749
-4988105
-2889518
-4469521
-1076648
-10133255
-19299055
-14629989
-16213401
-10958487
-10285590
-16815580
-23683969
-24859861
-19123099
-13467821
-12055805
-15820969
-13293756
-8586809
-15052864
-17018618
-11361958
2390895
2022128
-8856500
-3188544
4083850
2270563
1040764
-4937048
-4316620
-1259941
2280666
-8351
-4464948
-16122917
-7208041
2006268
-1043589
581135
-1238600
-9531952
-5383712
611416
-1649616
1885589
602336
1267336
1396501
-513599
4854957
4419169
9372391
6272966
9689347
6431080
2982829
8127298
11518962
14328427
17617885
11496301
5310954
10109257
15191270
18347680
12498578
6118763
4997009
6917942
9139958
15357922
4942778
1067898
12950994
16615402
15303360
11857173
1801530
2172204
2165254
6419394
3387159
2592966
-2483793
-12221812
1066589
8507534
5563068
-4150287
-8839185
4614453
5427414
-10045158
-17154657
-13218248
-1403273
8564550
3746848
-20069872
-22032976
-10337080
-2838395
-3146110
-19612667
-24051481
-19487711
-4811870
-6249665
-10803156
-9603399
-9648216
-8285042
-14910102
-9367087
-9388929
-7262282
-5556273
-8628124
2486765
2828086
-1314149
-5531987
-2908628
-2339278
2283712
5858
-1926948
2422213
-4686248
-8056580
-8947166
-11805074
-7424245
-134941
2652387
-7449884
-11619709
-16784990
-7802111
288339
-7047862
-7164122
-2632136
8971866
14388137
8790339
6291562
11533414
10649719
18564723
26076587
20179609
17408350
18143938
18998500
23183742
16455804
8586550
12624797
12231339
14358730
12552581
11173184
5733888
365300
6224746
5727759
1839823
-10571671
-8948938
1937565
7268116
-1292766
-3748596
-6096162
-5712119
-8412454
-9257745
-8770079
-4105232
-145944
-172119
-4013264
-1769257
937740
-469229
3658322
-2055652
-17104807
-10763590
9221235
7279386
649164
-13482831
-14556230
743744
228976
-3653830
1587569
-2965525
-11797819
-2483491
-6360444
-8052423
-5767909
-8169347
-8878469
-9788482
-8355724
-7711627
-2325986
-1616645
-54018
-6647806
-5442436
2647
7812235
5746127
-3615132
-1751958
3071074
7268326
3717239
2933618
8214502
10003962
11616347
-40923
8018792
18500407
18157348
17748915
7237055
4840307
3743275
8494870
7994616
16040963
7506829
-4519558
7422960
7616558
6998090
5663474
-6501813
-3324535
2361295
4599611
6399689
-6041702
-9165035
-6706090
-8277826
-9784199
-7093236
-3146166
-9253760
-2704412
-11899849
-10571337
-4134615
-5526758
-6208703
-12597351
-11304773
-10057330
-8334072
-7710825
-12684376
-16020248
-17870139
-5753040
-1560252
-3603360
-6012856
-16091077
-8869643
2232966
2983483
595982
-5984777
-5826550
-4323002
5393441
3179797
7482004
7802145
7619481
12449067
11103455
5070432
8452399
6404500
2389738
2645107
4003548
3654384
-81081
-13330920
-12086026
-3737177
681288
1375414
-6502669
-8057049
-2911666
-3550407
-5574635
-4904669
3297405
5673791
1795912
4345300
11661193
12772956
4636971
11159103
21288002
14206968
12097075
5231976
3688783
-293318
7019400
13399926
12694923
16381790
1689385
651853
153659
6889607
13566448
7021851
-347768
-12109088
-10767697
-11613887
1700141
6338449
6808358
-888917
-8929162
-8975482
-4436398
5579574
-7379515
-5715776
3166078
7219036
2620339
-3516656
-4942897
2704573
10327982
8760594
-4165694
-8924482
2785802
6984716
7352283
6896242
-2411408
-3692676
1881446
8210111
1529685
3154949
-10777915
-11687987
-5005412
-7566529
-4891700
-16007011
-15905060
-6965855
-1596968
1556342
-6336175
-7654737
-11238900
-12314053
-6687566
-7097070
-9886706
-3471085
3586880
375586
-954437
665836
4051662
14328859
4243754
3588666
1321345
3320702
15300545
6707737
519243
294455
4653938
5971589
9666009
-305970
-5929993
4630151
4062050
5578008
3392544
-6935870
-7288347
-2717524
6217958
-1180541
-10215700
-7729462
741861
7407909
5681132
5594841
-2050530
1982904
3763687
-983356
83861
-4305676
-6537212
-3939829
-844611
-1295277
-1108155
-12600831
-18524961
-13974196
-19125707
-20437964
-5496383
-4396650
-16858895
-13794453
-17313399
-19763950
-5755093
1941795
1675082
1973122
-1809977
4111828
12817951
13716934
13268715
14204617
14360708
20175510
10639863
11097766
5419147
7829459
17272969
12491154
4794217
-5435520
6613421
13502955
8813968
360688
-5635930
1368206
6824842
975386
-6161538
-6002352
1343337
2943770
-3857304
-3448785
-1119305
1575011
6136018
2536407
5565096
4973716
-458974
7714779
15517039
11087710
11582649
12117996
5166742
13773688
5757164
183499
2934721
-2499197
-5690144
-2551510
-2073694
-4624705
-10384926
-13565918
-14027542
-5489259
-6750178
-15318352
-12988573
-6241645
-6533374
-14859254
-11431530
-10279408
-6795383
-7683861
-13722975
-931511
-211814
-3813903
-12788690
-8222803
-2899876
-2024715
-393859
2966009
-2016194
-4412757
-3527867
-3089539
12523372
19556045
13231159
5962102
3206360
10954576
8382936
5737788
8581309
8349290
6790171
-172070
823472
700305
6585785
10876488
1752344
-8204153
-6681885
1534567
6020625
8811572
8954858
2474223
-7590190
-10189127
-357110
2750808
11089078
10242458
-5345128
-3686916
662651
1316787
932591
-6631705
-9977949
-9186507
-7264809
-6079372
-8427229
-4148850
-11146098
-9614152
-5302533
-6495534
4377460
-326164
-1047373
-3276833
-6215114
-6954247
-3354749
5485746
3923952
1103691
-5573907
117794
12932306
17284638
5577810
-5235106
-3994985
-902523
2168684
2961264
-5327167
-2729144
-3412503
-6087986
3527858
1744990
-3051663
-4085791
-6846257
-120971
-1017937
-3127825
4152923
8714888
8686034
-1661615
1426491
11562940
13874465
15404383
9001068
1370525
3343338
7375229
8431255
3803898
-4965599
-3735831
-981629
1752607
-2000935
-10327616
-11881317
-4582189
4043065
-1228533
-10494191
-5132234
39505
-3377345
-7460953
-7725340
656270
5398402
10805032
3066517
-2821314
5234874
-2059399
-647629
5907341
6300042
2083932
2474336
5369407
-3230237
-6336854
-3392289
-2972483
-4327446
4025797
10956029
1209333
-9193134
-14905968
-16593896
2228796
12314624
4060789
-2035245
-5214321
-1025569
3363671
1994350
129574
2198243
244187
1090176
-2714449
-13359972
-9434744
64962
632987
-7904920
-8948970
-8378936
2710940
7600808
3018706
-1122187
-4065089
5522079
7240967
6131802
11872862
7570736
6866259
7331255
-134385
2538830
6141114
10110657
726479
-8012815
-2472398
1296536
10671568
6878224
-4408409
-2052910
4852182
6895624
9239323
8717673
1735453
4256281
3395616
792220
7777929
6726600
8278482
6870843
2006693
-3602017
-6328544
1326361
-5696959
-4310838
1976743
-275959
858809
-6527853
-7746079
-3548886
-7367668
-11188552
-14758976
-21818591
-13384748
563318
-5279984
-11692980
-4775220
-11694059
-8329260
-7237068
-9796400
-3825183
-2474657
-1847630
-5334772
-2902016
-5866245
-8059977
-915630
-5211391
2808837
-2468579
-9682665
-8050960
-1555502
2806229
3621909
-2485676
-471680
6647078
-5305878
-6201753
-2037729
-3471058
1782470
3719250
-7885561
-7488988
6578022
3731795
4382802
1514821
4752493
15890513
6685051
-641807
7325941
17384105
18923680
10521936
1750981
10347726
22503357
21874499
10583726
2312612
8086237
13528457
12651205
9778885
-1717042
-331303
4476330
5034832
7786471
646661
-279552
1701459
7239080
12212344
8247633
1002385
1029484
6100101
4277987
6827169
2683229
-6067963
2848730
4678613
-4508875
-10193176
-4794779
-2200838
-3685909
-9006332
-16761430
-11313224
-8200578
-5559455
-6867346
-18490439
-6366170
-3759414
-11305277
-9455223
-18041984
-24507010
-7945212
-6041467
-8287522
-5589220
-12173209
-8451007
-2641213
-12962627
-7083866
-2550863
-10999123
-6108207
-958719
-8483964
-7903259
-1516150
-6724034
916783
588811
-5403641
5612216
4130101
-219461
4347031
7329440
8008621
6213727
-2069080
2307173
14434023
16162103
14262068
13266789
20017043
13402064
7007938
13282428
13646607
23969286
14874458
6204747
16581300
18391304
14194554
8713474
15866363
12448077
8470180
7184871
4573308
5612009
5191507
7227111
4165423
-4790145
-9685773
-15829451
-10374567
-7143060
-8351186
-14891782
-15716783
-4116550
-3182362
-2460960
-389509
-15535422
-12062639
-4752511
-7483179
1743322
-6553460
-18474316
-13410011
-13533492
-10865428
-6861101
-10295252
-11722763
-9388735
-17524969
-15434888
-6322876
-4055052
-10534358
-20657565
-20010023
-8951258
-11585388
642667
699716
-1471399
1659304
-10915154
-9742912
7760187
8722659
6935968
883961
-837402
7598149
6710801
3259363
7141623
8114406
5637353
-725168
-7124182
2222245
8133686
1770391
6797223
8041685
21386
-2741189
6037364
14845614
9128616
4616263
1437141
512972
7662024
12600308
6475345
-304671
4140420
4468794
8448313
11888703
6863581
8119905
7351523
2869925
55143
5047825
14016612
9277594
6542485
3018774
4425965
6413453
3134551
-3276848
-3296528
9662646
9245223
6735771
8615026
3568769
-5104052
-2343655
12266098
7831012
-786670
-2510158
2555769
13012429
7862873
-4080544
-14414931
-5656812
4338553
5935561
-5919689
-8438939
-2952550
-2681958
-1675999
-4277789
-5412806
-752443
6172375
-4228015
-1247525
866801
-5923256
-6003300
-2497354
3964200
5059391
1073970
-2054904
-220797
192917
7650431
6247930
834703
-5684136
-6631776
-11555578
-17792507
-10252258
-12868041
-14471908
-10596566
-11617053
-13193736
-15986954
-14996864
-9921382
-5646064
-1817317
-7386102
-5274479
-5501397
-3444580
1581451
-4416975
-12434134
-6375712
-1366388
-4042221
-8411088
-9123696
-8678182
-8255140
-5842183
-6218596
-1514327
705987
4645899
5387811
1171345
5844749
4826391
3245959
-1361650
1092183
-1302217
-1679816
-3132382
-1610154
2372684
-574999
-449286
4108019
4307564
399302
9274099
5075190
3807750
5284785
9093754
8344965
11908705
14790613
8687263
8469986
14060750
11247598
11449823
12829286
9941044
13417959
8551684
6169912
13672826
10894168
6739950
5391952
4988325
11195900
15754167
3672194
-5992498
-5525109
10404101
20360774
7626248
3625974
-3016360
6517976
9848507
5823706
-508826
-6781704
-472374
-2038217
756038
3276063
-3997083
-9068780
-11395455
-2784823
650190
1304298
-7646108
-18187394
-8472064
-475665
-7707424
-18302188
-22240498
-19880615
-7658406
-8079669
-13060723
-17431278
-14161775
-7470032
1152530
-5708945
-13785464
-12337599
-9322737
-3525692
4976680
-1515218
-5814278
-7717051
-989454
3164515
-1830398
-10233477
-9487000
3062952
7374754
872376
-10021664
-5749670
6649714
7600615
5325573
-7817611
-12190575
7009471
14109296
10178946
2801848
-13312610
-5658019
5731558
5854996
806188
-2182161
3413982
5123415
5034767
6281967
10717197
13171679
13962276
15616959
16822463
3571297
1137716
12696436
11212106
6037374
7099108
355850
-1511592
6575953
4530796
3371787
-241755
-6828444
4298648
7005880
6942571
7126726
1660593
1411749
2598209
-1061339
767966
1628615
-1052837
-1140577
-5587310
-9705253
-1648519
-584321
-6637884
-2231456
4251583
7713245
-551437
-6056408
-6677417
-6654604
1948417
2871837
-6058075
-5191558
-3857628
-2690800
6469449
3658261
-3002156
-837189
-13374313
-9083245
-181512
-3319374
-5712057
-7547735
-2817246
-5222439
-3217276
-3625256
-817288
-1107865
-4826121
-2155920
-2912751
-2633714
-2609877
-7198140
-4195228
5126809
5157117
-5421903
-2186919
657870
-1399274
6810982
5625693
816125
7362909
5228785
3911321
8497846
10299027
6592038
7513049
10525370
7946725
150282
-2742875
1724574
2024464
4269412
6924600
-227031
-202817
-1405251
-2033295
-1898873
-5841062
-57227
-394153
1164380
-9066521
-6840797
-7796451
-5252245
812366
-2377707
-4282610
-9753158
-8606090
-15918757
-11468479
-10155565
-2692237
-530015
-8861665
-8377422
-14738347
-5620187
-2706791
-6106806
-7339305
-10855957
3056262
692880
-7949020
-5647944
682204
636134
3536701
6485323
6169846
10142687
12645142
-682862
-494874
5753676
5501285
6622530
3491786
4337919
3598675
1211646
9788427
5641503
-137261
2664542
6443402
3630657
3088384
3158462
5508711
15325862
13110560
11274923
9225099
9917707
12470965
11428050
7438606
6132632
6767161
2783744
4312787
7701695
8731433
9400006
8056794
2456794
2560518
13004414
11532180
4924236
3153673
2041961
8982526
6676230
7697785
7586628
10677191
4407298
-5139744
-4236994
-3306402
-8616489
-5348940
4059829
-2837288
-10743925
-11701165
-14758751
-15481230
-10442077
-6629955
-15333899
-18927999
-18087549
-20295786
-18763936
-23421542
-23597091
-13076611
-6424355
-867019
-10479536
-15499060
-5955933
-689966
-3785944
-5744126
886020
1134612
4699894
-1017460
-8974152
-11006246
-1394340
6705706
-478952
-2666238
-3907715
-12325130
-10489322
-1983964
-1049154
-5731742
-3497240
-4356373
673124
-1670176
-7620086
2423280
2593685
5548461
1554245
-7194483
-6851509
560693
8889562
1681022
-135770
-1811436
-194089
-2066613
2395150
6249480
-4184660
-3820701
5406542
5706922
4846220
5798374
5213933
388598
559407
9299110
4404292
9308539
9629264
10421062
17151982
6669065
2382873
2857640
1617476
9421938
6729631
5075325
9200233
11422051
8158127
3003488
-1905771
-2666914
7218911
1703984
1785145
5918886
4077444
6019322
1012761
-1919718
5060090
5320547
-609946
-5558545
-809753
877954
3811146
2327830
-3645314
1021887
-168680
3308930
16513543
17115661
8621443
966602
-2800706
5152516
14505928
12141937
5961547
1058724
2859463
10425053
6436802
3218203
-5713363
-9974655
-10751
-3210756
-10197795
-10740869
-6272649
1579456
-3721855
-13673928
-5624270
2274692
-3044292
-9806058
-9096628
-8194286
-2814949
-2501558
-1705437
-280345
-685407
1672189
2102264
5640680
3971016
1112830
-3548123
2085864
2202705
1841606
-1583357
-2285941
6202974
4792861
-5318392
-3220146
3218510
790302
262696
3110668
-2384210
703056
-8148290
-13200682
-8766959
2383419
-6498457
-16706536
-18585328
-18293685
-11500361
-7107564
-8847677
-6396787
-8933479
-18283708
-16318488
-7418110
-7877075
-10174775
-16929962
-10315367
-302607
-1510432
-7054575
-7489015
-6449264
-2833997
3261207
1625639
3449701
-160512
193711
2381835
4985689
7378869
7321397
-3390688
-5859152
8279145
19006259
22041096
12902211
2582086
45615
5493835
16228390
17624795
10750358
5545960
7978191
6712823
7654838
6640673
1995325
1302201
8123447
4475828
-235944
-1335869
-8226688
-2921749
11142097
10110128
4497687
-1487420
2127037
15094131
14153887
9192448
3624347
5508318
8466069
5296425
6281578
4959331
-3497564
-7318561
6572575
2119754
-5038317
-2017054
-8037839
-7923654
-10961130
-11959980
-6732462
-2371622
-102955
-10498583
-18318936
-14660769
-582956
3537757
-4170220
-2962318
-4464180
-8341596
-1073756
-2594688
-3801253
-1364179
-4746513
-6703338
-4904380
-537874
4457736
5568641
-3890477
-1079094
4353116
7808884
9992351
5178438
-2700284
1041643
10391647
10469006
13951659
13300322
10296683
7899438
5801751
8036893
11105835
7774549
7160373
2512682
2201477
-7847219
-7360785
-215846
1853582
4427964
-4241326
-12173092
-6827405
-7850720
-11103511
-4796499
-5167476
-8492643
-2911405
-5881580
-15287863
-3317661
-3667342
-9306906
-1967072
377286
-2405966
-1785224
-4575621
-1142099
9589482
6867001
-1039223
2066172
551297
12779648
11189499
-1361419
1191572
-2607304
4572538
9109838
6046170
-7613467
-8491109
440317
2031944
-1028605
-11387087
-11078081
-12408868
-8660527
-323156
-10782224
-11478593
-8090056
-6678476
-3366817
-4616363
-1721071
-8813776
-1492101
2141529
8844
-945343
-10081478
-209883
14607549
6662112
-2307739
-2378166
2922636
15428731
14259013
1317653
-1400995
8123643
8761859
6808204
6835006
3740324
1698769
4542601
5565162
9278589
7542780
3484873
1961298
590682
7733432
10029905
8789256
6852517
4418075
-3819457
-5093034
4987272
1940698
8102215
5787168
-2215112
-3721269
1450088
4657622
3991810
1295821
853665
2675803
-653502
-7114228
-6484945
-5421453
-5064923
-6250255
-6300578
-5731139
-3776711
-8413907
-9052580
-3798658
919362
-11466054
-9504103
-5935649
-6892039
-3915018
-3317089
-2947889
-3263469
2252490
2891263
-2273436
-7141441
-8623233
-1970926
-2206041
-6209219
-8063471
-13282590
-6896055
-1255470
-12047812
-16603650
-16176606
-7478708
-1680607
-2123111
-12545470
-14075255
-6676713
2739547
10388998
2024403
3554079
6040332
6048112
10657523
14070380
15464633
6476729
7282006
11626951
11168986
11208135
13819236
9011343
7954759
8662081
6917394
12397505
8208213
7559008
9869150
10183390
14925696
11190671
5955087
8711864
7674274
9703155
7411244
6933928
5956311
1129794
3592163
3057656
-102558
12229
3419711
8149042
8148128
6480216
1204271
9949652
9763974
7716801
4831912
957213
10543767
11691064
837207
-7787536
-5086515
3326384
4724984
-5689450
-16348364
-12275257
-6145861
-2597598
-9079723
-19906347
-20522878
-14298964
-12868080
-22125037
-27075939
-22210464
-10343941
-12729288
-19517702
-16075143
-20253628
-19457545
-6835442
-11775911
-19754737
-16678719
-9578792
-6648421
-8094022
-13649358
-13707670
-8053208
-2295406
-2919409
-701695
6995068
5837408
263910
-833974
-226430
7038282
12293452
12825479
11725828
11938379
11999416
14178226
9530717
6989532
11385635
13219504
14166248
12513034
8276172
9847099
11714945
1394669
6630135
5286692
833544
5529641
9074902
125231
105632
5317226
3892023
3302904
2142692
-11302758
-6092681
3203526
875589
-8648831
-12022825
-9153112
-2649041
5177531
-7238658
-11615705
-2526182
733016
-2885464
-8905315
-6613466
-4117794
769775
-36920
-5608990
-6500327
-1421026
3315915
-2634129
4090962
4931017
1043100
6113714
5029535
-564629
-4872676
-3626075
4773150
3857288
1797161
-3103192
193850
6499357
2397330
-619847
1894605
6554857
6347230
6696568
3081953
5139751
10672077
6286711
8186999
5461428
2906721
3195535
7013282
10903794
5825819
1451497
1583296
7964689
7884267
2032343
-1817727
-117346
6802214
6752478
2266006
-10343943
-2242064
5847617
5189200
893289
-9324190
-7977807
-4803651
-3763719
-6944596
-5328469
-2745994
-3189017
61974
-6415013
-6077236
-7372179
-1391926
1449929
1485927
-2217023
-8785603
-3169695
-6624335
-6360306
-3214831
-2484867
-3100243
2645981
2278355
548608
1910107
-2673122
-2331255
2676422
6732140
2511105
-4407809
-3226489
532756
1613672
-8723261
-4669287
-4741000
-1636750
-660233
-6079472
-5805724
-8637308
2284606
-2580070
-1290808
4691204
538075
8277258
-1882659
-7497370
-4651925
-4598425
-2009452
-746192
533052
-8154957
-9888728
-8807333
-3618395
3172198
-4061292
-10102515
-7017229
-538718
-239800
-2120930
-7552528
-2549633
4435811
4000723
7200764
907578
1365796
10108012
14870026
9474672
4266367
689015
3766049
7116357
-1843345
1901726
12326946
10955269
3891528
1949070
2989170
5524969
6511497
9020817
8796347
6829219
-1576517
-873806
4412634
7355049
5820851
2625596
-885340
3076417
8489991
3875983
1506572
-5518433
-4951471
1702129
8174225
-1930139
-10556432
-6836208
-5169953
-874935
4724814
-1298236
-6024357
-4174060
-1303370
5947193
4299798
-6526305
-2803741
-1003796
2632169
-1531385
-1277265
-4348279
-1938809
-347226
-2102017
151110
4934853
1614122
-5107942
466428
-2722477
-3239115
5318731
-737168
-2780231
1433296
-2046721
-819459
5943036
7131464
-2771847
-12137811
-9648468
-3655589
5625808
4895283
-4747143
-6604817
-4930013
-3700871
-1630585
-5432712
-5643591
-5973432
-7341231
-5292722
4884200
5017211
-4498979
-6243332
655652
2088205
-1080094
2859888
2522816
5606631
10013407
287316
-7906527
-5733437
-1067484
3460706
6955018
-2732497
-10788449
-5128655
-1842763
3405702
-4055495
-8978553
-1569112
2530692
5770230
5695113
-2097695
-3458971
-4804522
-379780
4416007
5455545
2999116
-142842
-1239183
-526448
1197667
3968196
5387551
785667
-2944584
-2859247
-6501315
-940341
1682303
-7688005
-1577172
7879257
8554142
7421723
2481735
-1744548
6504386
11823231
7170166
6977862
1046487
785670
6696759
1551662
-975915
2173669
-379675
-4265776
-4087879
-2015610
1612724
-818157
-1626443
-2276753
2829326
5983783
2491656
2641430
3558022
3487566
1830458
4231220
6543360
7758908
1092384
-368936
6133521
2253810
-1451255
-2756449
1786386
4468300
4020425
-3004964
-10048178
-1115791
7936621
5970862
-1626672
-3434087
-2731054
6248
-123447
-404442
-6793673
-10417726
-4911136
-7987905
-7683994
-2447752
-6409777
-6362928
-2049023
-8962147
-10528426
-7208900
-8877044
-9094560
-2867724
1941563
1638773
-6852189
-14106131
-4248124
6676925
4257950
-563902
-6274088
-8526963
5236432
8952262
1598308
2270328
4871706
2699150
5062494
3368185
-1523955
-1426950
-2899849
-802778
2732148
5768517
5942567
-2557269
-6033882
34673
609022
1239327
7383624
6563387
-2375167
-899042
1795748
5366689
8198647
3599235
1474706
7392550
3754644
2227537
633667
840228
6616513
5647008
1010215
2338217
-3831769
-2923923
4645835
2184136
-2289515
-4316717
-1318683
3794840
4670884
-1779630
-913547
6597129
7630545
3418619
-1491722
-3522237
-385096
3229032
2504616
2312247
2677432
-1209116
4526876
250669
-7324519
-5983953
-2912434
4742602
3291868
-4503026
-12400526
-6701925
2365045
-4574088
-1748935
-6630869
-2329591
-1831917
-2909940
-3416433
-4902986
-1262333
-1152296
1416029
-4371812
-1142881
2378594
-8959112
-9125135
-5708084
-3729809
-6455372
-2252422
-3806556
-2414240
4735096
856580
7975491
6186203
-1625379
-2052666
2982523
4798469
6529811
7278318
-6427531
827023
7695594
8949531
5014368
2751907
3980390
2155837
7274646
5329928
413289
1083993
1943157
3662072
3440359
8802185
2166331
-1653065
2767578
3939928
9476830
3569413
-208425
1490801
5687553
6446758
5327806
4204909
870999
6077539
3603382
1861669
977539
-1888836
4977871
6051462
-3889066
-13272864
-14065101
-5575498
505886
-6675487
-11969231
-13128338
-10877733
-13729675
-13555463
-10651034
-13184869
-11529903
-13157871
-13365098
-16647441
-16489172
-11426517
-6323983
-8927883
-5494337
-5414950
-7084817
-1570555
-5123914
-4609520
-6048260
-3886744
-545228
3853059
7987844
-1911144
982756
4060097
5320450
2485790
1239774
7183161
5043758
2201342
7079139
9978696
12484412
8681449
5644437
8532814
14079111
11813516
10223755
10612208
11940892
11665691
4808051
9933459
15777291
13911554
12011426
11475039
13909763
15537297
13831623
10101242
14157088
12260364
5677741
3813547
9984556
10025661
7995996
3996162
4254626
10410463
9323025
8161420
5133370
1477710
-1947759
-2287807
-3194613
-5300926
-5783419
-7826214
-8668529
-9929404
-3391930
-6972540
-14043085
-11532303
-19856335
-18671472
-12587190
-11161368
-11592953
-11643941
-10849710
-13941007
-7925855
-11771732
-11229370
-12529750
-20529573
-16665125
-13991427
-12793551
-6371762
-6903160
-17780813
-13915371
-7292475
-6909027
-5284376
-3882160
-6489762
-4276081
-3449440
-2721438
-1469894
3141232
7901702
10048117
11340644
4020709
-129726
8272225
12158860
11271004
5308543
2686314
7732579
10803196
12028279
1432138
-1948749
945515
2294540
10129757
6054382
1275469
-2450305
-3874884
-925116
-2419646
401568
-6240304
-1509878
3090444
2582635
3813164
3858059
-4063285
-1111797
9072640
9983303
9944795
9432318
8682901
2331477
1788990
5651958
7326168
4494735
3196087
4612849
1556341
2064940
2873740
11092186
4325746
426331
-579578
-3593560
-1091848
-510474
-4838232
-3910208
-3625286
-8760784
-5209883
-552683
-436752
1406999
-3593280
-3457701
-4383342
-2457877
-2752130
-2893419
-1972743
-761023
4194784
-2382304
622549
2729715
3120932
11261935
6918850
517529
5328248
2752575
-195652
5485660
3430199
7525228
6767651
1493925
3877407
-2485206
-2038357
5427119
5158815
-2190604
-11930636
-6234308
7213511
5679242
-4938331
-5152816
-1740071
-5357914
-6731214
-4923543
906955
1683359
-4594533
-5093629
4745786
4791733
-1285840
2202759
1895474
-1863486
1493030
2485183
2960365
7519616
3470429
176625
-7065822
-3523701
2459759
764464
-2316828
-6613021
-10614969
-14865352
-4303255
-802264
-5561260
-7393307
-15822762
-1134453
9396443
3410055
-13048838
-16484087
-2487331
3996261
5398445
-5794445
-8497759
-4039907
1761922
4429745
-383846
-5647196
-7446856
-6045287
-2153257
1404459
-5340687
-6198444
-36588
4965001
-3376255
-14539339
-8556432
-1600936
3180149
4477805
-369093
-3954490
1455853
8772559
2123270
3577854
7375732
9315434
12649643
9641510
1306170
7867478
10200542
6777589
6327080
9602925
7869894
6384839
9804906
587812
7311179
3074563
-5578811
3916108
1808508
1257870
-1238641
-1875474
-4622135
-110612
-2179037
-6681814
-4431990
-6731767
1866386
7783845
4581502
972496
-3240363
-558956
1443319
4130405
1592581
2388365
-1885717
-5382204
-3141467
-448416
1265094
-2398953
-4815916
-3442340
2902468
-405670
-3857092
2381461
3078547
-5407782
-8782854
-4160912
727860
3966298
-4248059
-5182742
-2771637
-1682450
968705
1781574
-5693740
-8136153
-5519104
1190564
201103
-1485842
-8019313
-6684462
6577300
8534156
12708878
1723857
-3193659
3286578
11243486
9603276
567615
6536052
4783477
8476753
14190233
6852819
5229568
-2001247
694952
9481983
7969045
-688181
-5153372
-997282
3514420
4544800
221951
-5597916
-4419215
-4144432
-1076609
-2410578
-2092205
-2636333
-3726707
6583467
9571114
3413447
-7951889
-6791817
-4420684
-4387490
-2992237
-11015881
-5396199
-3519610
-5739514
-6603557
-14287073
-16335228
-6036746
173024
-3234317
-9565307
-7223994
-9544536
-2613217
-1087303
-8608134
-5597417
2848215
5487785
211460
-3718137
-4892014
3036256
8526887
2984260
5864699
1899322
-3394932
7464721
-3372652
-6997599
-6980829
-9590147
-5008904
-2239435
1298741
1556704
8137263
3641214
-2665589
2822938
358084
7092314
9263716
6992338
4183932
8394107
12188114
12129363
12822184
7458215
4579585
17263747
12342795
-1594214
-4100708
3259884
5977772
5934433
-3360558
-5473880
1294933
5109603
11897507
284958
-13642347
-2613891
2871995
-3080871
-5545181
-7377568
-7959572
-2447539
-503903
-7903531
-8171014
-1311875
-7887097
-5859081
-1011934
-1923590
-498787
-2879848
-11545731
-9124706
-4214250
-6205329
-2162390
-3649316
-8393159
-4335129
-2706888
-607431
-8831
215415
-5389670
380164
4420080
6003328
11587205
6667981
5344093
9294126
13918428
7491448
6155333
8325543
8664631
8238190
9499866
8554166
1592818
-309866
4855914
3762215
-715546
-2742282
4564199
7093150
6433515
4231991
4343083
-3911993
-7072052
-2645927
7529462
10269872
2379260
-1551920
4698913
11438340
11018695
8056515
8963744
6492593
8060930
-199216
-5689478
-3469156
4764590
3230566
-1545009
1012354
-8402355
-7118339
-1476331
2010464
-2460736
-16305516
-17591283
-14919908
-685210
-3305141
-6658145
-14636838
-14422389
-7771042
-5554297
-12969975
-17643165
-10561750
-11350584
-13215250
-17186288
-14025447
-14107405
-17777511
-15391642
-14234786
-12103941
-15591092
-13697440
-16102851
-17916356
-18108553
-17469071
-8965784
-5279326
2010150
-1446306
-1810232
2657845
-1381347
-3465370
1114488
11252676
7697905
2023871
3828850
6306975
12641260
9828354
11896798
14548803
17067502
15399639
8563286
18044389
23983973
22602642
16959785
15362456
15136038
10905545
18783287
17993711
9862771
15199406
10617333
16858700
18612080
13927270
14707689
8088770
9382639
10723235
12992837
16268989
13227411
12338963
10074614
13938132
14007820
14688955
12267331
8894302
7329083
191438
4096430
-2831175
-7993352
-7353442
-7075395
-8437543
-8859536
-9237300
-12498449
-12077862
-11570573
-12257485
-11818953
-16477950
-20912598
-23938232
-19358324
-10769303
-10151891
-14143586
-16226946
-18451034
-15587315
-11150763
-11447728
-15348487
-15822972
-8660258
-2058972
-6811061
-9880414
-10994568
-10762968
-724187
1060995
-7333147
-9939049
-6355271
-4803545
-2284684
-4478820
-6122219
-5379418
-4867816
-5145144
-1273453
7959541
11825814
16889126
7792096
3229874
12296204
11785112
12206472
7983299
3593119
7295313
10503277
17499433
9030334
3369498
2605680
6370781
14002538
8746131
4094863
-2292924
6352389
-55185
1796315
945734
-8329689
2173315
-3367059
5449824
8593602
2430701
155722
1378837
9011270
2508763
5823282
-5244368
-5185656
7824377
9685304
6485588
-7521953
-9984118
-5248988
6315388
6040927
-7899003
-8958475
-8196412
-2495648
2744090
-4527107
-8142178
-9264744
-3574646
2269644
-6598246
-13807886
-18486718
-12842850
2584349
4434207
-1095673
-3460386
-10105392
-6942766
-68145
-748684
-543832
-2260948
-4902009
-3781025
2086221
2120898
3327838
3063945
534268
7388641
11447354
6992460
3155470
6328068
11594900
14211636
10718523
7060728
11543004
12815267
11639894
18391881
14993879
11024334
10480746
16780429
13199149
5632046
6891558
1757458
3635852
8735836
7966030
5206962
1028142
-1506510
2585349
6313414
2171533
-3471575
-11833451
-10907736
-5075195
-12343893
-15787349
-3306938
-1630866
-6929009
-7315755
-10221651
-9357654
-12180144
-12772552
-12772470
-11285366
-15765008
-28212964
-24111017
-12256353
-9803980
-19782443
-28180574
-25561464
-22589603
-14958890
-21242640
-19340891
-15151670
-16390995
-10295751
-10880057
-9779621
-4526628
-7508062
-5096569
681403
3280262
-1990151
-3144829
-3079112
5614907
13430127
10142683
-1744887
1394242
20244772
25968755
23451906
10600518
5486991
5358584
14733952
23714387
26958276
22184051
16562814
23676746
12700959
17041539
21223716
13644175
22881169
27111228
22210378
14977235
12020618
18703833
26438145
20011083
3849402
5969252
18149959
22182574
15577749
-1527728
-5716693
847163
-20971
-2947169
1297949
-451404
-4081611
-5403593
-12627249
-10333033
1074740
367644
-9673559
-18625605
-16563938
-7581086
-13228488
-11983587
-11813542
-15281035
-12271980
-18210461
-21054261
-17160284
-9625044
-4198787
-5779971
-16520559
-20736198
-6180857
280330
1530186
-4462505
-10761971
-4553615
2724918
7338229
7092631
-2169500
-18963727
-14568297
-4162186
-64629
-2721388
-7152516
-6062376
-2646750
-2301468
-8863212
-4813576
522802
5972693
-2485974
-8201894
-3554790
-1589274
2538727
-1639361
879520
-1411601
5043072
12053579
12618156
11506073
9596970
14659894
12796698
7738549
10474929
8382258
8086338
14709564
9317446
2631459
5067196
9312266
7470045
6860458
6087074
2642426
-3047465
-795150
1049265
6117045
952799
114391
-2846548
-9296559
-1475387
-3329716
-5620646
-3825388
-6993937
-5978099
-5875073
-5129116
-14250627
-20757590
-20848965
-14533166
-16984054
-22879027
-15986692
-18462023
-18561638
-15257323
-21143055
-14355844
-6266658
-12965830
-12196098
-9598572
615379
10545493
-780679
-10323958
-5047198
-1662909
5141184
14109768
6970630
-1833488
-1799121
-5696476
9468170
12373429
10423811
5829711
3439379
3379761
4824623
14891538
16183818
17213105
9462479
8446478
15181712
12326360
12058740
10999772
2412338
2382019
15080072
24542507
32244890
28091169
9494421
6202794
19135783
24103434
22201581
25179439
16664747
17332627
14474250
10014063
8905144
7986539
14477818
19016665
23591303
14069155
5569836
4013300
-678445
5111112
9508035
-1135961
1497439
5568093
-5026112
-10945492
-8922729
-7717333
-7586706
-13643596
-25323029
-32240215
-26479844
-21901271
-19741723
-24367618
-36256573
-38858445
-30698667
-29996537
-26684805
-26707589
-37775390
-28686364
-18175222
-14404306
-13639193
-23750988
-20979418
-7424299
-4472850
-1317151
-4169204
-9655534
-1917731
1419912
4331194
7363366
3117064
5031417
9194736
6291889
5675629
5017180
1864106
6783253
5923697
10459937
9294002
-508325
7202708
8708126
8739165
12462280
14574821
18077270
10960553
11258385
14488909
19834841
20469140
12417370
7730711
12538216
17700244
17409151
8431126
1811967
-2397764
3228199
8521230
4667302
3280293
-6970882
-2672022
3348561
9383055
6389230
-4153837
-5187222
-6069115
7586034
7433231
497403
-6550395
-1500117
-493710
-7104603
-10627753
-18226622
-7433447
-5696676
-9025138
-15728963
-29757234
-18730887
-15901463
-13339241
-11201889
-24500894
-28462676
-25854976
-23268458
-17083473
-20837928
-15401309
-9285019
-3851915
-2432208
-7935363
-7098139
-5901521
2563534
10665300
11353847
12583584
7187418
14433919
17216402
18991262
9034808
6471377
15354712
18809195
24292854
15879141
16233799
11121162
10555148
19275030
18568050
21245142
18627269
18883018
18168726
15630828
18211289
16947051
17426963
12665432
13200272
12285253
12058942
15322889
5117003
4074746
10145829
14553013
10350424
-652525
-650250
6459164
11547791
3649670
2154566
-1733414
5144027
7814886
646680
-1671166
89003
1289503
7151229
-809014
-7515104
-1553039
559268
-2242623
-5645950
-10708683
-11440255
-5623858
-4407496
-13707322
-23853214
-36162681
-28827583
-23718666
-27380888
-34479665
-39258746
-35951432
-35279144
-28377328
-31204140
-29232177
-27679100
-34107896
-21803850
-24959591
-21596055
-14924781
-9041521
-8926777
-8609000
-6847539
-3825512
-1220654
4786131
8206698
5848398
5701236
6625740
5678463
11174467
13546305
13020596
14850076
10327642
10227746
14224458
14447422
19825175
18690002
17568940
14638440
10982459
15164401
18684499
21131122
16405785
5819488
10198347
19919075
17182480
15920858
12245204
2644852
11263945
14363322
12644591
10415550
3091870
391249
5802235
10200439
9010429
7431007
4672017
12795281
9112132
4449688
11069572
4683060
4491402
7101657
3854823
5224637
-1415753
-7115884
2472036
9361211
6065503
-2804862
-8788943
-8740769
-4965834
-5900384
-17476998
-17087491
-17414741
-18742923
-16007922
-15511426
-22130544
-25961631
-30350930
-34291766
-22554945
-26017810
-27542461
-17529732
-23864121
-28028948
-25894846
-28830413
-20524180
-11822381
-9517438
-4040650
-9207428
-5783598
-9532337
-9744332
-4861141
-8259996
-363889
5790003
11108720
1845138
-3884278
8298401
10740232
18118188
17348832
12565581
5596299
16314332
24361630
17167359
22727846
13937234
17535991
21329382
19530847
22185414
16590008
16330873
22194869
24511812
20129263
16209725
13352743
12186016
13995812
12761182
16030609
18941259
12109243
6395487
6343277
14653827
12147601
11337796
14494880
18767535
17717363
20005979
14582605
9805818
7600742
5996149
9665551
11230547
5362203
-39151
-4000422
-9174265
-11397916
-11024316
-12232483
-13358083
-14491624
-20166098
-22278213
-33015295
-36516030
-27820726
-25531846
-21789866
-24162079
-35053661
-32913375
-27916097
-24542704
-19818820
-22661477
-23684223
-26411273
-18955913
-9967879
-7385579
-11166808
-19109990
-11581073
-14424792
-5658077
4210067
736721
1572931
1027078
6475518
1683101
3814377
7698950
7646960
12294800
6934022
9119000
15277490
20738910
21243792
10589275
5553394
11411818
29627233
29239939
21137593
8644775
-3351737
5908112
15849642
22079702
15930901
6514984
-1584879
6952579
5141780
-1016372
754008
-8426815
-4271341
6522117
8669273
173919
1121735
6740221
6658845
9059190
7302359
5343821
15068311
13338305
8241437
3348945
-2917770
-6013473
-2796563
2682710
-4126765
-17022273
-18771883
-16861205
-7700326
-9198837
-20392838
-19055632
-22724385
-19672340
-10313954
-12559538
-22691518
-24127293
-26129872
-21258814
-8751430
-17944229
-27718996
-23037677
-15523642
-14594429
-13628110
-18997204
-24619502
-15577017
-5872480
-2853932
-7142026
-15857075
-8151590
5536264
5498360
1192656
7117341
8458173
20232751
29677039
25530526
17826164
18842701
22197852
27696294
23632168
12879421
25315899
30619159
30222190
25690299
15193427
9536340
19691980
26270856
13591605
7660443
14310672
14864844
18834712
12839584
2169275
3585925
14477420
10030280
6024680
1903501
6546303
19684894
31206434
16738909
10192376
5544564
7748578
15062147
18962730
9576913
-583723
3349587
7487677
6723844
1886184
-7299768
801714
-2554833
-13102829
-17898656
-16610974
-15419564
-13137056
-20691701
-31288971
-38049204
-33667607
-28035057
-25360714
-27890356
-29775040
-24768474
-31701122
-34650276
-24437069
-33658622
-27179820
-13888225
-10171734
-10786909
-14897169
-17282414
-9287978
849346
-3109051
58950
8165951
4720321
13567788
16744043
20070177
20365612
11612804
9749777
21732503
23978909
18965661
18085709
20222380
20035201
15910055
1972258
7618115
12666274
12752701
10241517
6595068
5942931
15661818
19609446
5007304
1053568
5089394
10373974
10104748
1616057
3162833
-3710319
-8811619
2298238
3430924
1620604
4192995
120756
-3216927
-6538446
-2988990
-3699765
-5091877
-4193914
4012342
-4258401
-8415461
633599
-5521719
-10830893
-13541346
-10342448
-4973363
-5269285
-9704855
-12922864
-12670702
-14145897
-10470594
-9153850
-7110606
-13059102
-20152318
-14737542
-17156177
-13586054
-13858391
-18415946
-12346463
-16318684
-15889839
-12400887
-12186479
-19317224
-20891322
-11951441
-14574189
-14196482
-8303221
-9203340
-4115270
-2357144
-4110562
1289916
2546800
10041325
17999447
14999564
10998028
23014852
27401527
34566943
37804474
28043798
27051156
32190335
32427348
35747766
36956976
32514732
25254849
23732695
25236801
27827232
27450908
24375236
17803266
11091751
9013893
13228291
13867633
8576304
8085447
7529331
6163140
1172579
-4784636
-9317068
-3275390
6096194
1284535
-1384040
-1228397
-5204776
-2796547
-8801844
-9683353
2214391
14607772
5287996
-6492063
-13970927
-12833641
-2432673
-5293024
-10214279
-15225030
-17612317
-25017159
-30543195
-23143320
-18649803
-15914279
-30934098
-44061080
-31842501
-26307892
-21625024
-20707775
-18672840
-18653501
-15164536
-17580276
-23599800
-15121056
-11314767
-11438054
-8739124
-15122786
-22901260
-13113949
-4006183
-2769061
4123413
-6672687
-2200333
11213320
12161997
13315622
22506072
19618845
11387343
21530819
24786480
23873936
24543008
21470233
27700780
29283535
21433334
27045443
22177781
20891190
25009969
14382527
19979730
22194556
20976321
14611305
11227944
11869045
8825302
4362312
-1613776
2296526
7093626
8717345
-4538632
-15347580
-7684181
2050025
-3177449
-4702770
-9758008
-16630744
-8901319
-3221719
-8137285
-13088402
-10803078
-7290280
-7266320
-11208607
-11546152
-13067997
-7662291
-10750674
-16124079
-8721504
-2768948
-2234727
-10579900
-19907142
-15221049
-8732973
-6485425
-12878816
-22987030
-22593095
-15637053
-9308037
-7662972
-16027862
-21748405
-20428314
-16219132
-10428276
-14009219
-18297966
-18586276
-8456064
-7784558
-14791072
-3224660
-5671927
-4729603
-3399177
869064
6237634
4027411
5457456
6846436
17111771
22561268
15666906
17025076
26766785
29911164
22077335
22660341
27640142
25605479
23640494
25306984
26247880
28802647
28103451
24752680
23966641
16772842
13748116
17065282
17125815
7887851
5380384
6534932
12820441
4100591
-3898255
190272
6707884
8116729
-4210821
-7082597
6624004
2065781
-12406403
-15866222
-1711012
6353286
5259157
-864765
-14432108
-8395131
-1314251
2350991
2237216
-6468789
-9449901
-6003400
-31645
-4916442
-8058646
-10658306
-11072027
291510
-5246142
-16899187
-20170094
-7873034
-9337772
-13395153
-17834351
-13780229
1744997
-6229466
-22202216
-14945750
-1330886
5251211
1914162
-17710538
-13143634
-3424009
-2295961
84231
-4292966
-5824038
-5851985
-5674081
-7126548
-4790916
-617574
-1450208
-1169734
-3744159
6650185
11688759
5582561
-1105367
3063534
8230858
13832296
16753438
14233620
9506013
9404199
17120455
19443024
11324145
3520397
5798136
2014813
4226129
6069744
-1617990
-3969974
-193122
-396046
-4159646
-12139122
-10027319
-813686
-672324
-11069609
-18453185
-14542625
-1470637
-4177410
-16651606
-17932415
-12815696
-4632834
-9559506
-18684569
-19283808
-15755176
2144498
9050116
-10517774
-18783664
-14552206
3921593
15421040
7752818
-13290598
-15142881
7527975
15346136
8559550
-7453997
-6533275
7244728
10288475
-3209587
-7611051
395020
1446605
3427107
4036304
2453808
5074578
6133815
2463720
-3080190
-1780446
4878357
15904724
12680060
4110146
-2863842
3821614
9192654
14282609
18347586
6777234
12365822
16756840
16660824
7596037
9994733
24554743
26216908
26801261
11766643
10076562
12252927
13342954
20013760
14401982
16619462
13833151
20547055
19725364
3440516
2714458
6223131
2684815
-4651692
-192672
-585987
-7735089
-7625574
-14455681
-15586201
-2688195
-8586796
-19579768
-20803702
-22057937
-15327351
-8701685
-16303002
-24677377
-19189267
-20710222
-26679358
-19566117
-17736829
-19078828
-12572044
-21000487
-29320104
-31224186
-23121673
-11688590
-4894647
-13842634
-26809050
-28642982
-16086572
-5662361
-10384258
-11961831
-4395047
-1354756
745152
-1581780
-1367115
4136991
6169009
-3018151
-1979707
10014958
20506853
17574402
3610385
-353665
11470431
19802754
21950521
28091480
9674151
10684844
22426406
22658367
22363923
13330610
14218138
22750839
26054727
16369111
10556523
11754615
10188440
19375180
18692902
7550815
3275078
2562874
13712025
25174135
10840944
-2369836
2339042
9460895
4574463
1769592
-3411521
-2331037
8282264
4140662
-13136628
-14995338
-3689032
-9510634
-8167228
-14587475
-10145502
-2341306
-8024207
-5064266
-18335707
-16991181
-7906610
-8018386
-11333694
-12530519
-21171301
-18052076
-9137686
-2605571
-3421506
-12454845
-14811644
-12377538
-8248690
-4777685
-2321103
-4868802
-6842798
-3437372
-2135216
1797176
6912395
4664286
5314926
9041862
3550739
3371291
12227899
11627102
12810925
10953566
3409311
9278494
17125795
9659151
-2373905
-597326
3973841
5936991
-442125
-4088195
-3478864
2867826
5778124
3863747
3723250
-835648
-2203941
7176593
10824709
11542352
6799004
856865
-798713
2263087
-1574735
3104088
8532400
1824894
7961978
7726560
2575966
1389830
-11878154
-4666335
7410269
2113492
-7335191
-8680562
-11137149
-6887210
-1242618
362535
-9840544
-7146358
-7736024
-12474294
-7969915
-9309995
-16839014
-18166954
-8957036
-7257556
-11494199
-16668786
-7213128
-8070612
-19807214
-13138423
-8566643
-3179143
-7836020
-20195633
-15165679
-5964399
-4312962
-3764044
-4796814
-10895859
-12372064
-11745401
2435306
8121473
8053448
5034801
3253675
6605681
12239343
15650785
10410507
26294686
34126864
27408734
25044821
25581358
15541733
15429941
22769223
18784938
24817624
19243765
9660934
7173699
2981948
5564405
16172780
15556881
3590138
7082449
547395
326968
10676678
2491698
-5687230
1336053
589036
4232725
-65284
-8162453
846248
3322984
-1452416
-5708168
-9120032
-5945381
-383692
-1034878
-17698558
-8246251
864111
-5993607
-9634799
-4598562
-4443007
-14220026
-5796507
-10062428
-3568963
-1469346
-11790636
-16247749
-14296182
-13158333
-15289363
-9183024
-10647316
-13355639
-16498240
-12033973
-6864530
-15224530
-11860824
-14373419
-12160176
-6191835
-5259817
-10522568
-10040620
-7722898
-6983817
974622
-2961923
-4933902
-4994531
-10312702
-7150866
-1855504
111329
-1456487
-9106578
-11851623
-3944002
6785002
1327428
-2999733
2517372
-79160
325579
1665908
14610913
24447986
18341214
12721078
11606104
11273203
20273097
20896051
21617237
27527982
24499623
16302354
12690571
16153340
16730138
20986747
18102363
8833294
9442293
9690801
4964754
2239009
7995342
16202697
12567185
7275411
-6182340
-11605905
2054190
-2125368
101738
5912155
828878
421286
128843
-2115169
3462063
1914950
-7471780
-3462185
1186637
5682617
1276213
-1607091
-2498256
-11165926
-6092054
-913364
-4317041
-1489836
-9710066
-17235705
-7068614
-13869761
-11525681
-8549330
-16786918
-16946017
-18087398
-11799962
-6241572
2088989
-11275282
-20954063
-5268078
-476416
1735800
-3516435
-1483162
2659809
-1799182
-3281147
-4918531
2043675
-1562438
2914289
2864014
-1817446
-2799842
-5348502
7225777
14716858
8494600
-2263913
-6253028
6466403
20579934
17071119
2840367
-1797550
3163836
4913965
2154085
4615577
4212435
8793202
12902548
8515368
-6914864
-18608080
-2172175
1345196
-1430180
-4143061
-11324626
-5261302
-6492476
-1939691
-884744
-14840641
-15784996
-7252243
-4500866
-9608901
-13647415
-6823762
-2580999
-549133
-2257971
-7244391
-6673057
-2008740
2744253
1441487
-2377271
5017233
9489806
-2960129
-6983400
-8529504
-2738559
906666
3977499
-6357858
-9227619
-11320032
-3717336
2298442
-7158034
-4464317
816986
1884173
-3033635
-2030943
1914657
8820541
3140401
-469434
-902970
-676439
8365281
6498270
4851817
3658960
-988439
2692611
6389690
8486653
14829190
10805507
-1213019
5718711
11773021
10355980
14696588
9471761
7269154
7811825
5123936
1773022
5500571
9136198
11852956
17723
-3334967
8473024
10879514
12523456
7974350
-824291
-7821302
-5273249
4668019
-899708
-6973218
-6861352
229200
1981689
-8132174
-6121906
-9500202
-8152239
-6183359
-11672982
-19625419
-6875725
5202187
587221
377400
-5421761
6397808
10611828
8228014
13360803
10734912
4045229
7624811
14895943
7318597
4332172
-3059177
5136237
11415176
6278862
6163984
6194025
5536306
-955798
-3351493
-228318
-2059892
7522764
13417066
4071545
-3967613
-4380628
3197416
12958051
6713806
-4403006
-2141726
2815992
2911803
816505
-3564698
-4776230
-4038608
-5807111
2030171
3240585
-179662
-4124744
-7965243
-7787657
-5677550
-3566116
-8006844
-6963077
-7564215
-12099650
-5949740
-2221004
-2843808
-7138331
-3489234
-6842219
-3641748
1904760
-4734215
-5220624
-15220058
-22077193
-12683088
-3106546
-5105022
-14566645
-23319347
-30500261
-18390235
-6539771
-15008739
-19216200
-15809709
-9786734
-4273177
-6599207
-3969683
-1263653
-4079148
-7462034
-3521514
393780
4525111
3932860
-3216072
-3522696
-2282777
689762
10504684
11302183
231843
-466049
1824372
8506947
12321648
2287293
6858532
20001209
17792865
13183401
7705824
-175563
10420957
17657305
19679698
15285632
4777636
3817593
-1016921
3992934
10923769
4178987
-1717041
1620522
12057735
10702604
7660323
4560008
4851835
1665168
2521645
8798220
11879884
12449914
11366356
9987142
2047052
6448141
17396330
16224822
13788810
5412107
-1575179
-1747778
3132243
9404829
19008978
7463580
-239287
-3520910
-4837278
6042989
10668864
2326789
-6004835
-9385354
-9754177
-3719743
-4555871
-1940397
-6383879
-9197160
-3485036
-14906182
-15221692
-8785401
-13849626
-16025303
-7408685
-2984646
-12217896
-19915311
-15839354
-6643512
-1312947
-10996468
-17783604
-23824873
-19435302
1120822
-6505168
-12383554
-9747553
-12798481
-3236752
9416389
6494605
1084021
-1172885
-2877957
7137202
8888575
867410
-1747367
7447901
14641466
6350656
3450326
5955955
11922954
7209810
5686558
1734742
798861
12512248
18136313
14954438
-1864979
2373698
14205256
13782358
5802742
-3347811
-1455971
8176325
12510534
-719651
-8184437
-3835446
-4813759
-5332317
-2399103
-5380741
3866759
10469337
5351037
-1356504
-8637317
-8539080
9339515
13929597
85369
-254223
2408357
924499
2444996
-5499984
-10166382
-6746080
1331746
641273
-10361388
-18198732
-12783333
-10664714
-11067044
-7710499
-14765706
-10874729
-11236600
-14528030
-9035038
-21087365
-24565904
-17418083
-1306231
4212009
1997396
-6199756
-11417944
-5666069
1597555
-7684359
-6014006
-2913542
-10118381
4476088
8540561
5251954
2731181
4582848
10395891
12368177
13244084
10300932
9357571
7349053
14069718
16370702
10010228
2366733
2674649
14030090
18294066
17934634
13124577
10864373
12523707
7263304
2562436
4905365
8040329
1811677
960145
-71970
8359538
11628713
2972525
10373787
7191507
4575080
1635228
3986362
7450630
7309868
2221243
-4328904
-2891392
-3529106
-1614169
-3658252
-3566355
1979847
-5186471
-12662606
-13465784
-7116383
-7838497
-11664832
-14751446
-11115964
-9113838
-5634852
-5374067
-14094135
-3086911
-2769454
-4295498
-2456618
-10314746
-4544655
-4630511
-2029652
-5414712
-10809900
-10393157
-2312410
-563303
-6087255
-12673694
-17830673
-11246606
-14087935
1081575
895571
-5262732
2122094
-10370224
-10039368
-2711179
10818842
13370011
13614621
4750906
1349406
4717627
3266037
15046725
21523731
14661378
11410850
1219595
8127922
13207356
13078316
5183825
12849148
19523100
15239123
19607381
18613570
19486702
23260478
22572929
8990817
13943391
21697515
15182338
24636761
12625061
-2205714
1024563
13566120
15286705
8200756
-1296779
-7521687
-8065504
4066414
-2019301
-9246678
-5839851
-13128467
-9418547
-13640930
-6290408
-9776097
-6822772
-11519962
-18296612
-18472209
-23152584
-10188603
-11846581
-14593359
-15600946
-24212464
-27709901
-28531146
-17321368
-18352329
-27973553
-30476449
-19887148
-21523307
-25444454
-24616794
-22450676
-18482632
-20395941
-25650312
-21352194
-18044844
-15701413
-10263018
-4397328
-5528201
-13093457
-11004983
2893669
16203317
7701742
4087596
-700920
7340360
23758424
19730888
11726168
4479954
15457836
23933656
25703071
18575754
7156476
11785507
16625645
21815655
12673550
11089662
14800697
19832761
25059202
17024361
21992818
11824790
17440269
27097075
27777084
21447256
11416281
17401648
17636762
15632536
19965196
22067314
22491317
12596872
6337577
8397213
6211911
4506861
-1452362
-4131702
-3372604
-4981709
-11660603
-18255148
-18491733
-15044737
-5927010
-9407622
-9480950
-12399725
-18985836
-13558619
-19165492
-20666696
-5920529
-7515287
-14641210
-14364196
-10522022
-13453450
-9039115
-10972586
-11530807
-12548825
-23688293
-20611626
-4864400
-3176145
-19247155
-23563560
-18863455
-13161744
-362751
3672226
-10535749
-7907978
-168301
-1807466
577928
2466206
6314821
13353267
14102985
14645875
17533165
13355323
11584626
24363442
20803314
18922219
25850405
20869682
9100921
15622934
18586977
19181946
21133288
8869708
8258288
9960780
12863914
11515472
11807370
10427774
10923793
16515555
10755105
12301414
9380362
13375029
8643976
2969389
5326216
4856356
3583331
-9346728
-1354816
-921092
-10167121
-5376065
-12825658
-15065587
-15844876
-11220111
-17358076
-20899986
-21961207
-21176139
-10302740
-14423059
-17178301
-18339672
-26189409
-26267413
-19167815
-19937320
-22684294
-20884055
-29884596
-29479273
-16483350
-17107227
-28892036
-32852454
-30627423
-16209477
-5938940
-17262259
-20058687
-20264171
-7093836
2054563
-1521901
802682
-3491515
4912959
13883646
18455573
6534372
9357184
17665929
14713773
18263480
17516427
15303912
20653339
21048690
21079948
19782617
13746249
16451667
23466923
19552193
22291484
18606359
9214622
10743378
15405148
19295603
11188197
4551980
4666029
13027243
17810250
16386648
8244514
-2683851
10271872
15176643
17896317
17157630
8955778
12534457
9556536
12352898
6307739
8186201
6903692
1198639
3497164
-9231022
-7003723
-575419
1959006
112385
-11978187
-17557217
-14844843
-8650025
-15302273
-13164818
-9964353
-20923800
-15925214
-11159858
-13247448
-11354699
-12080752
-21873990
-20159089
-12068859
-12728812
-14813632
-16102474
-20015811
-15082147
-12444126
-12462849
-9086188
-16115628
-9860715
-5562443
-2575686
-10639902
-5283528
-43301
4463002
12182161
3580014
-1060082
1277598
6595040
8639575
7066102
2938589
3108121
12851879
14941259
16174568
10112594
7141097
14323795
16471587
10439189
9883225
9702811
14171739
12091763
9028650
233093
8339828
15778567
3747087
2137907
-334366
13170807
17926662
4672288
-852329
380087
12944514
13975731
9592828
-4338853
-1515426
9143787
4400369
5875840
-3953498
-10303883
-9469948
-8245279
-3394213
-4614245
-2566126
-5462413
-7397389
-11539493
-11730106
-12052362
-1708399
-2404776
-16502569
-20149933
-20552472
-16225717
-10497486
-15683836
-16015887
-13329659
-20127636
-24691831
-14328347
-9159435
-11099071
-9155426
-18160824
-24765121
-14706947
-12175015
2181247
6196656
-7152780
-16879676
-9288666
6272897
13662611
18875597
9741655
5141214
16357508
10123079
13232490
18756012
19798720
25615377
26951824
33109127
19250128
17471847
18248971
20115580
17569712
9104036
16183597
11539164
12299782
8704952
-234158
10448293
5623448
-68881
-2202612
-5590822
-3715770
-101450
1243008
-627838
-3985613
-14224067
-3036994
3500518
2399882
259249
-10365230
-17851651
4195355
13734631
-7915725
-8469134
-8791784
-5514098
6882500
5384513
-4511422
-697714
-6584089
-9218631
-2545443
-6704901
-6157092
-10421206
-13170606
-7618465
-11010894
-23689630
-19107287
-15311627
-10521880
-18897323
-35601693
-27054912
-11369841
-16259895
-18552860
-9407187
-10818833
-11617073
-10853789
-14601291
-15230
-4066928
-2315847
4648562
9511438
9118516
1841522
4162598
9238368
24803017
19764789
12159993
23854784
14846248
14446697
7461269
11600612
17341403
22176492
25021768
10506816
10682827
8256520
14280034
28655672
21909041
16465278
5400099
7521850
9813675
9474003
14390749
2900219
11511449
17117719
18869415
12197140
3090608
9670094
865468
5799953
6030175
4254777
2773166
3900309
3053093
-2324969
5716073
6700642
10964736
12041361
3941149
1114082
2794206
6606851
-6795326
-10898269
-14287677
-4944699
-2287846
-16212933
-19903848
-19090909
-15774379
-17069600
-27529707
-27168905
-21694271
-22554835
-22957255
-22878916
-28962764
-27581702
-19956747
-18513049
-25777840
-30474656
-22463602
-18116040
-23780321
-36144713
-35993578
-20068512
-14015980
-15873386
-15551135
-16227739
-13594592
-5701249
823850
2295698
2966600
-8383057
-8759315
14987001
25963311
15540088
10570013
6647130
16806101
18250567
18750899
21274139
13579212
13978452
25993554
17764962
11636656
9687782
8262435
19744184
17556650
10892039
15422054
20164808
16851882
8979162
10907982
16069000
15877881
9839981
3865100
11122822
23105324
15569808
-1970171
-5355669
-1369398
9534628
12252646
2781401
-2068378
-1929810
6920489
8606619
10832471
5000689
4225731
2166750
4684790
10275703
11549594
10087566
4500154
6328373
2808659
-2545334
7133938
13260232
2988432
5719527
-3375556
-16151705
-7605242
-9875869
-7342487
-5067989
-8429060
-16465642
-15546394
-17933334
-22747338
-15551197
-22358751
-22271410
-9123118
-11379248
-23952779
-15036490
-4201185
-3427970
-2485364
-12700040
-8126120
550186
7121007
2228029
-1327369
4325520
8933712
13682560
9631416
4169915
6567196
8836090
7346445
13503719
18555107
4888178
95011
-430159
3965951
19022735
14914367
3350916
6234549
9124962
29223
5399340
5918687
1643302
-5847993
-2395537
1585871
2759269
-455308
1226850
1570717
99564
-5627349
-9791947
5867238
15665475
5528570
-6261085
2283925
5386384
6510558
8665194
-1311050
-2805268
3783327
5584532
676683
-595302
-12583084
-16001336
-4941726
-1360541
-5427782
-19586572
-31907313
-14355399
-8219749
-16863785
-19542484
-15956895
-15438675
-19230721
-17330826
-14431657
-6994429
-13788008
-23632332
-19000169
-11051032
-8967361
-15308177
-16489892
-16287989
-7999900
-11980246
-16947424
-8529895
-4037219
3030
1741457
3651860
-4587594
6648015
14383036
9658965
18474990
21537771
26293829
26675582
25456035
18279493
24153534
30255000
32055299
33540426
19103146
16388709
7198222
3994943
10456066
3082050
4870438
1060094
3272631
9629282
-1257317
-4710260
-3553298
1527567
-1987371
-4171819
-4345350
1431670
3794699
-1088078
-483081
1824112
1381283
-8691269
-11190845
7011506
10649629
-3180197
-3326852
-864939
-5781456
863965
616349
1985500
9717944
5573320
783030
4066548
10609254
501858
-2624341
1576417
-1708090
6259128
-10484195
-7552239
-3851000
-9505765
-3339257
-12478989
-21310698
-19857125
-17305947
-13773401
-9188852
-9190378
-15911670
-17312346
-18725250
-21301233
-9583668
-6440574
-346335
7572197
6259107
-4702525
-6041212
10928612
12885622
16466405
5305998
-120973
20647039
21180760
17162953
8885576
10408225
14738001
19995764
16391099
4330324
4455443
9170588
15418543
15750953
11634268
-4153341
-3118507
8511356
10770496
8469907
1943978
-146598
726315
10309417
7890038
3185440
1198414
1026224
9327356
3363169
-8448230
-6026421
1838553
2324506
-3315161
-10794920
-17700272
-11475762
1965891
353437
3108873
-6304669
-25319231
-16056711
-3356174
-2575263
4927429
-4501984
-8654953
-4868618
-13792410
-13137218
-8829721
-16141222
-13197941
-7958055
-11088513
-15915750
-7251590
-5475937
-11265937
-11973906
-10375955
-21832430
-23799187
-10211600
-398821
1119536
-17606592
-28674873
-24358076
-13578752
879878
-3806781
-13624329
-9131515
-2885025
3628092
4515638
-1971466
10020042
14288510
15371063
23380748
28698900
24962688
28881861
26652346
24079901
28903278
22406223
27391609
23406521
11260698
15037594
15506299
6823342
3664782
10590327
15222725
4708633
1712458
3261191
2203216
2559232
-164176
-7157664
-12002576
-10390032
-649938
5719094
-5447233
-18462586
-10032695
-7414712
-4942541
-11733592
-19943532
-22500954
-15653929
-7599983
-17258862
-20766839
-13762357
-801838
5531886
-3661804
-12392416
-14626850
4272286
9696634
7187407
1315496
-977178
7260221
9341604
1489756
4902975
6902680
2170432
9718077
9062212
-3111717
-8487260
-6823502
5441948
3464449
-6340186
-16989251
-3421036
7385174
2468949
-1458199
-1523218
2594763
6433358
-1711387
-7362828
160442
3674331
6538926
5338615
993078
1929684
6911203
8185824
8137495
13560334
5900237
-204515
-1931728
2653082
3277054
1711939
4641137
-1795121
-8984551
-5847685
2995852
10208252
12360040
7764400
7474497
395402
-1600820
1359729
10333317
13860187
9842196
-1072701
-5491385
-1982264
5261351
-2628337
-6388901
-7782305
-5717659
-3346046
-2183255
-11467031
-9060799
-5023277
-9824533
-17603115
-12325166
-3781774
5512854
3325105
-11358507
-6893835
-4991170
4003117
11291484
5186114
8723029
-5224249
2038226
5664015
5592537
8986781
4854988
4016232
-2343698
-2607651
-1309176
-1837651
-9217744
-13444196
-3924650
-1966778
-4697974
-9376290
-13629243
-15212175
-13223860
-8222680
-2616880
-4580282
-13328888
-7307227
6457456
6023313
-5616775
2148275
16609937
16012112
6398971
-1456105
-3639890
12467996
16273943
8390266
17093371
10196288
16023630
22204379
11356055
10324526
8762114
6824168
12242043
20339697
11399438
210354
-7750386
1785664
10459498
8253384
-3595137
-6329833
-2227894
-9109818
-1794080
-3202529
-16635260
-15883120
-13612733
-14706793
-14765866
-18692633
-17600329
-15524487
-16519532
-19382504
-23446386
-28388607
-14160235
-8797412
-9874561
-15820113
-13423726
-9324051
-11903092
-8199309
-7260240
3045127
2036331
5651591
8078153
-373041
3935439
2150201
5259039
10481483
11055476
4859264
75617
5165621
11662150
14425610
3526936
-6778764
-3692656
2512308
11356509
12234143
9220280
3468419
2050843
12736546
12518684
9203386
7612095
7292403
5988701
12333693
13644073
11089731
11175545
11417379
12243423
16308567
16316421
11617987
7242832
6290943
8820163
5652977
5824283
1274718
-1650932
7093942
3361716
-1081573
1807850
6047808
5906008
6617033
-493588
-4337351
-862699
2913038
1193396
6525574
6591347
-9350639
-16890642
-10538937
-9669613
-12849400
-15994770
-23915719
-19951115
-16797483
-17776708
-12127006
-17078665
-20428183
-11593177
-8590177
-4113243
-1690635
-3817222
6914315
5989494
667377
9014970
18199315
15585004
8358364
-4825936
-5882358
11513027
16137339
13632509
-1210949
-3057225
-7094755
-4399274
2899392
-2587791
-10604381
-16691630
-11302953
-4668650
-10534402
-18269535
-19659377
-14108219
-3242431
-888580
-4131036
-8663789
-9372497
-10252046
-11239478
-12210157
-2667506
-390221
750584
-8595362
-11596989
-5287684
1048044
13982838
12430715
5784557
10647731
15756806
14637094
19044678
18174750
12685819
15942968
21715775
20015620
18357610
12822952
5532565
5073616
10965622
8136843
-1215330
4906601
-4998764
284294
10597321
9653699
11669863
-426679
-9030224
-10901265
-4937954
10091936
6452695
-9739522
-17320460
-7075343
-2621962
1104266
-42813
-6122055
-8291631
-3336604
5340349
-1925427
-2458658
2248617
-2750433
-1567810
-6971096
-13009168
-4092528
2870143
-940543
-4187395
-10403361
-2692413
1407831
-8274068
-10646816
-12205788
-5704599
697975
-5511243
-2912070
-5491581
-5901073
-4293403
3038557
-5423146
-7125652
-7892408
-5658356
1438547
-8374732
-6564813
1793614
77538
-3155113
-1769812
3358466
-847806
4415798
2369208
-4392283
5996141
86612
-4845688
-1871274
-4509320
3824247
5737032
-4201015
-7201182
44282
8537794
5947827
1811485
2223294
5779702
3050590
5147736
6710726
5452362
6217308
2258943
4953329
11598099
5828645
8443430
9536029
5423491
11537935
10004490
5548759
8676486
10947207
10352066
2658169
-5437019
-1889024
6172768
9107058
3222640
-3564010
586344
10052912
6318764
7131865
7030097
8066103
9323139
1176485
11767577
11636358
11625071
-2226808
-5958662
8530069
236899
-5957857
-8996966
-8674279
1861373
9458883
-2487869
-14337375
-11424149
265733
4730888
-3446321
-17535320
-25419905
-9241450
-9092547
-13234242
-21005088
-25481110
-11786188
-14169179
-17963055
-25258471
-25941699
-20073243
-12262807
-11882712
-16068362
-5735543
-5253619
-13061201
-10105420
-4670849
-2492625
-2730601
802286
4194313
2166685
6550368
9170826
13185436
9703580
-1337096
-7218531
9086557
16889116
11969936
-1358654
-9131551
-1506789
3833482
9771257
3522988
-69139
-5938123
3552421
7260612
5817401
7114105
4464160
3242861
10184706
12811246
4620103
11499165
16126419
12002934
8721008
6969896
11925291
13712528
21777613
19978834
21956636
15525143
3036711
290222
7603114
7829284
7999177
9238588
-380277
10959301
7464623
6861438
12262742
9923021
11937841
6863547
8711952
-475327
368510
-167454
8075850
8442237
1578107
4157267
1096573
4230826
-6223425
-8136943
-6191446
-4162047
11057618
-5497192
-20247290
-14023515
-11805415
-12004389
-18704139
-12283166
-21705920
-31448650
-23244458
-24749396
-19356997
-19461386
-21786786
-26540384
-21821207
-17997324
-23665201
-20888635
-13778884
-10403756
-8728514
-10151144
-14387313
-1213190
7366416
9713531
1944508
-5484883
-284075
9541809
13398011
8328264
2985729
1864385
9564268
9106881
-324095
5559102
2854943
6011011
-2397639
-3188308
8247285
9886392
-680421
1928972
4767368
5279495
13014700
2826564
-1481113
2500357
9013853
14701602
9840022
8670117
7542264
17181522
18304557
5142567
7130074
5098096
6498785
13632047
2891337
4057289
12873237
12604936
4591508
1641581
3833540
6875320
11792221
507991
6592304
10337400
1951917
1304073
-6190619
-3662752
-3997943
-2928999
23755
-1094178
-6600060
-17344733
-10551606
-10622551
-2999540
-7375770
-13361057
-950700
-10664226
-10413272
-10541089
-13195137
-1821046
2439694
1822979
-13555598
-9680396
-1064351
2423976
8624891
-609251
-5357733
-2853487
-728580
9499881
978080
-7119461
-14395413
-2541508
3193809
4383737
5996946
5657164
1397598
-6690207
-2519304
4177420
13912206
5292735
1419583
895231
2462862
12280885
12281080
4944018
-8023147
-7560138
1346786
4369875
3667985
-2507739
-6342418
-12344168
-6699832
5108927
9207047
7893438
-5094861
2839762
11235904
428722
-2637892
-2743912
10754561
10426921
2906877
-2817868
-2942138
13787928
13399369
-1027722
-3875022
-1174640
-1224859
4469876
11161186
8059694
8466010
2466949
3799885
12771409
10058389
970633
4938998
3318105
-2797377
-2970446
-6119894
-945449
-93067
-3411911
-5803442
-781831
1592123
-7104834
-9664246
-17001375
-16926873
-6511812
-2271074
-9978529
-1455874
-7109593
-15410704
-14605732
-18864261
-10004920
1278039
-2933248
-9252854
-11535673
-12339205
-4667563
1322675
-10404739
-1424509
11281179
14034966
10908101
221979
-3966832
-3190549
2269861
8461481
14347081
1625374
-3153655
605342
-2524066
-2230833
3416190
-2587615
-5940233
-4812732
-4826054
7162164
3725971
2859100
-836744
907616
12536448
11630812
5788917
3133976
8108541
12488913
17186203
7891087
-5675503
9032043
8498111
3313624
3469734
5601274
10661344
7763063
2588847
-4306466
-5947296
1364367
3584120
2577809
-7150060
-5792553
-5370662
-5250826
-3920648
-5212083
-6187089
-6422495
-12164294
-13981942
-11904492
-1393803
1375747
-8492393
-252690
1414041
-8043868
-3164229
1239052
-2842601
-3748487
-1332025
4041607
83715
765020
-4495391
-4831649
258065
1025155
1945095
-3116946
3078520
5941263
-4800811
-4340034
5342869
6223818
8525651
9242784
-216394
-2049069
8926574
7770800
2226001
6285567
4013942
10956579
8302005
977039
-3449159
-59623
11108632
6925299
2043567
1664544
-1013295
-135379
-4021140
275232
-5115737
-3679188
-528378
2857681
2805477
-11892942
-8172112
-2594882
-1479559
-4875736
-6317206
-9284138
-7663551
1491324
-1390461
-6032451
797243
4038268
-5156043
-11351558
-346400
8848600
12385613
5096860
-2152097
4357187
7709255
5449382
1827504
3815041
6557793
7677769
2272537
-2989538
4286062
8982864
-5048613
-9457672
-642746
-2484995
-2563720
-8236487
-9416804
-11336279
-6413892
-12189819
-8246647
-1473652
-8435063
-9349086
-10601393
-10330386
-4658691
-1547339
-1773438
4347720
3352026
1683776
8303580
11957218
8270389
5286264
4821199
4316737
12348860
14007014
6620185
1678447
7154714
16131321
14164806
6754427
-438454
141490
7407346
10626596
4400217
588280
-2270915
-5359567
7000485
3155180
-4376710
-3960342
-4529317
-408735
-729142
-7249718
-5144289
3022028
4667953
1837444
-8044345
-8218340
-3935746
-2190917
-2092858
-5848392
-6650904
-7534621
-5757763
1941232
-2453767
-18411872
-12521388
-6443975
-3462285
-6241848
-7498973
-4817712
-1260573
-5510107
-14175698
-4762121
6093176
5177468
-3051168
-5429233
-7433909
-2345108
-287344
-8871535
-8240163
-6890137
-6883489
2580448
1002989
-12402973
-11686260
-7804845
6320
3873792
1799305
-1036204
-3458975
-4958962
-4726544
-6852563
2715578
11960871
1969542
-441645
2313822
7339075
11286490
10242190
11007348
10600091
11522451
12460630
20004409
20895178
28254402
23979354
10083879
9667847
20031701
24882397
17463706
21303976
15584718
3952854
14133560
4953511
4094312
11445744
5648086
2009848
-675332
9659224
1128819
-1432989
-3416449
-14080506
-10049457
-4029004
69661
-11748785
-10212152
-3418403
-13539659
-18340180
-9789358
-8581575
-9616685
-5238190
-11074431
-11359328
-7256325
-7483766
-10018823
-10888292
-8082700
-1206080
-1529693
-12049771
-20389399
-13684678
-4884488
-1882380
-11001023
-17090911
-6713324
-6761905
-12422990
-18874329
-18722529
-12182865
-4236980
-6673076
-15881464
-16693401
-12222210
1498793
6385679
-11296333
-14348443
-9624401
-1950812
2529296
-4799182
-9601183
-4394537
3547041
2393859
7152804
4962628
6386801
14605208
14119846
15573840
5316529
10127213
17960167
17861068
20122642
21088695
25078297
13525305
19801055
19803961
21058659
26525068
14748040
11779882
9955085
11231744
10917939
15356284
13229368
781848
802747
-1252399
7894652
6847401
3763112
3451708
278881
-5466323
-7985856
-2695614
116124
1059705
-446376
-1107677
-1709512
-6064249
-4111056
-6832194
-9468104
-4020448
-10825891
-11805816
-1043015
-5323483
-5586834
-7045199
-8299838
-8582297
-10536255
-14613544
-18095133
-9713273
-9587138
-13883293
-16728849
-20893663
-15098330
-10488724
-20162254
-12343581
3481245
-569730
-10179075
-14042650
-15282872
-3717462
2785463
-3217195
-4754610
-2994565
-11312073
-12524723
882375
1762467
6438518
5766410
1658040
-7821880
6945245
10780771
16726368
18378796
6713452
12045920
16101670
24134714
23124651
17813996
10474006
11932757
22526971
27278618
28511883
20660427
14906177
12537520
19973956
15356290
2393258
4643033
13642274
15472278
-3342567
-6907301
-5076295
-1436407
-3487608
-9846421
-14811807
-17092372
-17179943
-21944821
-16014209
-5879494
-5444784
-13235761
-19916288
-17533841
-7501719
2614685
-9789976
-11817069
-7717903
-9113183
-10678770
-6773608
-7240900
-7761504
-4564252
-12463399
-7544306
-1675972
2682254
-558818
-4975358
-6638801
-7140983
-491352
-2019596
2693541
1091352
-3262522
-7870410
-943801
-39858
-5559165
5362076
163296
8802911
14643893
4698214
4905714
2819252
5551898
6667343
2849885
7681654
5203479
8430291
12007030
8202205
6097967
2155855
1006226
9836920
11208112
5339208
6507054
7775185
7734267
11801675
15444603
12414039
11712058
14437401
9771361
15599784
11903188
9382569
10561238
-3591039
19317
2364058
10664799
6269531
-4978511
-2651808
-6435647
-4021806
-5238169
-9773924
-6545794
-4248233
-11591039
-18008048
-13642890
-13438363
-6416837
-14525871
-18148100
-7756977
-9227018
-15073717
-18874445
-13868439
-3835158
-9961677
-15024650
-5722875
-4654276
-3646040
-10884644
-10877653
-1770155
6380156
3810714
-8965788
-8278592
-9763972
-10416146
-12976212
619099
9800025
-2663877
-7096013
-4872608
-5432954
2449368
4891054
-10925330
-7211150
-1078536
4244754
6058542
-1446854
-3591213
5461921
8126079
3866797
1487651
1131150
9986489
7610168
5448260
4843816
6360478
17115903
10905745
11550225
17504578
26461441
28537902
25590520
20282823
11083705
20684261
30553524
26140264
21186683
7934124
9298420
18183903
13456317
5116004
-4388742
-10233857
-2350316
4005766
2321457
-10606066
-19406183
-23332203
-9547191
-7520538
-18708615
-21148313
-15444405
-17372187
-18026759
-18190177
-19173390
-15773627
-19313483
-19282768
-12827086
-6691774
-7864333
-17964554
-17143407
-10399190
-5877643
223984
-3017294
-7284365
-9397746
-6424493
-6196483
-5102839
-2425724
-5668689
5445271
8513110
455403
-849163
-11542879
-5272889
7121930
2667646
2016209
5006837
5225473
11421406
16281601
2161337
-3286512
12669574
12566780
9009224
6006565
1534271
420671
7418206
10830861
8314071
11203612
17022066
16327275
7768540
12350421
15075290
14113448
16934137
16340645
19184928
16873140
7625343
10617994
22383668
21061093
19856970
9424817
5833033
6879185
7903160
13813581
9544087
5368621
6564699
10830308
544507
3190251
2464658
-4999339
1025072
5051632
-4751981
-13407229
-8153067
-10186631
-1079166
-8405449
-26708243
-20964153
-19226537
-12495977
-19866193
-27267751
-29259159
-23424607
-17203961
-13955770
-15875656
-24272546
-23591840
-22738263
-21511559
-17829768
-19434543
-13538864
-6302421
-14685032
-16300352
-13965150
-13898616
-4856420
-1414533
-12627384
-16575517
-16488118
-9903858
271566
-6868644
-16945524
-10605353
686062
-368146
-11545608
-10053832
-7037753
-816475
2482067
1517700
-4933462
-3059618
5011916
8793441
11707914
12011397
7686147
11914350
22463542
24258056
23662809
19216711
14539604
25221910
32093260
35017225
36774696
28840294
18045608
26252988
27241323
25839302
28010728
24812160
23260542
20445456
20167536
17963563
12696319
14412460
14622330
11027846
12292545
7190390
-2938958
-1808676
-5527556
-3819242
-364566
-8148938
-9142020
-8217245
-9464509
-12903431
-14610796
-15576359
-8922963
-10017410
-19598331
-14664791
-21986672
-27529668
-21796519
-16342803
-15995088
-15723754
-14618463
-22536216
-18516669
-10080654
-8643318
-15578742
-22551906
-20633096
-13049171
-11672586
-10376620
-18196801
-18360286
-11638416
-7268822
-10272519
-14295094
-7664088
-2521721
-5759427
-11809793
-13829014
-9472603
664179
1639115
-6443076
-707738
249260
3649556
6497334
3840357
10559916
17723737
16392293
11580071
13769052
19085571
28706942
32698850
26709319
16330015
20406032
31270652
36396334
29085974
17575585
21508017
28913148
26830199
23524651
17633466
13001442
17809166
25512236
20358828
8693977
6475141
8099860
11372643
14872567
6581681
-1760750
49515
2774041
-5167271
-10528835
-13797983
-16840384
-8293070
-5609551
-12080943
-26252039
-28725446
-15894227
-9220577
-11747482
-23849923
-27086815
-18852516
-11423498
-10772617
-20456979
-21827797
-15716711
-6778641
-6708387
-20226058
-20778083
-13859240
-9186033
-11678298
-19462670
-21426725
-20502164
-8273949
835937
-7748258
-11460647
-13439695
-11149827
-6152094
-5689132
-8392040
-14750575
-9411264
-1527111
-3646268
-4161600
-5696352
-6242317
773180
5957221
3132575
4967704
6565698
6326124
15941355
15707105
11371410
16457472
15825501
17358021
22850900
20852397
21237585
20152601
10535291
11608374
23368644
23996359
17458987
12605329
12439473
14347149
14065499
14522670
7513783
1263836
1814672
6214382
2329980
-4672218
-7559603
-6186861
-6973187
-3872413
-6720245
-12010090
-12158000
-7964003
-7730690
-12095439
-13627219
-12807367
-14577624
-15391720
-11868865
-4779294
-4366045
-7171213
-10871212
-12569817
-517808
-965669
-8945622
-13088660
-11113145
-4826700
-1559586
674231
-2168358
-2229655
-1649506
-2241338
3002478
3418971
-9218352
-4912494
6361000
5557438
2854078
-3509532
896594
13769663
12675402
8075658
5312586
5781655
6843585
9896336
13069823
8854589
8913925
9754648
7317367
10478664
10430619
13069229
15530690
14383073
7727996
8749286
16058218
17536239
15013735
10624180
2736402
3230123
6336821
4473676
7085415
7166129
4050587
1631066
1661217
3449362
4204904
5694100
-2421898
-3077309
3623293
51588
3323920
5147582
-3513503
-7733309
-6121664
-5144123
-4145005
-8611284
-15265919
-16940470
-14241116
-11853337
-16480545
-17485627
-18588499
-15396794
-12475974
-21792009
-33241417
-28647192
-11810850
-12497323
-14672518
-19100166
-18133980
-9854555
-7578792
-3337326
-7515809
-19543697
-15774832
-9042475
-8278851
-7141543
-9985128
-5403923
-402609
-79566
2734443
6045457
17540250
12428480
-220360
1731958
6351749
10942641
16294461
16280219
15043978
5007423
811269
15098925
19916761
13190834
9426445
17146090
19999230
22024856
14667364
17105942
31675009
30868501
16573017
7039739
13166632
23164983
28033133
16929687
3849208
5318163
13235420
14793369
10071683
543332
3251899
11074731
4087673
-293979
-9007050
-15224795
-4360094
-977224
-6351011
-12777958
-14216829
-14944639
-14028171
-16975562
-15551143
-12984709
-17902975
-16454341
-18298643
-16076250
-11712365
-9154148
-13784186
-14323578
-16928956
-13123181
-3942217
-13014393
-10356163
-15304580
-13161495
-764095
-5158829
-9949071
-11217749
-11307882
-6256269
-3538118
-6172552
-9611399
-9152530
-8049555
-726419
-345785
-4067020
-7507980
-9341123
-1964612
6867577
4978615
-2270150
-9602583
259674
7302572
5772739
1234584
8820471
11206407
3009951
6102235
6587264
10537047
22266094
12189053
-947223
9654078
12054156
13793011
14833832
10198804
4658724
7624100
18509397
18162744
15047730
9843117
4525285
10306409
6862451
1624557
5014094
12980364
14206832
13728537
8138699
4212935
9127043
13352307
13298370
12036073
4754637
221892
3671842
3264086
6938163
3254996
-4001146
-597229
3061302
-2308575
167833
4746798
8095282
6213250
-8660836
-19821949
-5042122
1736863
-7835348
-15633419
-22163445
-6154970
7421648
-8701242
-25573152
-24406812
-6743049
-2883646
-15514606
-25425405
-26346243
-18063598
-12760126
-16878106
-23867373
-25725591
-15024132
-13078280
-2822839
1956162
-11014054
-15599404
-5395813
4916340
1816752
-3362226
6104847
10923009
14573326
7727327
5455242
12385028
13433786
17762451
12139057
10225268
17945330
14957912
21618250
22758306
18534984
9233083
3744863
8076578
12061133
13116774
6613067
2341615
272431
8012470
4772488
272612
10939579
1309765
-5208236
-4698376
1127620
5345150
-2907531
782413
1781322
-5553107
-11773643
-4431110
-2560
2833400
-151874
-12700628
-16394532
-9554483
-921886
-1803656
-12132707
-21104690
-25847077
-16143985
-7553621
-6090885
-11016699
-15557445
-19297766
-16661607
-14647710
-11722756
-13772009
-14426957
-9581041
-15828172
-13392105
-10581586
-10317461
-12500937
-16166942
-9497375
-944355
-4313405
-5949917
-1403902
-6830105
-8426558
-4981311
-9962753
1710885
3399865
2342392
7137758
6630057
16301743
16104344
3430747
4864317
19276897
17686305
14620122
18814481
14845694
12580509
13227271
17339846
10801199
8957725
13407058
17447945
24723673
24074502
12277590
19716033
25216930
15342261
14448204
10437946
17018163
21798546
19667113
17759941
11583240
12561759
17114594
20401035
15535212
9886449
6230191
6788034
20011527
16391116
7098957
-2391020
2628553
6454850
-841253
5500947
7067841
6242672
-6289323
-17365741
-9689763
-9328954
-2924291
-5605994
-9518630
-9722358
-9326998
-10226391
-9533294
-15776400
-8743300
-12454280
-22610019
-17872875
-20875857
-17605341
-17532091
-20144674
-27706495
-27876560
-26228138
-29200109
-26248782
-26326513
-24763782
-23342853
-21462649
-16459736
-26408600
-26540077
-13213996
-11375666
-2899813
-3094603
-7253805
-7774831
-7805116
2482771
19264748
14068804
2329704
-4069194
520890
11066543
17963905
19707228
6561071
2633019
6526098
11392392
10953409
-917064
9145702
10406026
10050080
17977513
12472116
8539345
5038241
3173584
7106185
8048416
6578202
9896741
7983458
2785354
6968732
5312386
5484022
10225595
9191236
1048028
-381714
-443061
4197157
3707887
-3804685
-1079353
-2578946
-3877903
-766969
368632
-7224532
-4300657
3303264
-3288433
-1590113
-4880729
2604761
10451673
1665288
-2266420
-10162647
-2212862
11117819
5750578
-994545
-4057355
-2863392
1752493
2062141
2502428
6750791
2916510
-3812018
-9184308
-8591639
1008059
4593541
-3827183
-4400455
-4937028
-2277932
14086235
13118718
3407826
-7882262
-6119694
9059824
10842033
3371214
-1481783
-482252
4489966
5895613
2491852
163699
4812701
5029387
-4314747
-3592590
-1119702
560495
5107684
7936204
-3172643
-3982112
-1288732
8249982
9131514
-4626729
-5158044
-8209006
732239
-653593
-4396953
-5513420
-13371451
-6161606
-7042431
-3239951
-7456062
-4303291
-9701339
-17562086
-3230292
-5979681
-3576953
-3700290
-8212300
-1278020
2753988
-68996
-5243457
-2516580
608098
6467816
10283501
4253708
3157957
4111886
8593656
10878140
6610079
3181801
5926941
14733875
6028331
-7826475
-5827267
-7890467
5215839
2658397
-12426986
-11561385
-9576924
1047762
5132363
6473078
-3281166
-8650682
-1716478
6820874
7755990
-5402138
-8079648
-2675542
-1425148
-368808
-4970515
-974115
6453827
14487143
13039079
-1074636
1546203
4452840
4371488
7832553
5698402
2765343
2309875
5122739
4270870
7103136
1036549
-3668923
1133352
10572007
20897232
2647807
-7157942
4389214
5841368
8308078
5648845
-3229884
-5685166
1021363
-932276
-8434765
-6348626
-15920666
-15269736
847473
-6330881
-11563372
-14435806
-12738885
-4788249
-13210701
-20086731
-16542542
-6155421
-2186864
-2429303
1744801
-6941102
897758
-1825405
-172285
626788
-2530813
-1928296
-8143510
412465
6350564
-3622253
-6160413
-996575
9899366
5024208
-931771
-3381114
-2110079
6752355
11427056
4767319
-5015868
-1660561
-2898274
2189547
5069167
2895382
5690455
-1984865
2365004
1550152
-1914683
1833271
3644131
1673318
9571198
8840629
257488
-4964352
4836892
14252347
7396372
4768480
1361214
-7156892
8263066
14868933
16618003
13218864
4561442
6456004
6321360
8159229
7089977
6709953
1878147
-248376
5364451
5614750
408253
-3514457
-8219492
-1441327
5963219
-2402648
-9824233
-2458475
898448
-6441602
-11983233
-11657505
-2934152
1597548
-2885419
-2054260
-10198990
-8249395
-4026491
3438231
3031963
-7798412
-14172979
-1294944
11065519
5948515
-2777685
-12932192
-7745545
-9408553
-5385977
1373161
407364
-4931079
-4640282
453420
-6559264
921738
860181
-9858450
-3894945
2835693
-4827124
-9225994
5341873
8639586
10909555
5397596
-1545281
1591174
4158510
4962235
1538219
2173232
4663775
3342724
3486144
2120686
2726266
533093
-1115718
5373441
3361101
125647
2859940
1033279
5021772
-3748655
-8441063
-4324096
2257044
13618218
4474313
2505040
-1732143
-3021494
4179162
3182798
10975016
1471648
6728311
9636760
-1576301
-9162067
-12976916
4350485
2635149
2178612
-3494484
-11394102
-1698102
-2327130
7420227
2548633
-5837377
-10830205
-9504173
-1798681
-2157561
619470
-4547218
-5727652
-980161
-3850366
-5383372
1047504
-1925645
-11120077
-7209515
-4368024
5788878
6868167
-1661274
-6766608
-9385608
516262
9865180
-1722699
-5890649
1567419
11253694
15877939
5001443
2305430
5500409
9951319
3531519
6800794
15247453
2258028
-1110532
-1103003
5235544
7521776
404627
-8257205
-9463677
-7615669
-383318
3997537
-13643904
-13501516
-8159478
-9394599
-3848476
-3165050
-7858537
417974
9657660
11748901
5868397
4998399
-5502497
-592651
4083294
2039506
7645962
-3283268
-6745593
782300
-1753009
-2875938
1241853
3778243
-6654612
-8248041
-5643576
30069
8257920
-2063917
-13710841
-9951384
-1918794
4046802
1468787
123855
-50039
-3178896
1316424
5883994
3759629
-3932705
-1523753
7846173
6817828
-2369940
-1151104
4754074
-710543
8386483
3574517
-380144
1483980
-199419
5362697
2878555
-560727
1702109
4520793
6276983
6244424
3490774
7935560
9322672
8532991
4905588
-6567383
860525
12326481
16059305
13821086
6008078
1163943
4754259
5892544
7118871
6895051
-548466
-768708
-605957
-7432285
-9201978
-299760
1712317
-5932042
-9078959
-11580609
-1853070
-2573048
-8716458
-11309983
-10581632
-6794248
-14775821
-18023642
-2839430
1191701
1696160
-1489991
-8348605
-10808431
-3507807
-421166
-9219778
-4708587
1113466
2778722
-1066847
-4985479
-1563121
2785057
325835
-4800066
-3546990
-3507755
-4329051
-5089102
-353813
-2185046
2456827
-1969601
-2700639
-2212579
1210852
4816473
-1140003
2608353
-1051998
-10154504
-3799760
-2762559
6836519
10349001
3719084
-4223063
-5178618
6630237
9572380
7614069
982225
-2429798
3674838
10456347
12591922
4702075
-386005
4583464
13693557
15046247
12132991
9608127
5361812
2165131
4949264
5945505
6612118
4528761
1816059
-8517398
-1586283
4086009
-5118995
-8737979
-11544188
-7232042
-4195476
-3940127
-9489154
-9879446
-121486
-3035814
-5076805
-9359866
-7119498
-4424114
-4482819
-3360847
1374698
1282670
-2114076
-2445607
2831000
-3524819
-827757
-851768
-10845483
-1312252
3935059
6315350
7003755
-2636357
-6659792
-10718088
-2878434
6221659
10631105
7829982
-2997627
-3437456
2073864
8188209
7460730
5325416
7766233
6496367
3021720
771933
6354116
5962212
4134665
10350052
9226233
1139284
-2190459
2899860
5782014
12672851
21523983
2372022
-8159290
-974629
11807614
19349609
5600136
-7504514
-5879203
8100646
10438385
5806004
-6942570
-8950104
830461
3797781
415882
-2420095
-3742686
-4672460
-1277576
-4700817
-5545774
-1445922
7789917
6801299
4468560
8230823
-2255736
-1801384
1119299
181169
-3896161
-1574588
-374114
-2078164
-4965329
-7523217
-10634698
-11327626
-13102072
-14738650
-12471110
-11465579
-13658313
-19039393
-19588263
-14938645
-10034129
-1906195
2681830
-11189323
-13491483
-3084763
1056366
5151075
4418354
504976
-6618461
-2580293
2035009
10069848
13021307
5372151
-2521455
-1358000
2040622
8936690
4021854
-7447743
-3464592
-4084435
-6416290
-3443273
-1796928
472337
-4123071
-4005199
-2455168
-1050447
-295820
-2777910
-7211690
-2419215
5705694
3680227
1431589
3133894
8095568
6755524
3391069
-5301517
2071920
8470760
10799492
13361521
4834397
4361965
3153288
9825060
12042218
13347217
11417666
2536274
6414005
3828508
3758557
6174027
3569787
4406494
5757615
384732
3764340
5908799
6216253
-3585008
-1835561
5714183
5910051
6539597
-3819854
-10010928
-6946285
3318518
3428450
6476393
2261613
-4027635
-3928991
-4061971
4941872
-3601429
-16698615
-15566994
-8461336
833056
-804136
-4630351
2594733
7128720
6758670
-6257766
-7802529
10467953
13920100
10345169
3643181
-1922436
-1207386
-4337384
-1938611
-3607413
192337
5736775
3071429
-7620860
-6053861
269564
-8757026
-6567598
24757
-4293651
-2333240
-4919394
-3925434
4880952
-3344950
-841137
259533
-7127658
-8123503
-1836343
-3923176
-9978500
-2728036
559635
-9376608
-8833082
-2717738
-2754206
6535744
-1483920
-8439258
906360
6952527
1727524
-1968066
-1068783
7558760
13776877
6908171
-4970489
-3678366
2528445
10210192
6361086
-686682
-4500362
-11345814
-2512477
2115449
-5314216
-5009083
-13025369
-9399713
-8391361
-2604639
-5670000
-14767483
-11311615
-2230923
-503837
-5638979
1048821
3422491
-485210
-6424617
-3730927
3176967
7228370
6490902
4663085
2302477
-2563747
-902049
-856719
1773758
5438432
8254550
9665218
5968437
-2002653
-2409856
523959
8505365
7411817
9585891
13335766
8348675
14518964
6234238
7808044
14016074
15732486
14158236
5858698
9662699
1701979
-1426105
2026181
5373141
14945138
11061677
-708079
-3811322
-1825219
1495488
6875023
3314784
-1081770
-2001828
-8081222
-1719572
7319983
6011032
6293908
-3905034
-4675404
-2972344
-7298344
-5328743
-3540940
1844028
-9745249
-18325075
-17259854
-6596224
-6163841
-8868905
-2849770
-14718626
-10967341
-8356000
-9846585
-11717213
-8308488
-6905824
-5893138
-5313096
-10889832
-11885127
-7561414
-9430259
-12340765
-19670522
-12939994
-1151658
-3498892
-16576550
-13758216
-6925379
-455966
80913
-1979114
261362
6216251
5165668
4250185
5262941
7924715
9085482
6386467
2726423
5391486
14955369
20349848
13290115
19731039
18262271
21072049
17030164
11167603
15863709
14479170
17133525
15248617
14345999
8431984
10782364
13746248
8645025
8789534
1416086
-1403666
1536614
892530
-4142593
-11121193
-13312812
-4962536
-8577379
-5422255
-6425426
-4008767
1250322
-1513788
-2406200
-15326644
-11718538
-2054773
2895167
6502391
432815
-11821502
-14827794
-84958
-3575751
-3750815
-3422233
-12668767
-13364496
-12280176
1808382
-4197141
-19597391
-15891057
-10873579
-8779969
-11233424
-12089086
-14647334
-15867427
-17084560
-8433961
-14001420
-12494215
-8936598
-7651969
1392625
2466775
-5080446
-10402756
-515432
8995973
7123251
4333828
-4873565
-3047887
10277766
20816647
13855945
-790910
-9470629
4945803
15475172
14749651
13226748
11000843
11909898
17174329
9667814
6840042
17346408
18952888
14281111
4819419
15802657
16103432
10851161
14816991
13910142
9283446
1932432
6476614
9935314
10427941
5073756
1699747
3789305
4995487
1315199
-1560404
-2232636
4510205
8193852
7994802
266150
-3823922
-5999326
3910323
8325027
-3564051
-12340098
-6180246
-1504178
-3991495
-4340771
-6508559
-4577554
-2365527
-5091072
-7387647
-6233954
-10243604
-15311582
-8334455
-8062554
-13017798
-21062732
-16725634
-15022326
-13703848
-14224060
-19642724
-19187880
-18226071
-21158659
-21013189
-11721551
-11004222
-12421557
-11521219
-11845010
-14418294
-7540888
-8816081
-7333048
-7093268
-6148470
-9240790
-1985609
7470399
9431386
4226756
-408445
5862248
15847111
24333116
19892516
15942042
16659751
15083494
17146277
16571478
19137838
26050807
29642055
22123013
27244449
27887641
25637701
21066308
23736546
28053241
27059981
22210332
22949342
29854889
14413101
5514750
8628963
5100785
2483450
-1705260
1155723
7753072
4680628
-16016954
-20702241
-8782558
7414467
2818165
-21056477
-13074798
-8761899
-6238763
-11327043
-15815810
-15527996
-17709494
-12830138
-13926996
-13339440
-9709373
-8589797
-10653955
-14335822
-13309840
-20868051
-21060412
-13160963
-9437060
-14936540
-28882412
-33701824
-27022460
-22916454
-21356208
-21967862
-21843533
-23329583
-25566816
-26236782
-20969201
-10921200
-9695976
-9734482
-19589022
-13172363
-180736
-6007297
3275136
-2197151
-2530056
1572288
2821959
13046081
11764769
8116777
-745840
5516096
14085625
22557716
21230525
18199349
23288503
26591447
24836809
26548622
37559546
21082213
18516870
25238150
18847828
26019430
30078472
23934147
16818781
22465722
22723350
17021010
16749357
11350636
12606615
11942365
5869834
12721699
10474161
-784157
3349404
-905092
-3531115
4658969
1132111
-9433965
-11014715
-3316932
-5364129
-8924229
-19136467
-13860004
-2709116
-2744895
-1235486
-14547278
-12584086
-6849788
-2120190
-6336285
-7457577
-2780201
-4224910
-2187982
-5280024
-7034535
-11098576
-7680388
-1861882
-11452121
-14420191
-18470047
-16271341
-10106610
-4757659
-9015502
-11836335
-17149103
-19483538
-11816240
-3207883
227349
-15301131
-13399234
-4703786
-2879223
4351510
5150364
-496235
-2790706
-602885
-8000155
-1470647
6639243
11139177
6533567
294584
8483445
20742694
25061163
16231706
15473868
13552291
19774556
30358828
23633083
14156308
14929942
19670119
20767398
21822561
11342680
1406003
5377827
11349887
10656911
-2204768
-4363530
-1612086
-1509132
-1612881
-9695966
-14364049
-14584168
-3446940
-12350507
-15786267
-15734079
-13810517
-10743296
-3573836
-11519050
-26268721
-9499078
-6490443
-2840055
-7807107
-15463204
-8435476
-8579928
-5789102
-11393716
-8901740
-15735009
-6266009
-4107439
-15682194
-7450460
-16360810
-19787517
-13629385
-15344479
-10869651
-7009019
3703834
-431725
-1874170
-6951062
-4755026
1164218
-2145635
-457721
503823
1044315
318204
-4712252
-8390557
-5567471
2498622
9441613
3070922
-7713115
-1811790
4916924
5647391
13284927
6387865
3589001
13418552
14658229
13897947
15176283
16104823
15399043
17379767
17305755
21512887
21551334
15118134
14334054
12373005
13169451
18606134
28404725
22300092
19857947
13084974
11044174
18692485
17847476
14365659
7433120
-2790160
9149506
14508381
12804681
1777206
-7106490
-13313844
-7911268
1241458
-65845
-8407834
-15838327
-18809729
-17702372
-13326688
-13221248
-16838448
-16605253
-21392108
-17353277
-9918815
-17272024
-24300301
-23385500
-14564573
-10338793
-11802977
-18447225
-17935230
-11810219
-5318673
-9294085
-10765383
-5376164
-2847820
-6560241
-16614117
-11322345
-2211180
140105
2493466
-6948317
-10085813
-1244680
480026
6519288
2487101
-1709355
3140875
4630553
7763094
-1705900
-5076827
489630
13643695
11903186
7347120
9210730
9254358
12669576
22118304
18543177
14992817
14237302
17968360
19843237
23644326
21003650
23352096
27939815
23119677
24301267
17257256
6494294
13500840
25588652
16467429
-3485144
6005204
2851556
1008548
1645208
-7059004
-7734034
-2392735
-3890737
-16185904
-16736637
-8689724
-6673250
-7566230
-11520491
-22894548
-20226346
-24730098
-18398083
-19267201
-18495814
-14860622
-17645954
-19980676
-25249095
-19467714
-14411392
-12957724
-12919132
-17407894
-12429072
-4012649
-7538822
-10419834
-10666983
-11611854
-6835219
-2247181
4781029
-2795723
-2426343
-2988076
-9094038
-12221170
-3949077
4708751
-7831743
-4467830
-3590092
-1526690
-472420
1286632
-1319682
-680854
3008305
-243568
2537756
3970151
16148376
16309535
2582522
549263
-183346
2100448
22486574
21468350
541137
5070200
15195489
22250373
18371642
10741125
6526353
11988134
13504792
14455311
12461507
4194156
1419931
8784864
11845224
13355568
4164566
-9540565
-9654096
8097384
15823159
10747868
2773333
-4394704
836166
9168061
7020273
-9565569
-10956873
-12071921
-6810089
25454
-6993407
-12211201
-12011797
-10603535
-10468100
-4603151
-12486480
-17467381
-16040521
-14041137
-3292044
-3426858
-4020437
-3642291
-10087476
-5340784
10013079
10945985
4299403
5651925
-1237360
2616826
17270412
11684619
4241498
-4838554
-1905363
9353602
13615538
7059581
-3681378
-2363796
1093908
9199863
4987841
-3034568
-1162916
6827186
1139736
-982970
5406980
4881597
5420525
3135286
-1112405
880339
-3153720
2748256
3454206
-1962783
12552571
10551614
1693352
7990863
8850080
4107828
8046381
6642355
5786146
5429781
5902588
17487194
9607006
5649216
13037982
9996128
9693149
10298123
14622235
8472645
4332697
6298802
-3396376
-6859154
-5801860
10022053
12085552
-3163889
-18061581
-18092516
-3440814
-5863569
-11498970
-23556047
-25158202
-17803046
-17030378
-12233056
-21046590
-21548354
-24399353
-20197488
-2979343
-14334684
-22267112
-24359102
-13964848
-6642758
-4136874
-2683086
-13048149
-8048602
3322159
-4078904
-6997410
-10512177
-7413351
-81003
-4865685
-6028790
-13423148
-12558213
-9109186
-6925656
-11100151
-10374364
-12078827
-10915482
166182
-2073277
-5036372
-2250264
-20545211
-7356963
4468361
6177422
179714
-11209201
-7526175
-4609654
5741593
9247375
9968914
3179437
1742467
11932220
12924546
15956786
13433183
11724656
6106616
19099166
22995942
17250834
26558723
22316862
27062341
32327526
24640101
26256535
21128529
26920253
34410727
25095663
15139833
15587694
12816874
16674568
16376593
15817510
4123073
3697445
8896383
5283932
4795345
-2237704
-4294145
7984165
6761550
-5706030
-19093222
-6480129
-1105375
-3855025
-11477682
-18490540
-12663056
-9244633
-13620100
-14328442
-19735346
-20125254
-2284252
2548861
-4308925
-9660213
-15131463
-6858649
2782465
13579528
-548015
-7844891
1192602
7830887
17789538
1936249
-8455521
-1295331
7274398
17450008
7318230
2611088
2477804
9197146
-1894770
-2446372
5333705
-173920
2220089
5599942
-2734155
-7976886
3340807
6554124
11329740
4655096
-10109499
4300870
-2341345
-4860188
-4455595
-9078877
-11852960
-5202017
556907
-10885947
-13765957
-12050422
-5895313
3381117
-7926830
-16544223
-15502276
-10533733
-4722708
-3725931
-8890324
-11496523
-14033238
-8306546
-1726289
-4285424
-9489535
-16753224
-17060683
-13885271
-14156661
-20976191
-22252560
-10759927
-6858206
-11140054
-13365742
-15064211
-12136892
-12850838
-15686067
-8282326
-11333904
-12738821
-9817707
4732886
5225855
-4570235
1636553
4715674
11529406
19521551
13314474
16951268
19267791
19579838
22421705
23218505
17622586
23328268
25208659
15160670
26743567
24367089
15926947
16887737
10628858
15772380
19912734
22071765
20447634
10502703
11352995
9614510
10437623
7073706
-5015578
-6903878
2140831
10153312
3076372
-2716721
-13858381
-5025427
-3169286
-7969868
-11262456
-24044477
-12284546
-1111964
-5879071
-8503156
-14421242
-7057080
4240497
-5078093
-10793812
-9022829
-11020798
-5968387
-3157701
-14098499
-13270068
-8733861
3293413
11992711
-3205678
-17583404
-19135117
-10979501
986352
2372133
-9020068
-18888300
-12202399
-14602642
-7467261
-3081689
-13897838
-9749470
-6872990
-6776730
-4154699
762403
-1565391
-8065320
-3433325
-11419152
-7394930
5976238
4418372
1429202
1015608
-231317
8536114
6916821
6599561
9150652
15656632
17752133
18187442
9635581
14371954
35984029
24992622
15274553
17797162
16129234
33755015
34252556
20067131
15356641
9876059
19498782
15053879
9333184
10205897
6834740
10038874
12292059
4868967
1813042
791476
3164999
2205547
-3665574
-7661778
-899287
-9071023
-9550203
-7141695
-14990849
-18448585
-20191719
-12028281
-9389619
-15356001
-23181742
-19151208
-13486769
-10151383
-2446169
-11515722
-9211132
-3027675
-8934588
-8910634
-4864773
-10476602
-14211220
-5877832
-7581778
-15303407
-9488724
-7309534
-1105367
-9206603
-12752892
-10607137
-6708764
-2135668
-2239361
-4245779
-12137203
-5658384
-3880659
-13296117
-8414101
-13202134
-15031592
-870967
506699
-6647132
-3496736
-3670776
-12758
5548040
9013338
10504061
15390797
15792969
11529083
7417327
15943617
16425109
22900571
17172793
13691126
14660192
18844252
27259135
21567827
20995682
15127566
9339973
16577367
11270352
9247643
9779690
3188780
-575495
5003265
5185408
-3142249
-2003600
-19155
-10628501
-20738198
-19607946
-8765387
831375
-11202163
-26892766
-20956017
-11018482
-9454026
-13837788
-19257209
-16776954
-14699409
-10505854
-10045725
-21264586
-25754639
-31129485
-11436147
1944532
-4686314
-5891874
-10236862
-6956136
335308
-3545311
-7262833
-1158420
5163582
-2175091
7241734
11182361
2396552
-3026250
1281694
5288744
4968901
2983662
5090323
3779698
-3605629
-1108460
2680539
-1220582
-2753905
337890
9263880
10489489
9714224
-71719
-7242677
7120529
7796716
7172360
10457482
1077495
8732866
17821235
13509601
10058395
7461082
10947194
13040738
17019168
14820881
11213492
8094629
16162536
15319624
15851250
11405922
8364469
16174911
14494121
6885733
2087065
-787755
4006621
8120206
4954727
-4337311
-6044657
-4287941
6132390
14966874
5435190
-13908100
-21999102
-13940629
-8059740
826933
-7339774
-13029611
-14279109
-12364693
2194025
4636595
7161788
-1508278
-19682576
-15542827
9790106
19482403
6706960
-16676930
-23363481
-7682192
1241437
3834091
-8050776
-15441900
-5738415
2689265
-451261
-5973832
-9777100
-7133130
8211421
11339360
66025
-10013924
-8868655
-6851322
-3078042
4760018
880401
-9571840
-9896516
-5057670
145059
-4774021
-12143127
-10653913
-3587573
2736931
-3204537
-12091633
-9605691
1426210
1283051
-5362725
2505480
6962357
6889301
10015793
-963435
-3436592
2118984
9074541
19275082
17916969
6373953
-3953398
-1028217
6000329
15238351
9145957
-8272884
-5569499
4629059
9202915
-3488154
-10429777
-13468280
-1865719
6599846
-2874789
-16916118
-14780398
-6206874
-9118202
-12982678
-21100797
-12560354
-4969651
-1952952
-3824263
-12519165
-11151921
-6796470
-5806329
-14290005
-9128977
-2878626
6928020
-1838980
-16958637
-10707725
-1743768
12859660
6950831
-353650
897447
610349
3670587
8055844
15625484
8318696
5721917
13445789
10811745
5818650
3766695
-4058063
6514090
17846925
10479525
-863192
4298979
5656271
613975
2518378
-4838444
1626281
5897126
8579680
3159031
-2334050
-4437008
-7149429
1268657
2111370
4704069
3941477
-159148
13532512
13879641
5710889
415837
5488697
13919864
19917263
20192052
15519480
6964265
7657490
10326345
3860523
14202252
16416496
20163367
15241813
7937565
4963846
9783969
14665467
5011812
-5015139
-5794400
3940708
5501779
4162777
-3109110
-6009569
-3802162
-8057901
-4114653
-14721715
-19847311
-7319297
-6407616
-6276584
-13095275
-18799204
-14935533
-11427980
-5254964
-6672944
-9085949
-14659534
-13338220
-13095091
-10658419
-12038056
-11187480
-3343831
-6510519
-7029711
-2359712
-7413668
-2933667
-2864473
-1016248
9763177
456397
-70432
4095350
2913531
-784717
-5137810
1201849
5504822
-4316342
-10132903
-5974279
689599
9393598
-5986665
-18169859
-2103584
1280017
-269700
-5922974
-9633862
-3971163
-5448635
-3977275
-147262
1379139
-390912
639702
2289939
3028873
13044136
9298837
-2990558
3489604
-2907277
438910
14640588
8170910
5063676
9634271
-3844652
-10058517
-1760127
-5803033
8894044
15037209
-6919671
-4677495
1919202
-1331865
-4553755
-3198554
-6973241
-5195843
2899233
-3677017
-7349734
-8807837
2846141
-2621006
-6733003
-6708392
-8304504
-2258556
-7363053
2934802
531335
-5247672
4473560
8773395
22237
-11825
10916210
10576958
14301615
12711367
1472363
1819877
5102883
3098441
3496706
11170376
13681565
10576676
9594011
1152884
2014766
8974818
9052601
2785828
2637809
17638155
12109616
5947821
-7099310
-6333057
6837657
10891840
10663383
4583477
-8720338
-3730207
-1527044
4075478
5599671
-2999562
-1917377
-2665088
571362
5467754
-1535272
-2181634
-2252317
-7058892
-7695227
-4079987
-5366882
-3891743
-8502892
-13702010
-8596413
-13214882
-11512563
-163937
-3055010
2382434
451597
-5513161
-793321
-2469108
-2787215
-6515200
-9840768
-6543183
-12125232
-12035106
-10395188
-11252740
-8146306
-12800817
-15137274
-8989196
-7842885
-8154821
-8237991
-2340697
-977335
-5573629
-4552170
-1121641
6637551
330934
5957285
7407596
785415
7131886
18202760
16105214
12085000
15772023
8296496
14207195
23674923
14297306
7637464
11300595
11361202
17936550
18570173
13432220
14200868
6283585
9622898
12771575
10092029
6823058
8181234
12270636
13519786
6309458
-2028564
95401
8323112
9669131
2669985
-4637126
-10219304
-11645638
3114783
699961
-3344414
-9374123
-17367434
-10692289
-10874355
-9983842
-5154965
-5818500
-6433550
-7455310
-8024921
-6691610
-2999834
-7107504
-16598817
-11227236
3358304
2991182
-10373582
-18825164
-7389437
1277702
-825339
-9019991
-17204793
-15151443
-12248669
-16675050
-14800548
-21224467
-17403016
-13248967
-21934732
-17939167
-15224803
-13329938
-1162356
-5071509
-13434974
-12184227
-6091884
348362
-3568991
117553
-347141
8456441
5681648
-3004311
3710916
8516669
10075187
10075561
5227230
17152065
15981699
8629479
4673513
6304779
15123062
21066145
11692343
1873177
3267767
6947926
13369408
18171510
8650741
8408341
9789918
15316733
9859960
2755054
4913333
13519836
21813707
12765148
4867070
9622206
12815161
10053067
5245935
-471025
-1249748
6208163
5085475
6177022
-790639
-9537893
-4751097
-6845689
948739
1089693
-4751278
-5988144
-8457308
-6989518
-3110000
-1522600
30011
-6193042
-11608975
-3933958
-724275
-2776552
-2034007
1016638
-8422595
-10577830
-3198519
1039790
-2629308
-8297695
-12116458
-7314681
-2052094
-6044737
-12398350
-3181492
604260
-5800638
-3465298
-1462097
7815549
8184919
2677037
1087196
-2250273
-8370796
-7741972
3444656
5742292
3339047
2702903
-354856
6766752
7127973
10717197
11078053
7869864
4947953
8080165
16568871
15193688
13166004
6205374
6635315
15104935
21187763
19675110
13090756
12665709
10496034
8942927
11052956
9189892
5306700
470700
394913
9005857
1881784
-11153631
-14466137
-13329996
-12000774
-10983591
-18300072
-23449226
-16033450
-14089492
-12108302
-17504707
-17365566
-13475727
-8590343
-9699594
-9946003
-8916667
-11549665
-16119119
-15544106
-13153679
-10493430
-14974648
-16066772
-16294973
-9601030
-10365343
-21991748
-18719336
-15236902
-9011283
-10936609
-17619822
-19170356
-19718126
-19681104
-15932834
-8614107
-9437017
-14589844
-10212647
-3767379
4645828
-669292
-209148
18417919
16656357
19889553
15484934
11092577
12628568
21056136
28646779
21613203
15188896
12181628
18425146
28010664
31414230
19509191
14348137
25360895
27651311
28673652
26445550
24040895
30092411
25874632
15100372
18544892
30027026
33772685
27708532
19436800
7121779
8411250
16559304
16480502
8573241
4143482
-874921
9239624
1679726
-475520
-2570430
-8404800
-4655809
-9472567
-18276704
-21086973
-11122779
-14032034
-23106721
-28513799
-26327203
-13590709
-16606355
-17693451
-23575321
-21824125
-15914809
-24223937
-27491699
-19091906
-14826403
-19243640
-27138885
-29275770
-21283982
-15479592
-22042252
-23589657
-18485804
-12859621
-16954527
-12411907
-12788304
-13042810
-8825349
-4442876
3087291
940186
-6104103
3423250
2824664
3291747
6573095
4620772
11848006
20264722
17265598
8419760
7179479
17896595
16820625
18650922
11192445
7130311
9818055
16566726
22437788
22899628
20320611
14940313
21077336
28952053
28424933
26189739
23221422
26364434
26117930
18609222
13134425
17721106
17208615
18207560
9381056
6431923
4488347
4834007
-5977294
-5254249
-3801543
-6368797
-7596118
-13740772
-17386671
-17898495
-15307594
-16141309
-17078059
-18891131
-18316708
-13930796
-17610655
-9311053
-16350926
-24382691
-14466026
-22730984
-18237705
-11948885
-12118763
-14588722
-22671697
-23064676
-14810613
-10390968
-22219423
-20862503
-8882349
-9318636
-18532876
-25337071
-24460409
-14918586
-5281397
-3977293
-5393608
-1639454
3194709
2614828
4280888
5579090
9962014
17627408
20907830
24166538
18733789
15915510
9732510
14794398
20557943
24683532
23756838
14109016
5099422
9099587
19200755
27034264
15814496
8189799
9725071
14842212
21712072
12210807
6854314
17977930
23541210
16258365
15223001
8981851
12955060
18856112
12373985
8189925
4226127
174858
5904182
7817425
8463502
-66118
-10693426
-6503327
2988480
1747829
-8035562
-6396217
-6678024
-8122841
-9074170
-7086489
-3035483
-7386423
-14041561
-14812245
-18268442
-12153561
-12514709
-14027153
-10927508
-9039757
-17985135
-21941157
-24085081
-24169179
-7651784
-16879973
-25048323
-29140044
-26228883
-15880689
-15448157
-19442722
-23279084
-15756212
-16740027
-20066122
-8407330
-2347799
1265738
-10086692
-18737280
-13699250
-3173126
5721410
5303892
-4022453
-2507883
5792571
8948477
11979783
11434645
2490821
14038268
18804519
11165698
14812046
18488579
11644725
11764621
15709254
15949562
19446003
17062842
19270454
22971551
18330559
8000357
15727887
22185531
27902027
26566700
14165740
25457210
33756362
24750350
30047332
24733841
25651258
27824119
17613863
19830559
16504707
10506216
8225680
6387786
5461773
3465564
6870736
-1298494
-5731175
-2260872
-5938791
-11574239
-11825110
-10404363
-7017851
-12840706
-20311592
-19696731
-14206956
-20204240
-26008845
-32015873
-28077444
-18835157
-25219119
-36521174
-33617811
-28980513
-31362803
-26498100
-24224006
-29037711
-27676094
-25986088
-22058461
-19287469
-16692249
-16146266
-9923528
-4295265
-11520027
-10811870
-3928272
-233025
2593040
1528025
2382112
-2790283
1333970
3167586
3326943
13260288
17009182
13745083
9621185
11951185
17731228
17525161
22664352
24610920
17295856
11684074
19677838
28832966
30698981
24938549
14284475
26495262
26825472
20075925
15465689
9447996
18829573
23217266
15052497
5587014
947628
8038600
13053949
15438229
10328979
854472
1219919
-2065865
1883840
8322578
2825617
9780831
8627158
-497988
-1207368
-7216352
1026878
8888129
-47406
-9747748
-2094211
-5460939
-12473512
-10583294
-20195229
-18599042
-19500376
-14385929
-12128432
-17585812
-19146173
-32131696
-33560989
-20844926
-11235415
-13157122
-24988833
-22308166
-24247617
-28121476
-19216083
-15828500
-10092107
-19190737
-24733423
755661
5352698
-4510457
-8945885
-10227667
5827640
13733323
8921153
3603326
813357
1091415
9084274
9223304
7940944
9195374
3056192
11469240
18062489
9680147
9929407
12770356
11311938
16272192
18666176
10588234
12943085
22219206
17794361
22570210
19034562
6397601
13306879
10234617
15995649
14288668
6548211
5779427
4629766
3877822
6124859
7531918
-10318778
-6916884
7974703
1058541
-39455
-6592353
-2479616
4914692
7775910
-3866078
-2347285
971722
849736
9427681
45268
-4708347
-3271055
4903413
-996635
1279648
-3551840
-11713506
-4851650
-3105475
-2906163
-9180742
-12599690
-10294437
-13223303
-16853591
-25109130
-19885467
-12820943
-13280548
-22958112
-26650148
-21199312
-23361779
-11737669
-14994798
-15121551
-4556844
-10562962
-15264514
-6836107
-4401504
-6909871
3192677
-11420785
-9773141
6161016
-452695
7886531
4597966
4573324
13648814
15210208
13091729
12419848
6338684
8808098
15402795
9857460
13686522
18805999
9475914
7177691
6401220
12670536
12965781
5441708
7624463
7953852
2107839
2238193
7447716
6763822
9771307
9035720
10778092
11636944
2486345
1333218
-297383
3493553
7161131
9669706
4508276
10764828
7832846
-12724414
-144039
11939440
8562615
3722460
-3044122
-4562068
3564659
4089781
-1885481
190269
-2480066
-5627462
-2535058
-7234234
-7742037
-8792949
-12321285
-16967630
-25546242
-17693201
-8924812
-7143916
-11377724
-10307755
-14051167
-9032609
-867001
-1376203
-14763573
-16973038
-11324943
-2359136
-3540359
-5543894
-3201559
-2950461
-5238152
2443270
2783470
7477736
4665360
-485397
5992515
2042077
10645081
8992546
-1596272
-518969
8679904
20226139
25304937
17844883
-1343693
2963744
16181225
21342395
24132599
9258184
-2055175
9246749
10201240
12977157
17480438
9745236
-1522255
565045
8444747
9865032
8368811
-2167218
225191
2001932
-5517071
-4578393
-15028177
-14799424
-2035446
-306780
-9834518
-10458913
-13922688
-9829159
-6513628
-8612306
-9440129
-8852653
-11092317
-14656220
-10660174
-11158212
-12435950
-8086048
-9317547
-12883230
-2434357
-1642326
-12619775
-14547931
-18436415
-17410198
-11847476
-8944494
-11349506
-18395639
-15393715
-11694236
-7596192
-9223435
-11487636
-3217959
882902
-2373131
-6696261
-4251690
-2622661
1399306
8654779
5681648
1746159
-4255453
1198558
10731706
17618934
19540133
14702799
12379818
8705760
17022868
23031449
29273105
26932338
19304307
21955725
23661422
23791395
22954123
23199662
24101173
18989302
16791244
16493830
21503988
17342960
9973588
6035389
9236851
11722363
14676527
17893675
4226318
-3074360
2077748
12215451
4625830
-6025122
-6968364
-6286680
-2560317
-3479521
-9907447
-12804684
-10532537
-10976688
-14289464
-18337445
-19234531
-18205893
-22410261
-11654014
-10476842
-20285987
-18037985
-13244584
-18320582
-20316657
-15463386
-20245703
-15196190
-15650020
-19176924
-14032218
-10649585
-10798805
-7529762
-14490491
-22607847
-9977428
-4344778
-13283904
-11649091
-13257890
-12630613
-9866060
-16515283
-20779750
-5395901
2008890
-5530637
-8970648
-6024396
9442414
14552831
6855496
2204218
10345509
20626637
19914386
18394291
10906469
19761092
33722458
29831796
19366001
10592361
26786105
32221332
30890013
25730022
21087348
19780273
13170086
19557535
28253330
24298983
13333367
14042592
14611869
12670348
13986323
12883251
13926201
9240321
7339837
-663693
-883836
6137088
-1554135
-3606553
-9222447
-10152734
-12024959
-15683834
-11350215
-8613375
-12617439
-20130265
-24113261
-19534439
-19375443
-27453548
-28107248
-24007866
-26230391
-27028111
-25712615
-28867514
-29938863
-16397651
-17402048
-24814130
-32488361
-31241522
-21483044
-15597317
-11621476
-17953956
-22312786
-23755856
-21139981
-9292857
-5387037
-8549275
-13766757
-14630377
-15448033
-9328913
-1819143
1883540
-429780
-6144583
477828
7876828
8513977
13588056
15062259
29234217
30671469
27042819
29873945
34037668
39170732
55454567
56062229
57556400
65033911
62873371
78569431
90430843
84864414
88485693
95744588
104547701
98527455
87044196
71573698
80737995
76111418
60665058
41913272
18507995
13082602
-3756870
-29303323
-43460789
-60025516
-77225480
-102366189
-106939217
-116759955
-124086011
-124486794
-139046079
-137737968
-135526652
-130155220
-135888529
-135857923
-128445835
-124994478
-111455142
-100140232
-102308356
-95182407
-84564790
-80178216
-65351548
-60317123
-58621382
-53533109
-37177549
-26899168
-25977372
-22718899
-22742925
-361247
15673401
12479133
24607207
36009528
42226200
51619428
67686303
71321349
73806025
87307828
108957888
124673234
125801111
129403066
161650928
196324737
209858886
207321454
226921202
240586401
247495300
252037979
249690567
226201065
186908809
172528061
158608839
138196909
102835303
75801965
31348633
-5941471
-28977003
-66936433
-95681729
-117916685
-123010236
-132065333
-136423427
-145923928
-152092340
-149791426
-149457475
-138578339
-122315156
-98203262
-101092029
-107455726
-105134198
-98658139
-76334694
-79790651
-93585692
-103184487
-102623081
-97932905
-104033524
-120048544
-135494028
-133754416
-129449702
-143998675
-147156646
-145894819
-137649411
-119905136
-110937338
-102232956
-91433435
-86060733
-71101595
-54470449
-26190842
998133
21825879
29632036
36421878
49015084
57778216
76136843
91504692
92786023
85470412
77508555
85905965
84047343
82718735
73068062
62158944
72473737
82245045
86287910
98133300
97957299
89656150
100911642
115398002
114161590
120062354
133720489
144454276
146180056
164803359
183160247
191396206
206244435
211487331
209115385
198011649
194519128
193871423
160029027
133407410
105883084
83075225
63587435
27001707
-14448135
-41215500
-63900311
-85261110
-114843280
-144812520
-159788364
-169762335
-168679922
-173893057
-183032292
-177458916
-164693757
-157382905
-165353665
-157361162
-146092048
-125121437
-114475420
-116475922
-122718071
-114909760
-106923249
-108394421
-118435614
-120711706
-112509022
-114351521
-115141936
-120582014
-127484692
-114389686
-110882231
-110740178
-107446152
-108422106
-88460109
-69835815
-66459096
-61005899
-20170486
-3488009
-25024591
-19710559
-9869460
15762090
39855549
47679675
46043953
48554374
55429229
68467842
91215498
84134673
66842168
73432303
89903253
91649204
89456348
90413365
93888976
113020478
111387046
105539903
109970899
123994111
126871460
133335536
134863675
135845764
146727139
149078768
148077882
159933062
169076728
186974696
182541444
186918184
190972312
188651676
179676957
175548779
163732988
139437892
124184536
98965115
79571199
64086320
36247581
2766850
-20907940
-35583044
-59645032
-82818746
-106499675
-113219599
-128091297
-140967358
-152761583
-163988591
-158556202
-161332759
-163754041
-179830919
-179331796
-171710672
-164886617
-157799330
-161509274
-154580368
-146902041
-136580385
-136412774
-151056096
-142554198
-137742308
-135831616
-131955576
-131572381
-134335274
-144889844
-130338114
-127797790
-129704971
-116479694
-111047840
-117455000
-107287949
-106495858
-113092902
-88734660
-58066290
-48525618
-36632700
-39614522
-32287157
-3068337
19286510
34798997
47187378
53245446
68738430
75178328
82458190
89027108
107715802
117954703
118708998
139062234
147219856
154505317
155167688
158408282
156946602
153913777
161124784
150406394
154197116
159023717
152823381
141152429
140992626
151371477
174074546
183324511
155611668
138479620
155367853
177020210
174523003
168370310
160450169
151207879
151925493
136023660
108099290
98470128
80055398
58957213
40761648
13527744
-16443500
-51819022
-87676365
-106757585
-102882146
-128397676
-159661285
-163279931
-166768607
-175332588
-185447124
-192299771
-171295709
-156344388
-164380229
-164159053
-161343262
-132719902
-63184250
-71839963
-112911683
-116824462
-104106134
-109831317
-122306621
-147901609
-144989151
-139476565
-146315347
-147246458
-132531024
-147573639
-149930291
-151083574
-146410136
-90159104
-44768830
-71571051
-18599162
-6833533
-34406568
-67412825
-63383025
-86023063
-26678048
-3843251
-41463141
-7425710
13295729
-12999603
-4879174
28538425
55936692
68371251
73162691
87004436
130850328
167439551
162306452
149770886
138656050
154181275
197180405
204417378
118543274
79547626
103979744
142311473
186809201
233819130
218795768
203396496
269687033
354017549
368186136
332579043
292747333
283887548
316707182
316791946
237529710
127471601
79112256
46511771
4836922
-70145968
-134698434
-183700014
-203344085
-210929762
-219018495
-240666188
-232486914
-214754563
-199034678
-162777573
-103200305
-92283678
-103451396
-75934658
-53107787
-44161184
-65946107
-116941528
-123867487
-100337749
-114695775
-160283198
-171557064
-178455521
-189192324
-204152305
-229682190
-243721046
-225095594
-216743389
-223829086
-211675446
-187436649
-177949557
-180634145
-183016818
-164995702
-131907708
-117096528
-113179916
-106105703
-72662018
-67116583
-54244125
-35437280
-16885924
10929775
14670913
15820561
30546138
71738485
65227320
72907276
76869914
73873230
91420020
107775583
119168365
102656628
126776945
213042506
369631010
494324494
475121565
473186142
582605582
711954307
713332166
643399093
562807126
530565514
518647833
453857602
303161785
184013157
108266283
20812762
-73316863
-146886491
-217582006
-264692513
-271716515
-279441066
-273370095
-238442574
-215363161
-182592657
-123087747
-51208428
-32857506
-37468083
-25357980
-6593473
-14040865
-48368676
-111802286
-143349123
-158037859
-197691960
-249303092
-296074794
-311332734
-322313185
-348187163
-364292689
-351534691
-341347708
-334556296
-328871910
-320760879
-276134135
-239973513
-247727205
-246124202
-216014950
-201639172
-200524307
-193265493
-169177823
-157238770
-141316286
-125044486
-78859053
-53339061
-43959178
-30173159
-4314576
32283613
11266517
-10897030
11438805
25179745
-9845138
-30494382
13813158
42029691
79282921
70104225
47992263
111205763
270223262
375004881
550898251
654625221
672132240
717999117
878056542
932862372
878048884
793900265
719759795
680937568
603373955
439962311
236400943
116014687
19321827
-103921658
-234593015
-298570878
-358475175
-374499070
-353936801
-316073792
-291827118
-241166107
-181300816
-104247951
-16360518
42750447
68523348
71473805
76883307
67570440
36948959
-30719418
-81562643
-126449197
-164070411
-231189111
-294717091
-328217886
-328871181
-361596665
-394350739
-407859676
-393599180
-377617389
-371829667
-387991414
-344578499
-281240388
-267630193
-292608879
-267738215
-214763521
-179167329
-157478927
-148863368
-112591184
-52571416
-31118193
-19756178
1812512
27812149
55975652
46833755
22961693
6880430
-343726
-18080278
-40066883
-72054979
-108019434
-132566481
-108383223
-67212376
-63288359
-91204728
-21709312
144304242
238065216
349684171
559266307
676551349
717832430
805574451
933213687
939648226
902429258
839791638
731305373
671838328
595644928
410646796
193427829
87999004
-13377459
-167753161
-293111296
-351843971
-403224450
-423595105
-403685395
-362014443
-298425659
-223220601
-167807688
-110995708
-11994672
81153654
103619279
113803171
144814897
121684220
76007323
52939394
-5828723
-96897024
-130805083
-171076732
-270673390
-350459737
-354723070
-396129438
-424196362
-434328529
-460597001
-429307480
-386632193
-404474387
-403718474
-327012349
-284053468
-280988323
-243284065
-185151070
-148097948
-90504042
-46842428
-5820994
26044170
68642819
101943702
106046444
103128855
97004144
84412345
51488844
-21602547
-43789015
-47655049
-84523653
-150851443
-172023484
-166721311
-164077154
-143241936
-132502883
-109753829
-24808579
77870897
186183616
289735093
484453679
671854966
742650745
765308935
864085930
951169005
963480637
892782276
782809648
708709642
653675349
516518906
316869891
171264993
40923321
-96675732
-212299367
-278162349
-349255587
-398716688
-399174994
-369664238
-333830100
-254899108
-213360043
-166073494
-96685089
5316681
56287998
57630317
68270043
87219704
70553822
33359463
-19819613
-71179685
-122539344
-190300201
-272577942
-357062701
-413942419
-442274510
-487369019
-534478957
-544920442
-554801528
-525341720
-501811144
-468279954
-417305677
-348807700
-300640503
-243573913
-151597661
-78468981
-67905790
-8748817
48556416
89445121
91202032
97287651
115364813
119010150
73928701
59598134
25932068
-38499411
-87122300
-118038862
-168890773
-173612626
-204218480
-198889786
-154334766
-132696792
-108216229
-53753161
15165562
82416519
211557495
262146748
333510798
404951596
540973297
676730576
732032374
701561235
726617693
813149923
831739747
759031142
665317591
608311360
573033912
509023863
348691495
201747064
116558507
63198535
-50920514
-132932696
-160922959
-169236958
-203199227
-222717885
-217113232
-161073570
-128714495
-151155682
-129958159
-41369421
3528269
-11908519
-31108676
-9124592
-12942087
-52649598
-132131049
-190134811
-219213899
-272588718
-377835837
-470652983
-488115349
-501051303
-543517098
-591109953
-552748634
-492865538
-464902377
-457203397
-397656092
-290181099
-234091309
-189150484
-126717817
-56497056
-91895
42975980
35683933
36148254
50374256
30760407
-5340514
-31348316
-30745825
-68495800
-88847879
-132667922
-131682084
-151284053
-158931564
-166224234
-163606733
-177636542
-99298740
-106466541
-99492096
18045806
130300771
120928434
175694088
238135866
288945800
338304856
410574564
409280196
400619836
438784644
413762836
429037311
465714660
498524247
431434782
407604347
407086118
417659562
364900953
324985061
259838754
277598722
293436659
263761608
160521089
130932344
116548087
112745985
50780031
5167765
-24879706
-29718715
-26944027
-49249558
-79435357
-90552111
-98032060
-137046053
-150594316
-146148206
-155653205
-202355934
-250866444
-287710120
-285939240
-310830944
-332915340
-382904859
-352708102
-374263542
-383910466
-364877428
-287307030
-280794948
-236214405
-198680534
-144071099
-101960689
-58955908
-48608192
8068058
-1466099
-11184529
2300129
-9426218
-34290716
-55980043
-47801267
-81438355
-120833278
-140025179
-130408324
-143997592
-147637059
-189174841
-184708450
-156229031
-135752921
-100614810
-54277063
-38083786
1199832
11267764
61608096
76674377
123561750
150132656
200378341
224532341
254966922
257679720
254039485
221117590
271115873
313799436
269416141
270942425
245649603
281514697
306024694
270595840
221493943
242908956
254133863
209946811
212343889
182900536
196863153
192072429
175620372
169580821
154760990
161585684
125524946
115742608
118818635
125909275
77699107
36441084
26914303
-5930072
-42946728
-103367584
-152660383
-183499475
-212139771
-222800909
-295136060
-318389122
-285183646
-313361205
-321370084
-283304855
-244495138
-242253365
-223406829
-195545262
-164946941
-112739420
-107840735
-102719531
-60182353
-39098021
-40435597
-51529616
-48373882
-57811949
-72858584
-101765229
-111185588
-132408650
-133990665
-204467454
-197826086
-220626170
-200526425
-208817899
-212263072
-246683710
-200686863
-162087827
-164865388
-158929348
-109623926
-94615250
-48001871
-64362495
-34803512
36717570
61119526
43316005
75707867
125867354
111921883
145735635
147200953
181238115
207373000
246554629
203969866
247528998
253018273
264739939
240231416
266077626
250277662
243759785
272365145
232501576
210022199
207397079
224342503
177691027
171066605
173731661
157237545
173355577
143949948
115702777
125561643
129359159
87679697
48727891
73875328
15029576
-4660575
-25460610
-53648257
-73007332
-78176200
-94346316
-123804387
-157958557
-111912752
-140093563
-135818360
-150925173
-102349504
-151886034
-117075267
-116093704
-91184442
-73960088
-35867929
-57274586
-35701447
-35474581
825856
-15461146
9067618
-5372588
-2805277
16406160
20652373
-48540830
-73767571
-66329986
-81333999
-115893211
-142118045
-171545016
-162183174
-153701100
-205257917
-190620884
-167713369
-181423505
-222826333
-167112635
-132137175
-103092268
-100935343
-80641648
-73278722
-39418291
5637291
-5049041
7002296
57249846
75700058
98804504
64932033
105532770
131146372
129528945
121690105
142582706
147422765
147213280
150324435
145165612
136171525
149783978
99437473
100712317
109286457
95100726
108596189
82222302
39293906
47317924
85292148
88978221
43211995
58302636
88378917
56069492
76530304
68428187
74973981
31802235
61013952
36435484
29122617
-17776026
-26306768
-72834279
-40193364
-75595104
-96115777
-83380443
-90508073
-117039733
-44409804
-50608448
-51471965
-53030659
20591301
34258349
72638103
72357666
85221681
113574441
126505533
123295439
89421539
110426966
75759798
55608608
42976390
2113459
-40196180
-92389870
-95182438
-100252393
-145618394
-146102023
-168382329
-145773481
-180891194
-137635701
-158999936
-106371987
-89650935
-105752026
-84394001
-47502107
11253079
-28890917
-14529444
4094453
48119691
45284562
43437079
52152429
36567722
38322823
7204953
15267165
59269020
53895608
4975554
-7399718
6438946
28273222
27889588
-16963774
-43977441
29042555
43879554
-20786713
-32257131
39880083
38662444
4801112
5495459
39289354
50443377
28720782
-5362141
741656
56218664
39376706
-13904187
-27224606
-7811820
-55721810
-71470572
-58712799
-99426243
-89236180
-93688249
-99174397
-97255425
-81346733
-37193989
-88351008
-26253328
26620512
35613509
61954371
63062060
33798278
134711702
202627899
165886105
143790611
151908849
149093133
161842078
121233229
80701195
24839914
35461237
6891223
-10202231
-64163890
-24848557
-65032593
-71341065
-92172235
-97566825
-76976247
-46872271
-83657895
-72978889
-989885
-36271666
-77195439
-15995358
32080194
20221575
49430961
38424526
4681642
-13106929
54546966
28365570
33759726
1129472
-17036366
-433397
-2637240
-32836834
-17172767
19823043
-6163443
-46389061
-21306966
10455870
22218398
-1150488
-2312995
32894111
54949633
27678085
25070060
53631301
59837977
31330164
5264485
-27993286
11330873
19610759
-45754135
-80547705
-73848469
-49032922
-105218696
-141127868
-164654999
-109744746
-131830175
-146375886
-126577587
-90867848
-98199508
-73923039
-46936632
630827
-23191738
47634054
50411415
62761616
71786953
114212358
114292915
70923523
135062539
107357840
55261525
38919440
58008514
62267281
47410186
1388758
-25069664
-35750038
-34594558
-34882497
-6947581
438334
-29535865
-53628916
-34289306
10303254
15139400
14094905
53094887
36763150
61935841
30325959
81725593
22802642
71105354
30993193
34679289
-23268913
777140
-19578645
-18149469
-18682890
-47491890
-51871325
-30057362
-52755584
-60446638
-8893185
-18447895
-24092126
42818612
75596568
26542071
96864216
101244202
101702385
86355081
101242873
75729900
83333222
65721732
71400410
43231230
60374650
-18152164
14627829
-29265268
-33929185
-99253026
-103536494
-146615951
-117564779
-142823584
-147270823
-124850089
-123528938
-126945783
-83821489
-31890547
-89045577
-53921008
-78427436
-19161585
47177092
58483555
29462126
59649299
98440019
82331001
71182674
59055063
56002810
83427836
54840674
-35869996
-45653579
21831614
17457171
-52585896
-54791030
-37483059
-63161725
-31473390
-68960486
-30882521
25764690
7538361
-3876542
24073666
81272239
87651008
62230561
55202295
73686001
85912664
34167753
-3213169
31924412
24006917
10573992
-59236758
-59598494
-84298601
-55912714
-75414838
-103831747
-80443633
-84591140
-35918184
-5937040
18826040
53216293
45080088
80942440
79351262
98175944
95079677
116501432
107499824
117192980
77568226
53049817
90078015
59136798
-27846547
-27939024
-14317111
-40027207
-102981020
-84139303
-81272547
-82573567
-118290725
-130200774
-44045498
-72822444
-79173356
-112744609
-47014604
-58493486
-37758969
-44789651
-1959954
8129329
49522609
37272756
19218603
27452326
82925292
53430719
7283574
61901392
73578512
33037143
27784482
11411773
-10011851
10289698
9501325
-38063780
-64475388
21568461
-25961762
-8877494
-16754814
18400616
22086066
39836877
1523631
-11554588
87465748
84300998
19101297
10044390
44104307
58306467
-9701369
-13969253
-41836329
-32049299
-23859474
-81152938
-91518969
-78874042
-51616357
-98143681
-64212730
-81247195
-36994363
-57636804
-16505950
-5293748
19122295
60215584
78705041
45893780
103704806
144182133
144015719
97120266
86222278
120657326
108625033
84347476
36345500
54963877
33765713
34964232
-35236074
-39362150
-41931476
-36932071
-85275600
-105185086
-65440470
-74588183
-69019673
-114764907
-74002923
-73783619
-25719681
-81665084
-71995131
-15698481
-8787343
-32392980
-35577963
-20839695
20627847
-5505962
1015199
14459560
11016333
-3023963
16378197
-4124286
15150660
15947129
4807838
-24288580
11972669
14879016
44213119
3674205
33960151
63452574
73574816
49624569
38914986
79841054
70900098
76307940
28116414
35285664
23368708
49468510
12702634
-21904840
-8911682
-15561124
-60117266
-63377489
-54861609
-86129178
-68674335
-70656748
-79987122
-40058751
-20790753
-40297481
-30121770
20714140
6747529
34256453
37506931
33459234
61878558
89202515
39643961
55426513
85227001
83289411
41118873
48054774
47700286
3765079
25500364
-5759541
-7882645
-15152666
-5222397
-58441931
-19597980
-30234598
-34579066
-51960199
-40117304
-44543932
-18719515
-18421902
-32028910
-6425898
-1997572
-46267790
-3105977
-14481990
-42013578
-55124197
-51208623
-38729795
-18966535
-40493549
-41240548
-46026250
-19522614
-5750616
-4722535
-16766562
-20173494
5046105
30530295
31307592
38091949
69978369
82456364
108997239
105772875
128825551
116293931
154840339
123248540
116058314
100160094
108574458
67910541
69013502
26765439
27010181
-8303922
-30262317
-72467622
-83824721
-90092468
-111689875
-142215757
-150068264
-150613758
-163472156
-155113137
-149867740
-131832989
-139184383
-138814587
-122651262
-81995808
-101210275
-90686896
-89348772
-96797935
-93113497
-45618596
-45960055
-51709898
-56987766
-53345480
-70180606
-30827940
-28220415
-18654973
-16840554
11610610
19357705
40116964
57374114
53613770
38704845
35747313
77054111
145450651
265846327
252706234
217291193
255232589
407210900
424698361
366741060
297362842
303918894
328888118
321825362
214367576
113842591
83760117
45704014
-41513647
-106483099
-148366659
-186907012
-207996749
-189983497
-177434698
-173913313
-170567561
-147555024
-82571679
-29030172
17408296
34322464
57295293
66764315
99840374
109296533
71381244
27769250
8038367
-25187874
-51807457
-107836532
-149403859
-200045952
-209265713
-226953318
-249433054
-269107680
-264733682
-249625682
-250926407
-246853670
-210953890
-193883268
-189710218
-184317118
-154485497
-136155468
-91389522
-99196307
-107669661
-89227282
-68146113
-55239219
-64964187
-72128398
-37536667
5203906
7237006
-39588052
-13085409
26238583
45135985
43129716
42583421
48764219
67100942
87295361
79459133
110390621
221715046
407138415
438154311
377373456
420886098
587564505
646525355
588537201
522027048
507880917
533882839
509633398
395377287
237563243
173619047
109680399
-6774220
-135226138
-199635247
-265976460
-292229322
-325872372
-324288907
-323553381
-274165063
-260641842
-204637309
-131169961
-60531489
-33373030
-3141579
20963977
66613131
69237788
45752659
7702754
-20083050
-51231489
-69059617
-112570238
-183169750
-226571453
-252436402
-272107122
-291966741
-286181085
-282250392
-262347038
-251212282
-238627098
-221516846
-186418389
-191851646
-183955357
-159696620
-125721913
-126111959
-134257147
-119889622
-104576410
-87961881
-82111174
-81801181
-70018928
-59209172
-66552732
-76777679
-70638894
-58519237
-58566289
-36278484
-32805760
-24203366
-42361823
951306
12197417
41990152
64521657
83208902
86898131
160680704
262113548
415269935
517666807
518887036
529081013
662978594
772306695
744895874
669670887
620666792
617650953
577479305
483001935
324375703
203119681
104439598
-3037567
-116463473
-209557488
-294658594
-359539856
-378688390
-338980367
-312686490
-281096145
-266460195
-217486903
-117945081
-23397311
13981215
41815195
82358625
109559487
110132671
85838322
57043703
19550495
-28936634
-80617111
-143743715
-211900316
-262242637
-298978975
-329159058
-359843340
-352379591
-344201632
-368121322
-365993243
-328984787
-283522854
-248743850
-226749716
-227795749
-201916569
-155744010
-143787176
-151866748
-114763934
-85898234
-65204687
-52878726
-50490617
-71594653
-66769619
-47208091
-61849172
-109523538
-110906499
-90410932
-109311053
-149548442
-152192269
-114011568
-113190397
-113196722
-101632092
-50679618
269293
30417672
59472331
145677769
261113102
367609756
530901017
636157504
621787333
663285570
808383420
871849660
807713535
718948444
673905081
637606795
573288284
444010081
273378836
144887808
47962624
-53162771
-154640061
-244563812
-300485084
-308093609
-329985635
-320661790
-272534052
-230138420
-215205891
-129434157
-40554810
29656384
66339268
96317155
97576750
120222723
125345546
94890101
22918656
-27866242
-71507380
-140439901
-229080024
-298094929
-329075789
-358116873
-392848008
-437455632
-448742917
-412951426
-363878861
-362747931
-343014422
-285742962
-245130368
-229023818
-203501899
-160740659
-105203192
-86264889
-75246505
-84118081
-54401045
-25968592
-53910182
-92224849
-100927655
-67914863
-108528056
-154133267
-191450823
-192983020
-200190905
-209502401
-224348199
-223827245
-191577035
-175250563
-157123222
-108628236
-35810681
17212978
76204013
137689638
188683838
261690293
332951823
407887504
511784578
674686258
712729904
658110537
677091922
805977668
809445609
742152110
638004734
577376181
532937935
496141640
351702972
183402202
97783967
42210425
-40841290
-111685228
-182051621
-221069339
-228281450
-231463520
-228431085
-206702622
-180520896
-143070195
-93335658
-34426487
243393
14673443
14719015
33812177
53177032
19570246
-40693344
-95954847
-143005941
-197924938
-265660242
-324006806
-360266707
-380185094
-400269439
-407540821
-408633210
-361216184
-319562350
-289724191
-267263761
-222508019
-159630023
-109837027
-101621554
-69699321
-52726419
-30304515
-1206790
-16500740
-59006857
-59550891
-69910774
-99439764
-133984883
-153803012
-161116746
-181116094
-209411303
-232375398
-237402970
-223445265
-203592292
-201009294
-184994685
-143069709
-96506387
-86228240
-37585762
46584024
101373633
143145210
194972848
248762698
274472087
307461563
341674070
418391375
512681708
584370151
563134998
537841461
570856805
649866430
639211665
571200936
508703240
491132768
464600751
405151534
303544080
202725197
138783132
56632167
-5908392
-84038992
-138426353
-174428257
-199483359
-210093154
-208164096
-198670908
-202178490
-180008615
-145490200
-136241017
-125381337
-119986492
-110666681
-118852806
-116959703
-126013152
-157038134
-189312758
-200384120
-227377736
-249717667
-249376918
-258956550
-277621606
-254760161
-212730319
-204599692
-180550383
-165499341
-133066014
-116489258
-88117572
-69275927
-63866968
-76826066
-78409140
-94659512
-108975823
-100002745
-120121579
-140574114
-165037886
-157702954
-165914715
-171811188
-181853192
-170003909
-165357408
-162880057
-140323131
-139840393
-74220166
-77408345
-46733126
-35326642
-56722
-10446658
48926789
76335151
103713950
134360861
169368390
223166267
228585687
258484469
303876811
338001541
318159184
335881819
351183874
427297105
512653013
479488143
413781396
432127119
508834827
504048784
462163119
388762344
359496165
377677706
364452756
274189485
164164768
110527255
75487824
26761901
-43120619
-115122550
-150052225
-164724192
-178797455
-227718538
-262905639
-276827921
-275971131
-262210857
-265695361
-259245913
-249754312
-225955943
-226993724
-210891309
-212966291
-185944772
-188013641
-169752460
-161283789
-149563299
-123252493
-130637547
-147669004
-131246214
-117745932
-118431087
-132128174
-152134746
-161309953
-147193392
-161505702
-169516653
-201917976
-216493954
-213199105
-222780818
-243791351
-240363271
-233012636
-242276801
-221335101
-235398752
-208569491
-189282407
-148475226
-136178115
-118742738
-106256478
-75531835
-48439191
-31152615
-9914933
-1255234
28280412
65503230
69755690
100550523
151922514
180566998
209421722
238891608
271578639
317279895
334563021
349223384
366036516
388546625
376676512
362133693
368625348
352150048
372720586
421544897
417031149
363057011
347005352
385716033
405781676
388063756
352517561
307561261
281097977
290956273
278194189
185905324
97998319
41244266
19212540
-30410625
-95791385
-174087760
-226761205
-246380963
-239293379
-268456581
-321407722
-337152967
-315062440
-271793224
-252326651
-246448472
-235171432
-203801348
-158454897
-137987239
-120388018
-93724230
-63704386
-52002970
-61854748
-31036435
-34423430
-39263692
-84309884
-105966586
-118361592
-165816038
-189726689
-211417288
-261281247
-256332772
-311016049
-310965160
-338886692
-360881046
-317868160
-329471173
-271704771
-282156306
-220993432
-213042579
-165396619
-136990163
-85257774
-43276850
-32237396
23543736
34062479
95771883
90342077
92914495
105643751
123949654
154770163
128040829
173754512
169669673
221834310
214446473
216252947
232047491
236906911
246133136
252048250
291472218
275734234
274657543
276606714
252996969
255676993
267853640
248163408
224845372
226688980
279724544
318895519
316969773
234108632
242031330
262770191
291557633
248158269
194279474
151226289
141573987
133561022
86065877
20452932
-57915804
-107363652
-122525065
-151520049
-198103205
-270407636
-279672390
-232317231
-234185087
-237584132
-250359647
-209378656
-180398604
-103514794
-103818943
-87721089
-67260206
-38374943
-25392115
-24098913
-26508587
-41049928
-59456351
-82605719
-114113891
-178606794
-186426010
-226269919
-252386288
-289385058
-311591008
-324314339
-342664148
-335863996
-339944251
-308567804
-308307277
-282754679
-251233899
-227207926
-152383126
-152963140
-90903990
-82156822
-33444518
1263676
31055750
27415997
61257304
81053028
110604211
97038131
126718360
123792860
168616643
174144879
176165299
177818863
202757944
227512395
206351995
192887157
198511752
240527370
242358268
224047530
214191588
213307188
249014081
244419373
249222766
222929173
224692744
224660528
214903793
194433092
195967076
188849275
176091161
122862550
113586140
123637302
97262766
59823935
28193136
40191250
26609649
22757998
-1710118
-20280737
-3133858
9787521
31312199
14197007
-1916528
-17005181
26035778
50524516
8366199
-12842538
-38470488
-45983594
-32473265
-77783659
-114449498
-149747300
-162859775
-172497700
-182627602
-199108325
-220413085
-246079968
-227781769
-254484531
-249680273
-253391858
-252524948
-254584845
-232511258
-238161339
-242105803
-215832157
-217316653
-199402949
-193923365
-194981609
-175507694
-168223541
-133123923
-138031901
-112553692
-118469852
-74171986
-81402712
-41826156
-43367863
-3723291
2696313
673990
30535001
34100465
79435236
105389312
127398550
139226002
169612711
173256552
187227478
209621799
187430102
211067633
211955591
216927708
216025800
190957526
222767054
179552587
168212399
120170949
119043638
127085702
135963450
118175823
91922418
115090439
107449785
137246009
115235793
105958406
115088476
116907408
131846588
118665391
127235780
121783812
131914761
182900444
176038382
142113892
121407323
176519496
186887950
167314731
112147924
75435708
93289792
94255006
83330699
12099146
-47972558
-42429737
-47196090
-67660402
-116648463
-163610225
-184468884
-176212773
-187835404
-216916639
-239584196
-235858030
-232444543
-244569961
-243101882
-258202047
-258666768
-237071040
-212943644
-234257181
-217697500
-232375857
-227576732
-211467889
-198587303
-179219069
-174902569
-176221166
-184300251
-140462830
-130942854
-114776882
-96676633
-86650693
-49083078
-37813775
-12032258
-16435038
6451540
19499551
46714714
39071726
63223906
64065608
72645791
43506010
80024273
93827027
99056107
77195259
80391450
73354919
82018479
63946887
45751852
59536421
45163774
28057128
39074364
52860218
38864116
49032009
58626268
86325730
100924164
115277254
132975821
156061498
196111133
197026821
203263488
228536484
235548916
220666287
228955013
215922935
194498550
186950660
159255498
181751760
198915477
163265333
129994320
113521932
145283392
146215739
139138743
111274023
92082185
90218242
111491071
88724589
49430170
12995577
-58037
-18505266
-22725827
-76846389
-118607865
-166442216
-155975700
-199692908
-235518650
-296069887
-287223638
-288415961
-268316592
-279812963
-298984966
-257282900
-223338274
-203183132
-199184166
-156824076
-126087269
-90808700
-77867996
-62444213
-39167768
-42918975
-36188526
-47597788
-42397413
-45262855
-51601827
-78365963
-63235645
-101362179
-100831534
-130490468
-140269436
-135231046
-129129746
-123112476
-110133534
-76986582
-95161041
-76343839
-96362944
-67064746
-50534421
-23387252
-33211464
-19495181
-8012524
8329912
25692589
4798501
22925019
39758230
94050356
81298249
87424197
124896938
139195303
119778211
154987352
160367631
171813268
193114082
176148058
193508605
199288174
202448562
194652041
187217399
189370202
160302883
171249247
282857994
333107466
250306363
223286251
284065157
348535657
360694239
317306010
230297736
197392798
224327185
229402709
131962597
34459956
-54625736
-52813569
-59095222
-119282960
-212116152
-270165910
-242195544
-212557097
-216090457
-247471651
-268943519
-256636504
-187612195
-154728734
-140256924
-163361147
-133761171
-84312367
-33383563
-21949177
-40880790
-46122713
-45118888
-52169589
-71084802
-90453111
-128462550
-136087867
-136623927
-178801704
-222611198
-231666802
-231187195
-219912485
-240891285
-244437496
-233351620
-216889319
-202679648
-214422324
-191235374
-171326013
-148717154
-96966504
-98877822
-96764732
-86642786
-65441306
-38552424
-17909861
-3260435
21114116
14295004
12201449
30410713
21036036
31949993
67435803
33563258
47890778
87013429
91542176
106233465
139130274
149008753
144385371
168185186
211511526
221611364
228514456
214220902
228811866
220049931
245041385
317591373
431324805
452257986
381635537
376351323
440572112
486102381
459848675
352372554
247406541
249006326
274774811
213124540
74669092
-47847319
-115607434
-111920290
-120376751
-177160682
-269668738
-275104252
-219109381
-153615301
-146155587
-190624992
-193614308
-105467397
-18295794
13896449
-44390416
-63112657
-33394170
5664167
6132342
-56181979
-134242580
-155450877
-138012216
-158084868
-179771527
-223859608
-246021766
-246334193
-233502414
-237839710
-248898104
-251198751
-247247551
-233998458
-215444818
-202059326
-212538881
-203923751
-214401932
-199573531
-181516185
-162328381
-171239137
-152871733
-121142548
-99086439
-76915530
-64462112
-55689849
-38567824
-2158787
8309022
6887902
-9582531
-1349032
47147901
34417351
2478814
5712849
35926162
82059113
99988729
98026870
96871334
114365200
195259582
227420948
237721114
209514677
194068736
229938142
342651202
403020710
516195084
589608637
561432552
553051173
611015020
633768797
559645602
475294356
337250259
253447190
213886808
163486211
-444881
-118889993
-185739508
-184537083
-181464358
-194379288
-244885025
-277771104
-179713592
-85509939
-43739031
-79477482
-73971230
-41834218
31050764
60834203
-8498755
-92875076
-121700004
-108203763
-135256288
-176914770
-248026933
-279597635
-248099804
-237135563
-253986508
-272190383
-288119692
-271012263
-233672942
-224865307
-247550966
-266187734
-256051140
-251114454
-249644779
-264374998
-278769716
-303619365
-274080850
-241887772
-207186763
-186133973
-169819298
-149715985
-122529231
-85513626
-75402181
-51969971
-33723387
-46157265
-34105132
245385
-5390310
-26062088
-34193685
-22772439
-3075349
13485224
3596754
-813526
23721161
80366834
108661508
104533992
142588568
202325179
249333444
323811590
347201093
306700936
318059584
337412680
349768397
411262862
513695131
671370058
723651776
647988044
558084086
630640881
640736149
556207824
374010538
182335199
140284247
152792950
93992160
-65188633
-158156379
-202304761
-148576258
-131366135
-153811738
-193240501
-160434903
-54681676
-2758980
1629554
-59634137
-96754111
-81762899
-22056744
-38626887
-148420023
-237286137
-258828741
-261506461
-270988963
-289007537
-340030441
-341294188
-308178234
-236959148
-202959915
-229447652
-266582637
-245720431
-194932310
-204625649
-256903154
-318346452
-298086780
-294462391
-290379056
-287675137
-279999153
-290154434
-280485020
-240474653
-236012726
-204072467
-193618781
-192754895
-185263553
-139320346
-111756513
-112923198
-109822051
-116614211
-82227733
-47026739
-52814156
-79764895
-54587388
-18983770
14010634
20868759
46450077
52631460
72965100
154332252
199171125
197134660
211635502
298636609
330280752
312893576
291206684
285730693
304230227
316519028
281618667
227531889
348189045
434601918
572512509
700660328
699748055
608190612
621270761
653619402
582099295
488253230
308692900
191183318
171510934
201333597
91559501
-57490709
-124832669
-95705581
-15545817
-19914666
-89731737
-157585403
-101859124
-50138569
-53081248
-148671818
-223483844
-179340536
-160965446
-181408639
-272281441
-311352789
-331388931
-281109334
-267433683
-292401540
-249757660
-234408129
-197524721
-176337165
-163269694
-177487713
-192077385
-226252962
-276974758
-310119754
-309963535
-301050112
-348820055
-373460139
-354819070
-285804784
-249716245
-255083153
-268888241
-233643776
-194563599
-167379299
-148022519
-148667303
-130986444
-124044441
-85309035
-71519798
-67960187
-56857687
-50269242
-33591136
-47223069
-28588991
-14154405
-10335555
1260373
35983729
55925964
82965073
140860435
179185168
171821874
201563145
236907891
271620314
248515483
241081695
286988115
313899561
294709313
240869995
281858828
285921697
305009155
293171429
297259328
311621627
298784569
343709370
503955167
649647911
575403374
468180443
436468819
508994152
486813727
330036269
96742530
-15876528
54465956
86035238
-6322336
-183315826
-225776031
-177712568
-106733738
-150385688
-231179325
-263236840
-213318993
-107044704
-109279674
-159940553
-200943372
-188140142
-165651103
-135580065
-167676009
-201220267
-193482206
-193804919
-196053618
-212167025
-240048151
-270500762
-292353051
-343633737
-366567362
-388102462
-402818102
-399566281
-400082880
-394869429
-381864808
-322400006
-297727305
-246147914
-191305220
-172510611
-165133585
-161356474
-124867777
-136818774
-134982532
-131584398
-136729121
-115643997
-94522058
-80729428
-82605888
-33875907
2349448
9050672
31416578
55663354
96079898
131605123
164489875
174513117
162100217
183412162
210972340
208037186
171832547
189819841
194595641
200455034
216389589
239448914
230878685
293064039
357382494
357606181
365624306
436390114
424178144
373059538
297961145
199094118
197218956
284222313
255720287
48696198
69624394
271461378
402766752
316718009
169205428
161978174
318524116
418309975
214090320
57324865
80644943
152137624
148657658
43747266
-59168013
-86215897
9698201
15047246
-42651504
-113790890
-153571864
-136147334
-104398424
-118659659
-213746521
-247025737
-255494217
-221950525
-204264121
-230937929
-274540941
-289909541
-251180887
-257752536
-288755978
-315009768
-308518467
-310953339
-343141939
-355472178
-344559138
-307823510
-292453042
-306546717
-299409622
-237531359
-207878221
-233841608
-243558031
-236899288
-213866056
-186329679
-167841367
-185041418
-174872552
-153905723
-132652223
-123785631
-105972919
-86422486
-47529366
37531590
85438073
121777602
137644212
155751228
167773618
177884707
165604172
135859640
138511934
190012071
214641630
209371979
202023030
227075767
238752732
181293519
211147295
301496184
301098591
271956731
368579211
390184846
332447879
258491946
197944763
220471964
230788006
153219680
66864945
128763591
190740042
187981357
245594435
310363217
329780642
320288785
347301860
308599906
269298847
272977042
240777325
157871237
113412538
132251742
118344975
69831090
-22689965
-70579312
-49074024
-77103318
-134704402
-184265102
-226591554
-207468383
-176567772
-198217246
-278779547
-307645824
-269697965
-218191992
-199766074
-233245656
-260647168
-216973992
-156738918
-195351731
-267229926
-260692101
-235967128
-241271646
-300653131
-325173334
-317346543
-296832960
-286349593
-319487358
-335645827
-306432288
-285778176
-299317237
-297801547
-258884610
-213279019
-183313496
-174040931
-160564216
-129423860
-75595988
-56278576
-54684820
-42285609
-21662868
2661965
33816911
79525014
129906385
158105392
140885388
104403211
84684176
114020852
121684669
99194599
86150462
143658757
208131738
247514478
246304075
211985603
183451933
245038213
309927383
274958210
178301250
115649093
151428916
198279731
219759421
201550795
128900494
126534807
263567401
386624448
390904948
330489212
338310891
408569725
415980966
335418217
260433614
250280977
260167489
207755486
150207218
121433001
114412651
78315687
46505381
4780136
-30492508
-76825840
-119216249
-171865561
-197755307
-207434931
-246746576
-256825660
-251790566
-243033035
-248508506
-222792355
-204030951
-216146351
-226154625
-199663905
-202920656
-206379707
-190441548
-178398990
-204999757
-212005779
-205881958
-244975227
-280815115
-301167296
-305158492
-326179977
-328381181
-334932843
-347403912
-309865067
-273184210
-243715040
-237839303
-219950109
-180755794
-140592817
-113605357
-90378986
-44656660
-878023
26133315
15669744
20605126
29245712
47698775
54343633
48094005
69419879
112638877
127566141
127077167
105565669
80232880
124079007
152770378
135149637
95227908
161444068
239808403
275777856
212067685
110872813
152565706
226467412
268656518
192453560
169091795
223210679
344270397
416671942
367716409
351219430
335985775
404320405
417101302
407942583
359850855
363099658
374482930
287123724
232193390
180181392
177124439
105903352
107388192
71440047
-7716576
-62461615
-115352419
-139376669
-201978341
-198984741
-225790108
-229417276
-217533819
-218486084
-217470163
-199685485
-163584689
-179281553
-202487930
-213316537
-181695824
-182414615
-199473518
-224270587
-196354834
-179672083
-205408118
-254828464
-271106045
-252434063
-283570903
-300632103
-307331756
-298325678
-308953414
-302732041
-285972365
-278375966
-258023600
-243283139
-208820368
-202970624
-165671879
-114323698
-74208800
-56097954
-64101486
-63624235
-38867018
7701536
2049753
8602955
20747891
38812248
20762676
48780628
113673323
131132907
136530177
135364648
145642533
198043936
234285701
213509222
210079470
187851604
190744941
205661255
162461667
137701732
205449945
283953135
258697212
294763385
374716886
423448044
385388186
392844261
463666982
439531196
424374290
410742605
372138678
320085664
303177083
296819348
225651206
136186076
99312537
118069913
89256453
18810483
-23038694
-50547437
-72859806
-133604709
-177206258
-179408281
-206105059
-250444752
-254729680
-226827823
-204610687
-204118161
-238907950
-252262797
-180755620
-147550507
-210871016
-260423345
-235955551
-195407375
-210185428
-256945628
-280998241
-286971836
-263585062
-280619860
-299983914
-299856004
-296773102
-291516634
-289442234
-268829074
-257327243
-278411403
-249669923
-208814028
-193591163
-175304672
-155465091
-140043181
-86040007
-43956863
-51388873
-24411350
22601888
28870064
37708065
48679408
68523308
84083895
92478830
68939682
84133771
125980224
97629014
92516667
132046841
181595142
210148899
260463993
202880149
137245455
172799322
190075111
174101117
173110513
231702571
264399307
354007940
376945357
367196991
420196901
462584596
449654509
424564832
446570060
435933998
408720386
362538735
295692364
254138013
196510298
143695978
72881266
32024394
-1631657
-8346376
-56317020
-124158417
-131133723
-121983881
-151089272
-204478335
-192613513
-161630730
-190287848
-207500502
-179597445
-147965170
-153252787
-177517206
-189740028
-161509265
-143621567
-170940891
-192617692
-190846688
-193712482
-233277622
-254481237
-236677048
-249001546
-275679517
-306639271
-307083403
-307424443
-313629425
-341828231
-340614692
-290305315
-277264956
-277113402
-243583616
-187227484
-178236081
-169552784
-136866241
-110554284
-88899854
-74802727
-41951315
-16837859
24304693
18657639
13299115
61983415
78702476
73015986
63646149
92321546
106798865
150326205
128432118
113665650
186597505
210369777
172193769
153300733
223169766
227567296
209158527
209554373
299669432
384077564
364620409
370371098
451402613
517129510
462631041
468738629
479614672
445971386
392561472
352422308
336262714
283199656
207256786
102409280
79444050
56302596
-10760671
-71590481
-90595173
-98595386
-132796976
-141043225
-152313411
-153388366
-165426610
-184058776
-188314514
-181043309
-147311741
-169331966
-172030479
-169609873
-164368433
-168010346
-177540046
-209540177
-236974982
-207646786
-205756490
-224941649
-247248802
-241216999
-233283394
-240548824
-251836483
-269604091
-258183001
-262448818
-266904891
-263202302
-234428454
-226877880
-248760726
-242587891
-208621318
-187564890
-181428088
-171665683
-157199873
-116282456
-83607049
-71775948
-47728759
-27746409
-25068836
-5381642
26302418
17415788
10707187
26007940
69080871
55826845
78583262
85682707
96970345
147176304
173363942
166679235
176799593
234271058
220253245
288903616
330369743
320820197
371992375
456148978
461020478
455490098
520069531
520751723
533705461
509922116
478214429
462434708
416350239
362955619
336114157
268557265
165796191
120996739
65247108
-4174949
-50962554
-91549162
-129003726
-151662466
-187395042
-210719559
-181304965
-183388562
-198107041
-186391714
-161826352
-150626162
-149986181
-155638680
-160519557
-156391996
-154808636
-171632260
-187943766
-207799729
-240138619
-234301466
-217060231
-242041886
-259863912
-264669572
-247891912
-239781346
-231786701
-233491635
-240239029
-228935356
-238204035
-234272699
-225363884
-233134704
-227298015
-201137840
-190890245
-192170795
-171899850
-173732507
-153593350
-139951223
-119865026
-110650700
-95143272
-78714617
-67720683
-33186372
-23671542
-12192162
-22594531
-6700638
40883519
18253903
48902494
112213218
116405924
104981869
173141851
218059793
198116517
220522121
270364031
307220558
310105126
386278135
441737044
466637330
492715606
519746913
559593097
536724685
526554307
475468994
488297026
432837678
348317366
305733717
278083908
205057057
97679520
86984618
25974698
-17173907
-91130860
-134493783
-149802432
-172664057
-213583599
-243994226
-219854886
-236797853
-214279696
-203957683
-214690834
-211812425
-195531956
-199784786
-191202451
-209596553
-232098579
-203355278
-209746775
-245868371
-248988074
-233470732
-247751702
-239778139
-236440765
-221858824
-197787053
-205379063
-204443746
-180723115
-175605401
-164496457
-157673264
-173449186
-172811773
-163050045
-162836815
-153900276
-136224077
-131105669
-131546738
-129927423
-127446226
-107531415
-93378377
-92667604
-89151550
-82019089
-72366718
-62134158
-39217642
-18432872
-2150506
19770829
6807702
17716441
83321190
105531661
91094041
142245343
173782359
186890046
267910142
283897114
251520329
325974175
362730783
366697979
493743535
501715228
482970119
540315738
579742277
550809453
572952939
516636344
454986296
478752047
398814595
339553481
283398292
174145992
96376069
69444591
758017
-76462823
-110164822
-178048771
-188200244
-209905940
-248167322
-265157815
-253781567
-269701319
-262710845
-250883950
-246243310
-223349011
-222692286
-230346378
-217112016
-220283852
-224417189
-223928341
-204597634
-229385851
-232677171
-213614911
-206139074
-195799564
-197500718
-184374582
-183011398
-154795712
-149496532
-153870260
-147638205
-160398504
-163442136
-160150108
-151634642
-170801139
-158395788
-163891782
-176650784
-163629260
-148908794
-146726503
-137588901
-114729466
-121876901
-102962436
-86620759
-118141356
-100198361
-85291826
-85333947
-83029526
-61071919
-55570246
-43221142
-19684305
344641
36131398
67656984
97808755
140801958
189456965
220556259
262025548
294047609
310894443
373936229
403832559
459183961
526801729
532703034
583024308
613143103
607367661
610708599
616874037
549296808
531731242
499580946
406492875
373647881
307926154
204372902
130294516
72106661
-7749907
-84068726
-146649200
-207116449
-226131833
-257330510
-288665548
-318538007
-319795094
-304138538
-279314070
-260115514
-253953017
-252309853
-240302216
-219429092
-221999557
-213344982
-209039772
-210516259
-199275013
-198764210
-183111736
-184204140
-184355719
-175555478
-164970156
-158251904
-151112566
-141337933
-149111966
-139998581
-147612291
-127875506
-126071227
-157756315
-181988454
-163555713
-164997941
-173549667
-175708774
-190781776
-180479638
-169699085
-145724807
-140671520
-141312845
-121036201
-102542441
-92229051
-93662474
-90561470
-80877148
-60958928
-42682138
-43720684
-39000066
-16282279
-7687746
40561374
66186043
62824669
133186136
179058667
200116766
267827365
265578825
271962597
327790472
364046739
369736892
474808645
514046185
512356209
607849442
591866411
592463187
605181765
615193059
539101233
523707052
457365942
386630924
368000795
260645972
177720717
82173514
17601953
-76511941
-125793782
-181105300
-262474875
-298830216
-343279290
-331035335
-362178322
-357249762
-363896375
-346959046
-301831318
-285595403
-273740054
-261495026
-207211367
-206460239
-185882301
-169225466
-161981900
-132114746
-130489443
-123596756
-111322534
-97571130
-104909859
-98382009
-96893723
-113889301
-123237004
-134425613
-142889708
-139348552
-163733694
-173125392
-178202192
-195141549
-197270350
-194691318
-194016833
-187477278
-181224797
-185339978
-159180298
-145001678
-146641397
-124551253
-102647931
-97821371
-97929167
-81942403
-86771115
-72190814
-53816782
-46386428
-37449615
-14753631
-9693136
11751954
30458940
65158398
94306464
128560731
173253825
202798035
265622424
267965789
273995986
311568372
370639183
367363446
451137718
522719697
497100962
565359773
586763269
602159613
592892693
592981660
527083802
512274367
467139280
369541702
341485486
237602384
142642617
62540229
15718517
-89577415
-169873484
-215672328
-278955786
-300973481
-328977384
-333667310
-354666401
-332287738
-315257138
-288731567
-248327685
-234679751
-213668351
-195361994
-154661180
-134848431
-120322296
-115235935
-108047410
-82606763
-81321414
-82054327
-84709173
-110144356
-103890515
-101708207
-122097348
-130237140
-150314715
-166261396
-178972275
-197096668
-222889388
-222347265
-222013636
-236203875
-249268896
-253827813
-242599527
-220575886
-204389731
-199601292
-175600088
-142732409
-122488556
-88194363
-74265140
-79448749
-67881405
-46224194
-32047523
-40229245
-40479610
-30869202
-11683746
2392644
-2140473
17057572
50678089
89028154
115315197
168097155
204727829
218363932
263675663
277622229
301429301
324368307
340755736
390831757
491508979
527677078
529733094
586878013
610432204
627209131
595291160
576621386
538493800
510313305
456247848
366506390
303020038
210348988
118933533
24170779
-41203603
-120192937
-191435004
-265968342
-317024582
-336417300
-368056891
-367273682
-378478503
-354055870
-334762906
-299052132
-262332107
-233357142
-205110223
-185410891
-142614112
-125440848
-109803727
-87453454
-79843050
-83337987
-93917070
-95140701
-103662172
-117821156
-126176352
-145677688
-168266952
-190610548
-200453767
-224949450
-241591064
-246189223
-252032925
-245836696
-261286140
-248101893
-251764391
-242314576
-230193912
-215438704
-199169891
-184171858
-160381620
-146598569
-107228430
-85352253
-78458488
-60795279
-44379624
-36240538
-42534999
-30936570
-13318134
-9661849
-7337714
5288455
25874080
48773414
86584670
113466371
147039459
193203420
212688291
247259801
271434714
286165798
303569816
334253598
382640568
425624977
491485585
529702035
543419575
556662831
582472448
607144425
589312353
534141091
480587041
459056868
410001602
341962772
250508513
170888598
83070595
2418726
-53762109
-125050296
-182578338
-244886859
-290444195
-306714247
-301554101
-297225084
-313687984
-308869719
-285460274
-220839550
-190050906
-190549945
-174848236
-158420050
-109688647
-89772710
-80479434
-84930714
-64913734
-54344848
-70996415
-63924070
-90932620
-117594835
-130305248
-138896443
-147875438
-185110135
-225052045
-240775034
-247869783
-253974244
-268598052
-285123480
-302497251
-287735083
-273597297
-263190897
-242717533
-225702968
-203164268
-170123903
-137096404
-115599157
-87853396
-56168035
-36715344
-22001081
-13045682
-9303313
-2321955
4341968
18265576
23689689
21803991
18895016
34802208
62235257
91577516
106531359
122588748
145377243
177798904
209073688
225475217
238632438
239788162
238792407
251409100
278742858
322748065
355242205
401546521
400703083
392943868
396660328
416169903
429313551
409090041
397303458
370538826
337989234
293775427
251975363
201155073
125978895
61916062
4287798
-32823682
-87694395
-132911613
-166206088
-197237846
-226026736
-235790896
-244340221
-240326039
-234560483
-221485025
-205289044
-176447545
-163143781
-164125033
-149367232
-128861373
-101473140
-77610717
-77283806
-63225360
-64734074
-66985337
-61616679
-68226094
-86912458
-100578128
-124453432
-156837342
-172026757
-195680484
-219650951
-237586745
-244638876
-260181388
-261081407
-275954149
-272932983
-251762311
-239923335
-232023131
-219397461
-198022181
-173603870
-134033256
-103701171
-73504365
-50860931
-37233275
-19202482
-7540554
8132969
18543591
27318281
35555447
39198569
62577693
73356930
81186497
94105805
109653722
129009999
142982160
159701027
170974141
166525431
177941236
181471706
178639468
190001823
204788672
231653467
273880796
317118118
314000126
330162179
388236822
416400340
439312161
443730196
435992679
428171389
413145826
376160615
314263640
256165610
185947361
133007311
80841053
3950144
-58867374
-122518840
-173527340
-199855353
-236456737
-271649372
-285416442
-283220718
-265321216
-246758626
-239747541
-219859571
-196368389
-172869201
-134327880
-103347748
-77081386
-66594053
-59013930
-46480963
-30546659
-13860294
-27716831
-56754551
-82417939
-114360467
-135554916
-148050308
-187371293
-236011326
-263891219
-273818163
-278848903
-293654554
-310641797
-315131821
-308020773
-287632322
-253365803
-226728822
-207243049
-177135551
-154386749
-113608013
-85119262
-54321890
-24021667
-4750816
16179378
25493095
28839499
49066217
60138807
55478227
62462060
68528542
86229145
100300319
95366732
98334201
100286952
113036745
123154738
132232279
152897646
164088001
172347008
181866812
187839553
205681029
262499589
320623373
346870116
354282506
379770074
432037889
455068033
468917055
470516999
470730569
454668191
403442440
341887124
281843733
221499688
163107103
114108000
43814489
-28391706
-94362468
-134500057
-177105089
-207780001
-229346108
-256327069
-255820312
-255614176
-235428148
-223231210
-204585201
-181206373
-156752773
-127016407
-119003153
-103240897
-87493724
-66636837
-66474923
-68620225
-77049021
-89409389
-90671786
-120177356
-154028622
-186897052
-210389159
-228495914
-254864024
-280314202
-287979915
-279833459
-289167984
-304923414
-291237363
-277251426
-252718752
-224655805
-198313407
-166187914
-145638451
-115490796
-82911241
-60889423
-43377666
-24027432
-19978961
-9549232
13287939
11640870
17299500
24164379
14189268
22056449
44115096
51553123
44929663
46693296
72514599
91750793
114168705
123209375
110929233
126536065
161198841
175870495
190679420
218733137
253796948
288598313
343183051
373532412
384212060
416360961
465727411
480758831
496313989
503146762
485167317
468375004
424487490
367510639
316668852
251797938
177589440
116377719
71635708
275841
-74262851
-131766503
-180830874
-205935465
-222581718
-248871083
-266781709
-266637335
-255311571
-247792764
-232067340
-218342523
-203774226
-183367016
-167905683
-159188249
-138715983
-122756261
-138900590
-139514023
-136047130
-131925093
-142028938
-168100278
-182392274
-195605038
-210004267
-219859465
-238593150
-239117236
-234725184
-232103795
-239957418
-253057619
-246174408
-236275695
-212551403
-186692771
-180805814
-166034872
-132779263
-111079502
-94639122
-72986098
-70030724
-50467601
-26748122
-33236021
-31241388
-17500524
-15769051
-13713922
-2986984
10654122
17101113
11249650
29038921
47201341
69881703
98850571
110102055
132401094
150806119
174913567
197210126
201499794
210252536
241917634
283212555
326148060
373928300
387381081
396432548
435533999
485269544
505647601
520825984
530675266
512675059
480709403
446156725
397307257
335556743
265570426
189148433
123075860
65638514
6495031
-66930422
-135283774
-184331556
-218242186
-246912327
-281062792
-302690971
-300153766
-285162509
-276216482
-258512542
-246223619
-245947983
-226199148
-196932597
-159418772
-136535123
-131400045
-129685804
-113326477
-100454614
-99288008
-109085313
-116879224
-135889272
-141850793
-154138046
-173040171
-193781836
-205309990
-201977181
-211681456
-232260083
-252093109
-252177744
-239109283
-229246632
-210343618
-199484323
-183795957
-155447845
-134072189
-114295367
-91710367
-82056008
-63262987
-46167043
-30077023
-21475450
-16931661
-20875585
-3963766
2508429
2293000
10542176
17147454
31952986
41363055
61900703
89381989
97002597
109921438
147512584
169321593
181708428
189741576
206773453
228222482
256244206
302275368
366633890
378870509
377041912
427088302
483575390
497737618
505408337
522399193
518292698
489951700
458385263
402410168
329064666
240903759
179452549
136072902
69932715
-11871947
-83596510
-149970132
-197752377
-239839357
-285968263
-323888245
-341129573
-340730759
-328149975
-301734647
-278626827
-269925747
-258785413
-227548361
-181225944
-147516416
-123720608
-95256674
-79933696
-76226298
-74136843
-87693251
-86248654
-83168380
-90306416
-103296131
-134376254
-155243932
-161763268
-183378971
-193029948
-208307566
-230640181
-226227579
-220226143
-219815425
-213411817
-197041281
-190402786
-178607812
-157627460
-132341863
-109760970
-102618889
-95964152
-77947265
-62318793
-43712886
-39152448
-45643373
-50735656
-47031450
-40167740
-31260241
-36896102
-36391401
-24405363
-18113130
6665812
57413698
102748496
112740011
108005804
147191410
189085221
194164576
208317064
249784084
337504566
490213909
630340696
672349304
608958967
567821762
565617733
565857234
568699095
532997468
448913628
356276266
286211248
224695251
159663116
109960274
49297378
-18121727
-100970835
-182879033
-229530702
-233703872
-228716360
-230460454
-262566759
-301468615
-308347549
-259519435
-188227234
-126877925
-118444897
-144954269
-155042459
-149685429
-126505494
-89341487
-77253955
-84221025
-114246209
-145099579
-157622910
-141625933
-117080216
-115790068
-146478918
-188243721
-212820772
-205405515
-180162727
-165755828
-190366146
-227292059
-251629834
-254032189
-235854987
-208192233
-175001404
-176084024
-167402886
-146077035
-137775201
-120900168
-97307319
-89938152
-107944652
-121190743
-142159602
-156515233
-145597737
-131539437
-136770608
-134696942
-133914744
-110272238
-61319942
-20258402
-1243587
40650831
85468573
119579159
185004339
228855761
256001143
292089762
291987155
284821617
371895044
504569219
660494308
778173090
771195061
658629805
587061114
611522438
582779576
550255714
481462183
342183462
230701287
205022696
206040924
166192161
105644740
8265352
-84790051
-143913603
-167879796
-187417059
-202608283
-232265849
-282433208
-306738319
-314445213
-293688109
-224643147
-161897625
-160285096
-176337430
-188049038
-185763352
-156678554
-137104611
-150212649
-181641366
-218449260
-227823668
-201030694
-172838731
-144747739
-155287701
-179925432
-174267657
-166780687
-161624485
-145840859
-144581168
-153216444
-168012222
-179975274
-165912608
-157975841
-165151096
-170307373
-156020358
-145284827
-124815487
-102483394
-94237105
-98194224
-94744985
-113843834
-129339693
-125961827
-141011564
-153427781
-149734450
-145021923
-143194872
-120728650
-96595142
-75737886
-42019051
-5111357
38933544
74024732
104347873
143914083
182990057
210467771
254859143
313802286
340653883
310852478
310808295
388151914
502127159
655118237
800132036
768707226
579237413
477530409
494491444
500019472
479092145
411040538
274283593
158701868
133916237
140119086
148640380
108546703
8417027
-81673048
-134439395
-197688158
-208216417
-180926826
-190383321
-228261790
-270686318
-318977602
-301698672
-206839762
-134788276
-132038687
-153579139
-206601847
-239544658
-207569505
-156826348
-145954245
-170486536
-186659486
-207554187
-200046110
-148376511
-108365883
-106973030
-118586459
-132074194
-150366229
-160052127
-158596204
-142696385
-150652749
-174871422
-202571450
-219390758
-220443975
-204645449
-183983901
-178290238
-180608995
-178298377
-165985576
-150340126
-121368876
-113631629
-127844488
-145060977
-138200655
-121273681
-112536395
-101604099
-87365272
-78189805
-72124171
-48608813
-27562678
8733133
49974073
79324446
105751843
129250884
166551939
216755623
251642413
269115411
307874201
322984272
276104745
297121101
395801007
490031890
630722094
755924855
730353446
588502324
506505631
493649365
482091557
461182253
393896473
279846122
184780740
143814410
121437511
131958867
101616924
2415825
-92787106
-162504576
-234720904
-253850323
-220760972
-236973657
-271471687
-285464611
-304179808
-297223451
-241006655
-170914704
-132889891
-128657841
-163378755
-188129477
-161680947
-123072364
-100429163
-94370802
-117264137
-143662617
-148769335
-118777334
-81488361
-73248555
-96386070
-137336194
-181021813
-200167568
-208467626
-199528176
-200023657
-228920661
-254903698
-272656644
-277527320
-274659343
-256668602
-231163168
-219130524
-200804179
-184461622
-164484803
-135760171
-107403075
-106068060
-96886641
-95911264
-96159846
-89468787
-79379208
-54427164
-29761232
-24914683
-22208891
-3301018
26068764
52819197
85511021
118527148
147994930
180907718
207518106
210763121
249616408
282592475
284379109
270113919
264639622
264043710
316108280
436608703
523367030
622578231
677346820
596976689
514171603
487230670
451267328
396213559
370509519
314127991
238504410
189644512
120925485
55144146
17386906
-36099232
-93413007
-128080955
-192848211
-259412965
-268941448
-275405382
-264552756
-251422938
-274645868
-278915152
-236053770
-170751715
-121770493
-94272068
-86452657
-86686635
-78483674
-84471940
-80315938
-74760155
-68093040
-79189000
-87994171
-101074505
-121201811
-153223206
-166541453
-179479148
-205539384
-254583505
-280574991
-291344737
-286129119
-271666857
-279269836
-303199863
-321800848
-313306327
-278703544
-245311410
-213232368
-186766804
-160560255
-135838909
-120008250
-98706127
-76889088
-47821736
-24397437
-23962525
-20682396
-35755994
-17504117
5140400
23655239
57456019
63234151
63579849
84640461
102692410
125523693
179413357
189404649
171408474
196398538
223918260
240605536
260633530
261409824
249587256
265978858
315823897
363045310
434524218
545006979
598514545
536227557
456822591
440743568
403575767
360880783
340200189
291877640
249844242
207992530
140287606
76544623
25557150
-44885601
-85185911
-85852793
-141172056
-190274677
-199834749
-221503468
-251840809
-239030706
-210910099
-210733512
-199194139
-157621849
-126862963
-105670612
-90747406
-92263769
-84883036
-69218105
-75261544
-87622051
-102106775
-114668675
-115330251
-123591093
-165393638
-212168780
-240557379
-264687366
-288215976
-286857908
-284661635
-303818069
-299187680
-300639323
-304631510
-290798409
-278318374
-264147131
-234065364
-201965560
-185809231
-153516225
-129897856
-121374142
-93370290
-69273941
-46842717
-50070860
-50033636
-32876618
-26058357
-29006798
-27386789
5099161
24110148
13980448
12693645
33611651
55340567
87750110
108434564
116990472
129277766
135563039
145490429
178572510
206058249
216245050
248117297
250538049
220150685
268885416
333908121
367441462
415716200
492692430
479333633
397641508
374571449
387745876
371719362
342888983
314105127
281999702
277606061
263678084
211945363
164322016
92907458
37127356
30335376
7088951
-36179582
-57599508
-80144114
-105285743
-117826030
-145620021
-160722235
-164008954
-145873381
-116124052
-100531573
-111931843
-135336460
-144448655
-154279998
-151850612
-159585250
-162363514
-153875293
-167228478
-179790142
-197065647
-221888594
-255834074
-278152460
-281818757
-281864479
-274425620
-269341087
-281600376
-304248977
-297387650
-272070957
-249597709
-224922397
-209975465
-191073464
-168898530
-155072544
-128518554
-102014905
-103548370
-80128042
-52556926
-51203626
-45094289
-41117212
-26713335
-14956169
1765086
23084392
30242004
36002921
55938616
59232446
62613519
84474964
99854715
98342834
112334803
108012594
98210386
133677760
154705487
148804833
170451559
186240381
187618720
210181650
240556701
269282552
320271149
357011910
391968330
385986009
347520062
346658675
378046806
342770457
330739387
345522659
337415908
313385819
286187366
241239582
192580564
135235222
85003502
73568441
34878728
-29047771
-62838919
-84480172
-129899682
-163122385
-172263525
-197526623
-200325060
-168049714
-171802788
-177612643
-169821038
-177349775
-184590256
-182175214
-178543291
-171342853
-170247093
-165082427
-174168214
-190092279
-196180759
-198275583
-222416429
-230854165
-224102049
-234270173
-237409087
-233297304
-247352659
-256244164
-241397626
-224271033
-213158099
-191631185
-174585911
-161013334
-147812850
-133829167
-109995929
-99746927
-86341094
-66024636
-49552309
-44262141
-30639296
-2044296
15658638
21181066
15424437
34600312
47666843
49249501
57652246
73860030
74979213
80111202
83433839
68144336
57554317
75808027
85555177
83199225
122801334
152017964
159154477
155721763
190425169
239400842
271873642
300216060
332018834
396372981
438943462
383359977
357442445
393903344
387645793
372141501
405070447
373097547
343861554
337363782
280179304
203974976
169720252
108317308
60445857
31265228
-35446536
-77206883
-92856385
-136528252
-184230897
-204311625
-221528978
-237226292
-225473678
-208581333
-203749311
-205104894
-217648167
-237164107
-234627958
-231672411
-223557094
-207727378
-204791751
-208740597
-207272927
-215879019
-225637817
-226418730
-223647809
-230265614
-228945046
-233873067
-233605458
-226435623
-221403094
-223694838
-207479735
-185842907
-168625346
-155397703
-158588726
-152761762
-135634307
-118307715
-112861320
-105028569
-91970384
-72271693
-43588033
-34782245
-30414537
-19188508
-13041272
5526765
19351836
12259158
36906872
43953129
39338915
50284870
65707813
68527798
73165420
92898629
87937836
106591452
142205587
159546916
170507620
209706994
232536954
227053187
257156360
299879685
319478351
363023736
402443168
428409702
404955573
376693960
385253228
408133374
376907479
370585944
381175716
361593310
333294022
292963831
239031998
166943378
98613605
72176411
63572470
2223314
-64247139
-87126049
-134357822
-176682002
-181682352
-216756871
-249241874
-251649829
-238372403
-225666215
-218361129
-238402700
-252824440
-243068632
-240822188
-229892321
-225502392
-216945424
-193598977
-173571096
-172301104
-184240778
-193379112
-199474490
-193063067
-174833880
-167408155
-176672142
-179426961
-178836738
-172120749
-161893025
-161295297
-166807656
-167565454
-176832248
-176667258
-177997886
-168161005
-155777861
-155631395
-139032310
-113255196
-103969187
-100613780
-80526193
-59806122
-51102702
-36429363
-22521304
-17912990
1659852
22928715
29560911
35780928
54241051
63085464
67926234
84073992
129811235
153068331
164137383
185351835
198465482
235779152
251015698
234413834
275817206
319122815
327938069
368934683
423742696
393331859
362961756
385493661
384332697
389832528
407165970
397707554
382509682
392636513
361028241
303220824
235439447
167232313
107734253
77579270
41917145
-23914328
-69980264
-109977332
-165163270
-198871233
-220607295
-243834100
-271273126
-260255685
-241061508
-235352936
-234225849
-233201324
-239336842
-232777663
-220882145
-213496903
-194195460
-169429409
-162653223
-159194878
-154759331
-158976177
-169121488
-152928328
-150685369
-157481417
-157194468
-156299469
-147885152
-155010757
-168453578
-161386773
-156856176
-162450324
-159897642
-168088515
-182714197
-166998099
-153491614
-152091593
-143102788
-148155552
-135159409
-110244639
-100594799
-86907526
-70136895
-40100061
-26139299
-17211577
-9174520
2148602
24411238
35516752
36440456
49307087
78820754
92782769
90018883
118884069
151355257
143755719
136268396
185642144
200394074
185111875
217568252
232587828
243041212
301357245
352453201
353160553
342918237
342706585
361663208
383292486
387397904
393139442
398894102
390714664
375788354
342754066
272597180
195828999
144793582
88183156
54281686
22908497
-36928438
-96744216
-153761986
-185759222
-201380623
-225178798
-248918628
-246190882
-243665718
-225077786
-206267716
-199961565
-206817852
-198892624
-182676450
-169437019
-156122290
-134035939
-122577971
-114510782
-110623486
-110839835
-116649073
-117259448
-117430624
-116179705
-129153882
-136955958
-142007881
-152983720
-171225676
-178725207
-174801988
-177848137
-179728210
-195022571
-202510561
-192680702
-180141036
-173014030
-183189898
-176015542
-152139035
-125970306
-110175342
-96952780
-83998202
-69465913
-34903239
-19310092
-8356234
6438508
12529446
20212876
31287609
43375398
52205579
72834469
92968963
106859841
129584704
149989419
170528213
183160250
195445373
204446899
200181642
205176336
230334778
262137766
297667551
343874811
364912619
340900804
331873879
362478353
379681554
390708763
402240141
400524254
386215984
362223325
318600875
253773043
178017763
111497917
80371191
45731335
-6893146
-73261171
-125830509
-153191404
-186729458
-214840642
-252737839
-265980326
-255587106
-231007197
-218344644
-216541350
-214757281
-208170682
-197765314
-187988321
-161659542
-139770018
-138074697
-123945130
-99082771
-93160502
-101743719
-102317927
-119558745
-132124642
-127594651
-122185265
-126366695
-145541514
-163856642
-168372908
-163127967
-166417315
-175426202
-192025059
-196888645
-186473619
-181234972
-178933632
-171821761
-168727144
-154518958
-121055552
-104627459
-108040624
-89996348
-56226820
-25101152
-22194191
-32414663
-21330736
1366791
18643213
31328667
29800007
38394718
51172164
73732625
90730957
115582968
130897747
133244070
144111898
159398591
188705490
196880480
189592047
186659999
202078573
219770548
216381548
206035715
205817798
208252692
217795130
239808962
266173211
260536136
249699667
245346908
214637151
197607617
217849128
226033869
211693857
187156116
166659591
132782169
94288306
66594097
38763836
5873095
-11164817
-16621395
-48766857
-73123111
-79048319
-100581468
-115860623
-135833922
-145065961
-142595000
-136129377
-130654624
-138276462
-154447980
-155177523
-140831848
-136512361
-138604728
-131993530
-124253078
-123961408
-128572908
-143432228
-163593161
-152275712
-147289035
-142191583
-152807293
-163737639
-164694656
-162803707
-159929972
-161879336
-165687575
-169530398
-148738050
-147422820
-156020995
-143742834
-135235081
-118850847
-102011367
-85945024
-96756937
-82186605
-52973908
-31437499
-8752289
-3142641
2995523
21759286
55020235
74400278
84528208
105249469
112814835
125922480
124765153
133924575
139101450
133618505
138797184
138305383
126681230
126841848
138546290
116156457
116586293
122578247
118054858
131386164
118183617
119014288
134047155
133079903
130386493
133964837
137369082
128918728
134640390
124543910
119175438
104995257
90104463
86946353
84590313
74289525
76183800
68918357
59077641
50384522
42260098
46647456
61770803
62575580
48253248
41496974
49139667
51008941
26796522
449390
-2009141
9284934
9213667
-5541009
-27564902
-49157242
-41628766
-49369469
-87472111
-110520757
-127233979
-132901301
-131928974
-137059615
-160124425
-171418820
-201042509
-211697728
-205742532
-219279946
-221152456
-204014415
-198931540
-195613004
-201805196
-208265646
-190473112
-165265789
-155337264
-141503198
-133536994
-116460735
-93028819
-86944231
-91250864
-72558107
-56997508
-30166601
-6289798
-8968225
861528
17194659
38579902
38701458
43593300
46416828
52184978
70122247
81104147
84008506
66987126
76741242
81836980
70684930
82951892
95748847
108401500
104105305
104064194
110203573
115423420
123397123
121890443
114693947
111619956
128468161
136596817
129951651
126561763
112469396
100754537
90373932
102289801
104345862
90657368
100695956
89867708
87641147
98938245
82858800
78923431
92335550
92438883
88356288
78574977
44099806
73838111
92807306
58746545
44630918
42248005
23262785
22396724
22841120
-10731562
-19661902
-23801462
-57014918
-61443512
-63582867
-67251735
-70440027
-73322599
-89832219
-103594181
-98489587
-93858683
-88623050
-96368004
-111626465
-98371534
-95467844
-112878866
-113400580
-109972637
-133475866
-137341688
-121308818
-105073399
-109883849
-124088573
-130099750
-120290174
-97578176
-102831298
-109239769
-91676575
-85994350
-71291403
-73062134
-78361251
-64771087
-42752803
-34586806
-41617098
-32491342
-10241347
-11753455
-11719782
-2356409
-2011177
-9939896
-5270658
19858297
18694180
17559413
85308666
78640167
16144095
16002687
36535962
36764244
53322500
61385498
39627557
44386663
51493689
62389473
89744106
95862405
73691198
71754150
110482881
113140025
93610730
93893914
98674154
130858478
152026562
132052888
103358665
122197085
130266604
118381609
94603125
75332440
80624512
85246788
81968126
78332018
53919668
42862151
36608853
35335052
35526334
35311981
-7636398
-13478241
-9566676
-17826612
-11524108
-35965100
-47716991
-30844499
-15545442
-21409613
-46573051
-47730489
-50404484
-46856704
-55925884
-51172236
-56550154
-52326335
-48688842
-38752954
-47409293
-62392494
-70230666
-79917039
-83608602
-67186320
-75499773
-105344419
-119498570
-109840489
-81976501
-50414336
-66958340
-96454731
-110157002
-84070351
-72063813
-74118228
-82877874
-96586093
-82720475
-48761432
-38978468
-67958113
-76682935
-95127351
-79211166
-39625683
-9810144
-23535126
-56461993
-46950378
-39315707
5559033
16736106
-1521838
3659545
1235341
21175362
21321753
15094941
17898674
19184693
27308447
48331587
47698839
34718992
29100013
58926300
78759658
73524695
57626716
39185298
61171182
99031086
117779989
98067646
88325316
90219098
78930238
110850197
117328925
97287620
77781580
106302736
124526286
94998611
72795492
60410802
74402299
89723071
81610446
37593058
12393719
40355405
69747299
84731536
81654322
69484742
53180428
42233254
42917982
56904991
51338034
50813446
67619208
83277444
67476121
33495817
-17735701
-40098890
-36879801
-33050515
-52223916
-73586526
-79843497
-90531366
-108861758
-130960022
-139244065
-146107498
-147420867
-123014236
-114630997
-121146729
-125838952
-125650756
-126774176
-129582033
-125818670
-119984381
-102432906
-84414261
-97672083
-109326694
-102685291
-90720148
-86217797
-73587939
-71052162
-67510864
-64137470
-72324900
-72173286
-47889615
-36110544
-42510520
-26781983
-33196830
-36650931
-20033987
-13031322
5579627
13813458
-1094857
663923
23261312
41092851
32482738
15448379
5425216
17801808
68305884
60377307
25225186
25944326
40975949
38912304
58988665
87258697
72891657
48726708
66571761
85227529
91660459
94593006
83254231
98857453
129474256
134451235
113220943
106065710
107271843
116144747
104005435
95359376
148288863
212027658
264214586
283898376
268187512
220288857
167941138
139474233
129407385
154993650
159797072
117111978
71280297
36069650
5707429
-43926718
-95855121
-126794358
-125541378
-112608724
-103212491
-110349429
-142491502
-171391779
-173827411
-154986874
-155475194
-158568419
-151168327
-136153827
-102198598
-90680689
-112075638
-138810112
-149333407
-135226835
-114523055
-96000528
-112061868
-116118287
-114936418
-133855302
-125967630
-140315653
-154024257
-132176504
-107907059
-110531814
-84401721
-73207038
-106681411
-125277949
-124469502
-112123091
-81665930
-39937162
-50105059
-73909915
-73547069
-68256839
-26289173
23609811
25303186
15268478
13263612
27892969
44588006
53914210
65657500
51572439
54883218
62580363
67217592
80103862
74863105
63492691
82894353
129180002
151987510
130227123
115829414
131559654
152680801
180300182
178471483
171451278
162117233
154831257
153449079
179632207
292353443
385793875
453190055
494738076
473062151
392631506
309085395
250054701
201962147
180479368
181192511
158433720
94389855
7506986
-86611491
-177283230
-232817036
-246130741
-232361469
-208230053
-176097970
-165071991
-185694125
-209119129
-224605211
-227374678
-200736506
-144351858
-92996534
-84524248
-109341833
-136584183
-172122333
-198633424
-203969474
-183834401
-154058230
-125285088
-101829933
-114742499
-151605650
-174813750
-184217850
-168405971
-163746613
-146510824
-141974731
-154305017
-170339037
-177809746
-189448236
-194507069
-174639662
-155558341
-139066417
-120720714
-109337326
-107202272
-99773299
-58704342
-40136149
-29973697
-17298663
8050993
15904777
1301996
3871269
8277451
25157358
28437064
31838340
47213789
53584093
66698654
72726741
84445264
95372694
127309863
178243382
197556114
204098522
216182900
227099881
246232149
243880981
232167466
216528504
209816487
215343228
228247155
286250734
415211253
505757517
567205977
600187333
545042167
459450364
353847871
265749446
203817203
154915824
131020497
82943580
12794757
-84209116
-188073301
-284709284
-344404836
-316857791
-262830314
-208091564
-158122403
-134804693
-122222022
-136157418
-151455150
-152277167
-129472591
-81449848
-50994776
-51406360
-86230285
-153054186
-228111720
-272500725
-292330797
-277384921
-242106610
-213582399
-191572638
-203363329
-211338064
-209542725
-198374655
-178225220
-159396319
-153367961
-157923723
-171536961
-180545972
-189248465
-182053065
-165185887
-155176671
-137969463
-130035563
-124559591
-124436978
-126999109
-105758432
-77922512
-31130850
-2975490
13162260
16781984
-3477016
-10996270
-24324065
-13549994
24418346
41060118
41508931
40276425
35961362
44699107
63397637
75586099
97252932
134991027
176089193
207439214
235204273
259766954
282300715
297475766
292595621
275199465
251304949
233990949
241645825
263910639
366265131
514783368
630835996
705794107
675377855
565371233
426065774
294161391
202635252
156173323
146580218
133186250
71061486
-24730304
-140577014
-253979631
-327565386
-334823250
-286739041
-206722809
-121910818
-66611108
-66593951
-93846629
-129051022
-141708853
-128787488
-97145693
-55994934
-31799948
-60390931
-123304692
-223656308
-309514938
-345248707
-318542207
-275990278
-230559638
-188235540
-201715888
-234057715
-260458697
-280866975
-271486574
-210860573
-111931489
-78473486
-82605403
-151205687
-242319633
-308323280
-293284785
-233914268
-183039556
-118666096
-89878344
-88128726
-93658010
-103780927
-113181188
-106822382
-49258262
7499532
41104492
45306567
24374526
-4297602
-20416915
-19930252
-10078532
10946993
49318877
59378791
69461976
63796577
43918117
51073793
84517854
118135189
169619450
186344933
199114589
219390224
224878671
221896549
223321472
230724230
245212498
239331213
216989261
183697882
191522771
239320061
382870687
535684403
642168501
694624283
642117499
500830833
344816185
212369333
140425752
112460808
114105607
94550143
29710612
-78037387
-216115752
-316129582
-359461891
-336508415
-247481612
-143556270
-64930232
-17155977
-25921333
-64182198
-90735659
-96239664
-70814977
-25164014
1655337
-10509230
-79439553
-169215260
-257036589
-317720497
-340163033
-305428410
-251980926
-218495307
-206890271
-228914542
-273462578
-285243661
-251175935
-204445933
-157260060
-104442076
-87792452
-122614018
-175035551
-207833076
-233581208
-220092534
-163105169
-129879471
-106224125
-98931883
-108637592
-114438453
-103211711
-85174681
-52799111
-4387571
25633458
34807584
28750143
14436914
7645909
4918392
16204053
34549117
34902708
39212695
23695992
15182080
19113629
21493982
48285229
75365726
115879659
143930816
166607217
194667055
216075242
240828351
253721019
267708675
284037552
276893995
271320001
226672662
213213076
256049808
376180256
535853647
647780070
694919334
634079202
510219513
346640700
223544366
162992766
155622373
156900769
125465943
52791474
-65146336
-203395479
-300428644
-347172400
-305091986
-217072357
-119867709
-42422092
-45332847
-67533077
-88186713
-111907689
-92165453
-55728181
-9830955
-1355161
-37119835
-106067794
-190882618
-284767997
-339121166
-345562572
-318649197
-277680765
-264187932
-269982206
-304359318
-338783669
-335736051
-291701038
-204401936
-132070437
-85660842
-102905637
-151753574
-208785323
-246803656
-233443727
-199497835
-162383003
-136332308
-148274328
-172757458
-196596847
-199643626
-173479398
-114776270
-55833290
-24833229
-6960935
-16770302
-31266176
-27234020
-30626338
-8461728
20031580
27537226
16724873
-2918407
-31421507
-52329114
-45448187
-25044194
22822296
91023039
138356692
183665476
198696016
203064710
235616307
271276679
294089628
312200805
309798547
303402406
292024985
253933608
196990996
134002274
105455973
134703805
232311257
401374197
521384806
593478407
584816771
499712129
380576468
282772783
255775258
246582157
249632329
209516875
105062695
-29728125
-170720823
-245719894
-285669638
-271996888
-200808657
-143982869
-113638082
-102076690
-102035870
-95807461
-98499237
-55635379
-17060159
9673409
10041784
-34330644
-98834896
-182392755
-240048557
-259077906
-261283281
-245021531
-258807342
-280510292
-307437682
-313258643
-317743134
-303076160
-244410610
-162727273
-106471095
-87897119
-99943125
-105231795
-129389830
-158942974
-173401302
-171344772
-165257979
-164061773
-177518181
-187734792
-189042768
-183110786
-160117739
-127392502
-100113609
-70417748
-48204191
-30200235
-13802438
3532157
7891901
5440947
8317268
-10010040
-45314525
-65086064
-75450707
-60460815
-29606229
677606
32716251
71988323
105122771
161983383
213054392
253456720
295418377
314168622
317292491
299490963
276775277
239000027
188577078
179033697
195617957
244927985
402046422
538058979
615155407
607123994
527859286
443879501
360984586
350225247
357346245
331129766
267691552
155304350
34003381
-107797427
-190149504
-219478070
-226904768
-182361599
-164214705
-169412795
-180662732
-188591355
-148242750
-87881261
-13944358
31379755
34118686
15200175
-32309994
-74240415
-120371115
-146814632
-171429089
-196368827
-221876965
-254679908
-292749812
-330507328
-346090341
-319680806
-297838858
-280013022
-263398605
-238880142
-206391967
-166415597
-128421308
-125127854
-136843580
-171972432
-191520206
-180613813
-172952861
-148947515
-115906888
-108621762
-105977500
-109443929
-121404057
-108012144
-67423503
-17298416
1860117
15123932
8823952
10496330
9454818
-11031479
-19274936
-33217121
-28898169
-34977178
-42862103
-41915814
-17882392
42133152
93191997
131644563
165579082
182890660
199977393
241366451
269134565
295437068
305152621
280716312
238076985
190130666
171785902
170855170
164486134
126278960
105159077
121133202
224724298
427977657
555662866
613022300
562156975
496808172
409309180
401839101
431663673
391782592
317380504
161626391
8798980
-128834872
-213859339
-229172797
-239185976
-213603718
-241464343
-270076338
-307206554
-289747609
-179948356
-68661583
12464234
-106343
-38765411
-86516213
-114893411
-80363772
-82162661
-83475887
-134740196
-199529876
-267475939
-335270433
-350876054
-357279622
-339755620
-333031659
-346991708
-355187144
-357773222
-290964559
-212725486
-131861792
-86749344
-97702407
-120913935
-142783232
-134849162
-119933539
-123836709
-122176235
-144980386
-165480247
-175286503
-142254205
-102990450
-58070794
-41150246
-52693178
-54598525
-33398907
8626305
52058859
79621159
85750272
61117747
22067680
-15407224
-3977417
2984495
7346073
3964740
-14194707
-14398478
29217251
75380577
142068425
200765955
229678825
230803751
219924083
228788708
248282916
255163054
263470223
242395282
210513261
134856300
136528581
207927143
371663219
554331072
624939177
577875780
453836369
399606810
395460106
477056226
498071432
409659841
219796297
12444632
-86335923
-126343793
-123777668
-149853607
-229482358
-326972232
-404132805
-373196711
-286628877
-159189411
-67353985
-52363155
-83385213
-110639250
-52487589
39412638
100713796
82982985
628369
-107512625
-199260963
-224505120
-219438734
-218900910
-280556537
-381933237
-462366624
-483525527
-407206903
-312967957
-242266677
-208930997
-218118049
-216347165
-165694547
-44766164
46221128
67727732
13162166
-48580540
-103144488
-109659201
-70932173
-62906041
-76229936
-139328394
-178859926
-177914185
-134117429
-57383627
-42738656
-25792338
-29607343
-2238630
39773325
60869838
75019546
43774774
25864788
-1517977
-8213849
-23101705
-17363908
14328030
24153376
50368350
53359773
81178860
125550259
183862753
237263382
250655463
268269180
272881284
270818904
243568146
205131011
209808301
193802259
185859528
176529465
148072473
140001872
211830102
385114217
469924858
482505406
406001916
397659233
416261091
466518949
474499038
364792636
226553373
94494704
73504958
56843086
-12413329
-135080890
-286388126
-354521577
-372794759
-296277800
-260074489
-243867889
-244322368
-232604450
-160888481
-82892228
-6304173
14877516
18951215
2261213
8245012
15789753
-31704738
-79938040
-181795173
-255294192
-328202678
-371041174
-375368665
-387563203
-375022309
-400690551
-375160717
-337813308
-285185719
-213645478
-157441025
-99728682
-68278331
-42016798
-29449585
-15521878
-38632188
-59664185
-76255716
-101605532
-111625193
-136234326
-162465945
-180025095
-171772431
-131472659
-101781583
-70577435
-46082494
-11865978
26750378
76750578
100038895
80674069
80321009
80331336
69169431
58767790
48118139
36576311
42471155
48323992
43492006
55894875
78040219
126360276
168558809
188260554
191226594
221152325
243880979
258748543
283024846
291589163
290479849
226164465
192005348
221051088
294038216
448957025
456950376
423375376
337935020
382848794
422794988
446743486
413762196
276643587
208860393
164327979
206076173
153006487
23720135
-110431136
-204762205
-183203770
-172802332
-173758084
-256630949
-298511645
-281886860
-177874581
-96997462
-112191605
-107770296
-91165190
-20578722
38986939
58976260
-3627334
-83263739
-98246773
-104902098
-106066063
-208967356
-323758986
-389921484
-387979664
-355883103
-359549147
-391614836
-421384374
-374471914
-290838682
-214792117
-171127132
-152142615
-109444579
-54986098
-9255188
-20929224
-51634882
-96574979
-79378091
-61575885
-74321596
-130413026
-181027900
-169539004
-136161329
-92381760
-85753729
-85113592
-78938674
-53408094
7373011
35359412
32099832
30678751
60716936
79907072
82290804
76099836
62289396
54659573
56795474
64571881
60116147
67176322
74672480
109772206
134079122
137914418
146334864
171713444
192003133
217229877
244329542
262452140
232818862
209190232
196283825
206726127
234820731
327995358
415849304
340384756
301080606
323925429
433813366
438793973
424336162
342539434
279416553
266169905
243737448
239815724
109986056
-15120880
-117217143
-140777318
-158257755
-246393774
-301392779
-370262165
-344906041
-318958114
-279160903
-283129523
-274507748
-195669879
-102486044
-29101713
-42909145
-54228422
-54616048
-46096403
-45770892
-82848559
-127445256
-211438684
-252053255
-276067266
-307383725
-361547495
-406051221
-413556492
-382227089
-336010255
-296694128
-245240054
-222343553
-188227395
-115199673
-52042381
-37799150
-55012049
-33878273
-11042979
3316046
7279201
-10056413
-54077954
-87228712
-79051572
-48550504
-49442138
-68872786
-68331823
-53890234
-36625787
-8409369
8355489
42969782
57007253
88653413
108968337
99193527
68275382
70017392
80152745
86660537
84385819
89976785
87512401
98797439
101444243
145178400
163030970
180898639
220866630
250626930
266839764
293983145
290284724
285520207
279209600
312102814
321952209
399656560
418890765
341535749
354397571
381700178
404122182
344258577
366129962
308412130
276681797
252344579
211692386
161947045
44866706
-31795709
-97294097
-111556184
-182787616
-252339780
-291593478
-321697753
-318613536
-318389023
-269756944
-286423280
-246853472
-203065519
-158913154
-120508865
-97185740
-75532252
-84941479
-76477688
-79554658
-95114812
-131981505
-165264389
-201128426
-244634231
-276228837
-319280794
-337530702
-342769219
-348544286
-328968820
-300666180
-290246057
-297671063
-221236927
-133261316
-118994320
-113993381
-76332619
-45293325
-29212875
-3181716
11723520
3845868
-4426436
-10739786
-14569612
-24688301
-48447269
-46771545
-29531368
-20722444
-21954094
-19719339
-7928983
4169033
30891508
34304745
39002229
60522841
83479482
107603190
124039898
138016453
138840197
157999576
151105956
148561154
171893419
181341448
176930379
199181470
224897438
211917227
209794792
245475391
242432186
221560120
187879420
225692347
246487479
287012883
361928547
310768648
315694664
306366866
381899688
348614466
341529908
297474628
271995954
259514752
203919988
178054267
91152093
27870051
-65267258
-105177146
-167726698
-248789565
-302580007
-326912503
-310364968
-346600298
-319901674
-320633301
-286463882
-254218127
-204617665
-153188427
-126204766
-86085135
-62933867
-38853484
-59190695
-66916620
-72623860
-109005453
-153444262
-200840579
-216438298
-252635946
-268356667
-282600599
-338390080
-349594229
-301000196
-290795856
-291732953
-252688895
-193852944
-185179020
-130499828
-78855411
-56064318
-36777159
-15411910
27713144
55498294
52009881
-7739853
-9752494
22937365
17085119
3819440
-5985647
-2956503
-31172963
-23441401
-9021992
-2159578
10030293
47388287
71060206
80592078
94159050
94215015
112752187
115588379
148458930
177027958
184010927
157799152
170600404
206783925
220634368
215199174
227187905
251506782
254139735
281564533
250908924
221446794
200254956
206714638
218232985
235230194
280969800
227577882
214660088
255655119
306351762
243709377
223248796
231807707
245194461
240903590
200500688
161111912
124211993
85490582
1558113
-46096725
-103413824
-178697182
-212804572
-215488773
-245403545
-297266885
-295865709
-314369330
-289467906
-251859618
-240293795
-198321563
-152843637
-125799699
-124450851
-90458686
-75396039
-87908526
-71837905
-79968837
-101672648
-135069468
-168386558
-197914005
-232785031
-275523119
-283114062
-251445840
-271422892
-291570450
-285571392
-246386127
-212959626
-191238089
-143519600
-115889389
-91024061
-60123936
-28400811
-8244821
17062278
23798784
16829668
23537816
33216370
27460067
9583815
-520676
-27318830
-18766092
-5639577
-25839265
-18261846
-25646825
-14782755
10194871
31989012
60076848
74969466
88499719
119903337
137810623
138408259
153393584
175878844
197007586
213258466
218080227
218008257
227070714
237572344
235334400
214496091
216186353
236684179
209167997
162076422
136046982
168156642
141657376
180886127
164023271
169333890
190866588
222461967
225573937
234164179
261042085
229908105
273791540
240992919
205302142
160003600
120102612
74146435
29909847
-31968106
-103027962
-146922792
-197400957
-228422979
-245040060
-243536660
-257016756
-249052510
-241112761
-231989714
-219097143
-171845636
-131539546
-120716036
-114695806
-104716914
-109812752
-67246395
-56479008
-114275050
-138010388
-149699273
-170902854
-200550300
-213891044
-250019738
-246032468
-250533375
-249303504
-255160346
-227943628
-205482977
-182559680
-144311941
-124814123
-93712270
-81148758
-53273921
-28233568
-10357527
-15987787
-1270857
8370130
-8937015
-20546597
-21392768
-21662012
-29316554
-16052827
-29776747
-35384711
-27723321
-8181541
11556142
42108215
65661123
66770739
83041699
104176718
122899209
142673840
167868665
176027385
189292784
204673802
200036092
186580344
193879461
216694984
224381281
193804664
170296486
185231956
188096767
149893431
125425336
143569142
113264442
85699279
83020805
81584633
77294034
124377375
159478999
149053904
160951495
205374098
210475875
236443893
261688683
261807938
230226912
221735550
182278851
152903469
129648348
67591388
-5269753
-22215146
-47421450
-122010918
-184358748
-183450053
-204108954
-239610767
-234531755
-231418603
-251059674
-245043016
-218489441
-195188288
-186187325
-195666911
-191352028
-183224846
-185047224
-182945150
-178881231
-198799682
-226299267
-239477591
-226572846
-235280002
-247174967
-256178748
-238284467
-218966180
-217001975
-207014455
-180681859
-156347098
-151296372
-124199472
-111679642
-87520611
-92675282
-62196134
-44697006
-81211941
-90086802
-55302109
-34269157
-49868530
-50544090
-33513612
-38150052
-3226486
21423209
28026517
47475578
75845787
115835315
158825830
178589023
171738372
190250379
210400444
225998488
230765981
230192810
214167092
220227373
247498694
236344020
210659566
209354589
203618376
185981013
176740364
168137144
167635718
162468031
150883788
144545926
140022610
145659400
146457433
147355351
153594080
160021146
166327041
150308636
177147662
189585613
180941308
142862699
153221805
148324889
117380958
98676653
55630337
53131316
16618584
-6904247
-44809234
-53566883
-71269293
-87637271
-111672525
-134139703
-134170053
-179024435
-182733642
-155528142
-150258055
-195233449
-195010631
-182497368
-190312339
-202288945
-188180718
-186648062
-213670715
-204601929
-213651541
-223586310
-215211278
-218391849
-230271804
-234394640
-217920033
-226411641
-204326298
-204070824
-214712634
-203388485
-177443150
-164419448
-151401066
-146488558
-148204424
-109616824
-76564048
-75263125
-69139577
-70963808
-70154452
-30078083
-3353817
-30494702
-2035077
-731920
42347303
93960316
82050493
41231838
99075339
156309088
148639555
149892596
148127614
165962897
200105480
230850242
199763363
210794547
210232748
228386906
225645408
251763318
216091792
206407401
222698020
220982367
207687897
205508672
183727328
171778529
179875653
144200320
175015961
140504522
108826290
119058565
157375434
89470625
98711151
128829265
120939541
63196536
58609465
49171416
22330799
1820217
4434315
-19307207
-23404316
-12869718
-31563842
-46759212
-29489868
-33694576
-61223955
-56532965
-29709659
-51278079
-94844521
-91732789
-53304318
-58061825
-105644258
-104080790
-136442948
-117703532
-114990132
-131088681
-176692048
-177096409
-170871839
-189653516
-158495339
-179806142
-177090920
-180828359
-171912505
-183028036
-181176965
-183028342
-183784203
-189415313
-170634657
-171834045
-150777372
-151521653
-146840216
-106949183
-112472856
-102667187
-82253216
-71357557
-56488160
-56658589
-34733091
-36164472
3616142
6106449
69005741
26539627
40708751
35736204
83380615
56886792
82336947
112909130
125246609
118215037
126516279
132525361
167243254
169037462
145324245
145870529
170309978
186853390
160102535
177347358
125876806
183743893
171298980
162288012
127289236
168805394
149647097
128579718
122189557
155419999
129963044
124947569
136660816
124248545
111124479
119014328
110091258
72880652
77269411
67783996
47870581
-2084355
11862354
-8828063
-32656198
-56329602
-23865599
-69986835
-61727178
-75801821
-72622113
-47577189
-39187611
-53077036
-67635867
-32765013
-25297634
-42633635
-42769010
-26375560
-19535789
-66562209
-69021242
-50259075
-80692863
-69504078
-105085314
-105212372
-105589417
-112383014
-111732652
-146176141
-109501038
-124004779
-120789925
-117078066
-90123231
-114841721
-148533845
-91449127
-95305744
-73418812
-103646101
-68246776
-50235102
-74686350
-62235608
-51331642
-9244412
-28335611
-6605945
-28406741
8216447
45398847
24818534
20091792
20804898
50595572
34730390
15659467
14420930
18462485
56979189
11277076
15105586
-1307577
58557483
13804924
35694393
37317407
71765569
43930216
43979659
100422819
85262220
82595806
40667848
67913874
75302320
107155365
56921170
48518530
64881096
84355086
63815939
4971564
55743166
84256438
74704614
40355702
61839173
56716191
54928246
7462103
-9153114
13954119
53037824
-1878183
-22509574
-24826046
1529068
-7286647
-45435436
-71275152
-24607061
-46226752
-38646199
-45254250
21058237
-6311620
1183882
-12882491
26183736
24135882
3413313
-46760786
-20037624
4493054
2938104
-42269666
-56254536
-34383994
-31367632
-40826452
-47550452
-53905224
-33457480
-35951247
-21453655
-43939673
-13272904
-6449179
-8515389
-13001320
-3311562
-6397432
-32143844
-12325825
-37364001
-30753480
-48076376
-34719181
-66448084
-52745816
-49406010
-51260177
-22473945
-6656160
-10613831
-24701787
-16814025
8009587
385463
19879657
-3193475
9828286
9936508
29315831
35134611
6777442
9088480
921172
28262369
10922448
34113661
1958982
25248228
18773558
23203879
4789508
43384172
48890068
34160226
20033954
36153115
23058010
30716696
25255872
43246325
52659980
60713002
42624305
33899476
70043707
70101897
91437702
73088702
79532203
47434340
52402598
44664755
23947114
5517856
-13739008
-884837
-27890819
-37841230
-38345017
-44604052
-25415558
-43364075
-44861234
-56727546
-32341730
-45586396
-1927281
-1809798
8069390
-25904919
18371487
12413617
16451387
-3519860
-16739267
-3104665
7597916
-16731120
-22027902
-17174383
-17202403
-27568095
-17598895
-8347549
-37558809
914386
-22287709
30149968
-17565687
-4234630
-55210865
-3042697
-23297841
-27495941
-61937414
-23516065
-21349895
-46062693
-87331508
-40703189
-51462306
-50586301
-65052477
-48716339
-36602344
-26542554
-21426431
-43037703
4983727
-40087177
1821922
-54492170
12191106
-14891591
-7710761
-19009126
-7633517
-3669157
-4655321
8380121
-5658697
274232
30947002
26936934
28655891
20931169
34050305
23934298
14303444
22460982
28130656
19178555
16915996
-6348531
19568538
51113317
27954044
23291563
25740523
42023291
31399627
50468022
23925464
65274036
62140987
48508414
45181550
20887092
34889395
47171054
41657383
5637254
32314806
17129035
34574957
-21692394
13466210
19160061
38011207
11641899
22222293
-4995719
12797179
32664235
40957836
21044330
18614318
21552171
29811204
4926135
6288604
422504
-127761
-6535619
-13035667
-12587629
-9033342
-13783726
-15333055
-16289978
-2638229
15921454
5061032
-5236121
7470449
-3717378
14407668
1902314
-16072992
-23864451
-38621341
-23342275
-30842883
-19414715
-63320111
-40032356
-73674768
-21778603
-62910248
-48091324
-63842287
-34995480
-44812231
-19307122
-23620521
-40095487
-38547542
-21970310
-10829358
-10525605
-25776170
-14543665
-23633999
16648472
-12640987
-2858251
-18489065
6284149
4449164
-6121853
14215690
-3005481
4655775
-7497759
5118693
-15535037
-1592828
-15394869
-10751257
997303
12522394
3117371
-4000336
4746940
15291865
17576199
26370389
6915569
38955262
41364013
39992612
20491777
32088823
33560742
29571343
15012157
-6148861
52932525
20717636
22585793
-6934673
1051797
4586894
5086114
31705472
17317396
30380871
18267957
27306831
10906319
23973669
24884312
10217252
-8399721
-14456985
-5244093
-12620283
-10057639
-20472096
-14009471
-33669828
-19631440
-23193571
1315779
-25958414
-36915672
-24987923
1526749
21584102
9746078
5627387
-9469441
28743154
25233829
10704391
2143839
20712393
-7252394
25462049
14315306
29820079
4378308
8431323
-4127065
-7700365
-22884506
-8523939
-24350037
-23951466
-9863888
-14455651
-19141264
-37344023
-31012874
-35759963
-6092530
-44741271
-11250165
-25596453
-25842425
-27516739
3281348
-26000239
7407351
-28048369
18508701
-25239197
24172854
-23864821
16735189
-11213411
-1443160
-19394868
2375040
-8986005
-1480544
-11657240
-3096780
-4668197
19007506
3839537
19922471
-24750197
18946315
13654423
26112892
13078972
16852818
11960650
13767382
15091540
5224884
11490458
21030312
704079
16756039
-5584183
33901290
2887467
20733660
-14645215
10045859
3637512
11221076
-13019398
-3220380
7114015
2895676
-12191704
14993065
-22171254
-311426
-26177210
-2070598
-22327630
3419602
-46876941
-7565444
-4607266
-7060301
-3349239
-9820669
19859840
2923955
42729469
-3798210
23251165
12203596
53791621
29944240
28624271
26395724
23747087
45474693
16730839
36182698
1178594
10321631
-5946620
21689072
11623300
15356045
-7507836
-2808063
19926732
4268908
-18227089
-14643639
-1117570
2130039
766362
-22271690
-10080348
-2918376
-7314704
4294928
-10661106
-8210667
-6703749
-28495604
-15300747
-17147706
-8675666
-23126839
-7236191
-23144838
16627078
4923793
10169225
-7903869
-4026839
-6059943
7250966
-28216475
2667104
-13910025
20871039
-25586293
12173506
-6238509
-12464300
-14014986
-3729081
-13389659
-3378303
-17488922
-14485078
-8284761
-18991591
-32792760
-24921103
-13266534
-35982552
-1238933
-20938640
-7959317
-38683638
-19825371
-23820494
1912263
27023938
-2258879
30082199
-9382325
27064004
1243221
26858850
12637356
-3001011
22133109
1380047
17056012
-2878541
-6011229
-4778192
-9327823
14225431
-7640386
-8368494
-7398850
-15815924
29147468
-34928841
21801186
-18865163
53691464
-5665976
26410529
-16669709
26979255
26641734
35173118
5181604
8727751
17915897
16470844
25179320
-1986991
8396516
6946530
18449536
8596766
7525996
264101
-11507599
-10602124
-2675815
-1643858
1225179
-9107135
1446479
-17496835
-2396312
-10060655
-8876373
-21684458
7148741
9737223
-9210735
2062127
12319
11722296
-6717067
13326429
-4033356
8810922
-11305374
2281385
14031880
18764256
-100258
-12966220
-14429700
2126837
-4141471
-1704078
-13769081
-4133098
-15692646
1881453
-1450347
-4672549
4606016
14923051
22386023
-8199108
591173
4115459
16134027
8303808
19125506
12658680
-48351
28829535
12650694
43746277
17453677
-10956605
509639
13833623
32076791
10055092
10462487
3258006
-4524735
10600367
-11508221
26545497
-19342936
-5665974
-32602769
8509949
6875258
-15451668
-49753955
-49501169
-22112721
-6875940
-7537646
-24871248
-40754053
-23779480
-32965655
-24875249
-31339672
-21301908
-17055240
-7874042
-20838893
-19752129
-5348306
-10466492
-10085225
22660792
16794456
-355117
-25301798
10375178
28630954
33953889
8548438
4810460
19387845
16168097
23667399
5755512
11116876
9591733
13837669
-29951610
-8663038
-19314001
3808441
-12778097
-22690131
-12121533
-15766767
7499139
-18346149
817092
2725224
13740299
-972272
19934805
-4854235
51401494
17998544
36445440
-7932136
28603230
4645111
27499196
32749076
-2269052
-418382
-7176125
21715944
15989676
-11625009
-20744210
-9396714
14639829
-18467995
28918156
-32432276
14220324
-30027877
23183836
-33195051
10730273
-8384296
24184340
-19069740
13185884
-1874183
2978809
-2516510
24260415
-24890729
-2843911
-29123133
14302470
-3711940
18960097
-13985839
3579501
-13793343
-2047546
-7477782
-27960992
-13804884
-8861929
-1861856
-12556699
-21206864
-18485370
-6073728
6335498
-6589902
-9972197
-12700602
4605070
1469743
8878293
12577180
11236400
4632061
-12034552
-19937843
-10627480
11081823
14715219
3699342
8948498
7025924
12862905
19494703
-12405121
10429334
7547780
130318
-3345642
935377
17783922
-12314463
-351823
-12552077
24971687
-620681
9355736
-33665613
5528125
-2137757
11446442
2885235
14799215
-470189
21518046
14305904
20489858
-3653227
5089082
-17957924
29956765
18883791
29382474
9406190
18233600
11822474
16972340
-6072386
7099566
-4198316
7290196
-24795086
-2396876
-39823273
5745608
-16067948
-5787382
-32020130
-849106
-7376240
93811
-5089040
-24930491
-33905145
-13442160
3920859
-8298266
-8599929
-13621679
-23596629
-21555813
9077177
-17519983
-16238638
-2357687
-2609363
24847334
15002561
15611002
-11315641
1105909
15382186
27291390
21193004
15018117
19683457
8602829
16125339
7145627
7050152
7629148
-2645362
7973387
9582434
1193863
-12567761
2321428
-2718157
-8057830
-6768159
-4004767
-1304782
8806686
142935
13378642
-3292380
6046398
-8629952
16479501
7916821
19186815
5350340
676633
-1030104
11149971
8375235
-10940136
-9213136
-6721728
-39800256
-22600779
-13840311
-1012603
-27272495
-25691804
-63851056
-10402716
8340487
-11102096
-18558820
-9228143
-7816744
20921015
-2209449
-2203043
184029
18870509
4984200
-2886955
9127472
-19464746
12681463
-13848302
2007096
-34654118
-10554371
-15163056
-9136406
-32657451
-22547976
-24067298
-2476170
-3331068
2037983
-17252787
262797
-65084
5522943
20152677
17904863
12499952
27910007
27374869
27385450
29225466
2295089
11181967
14545808
30586460
26176435
27559315
21712707
18610129
8195297
5647793
18711357
18584073
15774063
-4997742
13679097
31903242
18237442
32697506
-5147038
24475868
-8291634
22790245
-1646505
14716903
-18446507
14671513
-1915027
25471446
-6252141
-4027419
-38007046
19214945
-12705808
-23262401
-26358606
-8416061
-11922987
8039480
-22009953
2754291
-22768434
34237969
-8778546
-8827214
2250262
23923056
-48428
2144898
14062659
4032174
6864232
-9289145
8890234
11830046
-9764349
-27749000
-15647934
-2755418
-44428579
-49061517
-44918707
-37811564
-25313172
-10584654
-33529084
-31107143
-3885157
-19296882
-14755174
-10563652
-8842061
-40445179
-15231787
-22465126
2846893
20181975
-2898233
242584
5339215
7801004
-14992610
-20858893
-6125737
9379539
14391906
8730028
6228431
18449285
7783825
36213147
22572999
34406049
11285411
-1001588
-10882341
32862679
32541859
17246625
34781817
2421922
51900239
9617863
60836462
-3747827
51093180
2019016
24631600
1019341
38549296
1381987
22265221
-9325497
7330798
-1310926
15248097
-24536462
19319557
-21318545
-4203953
-51455261
-4919661
-51536712
4753461
-23209411
-7852156
-19747604
5848706
-14554726
19457697
-8876169
9838272
-9605259
-8049400
-40903800
6139870
-24187803
-7448432
-25898712
-18548199
380911
-5049430
-12041798
16613454
18060443
26775001
-25613143
-4237038
-32108885
-12029885
-26863922
-15189060
-7537072
13672909
27872866
14891841
1894288
420672
-10513455
-8625001
17814838
-24604653
-17205745
15290928
1163225
-5264093
-22498889
-1729381
-11467604
10784711
4305894
-10796742
3861013
-2052028
12167941
2337845
-196058
-5660559
-1086448
22957533
19122851
25027768
9115298
28062365
22496157
3647685
6510035
10205108
18980823
1497275
24821242
5014120
11284288
-13715710
14715565
9915183
3223182
-13898693
1244330
-11461068
21424619
10078070
4491041
-1934231
25719704
10920240
34489862
-11759226
-17723042
-44222858
1966877
-4788757
17224644
-3274694
-12123662
-16322493
-10881296
13841627
23002226
-1006838
-39594917
-17212760
1120250
8271193
-27105211
-37549404
-46068706
-23345337
4636154
4081844
-7379592
-10373837
-5292084
-4388482
-10576734
-13948931
-6157509
-13648497
-8184043
9347023
7076949
11458408
-292573
-4496766
-1306197
2109650
12980829
-3263986
9520814
-4747257
15078716
8645381
10478514
5048874
19631701
10304360
9165298
7032605
28278639
15263137
18225762
30451789
23302844
4482395
23050415
12949631
5313844
5464753
8083383
-3098488
7160937
936454
3620749
6033627
9729760
-5187976
1613118
-3476718
-9771111
-10402933
-13388692
-8806063
-9829440
-2952995
-16930357
-22594896
-23132829
-23590747
-19207001
-17613878
-22332149
-20008777
-6770026
1958715
-14447324
-10195366
-7032658
-9361779
-13463865
-8912541
-5604672
2081293
-164657
7661175
-4660000
1536986
-6326463
6803244
9241740
5096525
-7054625
-3424899
10784207
24519943
7587475
-2293642
-8428574
16272147
16612549
16244621
4029661
-2343295
4368130
-63376
5230652
-6056560
-13022318
-6429135
-7053246
7413719
-1389120
-925963
-6857766
-3001359
3978782
5815304
9702992
8382088
-3616130
18884788
25827442
16137913
-235562
3977688
3264561
11409798
10578322
9317851
2395070
11404706
5227749
-500031
966882
-6496827
-10388408
5686456
10874279
10290225
154922
-720620
-3798895
6764126
5995346
8775168
-1021654
5361516
14361310
5780194
13037150
13279243
-2939721
-13656054
2025831
10403163
1118807
-16212958
-21064717
-2502436
8953882
-9534548
-32350619
-29317158
-21372984
-16267490
-32305624
-35249867
-35168885
-21733148
-21763307
-35552097
-44275014
-34652089
-21541101
-15475808
-22086495
-38246710
-39769558
-22639049
-18486218
-27886563
-30600324
-18252352
12939122
36441280
46376577
32957316
31975043
47632109
63437224
64905503
48027914
37484792
56000634
70509743
77946008
44275767
20347667
26910829
45405225
51838782
32265968
-103885
-2365305
6713708
16241679
-554656
-21081905
-16556035
6749845
13252140
2249279
-7469641
-17438254
-3469067
17396220
12921415
-10628852
-23112444
-20191300
-8031322
-2080440
-17815875
-32619690
-41588948
-32855948
-20175035
-11463974
-33756412
-42465786
-29299448
-18328538
-22415615
-34643603
-46807061
-36550540
-21054029
-9958984
-23444075
-20062430
-16326200
-565306
-2341201
-2565828
-3624489
-1608418
1281207
14464527
16234867
10777477
6215171
6048630
-4429816
-3683599
174336
-385571
-1631442
-2388942
-3799185
-7292846
-6984282
3574033
1686004
1857602
8077608
11570885
9019157
7198952
9875982
25922394
26897969
28051151
20896332
22227929
24410485
31602299
30996575
29284512
20665104
15508812
14434001
13568119
5406143
2688741
24640057
16234965
13044141
1436231
-1415309
5331284
17129240
9591881
730441
4143776
14436419
7027628
6966934
-5986703
-12028270
-5027016
2654021
-3994320
-1364406
-13708964
-14232621
-8867698
-2786636
-15432244
-23931759
-26779258
-16453720
-19492784
-31811162
-28715040
-24247101
-29269699
-30730918
-25156728
-20467806
-19418213
-15150350
-20819226
-11728544
-4428428
-1239370
-7395137
-10363425
-68522
6682870
4250486
-7586940
-17540870
-15680517
-1888564
1288156
-6703262
-7225873
-5852075
-9258649
-13929784
-15522947
-8879939
-15448
2643520
-4753158
-8467089
-13686938
-4366131
8370296
9042077
5092845
4187630
1053809
3242740
4423586
10460737
7699399
7545904
7280890
7102011
10184939
13996735
19031256
31448031
29862485
26989549
22694042
24615484
28382124
25834420
29469234
28140596
26711642
29450031
25553845
24759188
24993374
27264922
19184068
11208792
14887679
12515671
17260351
7774872
4125552
-6019905
-4780310
2781530
7314727
-3085614
-14761048
-4700110
3923797
-3862811
-14809823
-29122592
-23549046
-17278341
-17150715
-14325628
-18218370
-9717383
-5361043
-5872947
-10229387
-10989154
-3011192
-3386532
189113
3522703
-4617594
-11260199
-4989666
-8589764
-13707547
-13466158
-17355288
-17159515
-9430784
-19509927
-19464407
-20145635
-15354654
-18194957
-15202265
-10938200
-4630817
-7857061
-7123983
-10061252
-14754392
-15381924
-5844053
3080679
10034163
4900862
-9850444
-6638993
9914536
15911119
13240456
11450164
12781913
20785741
29692997
18640978
9321636
25171565
26101136
24789293
22883355
15458709
10919071
19798193
30114180
18765414
16306164
10215284
15171502
24097668
27339208
19456529
9122543
9469866
14694566
15008675
3028337
-4679094
2500957
-2631603
-13576547
-13823379
-9715600
-14834829
-15287788
-15778628
-22275921
-14189532
-5411626
-6138486
-14254064
-15710798
2122515
-395184
-10868763
-14697165
-15775451
-9237701
-3755993
-12739073
-16193888
-14250524
-13821785
-11403231
-13470713
-21742802
-21909120
-15809137
-18089241
-18800454
-7723910
-9226958
-18040792
-21823924
-18921463
-6418567
-8899242
-21848590
-17349171
-8858621
-2607874
-2823734
-3392478
-4978085
-1415864
-207382
212232
543687
-1040207
7471487
2938345
-2134080
6110906
9575209
13307828
17641680
19869078
12282506
1574110
4041836
18719559
22925838
19630953
12715030
9083909
11999612
14268494
20381955
21591933
15552198
12272624
11797558
13135962
20042352
15070894
7623252
5297015
1960587
-2138317
-6002344
363965
-2498046
-6738715
-5986566
5669921
-452226
-4875252
249641
-2579925
629833
-4353407
-10109017
-4419277
-7325978
-11028319
-12341260
-8212845
-1531948
-6451357
-8700737
-9107737
-9124209
-4496625
-6937900
-5106006
-1384584
-5444023
-8347625
-6461509
226178
979687
-4353742
-6425575
-9492277
4090336
10776325
6720958
-4418270
-2548649
5617450
10422630
7198503
9317799
9453818
20432257
20326815
11464509
8682576
13381596
23091483
21061473
7560441
5674368
8640099
13041087
3976420
-304341
9903572
15242816
7077547
6159977
5444523
3049481
15174305
12414926
12707070
9300699
3337968
6777176
13878786
15290221
3562169
-5423576
-14871223
-10793187
-4821538
-10597778
-21079906
-23877018
-29916708
-22961776
-16236752
-20274133
-28848147
-26054956
-26626072
-29320493
-21428080
-24633320
-19483575
-27540658
-20133479
-13186895
-21739057
-24660428
-20402259
-16734253
-12251226
-5862749
-4391843
-12023378
-14628009
-10378040
-12116506
-3665209
2034070
822597
-4938075
-10161824
2537617
14128273
13994564
-2709705
-1928586
676847
10380476
15092707
14125175
10549793
5054054
1442873
5328443
18249637
19750025
12224021
3872223
6505184
18109007
21637738
19183765
5712286
3759019
11417649
20376152
16363262
11526025
15398623
15757068
28163904
13368136
4707374
13787453
15840206
19431101
16374467
8471331
7209975
16905904
22673945
16700068
8973866
1749038
525014
13653579
9462587
6959510
7673981
4629722
5432227
4516519
-3706010
-15131335
1547083
9020100
5466432
157007
-13733963
-14641090
-4124441
2571624
-1877751
-10772784
-13957964
-3191287
17672
-10750045
-17914398
-29249799
-26932388
-6491610
-1560886
-13748587
-19513549
-23513774
-18302305
-17366584
-15836152
-20113970
-12449212
-14516217
-21522662
-17085753
-14132298
-7579392
-5481763
-16692739
-19347862
-18506712
-12359091
-7650270
-12064111
-13020072
-9311502
-9201353
-6241839
-100607
-84296
-4294267
-1535968
7258828
5386949
3866053
-1197262
39539
6181835
9024877
9519397
3094827
3212537
14351769
16251408
17000963
10025110
4712013
3562568
10882429
11588905
10526365
7676895
5643182
7473207
7004298
5094256
7724247
9795854
11717564
11168276
3778373
6182467
9854263
18735301
15537715
6808835
12019881
20304141
19112571
-215258
323812
-3413779
6166558
10072623
-4572269
-3569016
203179
4164037
-4061628
-2735217
3827852
13698119
11817215
-2187809
428595
2200123
4986998
5129318
-4078763
-9665233
-7127367
3624101
6956710
3450967
-12048451
-24166440
-18506638
-9849789
-11905399
-15907364
-19320027
-20060539
-17135116
-6759965
-12018623
-14409846
-5803042
-11217937
-8777347
-5395339
-7029840
-5515447
-4888860
-1083065
-2227394
-1355310
1397742
8135104
19410995
9103460
790208
2523674
15325245
15218896
14050056
11930608
13318264
25872307
28270357
32626871
28945153
26089871
32250250
35411899
35347558
27183287
24827779
27904686
28339094
20861732
13473180
17223732
10325123
9648852
7559715
-1841717
-11485262
-26536173
-28451289
-23642425
-25483457
-32649540
-43942305
-53333592
-53470349
-45231702
-36469505
-47935798
-52307350
-43674421
-27968587
-36892808
-40716800
-32446832
-20372502
-15497160
-8629239
-13525219
-12468707
-8283903
4712420
-950831
-8293732
-11089390
9562333
20150275
8578523
-3275602
-9032273
822498
11787064
18887418
3755269
-860600
20527678
47991633
72158074
77539581
61903263
46663654
40254422
41214768
42796091
37337856
39558647
31577800
39345345
38925673
27455803
12033224
-1117366
-9698405
-21307260
-18517265
-10110605
-11949509
-29540282
-45862849
-31458029
-22557070
-29051278
-43734849
-45985925
-40886697
-25739265
-18383108
-27888173
-49063302
-61039953
-63201906
-43085171
-18529486
-27986370
-40683985
-34998089
-33469578
-35125780
-36345901
-49204569
-59521116
-48218746
-40193508
-39755070
-37369254
-23699681
-24300851
-26022020
-31296221
-25001483
-15552768
-4507908
24378535
148184639
276876082
278860548
160551206
90725975
108344448
176531106
174435339
103572226
26399742
48914964
121566805
182413660
139836444
32498000
-31919247
-12500982
31712859
4661881
-85379662
-154210816
-123643974
-29000113
21603828
-30259906
-99690347
-86024343
8083002
57183159
33115206
-57719754
-103956799
-69040115
-13822283
-8692698
-53760199
-94235784
-73716598
-23477419
-1562755
-31639041
-67741763
-94687551
-84701804
-57650261
-67963438
-99902202
-102357031
-85894265
-62836695
-22847847
-23455207
-53434490
-51505345
-37099682
-13916240
-5960212
-6180931
-26328503
-30812377
-8039491
11867419
3307265
-14938632
-35023231
-30548136
1667513
9246449
-30640257
-51214067
-46089062
-24588661
-11698481
-31193188
-63137531
-55055399
-19608786
17182729
41091026
32181492
14007057
37925127
75255405
86779007
63076474
51102485
115718126
269504897
364881979
323991052
210046454
194152491
247978295
280332461
219827067
122704561
58177287
89049768
160225491
197134999
119177832
19088519
-27138662
7442827
37578412
-12346287
-110480538
-145841956
-112067807
-60668374
-42294441
-77424998
-113205612
-73181166
-15878322
77811
-33197952
-81243319
-98326615
-73324993
-66670322
-90364716
-122962730
-141082113
-135416885
-103953561
-87346950
-94411857
-119282367
-119772391
-111526578
-106635413
-130215635
-154475573
-154633639
-132049819
-91558851
-66921248
-65222040
-52867120
-47091403
-30191433
-23284799
-20821053
-29206161
-26083033
-32038852
-32147859
-25251584
-28892585
-20295259
-5860092
-15426164
-32999110
-57772744
-57799753
-35299792
-23450538
-49430826
-51096052
-29495557
-15215095
-4399131
11347756
27848949
42348725
57028730
78175355
85227056
89095610
79038358
72603586
145966439
268616986
364171615
338585816
275988510
236943652
264072067
287356335
251299295
171849377
103011260
114640528
169535519
189074326
133499465
40632872
15461118
46617969
67608220
27140392
-54644193
-107452462
-87383521
-31432730
-26740422
-65223950
-108029255
-88175529
-24217273
7004138
-24135721
-87500441
-105009061
-87281029
-60132905
-64113833
-123078848
-156351742
-145196206
-110782672
-95978100
-109814084
-126909079
-136316560
-118472189
-97642060
-111438045
-130460172
-139558679
-127160658
-99768202
-86326830
-95210043
-95289820
-85014220
-79429127
-72472944
-60124981
-65851690
-70910617
-69951877
-62171132
-56885185
-61331709
-71923168
-65844883
-59760905
-61525051
-71686330
-70252500
-59467478
-38751165
-29033219
-26326462
-17273888
-1342574
24297266
30853334
32926819
56730441
98166777
113480879
115431277
114078388
111868184
113089708
128596537
179918616
236265782
234456713
201938466
228877538
257377272
267541447
262697374
226818377
192727489
212159518
223654410
202510600
170648189
139996223
116289474
128634997
106035469
70921051
36089559
3134178
-18236059
-18659657
-39362462
-75122524
-101314759
-110128980
-95147142
-82623328
-111357639
-124299508
-129112112
-120989374
-114663591
-124152688
-137623089
-127491567
-104358084
-87622437
-87722868
-90579578
-94219011
-92245694
-83784118
-70088211
-71311863
-79174108
-96339439
-103401201
-96458864
-95568097
-108112469
-104585871
-101408068
-108515991
-104316717
-98540819
-112520403
-114112068
-113218335
-101461990
-87644731
-94540876
-99142556
-78050925
-59640066
-56077828
-62065157
-60850385
-53422137
-37142284
-26955207
-28742021
-26143071
-16286869
-1998587
19554214
38326326
46263481
46728210
66730064
97596163
101498621
94694357
93761371
94503268
108354979
137148610
162395757
177340563
188876646
211951618
247555958
256515393
261104796
278111100
291515737
296461414
306350716
290319132
264653151
251278642
231340329
198390715
185084804
144875430
74228320
37017087
3256927
-29916075
-64710652
-107027433
-134028713
-156089402
-148915005
-157825568
-170710776
-184519466
-187798164
-165605888
-153959890
-152026921
-144642684
-128819653
-108203479
-87131127
-69269831
-72639369
-67657933
-55060045
-45351143
-39149139
-52168226
-80034416
-78283757
-71605588
-79513762
-93733551
-112347859
-125182173
-121618589
-112544047
-124158771
-135300584
-133565847
-132185043
-120270407
-100295382
-88154944
-98282788
-90003907
-77488449
-49464503
-27529130
-31034586
-37087404
-30183621
-15832050
-11132293
-23721646
-30362010
-26674879
-4582106
2157215
7254667
15476057
24722268
29544932
46710174
57149283
66706837
84432124
84643367
90063683
114217105
112636745
111942896
147768847
201092735
214717991
208333302
222330145
244706563
277923918
295445932
291670358
276640295
284304538
294554106
283934014
261489680
215635834
173414479
145006958
108138550
60802369
13081275
-41512156
-70829294
-80803867
-114239084
-142660158
-177006211
-195683364
-182328693
-181670069
-189731187
-195498470
-178466314
-159706765
-142601159
-143315859
-140281402
-113563537
-87315730
-84493725
-84782138
-80352556
-75966115
-69890402
-77877572
-99344599
-105678728
-112683846
-115062347
-132956291
-142305544
-143926190
-146686082
-147010859
-155635541
-160412611
-161413814
-138873944
-124265826
-117046575
-114550873
-110600597
-84056896
-63343815
-53609433
-39927773
-28934512
-24614400
-8454604
-4210704
-5624723
3028212
8989252
22966529
38352125
41218147
45291588
69972458
79322886
65646873
83526707
97457026
106135962
120157643
133044176
135917525
153571828
173364544
166621145
172907686
181422801
189010527
206721194
221550555
232603820
234277912
247465662
264934135
277417037
285655261
272834061
258254687
255716712
258093726
234285573
190981762
153883266
112711876
88824081
58804700
28871977
-28156554
-63858083
-79033368
-103887180
-135993829
-167597934
-181981727
-185088551
-190499577
-192687067
-202404894
-196175922
-185040693
-168207553
-160484469
-164305358
-162316871
-149725497
-140189081
-131778011
-115714234
-117299898
-122402165
-114585255
-119813147
-124988879
-129450960
-133148129
-123993413
-123177380
-127932334
-132431393
-149170441
-148454939
-138445570
-143843249
-146515063
-142423798
-128755381
-113186924
-95525414
-85890871
-79705332
-75022833
-58795981
-50508542
-43383447
-25943606
967111
10817160
7409484
18991598
30821616
56465961
70745708
58459673
46580226
51843531
73898370
90001006
81729829
92860953
108033547
122913098
148924194
156224252
154173869
146110766
148790662
161308432
164035640
158164940
140278608
137089414
151821822
185407043
183836473
157280364
165422902
184107244
198567041
206423543
210206310
200975345
206225114
217372756
200184464
174862817
157633407
136057164
104376694
75667244
45162271
421866
-38388808
-64162833
-91756778
-121777847
-139597144
-162989343
-165390646
-159970553
-171833325
-169727440
-183863671
-168846308
-155785554
-153024681
-144340210
-142403652
-123410042
-112711854
-113001363
-105583387
-107133316
-108903988
-115554327
-121226243
-126730929
-139645806
-132775253
-131517533
-144658376
-144117335
-143976774
-140094971
-142411876
-136264566
-117256780
-107169958
-111655889
-105148123
-98900393
-92085933
-69810488
-50164716
-38830571
-20120510
-3531396
12626764
29870027
52296008
61034422
71294820
77718160
75505474
76480750
82793540
95380245
107509777
96533236
77729927
79434196
79410568
82528137
84421851
96837715
102704785
100030026
114631240
125814431
131749001
139774652
143612409
140769951
149257651
156289668
145497620
134755754
129063899
137926256
148110504
137856144
134984232
142576648
145749083
159419532
173640341
172370429
167246321
154196203
142617941
126812193
105346410
75560226
49595906
38610191
22671377
-5201973
-45566579
-82693329
-97728921
-113374194
-128665537
-148064414
-166835409
-186571679
-179565756
-168763157
-166374005
-167528111
-176567871
-159795888
-140822032
-140866533
-134146973
-130650853
-126240333
-129564537
-132526218
-134185243
-132145672
-127582356
-125014647
-121333423
-118104424
-103692366
-111762259
-113695943
-105848236
-101626144
-97209191
-97015186
-85929389
-79316469
-72065127
-58572745
-41603898
-27900304
-21151404
-20563315
-12720390
3572825
20385647
31692938
40257907
50499194
56263034
45609929
52666151
62127054
62946963
61506381
46365361
40837105
38593618
45227397
56064163
51940800
51431685
60452344
77102901
89865163
91279471
93579067
111333000
128364435
140470470
132792520
131367671
148823000
157833261
142628723
131745287
115842061
112559416
113464556
93230779
71529739
62387633
67351136
60447110
53665790
48626618
37959187
50467314
68029920
74208176
69092175
67845308
64940059
56985138
58271779
46795690
25906440
11627422
487246
-20180588
-39381957
-58564730
-90161649
-113702250
-132045356
-135972101
-143302083
-156696225
-160265611
-169893033
-181447072
-173267316
-157138641
-149706933
-144769224
-143613427
-139904885
-118613040
-108887589
-106803590
-110781462
-108154730
-103994980
-88212411
-63893807
-60134247
-64321950
-61317184
-56929280
-49144316
-44725955
-53498662
-52350604
-33913428
-26598881
-27071277
-25838180
-20170309
-11717232
-2415750
-1136777
9346772
21769068
27562289
36493453
39087731
36262772
50232464
66512807
69378346
71106778
79164303
80744017
84923858
93087806
93188100
84123857
83629866
80512060
86055522
86968233
74675977
83535475
89812481
92623061
83744757
84938332
91181465
88584548
95938468
98791949
90662556
94100069
97113982
100503438
95501600
92906418
101107123
95684243
91527675
80294329
67743952
63409724
64749303
58022124
34347556
25854018
21274518
7603521
-6171869
-25454640
-30706627
-35984570
-47750700
-63646897
-66008269
-53617097
-42222485
-36675840
-22524469
-16737340
-17882482
-11123021
-7458959
-3439460
-11754170
-23969305
-30644999
-41791002
-40460408
-47739209
-66650090
-91104198
-102556891
-114324125
-124637992
-137444121
-154892372
-163529451
-168029473
-172930193
-173689712
-176933862
-168200868
-153201360
-141148553
-133471608
-116324854
-101721218
-86606019
-69050317
-60679234
-43692543
-22326122
-24694989
-18698521
758969
13107268
9461474
1122058
1778251
8132076
20263967
21230596
15965171
21197495
30842733
46832409
47171692
55101339
44344387
84608972
103281216
86775031
74877273
95299046
137277757
122612744
111850375
96871452
113154962
134357157
121310259
105639475
115250282
123836788
101061828
83393538
60511623
38914198
48013831
34333013
23994282
33292331
31946046
28350484
37099998
30739943
41713315
58911964
45772195
53881604
66612683
54020873
65310261
61238726
55592226
50750099
42099755
52088172
44080098
21621678
19589797
9830809
-9477916
-19810923
-22318507
8337934
26335108
-12569913
-61178337
-69414690
-96763000
-78170987
-72730251
-85499063
-84068820
-74895742
-74698303
-65331281
-74593289
-80333220
-64400969
-64202123
-54637138
-40493020
-55651524
-55705254
-39221617
-26438934
-29374952
-44216498
-41740424
-21912540
-11904157
-33367363
-28983914
-34847757
-42907944
-52494950
-60142993
-53513296
-40405534
-37108585
-38366188
-42115616
-51932059
-35036433
-11388592
-33275795
-20614264
-3624591
-4652493
-4219104
-13309823
-17062390
-8473143
-17616025
-37113661
-42756859
-48606247
-30926583
-12277582
-15457240
-37120749
-15055801
-10386461
-24648038
-3579991
8766626
21551857
24910760
64110229
58580318
108403140
140675476
84607325
61468308
62568541
60912397
67081518
76003772
62962026
56086455
81914242
70636763
59650448
69339545
64684448
45158090
19379430
28217882
42138518
46305793
30051678
30923129
9572819
5224974
-5718961
-29342479
-33935580
72666604
122547951
88277122
49470606
96929937
141963042
181855940
166510603
106316289
103057007
137888249
135971593
79575499
32326104
-10873460
-35817329
-78418916
-98371528
-134803700
-159477214
-168180067
-162235309
-151793030
-142340578
-151170355
-155053150
-123814800
-78870038
-59173384
-47010329
-51150393
-44287245
-43925838
-39140880
-40804905
-58821087
-70516158
-78189900
-85798498
-103163373
-98501243
-106777377
-113680959
-105617617
-93033750
-110086556
-108756468
-95622649
-78791898
-73928931
-71946163
-69946734
-57624027
-45308213
-37895607
-27110763
-22302052
-13298635
4860726
11678524
25899158
41164552
41142270
35842332
45781487
52083674
48726059
53338291
45438627
47874787
67333254
74524288
56343066
28050297
47639660
84882610
87495250
83871030
81793651
98860053
125641197
145667569
142565732
125980776
106744177
100292248
97166130
70981179
50468608
22406115
-714618
29912243
116453182
173557601
170887909
147510191
184479179
247995225
292154198
257743253
186926536
178166664
185389472
160493412
79294062
19604614
-25020839
-51268372
-97330085
-141423310
-179555509
-182971879
-170311026
-155667143
-154248509
-139836179
-127625552
-115243311
-81746732
-45667614
-39445358
-54646358
-64493661
-89573809
-96365554
-94437306
-115211930
-149197379
-160093531
-177431289
-175750410
-176780324
-181539354
-191956368
-178081769
-157068060
-146971154
-139808910
-121265580
-112332071
-113471736
-90556075
-64557392
-70651575
-77292379
-70722584
-71738144
-62182437
-37618832
-35537711
-48308318
-34774688
-5907653
10838346
5220378
1550918
15614976
28704024
35829572
38682418
18500335
-2108066
7931632
32168486
35582284
20035068
16584428
24217756
46908418
59599086
70667091
84722994
107492858
137168400
144435303
148887018
165059250
175683131
161960674
153491044
150714177
139102291
116153882
91259611
77687987
49321011
48352658
116742851
224541779
248819987
213567999
236772364
324524580
368473711
346270639
261494182
236867696
247829936
245932643
157841081
66736307
-5494711
-52423315
-101515823
-163823241
-214905169
-244517439
-240294919
-238753638
-234204373
-211640426
-201167171
-188611736
-163876410
-133198682
-86713177
-81996906
-93520607
-95869669
-80019936
-91428378
-121902726
-143290421
-151749248
-149199975
-163816086
-181761271
-190960112
-195956175
-198155802
-183985754
-184006824
-178603777
-156135491
-132487073
-117416344
-110329862
-110329144
-109583611
-96203847
-69722116
-59815097
-64620025
-56340780
-50025429
-45048080
-32228636
-7583009
10114860
12415533
4259604
14171038
45768689
61570338
63144585
54335728
54177578
68062185
54599148
44348752
48281924
52843932
66014074
76419422
90541030
121083176
154308682
171161395
183540717
205964004
231770258
259092603
262456428
246249671
226741712
214066872
194233559
164109722
126937702
99673745
116733421
196608680
252916849
226977056
175129259
217583921
303213809
311105597
242157356
191261238
196770722
204016718
180616211
110677186
16419904
-63523281
-97943223
-144302701
-198517067
-227336451
-249175531
-279642193
-265855959
-249368284
-232968170
-233798585
-209316127
-155617531
-113356029
-88022335
-77975031
-77829104
-76028089
-75374504
-83721901
-93810097
-122434293
-140733073
-178324245
-194144157
-200068847
-209055654
-227793766
-243468652
-243735018
-228537503
-206437785
-199978598
-193335615
-171562969
-137994069
-118836715
-110340703
-115843226
-96377551
-70572805
-60829537
-52553942
-45087854
-24428760
-13817361
5428288
16849973
23726709
29667440
41116026
56473991
65902195
59897449
60654410
55656911
55672686
50114450
71810081
70158681
48103265
69383389
82053758
88640618
100147636
138008282
159711106
171886468
198382197
211210462
229399145
235974507
223779207
216543422
207550478
210939131
198356471
154046470
119418109
120298510
118152276
100777102
102029964
105190412
80884597
76204333
103024016
131818630
147555227
138365800
140543639
148618215
156744391
159990327
137576193
102359504
67202504
45735277
12162666
-26387874
-70851166
-105710529
-134631261
-162935936
-174311931
-198929594
-221313858
-229425879
-232039630
-213037710
-202010352
-199929388
-201286869
-187480431
-166432768
-164147147
-181743519
-189898886
-177076874
-157035449
-163294694
-175787508
-174286561
-172897967
-172900687
-155057977
-150967181
-157647155
-141841642
-135389668
-121529259
-102495792
-87789265
-85919989
-76796199
-54089254
-39973876
-35227299
-32526748
-17754841
1199343
7576562
13580707
25797731
44807637
65754204
77629864
84791342
94177161
104064772
112041520
103662055
95484903
97314586
107864256
114895512
116954926
108930217
96224753
98617396
99107116
111925393
109548309
104231093
104911290
107386147
120476593
129577887
131493037
125525314
130333653
132584839
135747590
130423932
119716604
115604814
113023650
114606748
110107783
105859287
105786441
114663789
129116331
137836788
145515753
159136123
170570119
169721970
172262244
170996435
152056295
116144357
70846083
38155479
9918375
-10192634
-42207474
-92792415
-133482429
-146309735
-169172700
-188667680
-201550039
-209490215
-213698446
-216883030
-211820267
-200269741
-203996612
-207915422
-200152492
-187835154
-171154284
-164276128
-174093301
-175123990
-161091844
-165140455
-176260966
-166577394
-151709351
-133118676
-131316801
-126547308
-117019075
-104241419
-91883582
-85603335
-72115892
-69434548
-74199221
-64125645
-50880897
-33297000
-26096165
-26044602
-25384492
-10186232
7016066
14047880
20475139
27682382
48874006
51682990
43521537
39751176
40792169
61723964
87578986
94553890
85477424
81821706
87860018
96409312
101270425
99226764
92854475
94542265
108222074
119299753
114251475
113169249
127756501
145622230
149128580
148793993
152391543
156630875
164137857
170351538
157465979
138994766
135844246
152004144
159552914
149961164
137123536
155172773
164164200
154738725
169373806
180516583
184070388
197310343
198288127
163168252
127153678
117800918
101187657
64953845
10130528
-45954067
-89313315
-116715314
-137080918
-171952090
-205739148
-220996038
-240841502
-247994654
-248999415
-239980052
-235614056
-236163681
-218939783
-195617034
-183679818
-162296772
-142377540
-133925047
-129802882
-120209928
-109473083
-93130302
-96349542
-103855538
-105261970
-108140035
-105478091
-118432781
-114774280
-111071467
-125930975
-127353821
-123087289
-111067483
-108220500
-104998863
-107046521
-102882313
-84132958
-69937776
-64514997
-51202696
-33562387
-22961508
-2230309
12082377
19552062
26533745
42195478
52497367
56858879
57586037
72168305
81261176
90326423
97327675
96837707
103752054
90748495
83791497
96556790
108159586
107061085
112928010
115081248
144571001
171727305
174084574
178258187
199376375
210380552
221478274
225510561
224367325
205422619
195354827
207692979
209129516
185440262
162398723
172124858
167348013
150977244
159413131
160091574
158673320
160006454
157954894
132965726
110058479
101422084
72484060
44942464
20751127
-10304143
-49837436
-78559299
-102889762
-133379988
-164454844
-187462660
-199885696
-202424378
-207465828
-222232229
-243730891
-242404824
-221205609
-206735081
-207859507
-209871401
-202255855
-187080277
-174237239
-172051524
-174363738
-177170232
-165636632
-150744824
-158993544
-177796614
-174839461
-158821228
-151694347
-145256185
-153930904
-166977552
-157419257
-135557433
-114940891
-110469841
-106008638
-93136694
-67674120
-41983469
-39351593
-31509204
-20838272
-2728824
18928307
31375616
36000144
29301339
49891910
74566082
80981402
75104346
75905435
86269204
106670727
125188087
118941195
112184581
121748697
139796345
146204330
139831247
147568048
158557402
162686191
173138614
174273560
170129505
166016018
171099673
177036341
180673450
184913991
176370186
173677911
168661078
163296856
150796788
137272354
138864067
125988934
110345920
118732596
136197965
129163006
134085566
138154731
121078688
120984767
138014130
131162501
92562401
62739886
47459330
30463421
11526045
-18328856
-66852388
-100687834
-114781489
-131269281
-163454421
-186736906
-193983757
-203384009
-217365567
-236159837
-227052040
-216055802
-213747385
-211656149
-219522742
-215494445
-193958497
-177918144
-170863176
-164946458
-164001159
-167933125
-162704764
-152219065
-147653408
-145894144
-149391480
-148711469
-143875772
-144928021
-146928852
-132989750
-116955810
-108266116
-102930032
-80260967
-57050308
-41311363
-33422955
-17674136
1629656
24940042
47434980
55086598
61727977
76882927
92228453
92320984
94049293
102859902
113172253
121283064
125988821
131035631
126523549
130782585
139156023
134204542
138966354
143971599
138062576
131233552
133931688
146351164
153797206
143265034
137405319
148754946
142379979
141254985
143711274
149787829
146990584
142480699
133935945
128598561
129920871
115658650
96066003
92508909
81370615
69989695
58128462
46346340
41616907
28292393
18082760
15953161
13220982
1958379
-8022726
-5099025
-2260204
-14316
-2392693
-17188378
-33456815
-38685569
-45307262
-51369990
-56049642
-74125054
-92150814
-95176063
-105152037
-120368389
-130382713
-151409415
-166589102
-162212201
-169139123
-168652759
-174163475
-181128489
-181339419
-182344356
-190521572
-182375246
-173771252
-178703689
-159765367
-142085925
-141169045
-137869378
-129442256
-107353892
-81230398
-71004449
-64547467
-59779816
-50711074
-35335112
-22034200
-3715769
10219831
7550343
10823884
19654321
24379510
27529695
22824321
23748589
15798223
24691316
37780092
46239124
49435539
66158859
83320168
93831344
107330719
117352774
131766196
132222506
145661468
154592999
150577665
148341742
137090273
133768323
137660195
131531837
122551769
106506442
91786648
76988481
67889083
60178140
59531438
60484548
47480814
39238808
39719352
42988453
44296681
36574033
36914303
36123287
36032423
42971393
41549014
37051058
24977292
16301692
5587011
-9860204
-24847639
-36390192
-45940737
-52323655
-62660684
-64137277
-72109485
-79331894
-76570662
-72974993
-70659539
-76229640
-69869839
-63286165
-50996472
-42393735
-39663481
-42329536
-48137909
-41286909
-28913670
-26979752
-21143244
-18838916
-24543125
-28313329
-45478695
-53717245
-40889441
-43427798
-58236416
-62353014
-64525218
-76700143
-83292815
-74866655
-72145255
-75064398
-87287446
-81235162
-73459985
-58761484
-47149523
-39006843
-43098901
-35348940
-24310022
-10154366
-3320733
-3934849
5646893
4605812
8353050
11584492
10784476
6903067
9325327
16385395
17707204
20147980
21282930
35336516
42085403
25221413
27113370
42617334
49579170
55150611
55009354
52150022
55014496
67738031
70144312
67266522
63920947
58976651
73449747
74589941
71300175
74374398
66564726
76217525
66253329
76818561
172798037
149971517
80090490
23024374
5129679
-1735295
29569765
9866027
-24898703
-13690364
-33846022
-30269026
-11429445
-17024804
-42948453
-36533344
-13658075
-792870
44821426
120307535
76520071
36655518
19036298
37531115
99697477
144276699
77929272
19044369
-18579340
-103872257
-133420272
-151267571
-189851531
-170272443
-139026784
-122990719
-112326058
-102507575
-87423907
-53342224
-26254450
-23133295
-12614174
18713617
46906470
60404784
48401588
30238362
14509631
18657843
5936093
-19298529
-25503545
-40115414
-48011141
-62918312
-86244179
-102682837
-82714633
-63746930
-67087831
-79673690
-89168071
-61445272
-41297531
-44930430
-52966863
-46744714
-9293849
-2606197
-17498238
-26137449
-27109363
-15424329
-14566812
-34994539
-37502486
-37265622
-17803412
6093842
16218814
11675368
7310488
11899097
30998099
35051880
-10272229
11522115
69365623
69500944
49392921
20064895
15273124
68551835
117168943
107279908
63238861
70222799
125345254
161968220
143427455
81745129
23531001
44674467
69895470
4950922
-64537387
13369433
223630884
322961625
247136664
164429540
206442799
311857905
350284721
261279655
106456946
49166960
95537569
105693474
37802771
-85796583
-153097303
-138264124
-97418003
-84114503
-149863977
-177799743
-123691044
-59801737
-27526306
-63322152
-118828474
-114509811
-57830889
-39736732
-69177708
-124594002
-155126788
-148369536
-148488160
-155856060
-165840629
-181521727
-182469221
-174950484
-164108764
-153635861
-150546058
-149961905
-153648784
-158476394
-152014523
-138797605
-130369753
-140262070
-130508005
-108470770
-94767945
-89004803
-82401093
-67269730
-41163884
-7128854
-4674328
-26818043
-31887858
-8803329
11142589
17307137
12883897
14492513
36446410
38015107
41191144
61199844
75893350
94882159
125581568
120588473
92147127
100213381
126905600
144467202
161303568
171119839
161178144
167147642
191705984
218877795
177222518
117319215
93201341
104569415
147289796
248635869
398392008
446503923
406585195
386925482
425247293
437663841
392991626
290933140
146887963
101811662
103001818
54986846
-38858180
-148870313
-214379984
-219347960
-193459267
-195971498
-228920306
-234398825
-180712645
-120694705
-85386357
-104500587
-151625053
-145529009
-92249856
-55770274
-87502030
-162363493
-216401529
-209855539
-191834142
-211561008
-247956096
-263435510
-238849722
-202866924
-171282096
-166715082
-167869607
-156834157
-137221705
-102841896
-105957783
-122644457
-147877940
-161263808
-152132960
-137378564
-136969950
-167974230
-176131510
-164196277
-120391900
-83810003
-63540887
-46392023
-41955611
-14578232
20387707
31871082
18130021
19395529
48216032
62689266
70514146
66205897
64839247
73077469
98714665
110441082
100987319
110890226
120481965
150895628
190103293
204604278
199520921
209637831
232495194
244681984
232092300
206617184
192814619
176193663
161484745
156996673
141145264
121429358
118530643
117441640
112241487
104331700
100715490
98686971
96503246
99676709
91166602
67274565
44024491
59183218
89525689
99215455
95200737
85660530
82832804
89452156
90007261
76735955
63904740
51721558
20140296
-3673090
-7872162
-31392999
-62523538
-90368639
-113492760
-137769525
-154435962
-167954128
-186108494
-190922022
-203523813
-205792947
-202473673
-199202756
-197123519
-193253933
-187830325
-178609855
-177470223
-176918532
-160478801
-157953002
-164482154
-157954084
-142396446
-132756976
-120126210
-115043837
-103166375
-92512056
-79874341
-53303559
-59808903
-69035117
-66417988
-68437015
-64777467
-48458560
-48211588
-40501091
-34509177
-37223223
-30719437
1943204
27464054
39204290
43985017
66914992
95871451
105630580
119463939
122350834
119692771
122019102
117966577
116340634
100353329
92289685
75499339
69497370
85453699
98217857
108055921
113259770
131760809
149423894
148003556
163479488
164394693
159050911
168828490
167746439
150444119
137629373
143115682
127039181
114825937
99382022
71245721
61438244
64909912
74148687
55029149
35325201
37312243
36516614
37436321
28952920
20704462
18090538
25037855
14580035
4946620
9138804
13506179
13291978
-1885854
-18703020
-25727269
-15241991
-13800341
-31446313
-51977096
-85647534
-104522052
-100853477
-124331941
-165180965
-193904226
-220034661
-229986116
-220630079
-228885293
-238522731
-236149996
-239207317
-223798261
-200729067
-190295842
-180164188
-174822297
-161853108
-118364194
-102511270
-97463097
-88852239
-92301370
-66238470
-44574231
-38351311
-36937642
-29343002
-18377663
-17416221
-2935714
12378648
18482663
29252921
30309643
35045788
44107028
54378623
54873973
42889866
28642252
19030972
11154693
27462557
44991596
55821218
60140723
71969980
90752820
107925020
124821430
133013961
142860415
148328736
148453466
151566451
145953142
127673671
113728510
104901345
86089680
79227961
68918843
48376274
49540442
52352139
62386020
63107101
73640300
79465371
89135230
111337417
108889159
107181310
119031673
118663328
109596805
104079524
110767034
96431915
86396895
93722823
95249307
93225642
83642342
70465872
52490073
37023523
36661628
13670776
-19889938
-35090890
-49920299
-62283291
-74637524
-85494383
-96888075
-106028809
-106904453
-106576383
-110912986
-122363028
-122397948
-124096203
-130450590
-137920309
-139852144
-151292669
-161912871
-166232307
-173888021
-175359999
-180883091
-177866154
-168756553
-163394749
-150758910
-129415666
-109176974
-93972892
-79386614
-68330575
-57108175
-41793208
-37250723
-41078107
-58361360
-64330788
-58809789
-67718477
-74616732
-69506776
-61839437
-58803678
-47981765
-45660593
-46684519
-19759564
1769270
6620919
14189214
23593513
38733460
57349621
63168410
63938905
63051070
66047519
73983042
75551411
70512480
71770684
80597438
82851093
104896172
117494299
123487278
136001541
150392994
178100272
182156358
169237118
168421043
169214065
171235716
171795205
160996839
130623816
123608755
128973311
122757956
111754990
90913608
73738471
70296274
75799606
63360645
50075776
38899560
19487282
31749683
46848312
53676401
45183601
33937938
45775857
53631289
54421742
33949475
2583659
-11265210
-13207669
-12332662
-23333161
-42683803
-70131209
-83978929
-98780359
-120315212
-142412647
-160233376
-163911209
-174960435
-174077087
-176932696
-176122802
-161914943
-161820188
-157207702
-151395544
-159982551
-152657941
-144979695
-138135450
-139255915
-136697136
-134796018
-137498937
-132965575
-127070353
-117737921
-99595310
-90660388
-89397755
-69025605
-51538128
-41920777
-27628740
-15543366
8700798
28860258
34877427
36562332
45397795
49241455
57747015
54695390
41372819
44874002
48135073
58601647
62314011
59110277
50469943
55758290
67376995
69270080
73058032
70814340
86818282
102311373
102934430
100029114
106825593
118718270
129402576
129862993
129026650
122614606
120336040
118404823
123241997
118162236
101941922
88603157
79675448
78030568
82396613
67246850
57941720
60653610
61927346
52611928
44645292
42460350
38121051
39543825
29909691
37363323
39754324
38436465
40501765
21879436
14970312
10735816
6103719
5465087
6917021
-7146096
-18178095
-18280104
-19199901
-12671141
-19562761
-27643380
-34367590
-40785271
-49931078
-57887384
-67577452
-98067933
-111052027
-110627184
-112608891
-120661903
-142803193
-150616458
-155205186
-159927275
-156269563
-161660807
-164062377
-159576632
-151801519
-149830464
-127603268
-118684871
-111095322
-95427433
-82556288
-63857163
-52424335
-43142399
-31376873
-22538473
-16031738
-4105829
-8349102
-6031348
10616096
27284891
45187782
51996667
39510847
30526257
46176677
49821284
54215930
55160075
46345717
49651287
61955544
75051804
71493561
69296876
80871463
88814765
91539289
87045131
71819415
72465858
84514063
81787918
73113679
59088104
52958707
70553514
78366160
68157689
49352009
41925861
56189011
68907678
62741838
51092893
43221081
50840488
58561354
56416986
54686715
46049352
44992140
43879753
36271107
13554103
-5034675
-18905302
-27393532
-15272736
-21767877
-32928907
-28443185
-24046245
-23596273
-15603716
-12928109
-27042706
-14987017
1676958
11767708
12316500
-803119
-110404
1278456
10368006
4034468
-17808189
-35115445
-38324113
-29257068
-24559932
-31631000
-47048671
-47908029
-51855281
-55408308
-48752036
-65670053
-67364222
-67013150
-72391496
-74771127
-80601233
-82302616
-79091650
-85481930
-83232247
-81865784
-85219861
-78159635
-67898569
-61645264
-65439568
-67097261
-59178975
-43591909
-28501217
-22143866
-14795972
-17213675
-5971711
4464770
9223158
14159343
18952951
29265504
38380140
41278513
37538022
44694526
36870342
29206883
32202671
31748911
26020605
35465687
36895380
29509391
36075813
43159365
46020232
52209959
52309391
50361327
55046647
68859642
84305007
78095107
61758138
71903430
81467426
85714824
65842359
41380392
42394839
56030040
56975815
41993073
30813180
30474940
39343256
35342298
24972027
21867866
22186182
30994459
26731459
19639958
19167075
13705890
16988785
4981140
-2622640
2893842
7610173
11700270
9856394
9929895
14317034
19802951
28127527
28162587
23608372
19741923
25165445
14219833
11054367
8177269
-6391233
-12070517
-9307181
-21018516
-33283060
-47741762
-54383055
-54678591
-66393577
-70460672
-78175226
-72262417
-72816491
-75380261
-79315352
-87533667
-79866764
-74462428
-62742412
-82854381
-93787102
-86490576
-87972627
-84958625
-84359100
-72789238
-78570025
-78044643
-75668156
-73875175
-59773233
-67314016
-68253953
-60657560
-54648859
-39856231
-39722526
-40336259
-22208379
-3499451
4215763
-2487167
375893
10405262
27486556
43214952
50103008
44600197
40822544
50150830
56311236
63760872
69899965
67348143
66145203
74408131
88259994
94959641
86637115
85489937
88716550
101992650
102404548
89986922
87176115
95998398
101269599
101917837
91863281
84791293
83804303
71300795
66106930
61756402
49959632
47934995
55491295
53322943
48691569
38339743
34913385
34836229
22679794
19400053
19305260
9370109
-7974670
-13120910
600996
1669435
-8348
-13193296
-34971701
-28064049
-18198096
-16879546
-20525901
-29269603
-35934063
-34266124
-28178886
-33793010
-37683889
-43100280
-50414319
-50120070
-62191863
-86281777
-90961037
-85892380
-91222324
-96356400
-114381968
-119335465
-114082966
-101522699
-109905024
-122508056
-120154215
-116230962
-100351171
-99645551
-95523881
-89873585
-74287802
-57645082
-51880619
-43106844
-38608939
-29503330
-25589756
-19910593
-13032163
1101814
6301518
5866497
7082235
6892776
19769514
32151857
37736894
42767034
44634846
49447752
44518593
47987779
49126667
59370216
63625078
59931360
62461391
55864522
58446900
71162369
86802478
97987458
94991564
86243190
85747951
97869927
107234667
95886941
85158854
86299264
86972026
89076963
83834060
78133282
78279140
60695220
60306263
59742010
53754036
48314818
36991415
34294706
28751719
28790486
16314128
-4336343
-7088896
2036935
10329471
3292455
-15726418
-21758974
-17684459
-3570335
-8146205
-21496647
-30581384
-38815783
-40123788
-47129989
-48087933
-49786612
-62597604
-72163203
-70485573
-68393497
-67291843
-62238937
-66093079
-68929338
-60945674
-58556124
-56910418
-56459625
-60035789
-58068674
-64879078
-75910393
-81471031
-75981402
-74426797
-71892579
-80354629
-84513823
-65920564
-58346129
-43639363
-37178383
-46056312
-30941457
-15880286
-3804997
4977409
19762778
20075822
19977883
31666607
45325584
44892827
45679550
43925983
37666098
35104351
42564443
48198360
48021081
45493922
50580522
53773492
54146024
52884410
45474840
42701572
48473264
40307201
47816565
52290378
48036074
59251560
48475642
43990775
56020204
54988176
50709100
38550429
40874905
52002148
60410735
45722691
38599350
29242668
27974186
34376634
17905066
3400428
-8314394
-7994494
-2443065
-1803831
8497009
23282461
26068433
-7589923
6565698
-10580719
10028972
21944748
-56271627
-76818241
-71076156
-41046731
-26757452
-12173779
-81750295
-93500176
-51138156
-55159661
-55866492
-101318764
-140194702
-122754730
-64515955
-44946376
-76915694
-97463728
-107133705
-56769892
-24866340
-9457018
-42739125
-70377434
-42734360
-12829338
10936811
2689444
-18482652
-17467116
12848356
43528953
36472027
24100950
3135507
7972727
49108579
50737316
32625211
14001860
6232272
28516314
46006043
50319459
31725994
30831739
42852805
66416610
83574561
70451245
70584197
70141022
64872453
75533078
59941723
33440280
36657214
54867343
60437631
52237331
23208654
6691379
24647534
37147401
47047771
42173780
28018142
24098814
15027312
-8797152
-48860980
-69743869
-81965869
-54895509
-22967903
-4239449
12303708
874474
35156494
57763715
34201982
-8266145
-34435075
-43506908
-77703314
-62371126
-36462677
-3235557
-16642571
-19163869
40701617
37582441
13600060
-13823597
-28447870
-60938138
-99308228
-87314451
-67228242
-52700038
-68168487
-88175244
-102888903
-125880962
-81180091
174120228
446173163
436254954
226683206
82360231
85270626
110281178
103000418
-53845798
-256294187
-284724497
-115353537
116187081
140765417
23534628
-85297544
-73637495
47042335
102004468
-13467690
-216986216
-296201584
-178001384
-26891989
-31307920
-143976909
-191464809
-101703395
81115913
183474343
77357588
-100420512
-167530506
-103174577
-37687373
-76927533
-193641412
-264138884
-230412706
-97890890
17467833
7861714
-67732830
-113249751
-58601882
-4658330
-40403686
-133165805
-199055649
-160416990
-59874213
-14715453
-55988705
-91842275
-39457394
79667328
187197852
196153283
120507402
56579962
110224822
191845548
195848073
151962642
101455214
67175809
34318115
44407427
59727134
24059097
-27242341
-3480821
169395598
451171551
720639405
726664590
484682597
238738949
181772026
212629045
163876881
-92657
-160839156
-170543311
38075160
316847030
383061229
202542260
24036505
-4625611
88969838
108586506
-56507249
-306170608
-424553182
-304243936
-97372350
-48236158
-131039438
-184903265
-101043711
84303603
183785844
75526793
-163363206
-300650525
-266920201
-194969602
-180131411
-258916133
-312369709
-250977780
-79376921
62953938
46516820
-53112483
-113031449
-76430796
-49579616
-100928185
-204249847
-297885934
-273752739
-163686029
-74040838
-76590493
-103397080
-83414801
-14486349
29662083
12466251
-46469738
-113509643
-123539445
-88439493
-58454025
-65296753
-75159255
-51922443
11581059
49757178
20324915
-668623
-21704629
-31426706
2368468
9803870
-5670671
24972597
94101248
117376113
101953517
103202638
130299088
158401806
162821091
172203064
150876504
123721624
134133975
155855235
127622127
52922288
-22973901
-10381175
263127408
638899215
861456605
703794835
422427992
276857436
291241792
259495356
86606825
-165807717
-319694404
-158784985
173308627
366573833
297592454
92031828
-9195747
60032103
143797844
16275217
-259362244
-444125321
-380229001
-167292828
-45934244
-116119719
-203060918
-140245665
44438414
185813054
109798047
-127380617
-312928644
-327362929
-219715988
-190055134
-268126031
-359808014
-324860654
-163017423
-18308629
-25188918
-163013994
-230722246
-166328466
-89748506
-123049178
-221510478
-266034046
-229646158
-117826142
-35845847
-58741871
-115918302
-120877535
-64946396
-28928370
-46606603
-105355658
-152029308
-137487901
-105525314
-64085955
-63541704
-75178804
-44821619
-20526858
-15493231
-17340542
-35067794
-67377286
-74690942
-34893766
3405876
49344032
86774969
103816924
113462853
148787671
185147810
187287007
197108216
246506452
240260946
212112987
200544181
206590680
195850279
168082929
107621613
42473556
109187790
285830465
544578323
707212910
629198448
488214924
370979235
318917211
217722637
60680383
-90639747
-117757787
25596211
175377108
269667626
240842750
145275162
96455246
88526690
70627330
-72000833
-260251036
-352892399
-312470527
-217388910
-164000865
-189369259
-226420604
-132417153
2729575
46168411
-7097002
-141138179
-252402222
-277442718
-242096238
-235678354
-270527242
-297582209
-266804556
-164898957
-74811135
-61487125
-121764970
-214393662
-212533420
-171431981
-192084479
-245171356
-314028124
-297159857
-186301376
-96916259
-68737078
-115755596
-155421713
-147481474
-65983889
-24547850
-91186409
-153225545
-163101175
-105430385
-8842979
23363330
3495636
-28367276
-2604609
40670616
40203337
8526308
-21620208
-16264901
31787271
69056092
71626489
54419932
79055555
172185233
266326655
236391739
116674626
108077255
192597510
266130820
269850748
242059121
173054151
164009920
270563995
308752902
207389567
51559333
70850126
386276734
791701098
833034722
514563918
215540567
159740268
288112071
313996444
76335706
-224506020
-263107194
4947025
297837194
340027395
87042479
-157011947
-139984921
56949128
104930671
-134623954
-422410739
-456396661
-235547533
-25166509
-28305840
-209404976
-295254571
-133085197
117346510
139368721
-91496664
-324572097
-347008769
-191516964
-63544596
-114733422
-273769067
-330981099
-205434958
-36839171
-31887964
-163834835
-299990974
-325781601
-213571585
-113169586
-135808737
-269665380
-319805847
-195825685
-70784511
-64852048
-167376729
-235271552
-210461640
-98961560
-7501268
-43016573
-130088035
-157055620
-68340948
45097987
51395429
-10698433
-76357527
-48201306
19943904
39774813
-12369528
-78056911
-62908317
24010486
72199749
42867518
-21623224
-8712170
93889143
241969324
277235298
165724296
123617174
216749284
343318756
314014537
220622005
179965174
134380548
134147020
172962071
179981955
178378309
306980303
634732562
813542476
680079196
384562697
221501378
227995328
211997778
103170174
-83571278
-200347742
-102019303
151624942
323591430
208372319
-8193616
-68092352
8482457
86704867
4393344
-200712334
-340773538
-311624909
-145857168
-51465718
-133092017
-252159377
-199924353
-10442075
100443623
29616488
-136667669
-241539904
-228855637
-137182241
-126719838
-236908422
-313823348
-256702302
-137276358
-87809742
-155473939
-251107869
-272569914
-215611564
-155895625
-163456188
-230013352
-267891378
-208034520
-142104573
-155888229
-216094816
-254384318
-215254288
-146782849
-92879355
-82381186
-114711428
-93279411
-32972344
21163727
4369965
-55202661
-64714089
-35506869
-16245253
-38381165
-58036393
-59527989
-43079097
20935796
55981030
18942466
-11076136
73865780
145009780
145648749
139881560
152366701
202040909
271674955
323905511
303920757
257917212
207296368
197029849
224998448
235916224
260178373
334563542
550856490
712233043
681364735
548172129
414038874
327171328
255001008
182819881
54812938
-52259034
-64683048
18001906
139348455
127639092
49508180
-10407202
-5531689
31583048
21645266
-54292420
-172044966
-224482038
-180054662
-148019362
-197808975
-246153415
-241660775
-166013171
-56285061
-10355405
-72196936
-166205354
-203380693
-169901659
-137783410
-167475666
-216971648
-252741115
-233116174
-179169108
-155189010
-194721602
-267695147
-279618020
-232004738
-175772007
-156824047
-189251878
-187152941
-159043872
-144031179
-131700194
-153113859
-185339521
-210051655
-181942654
-128956186
-102724678
-68917873
-63023679
-47090324
-36910514
-38957705
-31333154
-51913700
-71360478
-75951305
-91711046
-98515041
-78606200
-52629111
-40391737
-16531753
21870739
69646618
120891203
161898910
180078143
213279114
264904526
253007783
188348489
180424389
224897917
210662611
213341523
339152685
537459719
698266829
667074994
548104985
482684556
487311776
457588272
352904857
202228462
60543634
15263681
60579819
97743654
32964240
-66348233
-89092130
-26143540
73626432
72907631
-20589787
-118611463
-114941260
-24168784
3551648
-83857940
-198278380
-207511923
-110379356
-26748983
-27537688
-133382834
-218147787
-206509684
-113224090
-63076360
-107845289
-201301950
-231449242
-149105553
-73177365
-75542637
-173333718
-248381493
-235424126
-194693626
-154076402
-195210398
-279010883
-308071878
-246105532
-163178375
-158206789
-182021833
-213917708
-182075801
-96473779
-49394844
-63212486
-128066358
-159682939
-130294499
-83955172
-87268734
-128793221
-134589160
-116365969
-74805539
-46373621
-51526902
-75488460
-105908515
-92653790
-69149688
-46171030
-25304108
834913
40928860
88319831
172598345
235968339
241682211
210962339
196784362
241052482
297012443
398699707
567313262
652168522
604932072
530169114
543082855
576601534
544086264
432363784
281737596
179081071
143094739
149880543
122486232
18312941
-99140512
-137307189
-84860995
-48574908
-53756249
-101232696
-126622664
-80639787
2581115
42506662
-24839913
-89453536
-99604959
-40959436
-12511049
-64706157
-133686152
-182711366
-174963979
-122126169
-99300163
-155699470
-217897122
-233691174
-196526778
-152456953
-147112500
-183326567
-219397263
-217529699
-178473389
-154992076
-196389015
-252009550
-268164719
-240407848
-203714291
-201144287
-225726324
-238068483
-227402949
-184359197
-132487947
-115951555
-122229062
-108108549
-77032704
-43204474
-33652037
-67628289
-119157035
-144466778
-144321266
-128836363
-134631548
-158447473
-144488296
-105736222
-33630301
9129240
20822098
38527121
93700677
176875302
220709879
248130045
231858772
229888686
266423044
381237511
529908912
565756368
505559074
439655537
520813437
608265886
634573927
540270694
411940226
345670256
338385903
367601897
284577875
137632312
-23271755
-78097468
-58026145
-62042634
-118554427
-211046570
-228381167
-185434427
-97288379
-73140901
-92158969
-110642718
-73286652
13427986
61440773
34503599
-37721324
-71078914
-68633603
-40753317
-38818902
-85449408
-155609298
-196633386
-183954942
-158396738
-159398882
-206917147
-242269351
-247435052
-219595879
-195427585
-205731443
-239682096
-249325692
-228652664
-193545492
-168867090
-178397687
-196929507
-186990352
-156586435
-121743279
-118054284
-146921792
-145873974
-129554685
-93909834
-62185741
-70549054
-100226282
-98021948
-61103521
-42530074
-27223697
-39176734
-60392423
-62526708
-33313819
-2047606
-7771901
-11776028
19694124
70341084
133476867
193866928
224094452
234447500
253837374
278074712
278952497
256978656
256785237
271078940
279166483
261248775
255979600
271153546
306209606
324273208
322311104
287734167
247127577
245522653
249567603
231533136
178871109
119117819
72047255
50432807
32183882
-869793
-61230347
-128023191
-149799146
-150113547
-146855880
-175799230
-206344204
-190425737
-144638112
-106606620
-108568274
-141956083
-151979614
-141996063
-142796672
-126535385
-128927824
-123311322
-111305557
-95529076
-75796710
-61052834
-46115188
-38687516
-48646668
-54782626
-46025585
-57292562
-79322403
-108846496
-122554412
-134750426
-139883981
-142650787
-146616737
-145103637
-139456698
-112782843
-106426830
-118962815
-121315099
-120680281
-90994733
-69032174
-58560641
-69545657
-70827523
-53761913
-33722636
-16633766
-22153786
-17175278
-2954422
10660737
38989414
59604624
70106665
78711112
90588914
108035603
120967370
126808834
128965097
144966251
178873962
201886622
192273595
174877124
150478214
134610030
128222299
126361727
121093021
117678783
130200772
162319551
186283107
202774629
216196836
236789415
245681501
248575024
227000396
193077643
156762543
124516430
102226066
60647071
1029154
-47802778
-70299441
-87077084
-113129100
-130857385
-162895797
-173709167
-178579570
-183590835
-187716020
-192106526
-179730262
-155535772
-138137141
-136641747
-115451536
-95852781
-75002359
-51823850
-38313349
-33786294
-30222485
-23222972
-23617077
-20182317
-28569978
-43510038
-63778782
-70928303
-76552320
-112630497
-145320792
-177843751
-181556650
-178092879
-168539880
-168978390
-179494850
-169437113
-141754626
-93925287
-66695991
-57321146
-44768776
-15406540
23576837
37115272
29266021
35084647
47579950
70154278
78209263
77078121
74404130
73832014
90561216
123160643
144580831
135323705
124753582
132866445
138247709
146264557
133110842
117350339
116298457
108465513
119713725
120644977
118701205
118527364
118846385
123733113
130253150
148525427
116100533
115216267
121011021
109807681
109927254
93931112
90955049
83451627
61760331
26292487
-3194505
-24249246
-50480129
-53325928
-63348546
-78773661
-80478280
-77921340
-72512689
-54617246
-41668662
-41901866
-50408497
-53114843
-49082176
-37812091
-41356347
-40917222
-18468887
-21542316
-26620625
-28651756
-34145515
-43855080
-59378797
-66379032
-82371221
-88253383
-107376663
-105995372
-105653700
-116916228
-122581030
-148165739
-148289320
-139917396
-141317813
-134743038
-138945978
-135414758
-123759216
-99471349
-99177319
-100634784
-83483989
-80482991
-55326994
-31330864
-17162865
-2180717
-3713902
3531475
16117747
26260809
32803751
29948163
45118446
54554705
66934719
85133493
103259702
123407965
124466661
120504951
118932366
111070591
114456217
98180939
96816420
97013995
81385528
78407488
72115344
79434008
92383705
84996675
79655577
69095996
64505916
70475306
72950680
73098986
62401852
53367092
51579155
59827943
67358485
57763366
43347770
34195173
25035431
10965417
-11417157
-28841979
-37839438
-27530276
-8733281
5997642
7347545
9923809
31852573
48503505
30255788
2959165
-1087143
-3573446
-20789637
-26018239
-32141350
-31815558
-9040480
7130450
-7381196
-30782280
-52461689
-64225245
-72110211
-91988251
-112514954
-130446125
-126897935
-115556803
-107270538
-107216074
-110166338
-103568719
-91916600
-98382745
-111283460
-106709964
-107319818
-81615268
-62124021
-65854144
-48527269
-37539656
-29800987
-25910481
-8102732
-16742497
-22052039
-12908201
-22549803
-8027427
11510208
21830891
33840901
47028738
51816873
50634337
55140868
62218774
59963519
63668584
59767444
45911195
51578475
52137831
57457142
52540590
31733265
21223186
23699741
31260261
37216295
42268030
44374527
47783095
50360207
56843936
58293740
40398728
36869466
38739587
35736314
26866478
5491853
4668985
-3214909
-5370777
1351987
10773665
3719617
-15616606
-2453447
15375987
15736771
7437772
6538520
15855365
20080216
30116891
28434712
22005506
13049314
13395770
10828991
4272751
3936215
-17609197
-25860470
-7151921
-9819239
-19026334
-23520655
-47807253
-56993470
-57062196
-60287666
-56911164
-60798264
-61488889
-48498120
-36673066
-29790294
-16527661
-15423955
-11311328
382190
13929563
8288361
5181061
23316286
30553814
35651100
35328118
16577719
10868539
4439466
-554378
-10379697
-9983194
-15352952
-12879360
7803997
6934016
964208
233163
1688589
10473728
8234773
11265184
5054907
-4399135
-9600872
-12649356
-15720210
-21325598
-20144312
-22700807
-26133077
-25800148
-27548192
-22657318
-27929263
-29904734
-25392436
-20442237
-7867370
3829191
9291234
1950446
-983880
-8481526
-12386046
-3607875
-2673345
-4667441
-1438275
886144
2850752
19739973
20858691
11954377
20153133
23508450
21591003
17703608
12518491
10509748
9345018
9915080
19103389
23476171
25133300
28227187
24550014
14266200
10346826
9734353
428432
-7264513
-3710631
-2668450
-2636031
-7694930
-13603572
-6320844
-4850869
-114644
8301280
6276876
3422991
5806954
10412283
13055926
7672282
6792535
17249736
30044081
34841197
27899889
20793837
11689439
15887400
17397120
12340126
-2020436
-11182525
-11725994
-18940312
-17571122
-15400970
-12834560
-12436581
-18299300
-16096727
-19697242
-17777231
-12703392
-19856928
-22396046
-16672810
-34071998
-46544453
-56042087
-60877891
-55007966
-53879421
-46452678
-39096238
-23439015
-17266565
-3389813
4212401
5937911
19391809
18588375
20052221
25765196
31474274
31604961
35730779
32008047
22479436
31101731
34824608
22808048
18609923
19304126
13702453
12698478
10422207
7738721
4518003
6189974
9383540
14536089
13253832
11292140
11841346
15416940
24499295
24062246
19200414
13948469
14407891
21760847
20673925
17262411
11357997
5671323
6462449
1695077
-1499243
-5159757
-416537
-7200328
-12225875
-15567969
-5533675
1274605
-3708583
-3164981
-560182
5584273
4575160
11894555
16133902
9024354
618758
-2192734
-6907773
-6905965
7910185
-188627
-13824244
-14224166
-27889725
-27871977
-28091166
-32446595
-40944971
-49046540
-53235686
-52321541
-46957286
-40857239
-40636456
-41054052
-42316825
-31567270
-21362200
-19829131
-24962719
-34759533
-34041665
-21270075
-2078407
-2547113
-14423772
-3426764
15812021
33067788
37984494
29542486
25563331
16922036
19112046
20553779
11090802
808893
-14817218
-7424714
11861814
34872421
28695109
21791722
18376330
10098718
22123137
23879549
22864456
26608218
31226670
40378775
39675395
27277561
48685011
72621679
151681122
253171547
88412310
-142046655
-237597711
-160953048
64161532
159190287
9972514
-178529900
-216222863
-81229691
150589300
219099849
8597424
-176719584
-192550898
-7697958
226965973
207668469
34610363
-108194773
-85330948
94483880
198560804
109348314
-31203587
-106951226
-56739253
63339919
53115557
-36761042
-131939790
-150698951
-46747240
48463524
14383327
-65530474
-127897495
-112972825
-6786352
51781181
23796396
-43046126
-90493115
-48970258
38766083
51528021
13093537
-23776056
-49758712
8397678
57921661
36196468
20162528
-1579725
1982872
44703056
39397102
10906394
-12978477
-28210568
7975609
32425399
4319127
-20436448
-37941094
-23335026
23104945
35175472
3596568
-7428211
-23895939
-10609225
34943076
33256161
39065768
33406949
4225837
32034094
55413081
22888618
-9181859
-25049328
-6579851
23118945
6678901
-39666511
-59828579
-28173738
8533119
6661405
-10360906
-52340800
-50149324
22364894
68653163
56475823
-494963
-29920702
3437098
55513079
74305117
16901227
-37766048
-37580815
-32712430
72365103
144756405
3306488
-124103061
10012712
196825665
152838529
-50765194
-233840137
-203330792
30929518
168721205
77643844
-113308917
-248080361
-152528591
90617462
191634266
48292640
-179838162
-241202229
-71142841
145365596
163915486
-9724131
-152923634
-70273352
235062573
349371364
55446138
-260862549
-318673542
-133232928
164125054
180287731
-150172614
-373419567
-290840140
-4822014
276112951
232404467
-48613737
-185256020
-79404377
182814432
315717060
118227146
-152424599
-223838997
-74506528
133075977
151351492
-44352730
-177401753
-143768075
22111262
165602762
71595401
-101557448
-153212117
-22205835
169624384
207489528
70850262
-76489844
-89619780
46028292
173554973
128756928
-26663655
-107491330
-77534983
33975740
131848024
84462202
-35788562
-59956677
19602236
125952979
235540371
172620354
-30913773
-63314308
51963677
120198147
143798944
20388789
-177718408
-139680021
9648400
72223004
45348764
-103387532
-195702018
-96483482
35136244
95686025
29170213
-96987786
-78883449
26524577
110423207
148991809
13285449
-113776839
-58576050
4225503
25603209
-4565080
-140275030
-214343996
-127568741
-45910261
-38013838
-97749593
-197756828
-169383716
-47182158
9570655
-14986824
-83242700
-110940699
-53025610
25784045
40070378
-7399075
-40083574
-34231197
38936721
91694989
44016999
7575326
5473291
46709246
119862232
99795972
4749593
-5057627
32687265
59287907
85949915
15967298
-65123736
-32960898
102491025
295336065
281974085
89736049
78802729
213622984
316039417
342915348
261431173
105684433
63541317
144045939
207171265
159413907
-71864226
-234803615
-179369752
-78105486
-68133559
-155670109
-267105313
-269331544
-132181888
7196684
17469402
-81419610
-141994727
-58661481
72633126
104080410
30912251
-103106943
-148482534
-76743424
-22905332
-48007487
-147233857
-246047040
-253026196
-173234766
-143048091
-184952586
-237133322
-247423755
-191779037
-119204374
-100792963
-137979494
-205030458
-225314035
-154654779
-88931815
-94115322
-155660342
-208816318
-176989797
-60807139
20997069
-18046607
-92848441
-67331598
42897110
158871633
200206274
144951083
100804860
135239352
209709223
271873302
296240554
416023174
607260743
586827817
454215639
463695848
496084655
479313422
475730979
357086353
181239504
129984751
98652954
105547083
83142817
-110305111
-241125533
-181044630
-100807154
-54546117
-48455194
-124466394
-101093311
24102007
93587985
85821878
7017430
-58075249
-11342897
70591621
53123611
-57517241
-190000021
-214131136
-159127307
-147974738
-178307508
-235794374
-301419568
-278445909
-167092807
-148603822
-205891553
-256396352
-272297731
-219552295
-160214721
-163340413
-221035444
-249545733
-245277092
-183171634
-124422899
-160321775
-204034294
-204825580
-169262821
-93143558
-56738662
-81447095
-98459790
-73157412
-45386290
-22374490
-32256868
-75022343
-84023663
-74501446
-62754711
-67196184
-93512078
-123858359
-85163182
24261134
83373273
126977568
145544849
146850645
206674203
298042342
351487888
446755306
704421046
909922621
798071434
601962582
567264774
609518209
623346214
556054678
309911998
58749826
-9015107
15933813
113073142
76186939
-157347544
-313519862
-238837748
-56551707
80269194
17758593
-123277548
-86368783
40913761
137980523
114441332
-55881075
-174155085
-126996183
-45231664
-5224764
-89030844
-242918411
-263668784
-169743077
-85322320
-63997608
-145676045
-260093811
-248669330
-149080315
-95189240
-154840053
-292924911
-363176818
-312511307
-242396084
-218550901
-253847932
-320136754
-299942062
-207257286
-143441407
-143151832
-179909560
-214210982
-183000459
-100986241
-65394239
-85972527
-150229550
-171787424
-115599795
-59563700
-57211876
-93828168
-132411097
-146683276
-102604745
-47652263
-47065569
-86793396
-102631831
-62216231
9909210
62669596
68372018
70237285
113094356
154357283
205612888
314814158
467213281
730464171
941541768
805476506
613191720
585730065
584288954
595290737
521820704
230635551
39248526
4645985
2307805
100948219
76512860
-142620217
-245593803
-136690899
43756007
156606134
63281555
-75089070
-61723588
19245424
98238768
35811633
-155358498
-244306710
-182531568
-80029476
-31122708
-114102734
-231752933
-189292805
-88122778
-13668606
-3559879
-122969711
-217334502
-240704371
-227480549
-193189931
-246626171
-359998910
-365988765
-282852123
-224797596
-194199243
-191361544
-218353235
-159976723
-91706431
-55560477
-58910134
-103442549
-119044054
-80603166
-32564250
-20324402
-49173632
-86632314
-82534248
-49659158
-26287628
-16006849
-54851836
-115996422
-120485831
-141526031
-182459349
-219658868
-236827140
-200312756
-137162367
-65852160
908239
78665115
145331835
235561613
313710831
319343149
288221024
287152787
387215893
607557217
898485709
985224556
704465959
451464391
428597665
494348313
499850321
331066872
43689489
-93283943
-40241373
81812733
204573783
104270840
-125200957
-161360816
-28285325
114445150
131839634
-24166305
-145879251
-124394857
-46812020
47272501
11185697
-120075973
-134451116
-63220203
28508290
85447271
-10088207
-121074640
-156394327
-183150815
-184199858
-243253448
-374456426
-455253690
-469162886
-432867275
-363556184
-337184035
-335470369
-284295207
-217299387
-158364449
-119777113
-123435102
-132116428
-117995749
-93673911
-90268675
-110766595
-124101177
-114476793
-99511091
-74047907
-69349026
-91335514
-105844896
-95796705
-91340862
-109603739
-153759657
-182960686
-218497697
-242326743
-244790639
-247817146
-209113017
-165744675
-119758115
-41078737
77257020
166111032
170128349
186640122
252101621
345401872
380926699
330771761
272975239
295968773
446174100
775568038
1078076333
938768973
586551251
429350268
439247266
505558798
489572058
237789181
-40331902
-106924306
-11084101
244178840
334293857
120541100
-72677642
-90435388
32825704
178435576
125798739
-41034162
-173398449
-242332365
-123114382
-45280820
-129304117
-174205122
-166540194
-123741522
-46692840
-55342180
-135404926
-204817847
-302237162
-328510091
-317086253
-369301667
-415972920
-450276123
-428906763
-348738107
-290869520
-206294191
-150086893
-131743192
-98990790
-68713784
-52297402
-37059796
-56410148
-82780715
-98446339
-133186838
-128612814
-103490413
-86437986
-70705269
-80562911
-94597368
-119635991
-139551547
-131809043
-153169591
-196569751
-223480136
-254935633
-275223737
-233135436
-207578917
-184935718
-154850207
-135864764
-80096038
-16026807
31798523
137895199
234422959
280836417
288889560
295957027
335060452
334157358
283263731
264519165
320193579
446921887
807625334
1077955599
904661040
627569940
377072663
263151634
335746456
325859640
182059441
11383843
-129765450
-36471412
268404252
374867792
257533949
83380742
-15791725
29570541
119395595
141020346
15812269
-180280314
-278178020
-239599429
-170694449
-124446083
-139185180
-189187797
-196135575
-188101023
-164299568
-170077447
-248265486
-308163599
-362734157
-382241642
-343336480
-315124429
-267256968
-216236870
-187581533
-132904872
-58784344
2030720
12720768
-36611891
-100911443
-154035004
-180933082
-135770062
-122540263
-172769737
-186533682
-166269593
-114280428
-48525525
-32978629
-64796830
-123555038
-152160747
-149665193
-161692787
-212594050
-260008261
-294938932
-311242703
-282956410
-243494266
-195247801
-140232332
-67370710
-18264626
-17623032
3266486
72727416
156969642
215053776
234655394
239294167
282603053
329285094
352994495
297474357
208990570
259664565
414464661
691991846
971455181
943604671
704378782
463517508
316075205
300643857
300422240
213521980
38891403
-78601691
-11477925
193827762
348795489
326556073
186554275
41242473
-28302999
7057365
29414698
-43276243
-198865000
-361414412
-387032459
-348333025
-285297469
-198239462
-172967439
-178818629
-197999699
-190440938
-158665549
-165423853
-194916736
-233564028
-286757911
-293451631
-248611407
-185892332
-154189307
-141083052
-110768601
-90647196
-61001287
6264187
15132111
-71684674
-156800438
-196284676
-183971516
-149947841
-147953359
-170615929
-191389026
-152602212
-83419178
-61641196
-77537026
-116924893
-151244856
-162795602
-159359753
-170305176
-195951954
-208493854
-211622247
-183429187
-149056900
-111741466
-98519478
-81278711
-34000792
-11139000
-15174799
3151533
91588604
170711719
225602668
296800842
329324181
328155387
334670822
337733584
293872845
253725559
303324897
499867930
840316988
1041620738
946295832
684304615
399134478
273862485
260748118
277224896
195045508
16764020
-76023261
-6009005
201265594
329670676
304784468
152516698
-51164608
-134198079
-116181090
-99469551
-163810329
-301142651
-386727445
-396891690
-341818299
-220465382
-140219376
-126788739
-145226695
-185901593
-188575429
-211402467
-230747391
-224797094
-264678381
-299890625
-320614730
-308114059
-232374565
-135415692
-63042863
-53902504
-84567806
-79577482
-61605428
-75832855
-114898469
-217543888
-311096276
-323027158
-299509005
-229466333
-191997957
-196783559
-178285853
-133074759
-73007121
-33832707
-57703536
-118124292
-160893953
-173433993
-172304825
-163537382
-191495962
-228877664
-213857759
-173844426
-120265805
-59929457
-13616468
9743515
51339376
87100623
92666143
143033070
228635958
295125311
330537874
360851561
366240196
371150797
382185044
350126466
335877957
395561837
588183363
875927103
947821186
821297389
577819360
339824008
213964043
233414464
255361919
179756590
115344449
88434487
150544920
249125697
294627355
243398618
67736985
-105797784
-202066786
-247359438
-253185750
-251230164
-281587395
-298570100
-309960317
-284346171
-180878464
-94018858
-73549531
-128092995
-214071567
-278876410
-284868144
-230531674
-187385089
-173333599
-168004451
-169355305
-133347103
-73973580
-8610589
-2359939
-53099514
-138303454
-198555876
-201979852
-195750927
-209412846
-246196867
-267354550
-262506395
-221538982
-174796932
-149698460
-145070030
-147178886
-151123326
-152752683
-152003096
-163096445
-188024359
-197522411
-191325416
-203977555
-187784338
-166545520
-132845478
-87663030
-78668660
-63150802
-45805218
306006
4483391
-9287486
12727267
82418525
164989152
250584217
329820896
336697038
325923342
323432989
320144791
295159213
281814654
325219759
415942190
713421183
934277891
914310515
732906261
487559409
304487253
225486527
281854990
267840479
246716626
182535546
136814050
161730387
163123108
135048349
47777580
-101747643
-245307475
-337852312
-362340754
-339276660
-282947990
-239278080
-230830486
-252135235
-227794488
-159454923
-84865762
-38499759
-72608779
-176775465
-265419193
-275002468
-217856960
-139836928
-99325532
-128055552
-161976986
-169434989
-117880019
-68590079
-71427850
-140917040
-230924789
-252151666
-237080433
-212933915
-202620263
-204662276
-220928490
-236548293
-243616584
-228221450
-187180097
-148237098
-133688075
-137485525
-146430611
-169157649
-178740022
-173371902
-167259262
-177918327
-194766947
-203047580
-177485041
-135634242
-85983110
-71871118
-72867931
-85977421
-74624145
-27601760
27236476
96199753
138423073
183036915
241074271
331290077
413611607
429283832
410045912
349103622
304137042
341818293
458613209
697202162
830136143
837003793
687435276
481890616
368296417
309802658
342825508
294223276
229342729
115223140
39319275
84463601
84311142
95364330
32149296
-96549267
-200016961
-274108838
-274177579
-270063664
-219320733
-172646967
-179173836
-201331358
-198685361
-127661970
-56358290
5676977
-25484037
-121258161
-195262144
-239144406
-210296551
-161400307
-136383825
-147766501
-193152236
-223961233
-198739102
-148024584
-112963826
-112448594
-158471427
-217671639
-238078089
-229096322
-207263500
-174997628
-182240920
-206709269
-223202006
-211188139
-177541403
-129981736
-84062035
-97394896
-131147418
-177630812
-197852173
-178882552
-160330692
-157008323
-187345053
-198236919
-183563925
-138149215
-91895555
-63979052
-47983244
-57308552
-60072152
-32392121
21541530
78261444
150448459
236236791
289468585
327353349
358243736
406049347
408778418
388005497
350375216
322102964
383179272
588296682
801183928
849648826
736957974
513856511
346545113
248208385
254751835
259694451
213820229
138673443
40182989
21227841
28185909
36232136
25937110
-31025317
-110250386
-216150519
-256337731
-278275846
-247966896
-200141517
-199142118
-215150613
-212607109
-170493344
-106185960
-19950851
-6320305
-66445719
-153810876
-233094768
-242622130
-211257529
-174611646
-174788872
-179468470
-191867965
-174298728
-109622528
-56720994
-39026815
-53178416
-87979609
-140055897
-169678141
-152217746
-150149923
-139095433
-162723192
-188349181
-206023358
-198746969
-172877832
-127067277
-120665950
-146674526
-163862320
-202498419
-219713910
-228437119
-230897805
-212976123
-193685100
-159015583
-154471287
-136362203
-108856947
-58441559
-7619113
35344252
66526000
72771207
111879182
163660781
238827025
285482996
334508741
356059938
359552114
356566880
346444930
390475645
468937185
641301362
750070223
734465875
627821040
493640918
393063886
351492065
361102082
313870770
255188389
149439996
91244355
97157611
132168393
126713932
47739359
-15668434
-103208655
-126257581
-143082929
-117115653
-113701126
-164609526
-197394456
-258954140
-246517160
-190222041
-91006436
-44536847
-60577069
-117044245
-199385135
-198054122
-179539594
-163331014
-171344720
-212156342
-249797588
-230176246
-170476369
-120642575
-85182378
-84558751
-96380498
-107683796
-148519794
-184500386
-195685054
-201229157
-201185976
-212087037
-232789182
-252245020
-239400529
-205775611
-178875236
-170253253
-175698101
-183637218
-183741771
-203340445
-207410240
-214156392
-198304762
-173455095
-164758838
-149879893
-151536431
-104472609
-47940071
2435570
16903708
36128243
68429596
94277561
139478387
165611799
223659099
259750480
299529519
320761249
344867625
404866777
492787983
668362136
773619452
756943279
613122057
499528638
416041320
397256036
438146441
400574274
324880364
208463577
139066397
118789074
132487358
119474220
46408493
-37851861
-119270171
-151205731
-146751445
-107510545
-104481939
-138571933
-195001731
-251745099
-258113703
-209730227
-144423209
-115744956
-118301484
-164264387
-201731353
-193305207
-157340730
-141045673
-152876447
-198325319
-243013203
-256973730
-229281523
-190060786
-165845860
-153421964
-156540251
-156814167
-161942486
-153875962
-151552904
-167839093
-197534717
-217017300
-222619250
-206263281
-178065735
-185056561
-189437387
-202372365
-198900454
-179409784
-184843218
-204631775
-204415994
-189875305
-181605095
-164483149
-170959065
-201491722
-176189195
-129819615
-92598565
-52043075
1526043
78204056
132064467
173535807
175909102
198202549
241690721
256107383
263721466
293288307
352335269
520555322
741523402
827312713
748256522
645989808
577911426
522668959
526871320
477268863
367581178
280552399
248273858
239493831
235483308
192537997
85550090
-707392
-55789913
-97536266
-99967900
-95098927
-127462322
-143451677
-157864980
-167292197
-167769454
-147588930
-113875943
-115147880
-145842709
-194893252
-197658742
-178764602
-156114028
-161346993
-196276464
-229827193
-240761322
-229192211
-236917068
-235602691
-244134601
-250045521
-242384260
-222984410
-180084916
-157342491
-159251897
-147159416
-116448136
-95790654
-102827145
-107809089
-119706662
-116638514
-111701422
-116067090
-98361499
-103998384
-125627127
-147772702
-173542637
-171724395
-149402552
-153533940
-165881715
-177580411
-189104885
-182577649
-153046851
-120950971
-113155690
-70379570
-19568290
21764654
75464090
131054166
184670454
222084040
260910351
292651928
302709685
319901472
407482165
531207608
555220180
504927074
491156557
509547829
518671272
536231704
510611495
412589542
349568074
309572864
260078790
220819033
153088124
88932860
50012959
13685178
-39253159
-64132052
-113015403
-150477267
-138287544
-151942750
-196814159
-212931768
-197550389
-166415531
-142320678
-152407607
-191298670
-217867168
-218932807
-203114036
-188601046
-214023796
-240881970
-227399754
-218532386
-222103430
-233089094
-223688479
-208348440
-194735125
-186267121
-189215498
-196075164
-192766985
-150837970
-119754762
-107401751
-85889994
-86383108
-91709779
-79685802
-80993677
-97672795
-104996386
-114502522
-132397595
-132773494
-125732874
-125958710
-133004227
-130541304
-128070908
-126172696
-125804509
-113070502
-101606577
-98595479
-81559606
-53551289
-28264724
8586837
39128800
70571158
114226929
150831740
182437319
226599224
268283240
315193246
395703554
410312796
374163450
405699571
454397304
464593335
489839984
509005941
481369874
479651844
480236592
447575280
394133174
328091982
234690356
191430936
162507289
107750007
66539385
23127217
-38610543
-84705483
-98919580
-150868697
-193005661
-194041757
-224400995
-253564926
-248937762
-246661015
-243869824
-241106240
-242856674
-248832135
-246989067
-237421509
-225464317
-220642667
-231782456
-232206284
-232265715
-207966418
-186483742
-163541869
-138863638
-135764778
-126393071
-131019401
-140362394
-121383672
-97589447
-89641992
-89184639
-88928589
-85882358
-75186728
-74867094
-80649077
-101157805
-127781125
-125055091
-109537139
-107539202
-116409103
-116766021
-118334109
-112176611
-113544401
-121277878
-107691588
-80881210
-60428459
-44929235
-41896968
-29718030
10384782
45808623
72048384
109126592
147307511
160248828
241103827
330469360
311248777
330307752
424793430
466991434
486698724
535593886
515211119
490438369
537745179
522642357
476661584
457037015
416887793
353691419
319002644
261744766
163288046
98626993
46753602
-40444821
-74668719
-111992942
-179478168
-209560894
-205402420
-208875791
-243630816
-258065290
-288468573
-301292764
-296070989
-298729683
-299005000
-287185247
-255701865
-248903450
-240892006
-221440002
-213998112
-201101340
-214171295
-222868694
-228837763
-211269629
-193917591
-180712482
-165308286
-165992421
-140525083
-122098308
-119984727
-120599629
-131829443
-122157488
-99517373
-89479558
-80365172
-80468359
-59360516
-44774513
-46067144
-55969287
-65058721
-59996272
-60912451
-46905136
-51805866
-78193454
-83343076
-69298596
-52007406
-28429754
-22142444
-26078229
-15696336
7527146
24111115
57503222
95287417
186702858
248133525
248876037
308845735
390273545
428644930
473038564
541825686
547188580
559934382
609135751
601347384
565033007
521446578
460719897
409385819
366158668
321699027
231635734
131293714
76565493
22697360
-31095118
-101414967
-170834151
-219843374
-231037290
-248421757
-264934717
-265356115
-281959574
-286982765
-288380272
-278028125
-264368259
-266527882
-273202375
-263870053
-250051763
-225041079
-216028244
-229619683
-216341789
-191342218
-183763241
-188859136
-196170543
-212244282
-219683572
-209891256
-202285739
-195392109
-177796935
-163526056
-150059992
-113122133
-87739941
-77935940
-64138084
-39452729
-14885584
-2064324
5237978
3848473
15197764
31313326
46223558
47040580
25900761
4569830
-14867599
-22774615
-40887541
-49485809
-50940677
-69972723
-74060122
-45853093
-15784174
2148240
11509263
34813185
113535967
174676830
193843639
259835857
340938538
403516112
465117733
514378009
513511093
511389404
545551780
544486674
517541392
500451048
447224749
385484522
363311090
314153792
214228603
125622551
41383393
-23647627
-52382206
-103420686
-168656616
-212395084
-227936630
-247809506
-251483651
-252792448
-270502490
-281003322
-265715356
-243708692
-233213738
-227871113
-239158600
-236720750
-222994249
-208385019
-215304020
-241899294
-261339478
-248311752
-240334861
-259236885
-280383468
-285051720
-269943008
-255387876
-242024722
-245351046
-227013334
-190132907
-152991212
-110524640
-84271408
-67634109
-26673580
19512743
54869586
77591819
89589327
95013431
85445460
88146005
95560335
94086278
91308155
70922326
36180991
25133201
14384143
-7077612
-36433041
-58770993
-55846076
-39460642
-39187774
-31165705
2721171
26920292
56161999
93990735
144455789
193509573
234670114
284622356
334182672
370199194
417974338
465484081
483396188
480107337
481530580
466249777
415059025
390026646
367276016
313753417
280743574
231860089
158253087
93758704
43771329
-19724413
-78211865
-113615329
-148717516
-177103334
-197163924
-219527975
-230202891
-233684033
-232552932
-231929587
-232787282
-241358990
-236514613
-228718305
-240502791
-243979810
-232346568
-232683395
-245429326
-263157191
-262561090
-260602513
-259126688
-244157904
-252362968
-256836367
-247869988
-209606423
-163516478
-142769858
-109917590
-80372895
-54765623
-21168031
9484312
33754182
53714613
69742568
89517664
98693836
100515552
109156431
108852978
98169234
83912796
71626223
48459298
22368943
732476
-21867068
-38839770
-53208424
-62158431
-67351023
-69638299
-69669678
-60372309
-34369023
-1422634
19405919
36200186
53188577
91591398
128340277
168330811
189108373
206032429
227612757
243110160
267233245
286772214
303230145
315078788
305876367
292078474
288417178
278240590
258343789
230595457
205239070
189210776
177639692
155136539
115214752
88637143
62489166
37102104
18164409
-18179872
-51259383
-65094779
-82869877
-106313458
-142183940
-174895938
-192174963
-202844839
-231106522
-257759699
-285998162
-317321522
-320142699
-321190460
-327200729
-317786055
-298033743
-277790596
-249193002
-228775840
-203282606
-166777453
-127312421
-95441816
-72723491
-40666463
-16328109
25021751
48833965
70902710
81478326
81303472
72267678
51270739
49770736
42500639
42373047
25863386
7232693
-8267338
-31625168
-57664239
-70570436
-66253026
-73105291
-77095920
-82995231
-81789011
-77060122
-69503752
-52535564
-20597454
-3421318
-589561
13332894
26592599
55919948
91003697
109519210
129758902
137127235
145734249
160698827
176150957
186452158
196820872
213336030
214853208
224565158
220943003
203684082
204237674
203952880
193876858
187187915
169519800
149267290
153024938
150165808
141249964
124891359
114612113
99145042
74955746
55857764
26761558
11381293
-7978197
-35479399
-56443714
-97681043
-129804552
-143370593
-158825957
-186766126
-213335349
-238477564
-250748578
-230617095
-218969888
-212300061
-200437415
-186559641
-168132082
-132071773
-92932973
-75237411
-52572259
-42623929
-28531655
1636106
15836658
30762076
49662211
45077591
30945529
13934144
1940859
-1924505
-14501687
-40255240
-61866895
-73876724
-81647506
-88441675
-103447088
-116749955
-116132737
-123341367
-116167608
-114962589
-115406292
-109204204
-87586475
-60518261
-47283796
-49577598
-33824724
-23549941
7451987
28863071
33154075
48592318
59802690
81300860
87625574
94047097
107597183
129658844
148457817
154035668
154204964
151050949
163056589
178139378
181211443
187238817
180168564
172875047
179944291
180166080
166568860
143825087
126099218
114437873
110494551
98410233
79787280
64224869
34261900
6490062
-15413914
-42311821
-66652169
-75145849
-93240930
-111537427
-119084509
-129120786
-133730934
-135308695
-131427430
-122785064
-120199321
-110099299
-101977481
-94129257
-77296689
-43013371
-24807604
-22457701
-7249853
-4489724
9158419
26869668
37296936
31290112
24810483
34677269
39197003
40307278
24549757
19401450
11724027
-6298932
-25088699
-36644290
-53066775
-51358945
-55990120
-72071479
-73800433
-75950567
-87984538
-83950649
-86807460
-87023057
-97743759
-102617366
-101666261
-75552519
-73468546
109970971
59422004
-110331399
-112540564
-61265977
-18512150
-10069329
-13295373
-51653406
21307915
35396146
46433033
109085571
117526055
67505458
75592257
102883727
137990718
148376855
152611877
137662546
132685401
132689837
148661233
106057215
250202698
298710122
124197518
16043710
-44123226
-76773850
-100139760
-98024504
-130583088
-92536776
-78180383
-151575558
-160899542
-116063951
-103642592
-115841420
-124933862
-129482251
-91640701
-54642549
-38749053
-16703099
21165351
62862703
64762194
57814840
61240191
68434369
86564736
82112224
66226484
70593375
71284056
77775772
81063487
101982913
99116959
73466742
67328008
60333059
56487594
57686813
28904131
29548592
22809380
-6304008
-12964966
1791783
-12854608
-86765681
-130732920
-174200705
-147103630
-93476696
-118252586
-207349660
-216696071
-146785649
-122942496
-132477558
-164839331
-178771942
-142688304
-63716795
-64994121
-97436547
-71612838
-56871283
-50088658
-15186227
-7648018
3635375
36233374
70427071
81661220
95038786
156952407
134310317
117822683
156417335
190995177
171042383
117209998
85562992
54248290
46118932
123008913
268151729
252939739
206528266
225359443
284260387
293020795
295399034
230500273
128950533
125448691
118508767
63426426
-31949485
-92968001
-147723441
-197214923
-225635072
-251010859
-283932437
-269230899
-226495038
-184032393
-144251456
-106339112
-81941174
-39865251
40635515
82747737
84965010
73221564
70675645
63954738
50952885
27304120
-13312680
-50759301
-62220942
-77110569
-111894122
-121109188
-132229782
-147162034
-161192016
-149363934
-146775195
-143637742
-144147360
-157417521
-151462607
-140608212
-141332727
-157626931
-175027082
-168717706
-140941539
-135822900
-137329125
-124067963
-102173009
-68527519
-36871781
-3529206
666427
27664457
57512710
46680081
37484172
46116144
53139168
41135751
43888610
47963472
56451090
64446657
87981493
102279273
106623459
130352155
167365197
211734996
221243585
214541768
231346325
248009267
219568666
172628020
123346886
93364615
72055232
108567046
313191509
407404564
292216440
230371876
321675476
381857252
358039990
304123333
144613307
65129351
92235095
83623595
-27294903
-144527361
-203600059
-215371023
-210456233
-205130129
-213031114
-241341233
-199115281
-58139974
5360755
16475532
-16737064
-23756774
84789921
112944710
118305113
12873221
-43154893
-68792312
-82270944
-120958505
-207564347
-207912103
-236537885
-212005517
-204397297
-230161492
-204801737
-205662287
-152184317
-173993230
-166121901
-186321135
-168420409
-155415346
-168811095
-167524230
-190594761
-189637352
-188995264
-190098958
-166646724
-165798437
-140312954
-103166583
-73115038
-52579378
-27082470
11403852
802727
7040978
11261178
14131117
-11496493
-5039367
-18159688
-32150139
-9637740
-12364658
-15136127
2128526
50397269
106315756
139059189
149680205
161162156
212327809
247197118
241174830
198644416
159878516
132974284
110094246
166207740
214118137
318493263
398361988
340745102
335000099
379829891
432191321
408708923
347314370
262447087
206441304
189045705
155023782
90591045
-3170554
-96408331
-142396733
-129380276
-98871769
-118691282
-149323995
-92504227
-35866841
17628477
51879339
38176578
22869436
54079931
82572438
69051673
8224218
-59269528
-103742321
-159620208
-183496957
-218486350
-273398883
-292745506
-290213658
-271928915
-248348264
-217250787
-202620552
-199866268
-166342181
-144369856
-119062575
-146625676
-177190663
-194839356
-208232986
-206160095
-221680969
-235292055
-242369076
-240869088
-211459661
-167442527
-125128564
-106475902
-83097868
-26852248
14732938
52641601
76686010
74670558
62495467
47142397
57976192
39331391
-7905068
-42297047
-49642266
-51258584
-44337820
-35943036
-37610116
-12491864
16135275
58897248
101350376
140798112
169137324
158773411
179132231
227477618
252684617
202115470
142983146
158150530
192996821
181342114
165324491
116439700
103947075
230909067
487855763
584983598
445839222
352658355
426218895
545472248
588239114
476143630
245959669
148330766
172487788
211179632
150679508
-45282568
-241794268
-267831042
-166937228
-109526092
-162988925
-282881572
-294238529
-158271575
-24543562
10592488
-79498324
-136408306
-65145372
21130176
22739926
-68889600
-173635980
-220511893
-189091390
-170830687
-224574658
-309846924
-376233337
-375489913
-323214813
-286748295
-279321588
-320217986
-317721849
-234148769
-162020647
-131608847
-121099635
-127018131
-106188077
-63469925
-49057429
-81570122
-124655805
-140503355
-114820762
-91829946
-97255037
-123459003
-134891305
-101812432
-52022751
-21248440
-44519842
-47043172
-6291601
26038422
50439577
41023227
13531135
24326564
39262346
33208064
-1945080
-32025444
-49071612
-52446694
-34626784
-16010866
29079579
82937106
120831811
155100469
195434398
241510027
268896034
285241680
314964184
331541908
302641776
262257781
238320869
232381655
181178819
108005480
86147071
156635050
324720645
423906941
320627626
227041749
294335799
421046069
480802804
409901529
255949563
160121575
139405655
135257758
131697371
9750243
-210769602
-327719641
-303799219
-220835027
-207105725
-303324054
-382735553
-320331610
-171552344
-76105528
-62035585
-107474344
-114001733
-30479553
50308721
64862553
-39342618
-156315228
-191305963
-189752165
-165249814
-209254133
-306455129
-378708297
-346977548
-267628283
-223921754
-214003565
-225867137
-186938907
-110453269
-42370690
-6182131
-32981737
-63314059
-64271283
-42184814
-55925597
-115608837
-199495928
-231039016
-193965409
-170011067
-190680846
-199331224
-174439967
-113926329
-34655626
20810404
50475441
70963217
62866718
83411493
118818322
123702918
75237310
16663705
2244813
4008614
13605686
-6192990
-6844571
9120371
46384151
117228024
178012245
203342760
224616015
271774157
309726223
347881401
342958181
314505709
295016996
236388271
197273264
162255786
119588420
83343229
26927618
-23283875
-19377000
110964464
315359241
411813079
316926950
217806746
295950152
469490826
541463256
410238228
207549856
102407627
72031924
79774454
57530811
-86257490
-298512547
-403893773
-364222452
-241621975
-193847228
-269824236
-320736382
-243965959
-105904454
18018726
24011772
-25939020
-38731599
-3803011
49137830
56287325
-38924663
-178766723
-250800938
-255005233
-241760092
-264621513
-342877434
-399392841
-394986736
-338468300
-259228561
-225002263
-218423279
-190592381
-136113924
-69601746
-31430350
-33118919
-49889689
-51936173
-51177375
-49190689
-45225403
-72295742
-101176054
-129373920
-137751762
-105480776
-74977075
-56984704
-53097985
-28705904
8442474
46830597
88783042
105997536
100739312
93329864
112377199
130506446
131995943
106392179
75467620
60210808
60126350
67329306
58258887
43652586
35288848
75047202
133249028
157572552
154454616
156305091
189662153
209268941
197738788
184501166
167918775
148690464
131066943
121114290
97741477
60997011
22150359
3012504
63352170
249992896
441328471
441879017
315111526
280872050
392963260
541097928
541185100
357844640
180076720
78333581
55696971
96107722
47463243
-168099831
-373804706
-422595551
-295746803
-164259896
-196280872
-299027348
-288436463
-163631638
-7240809
52845473
-6866167
-61500267
-66340553
-7855148
51369570
-21223330
-184010593
-315648183
-337514397
-296599640
-281758078
-356017135
-446428155
-442761373
-366575234
-265252141
-212425847
-201584823
-182579788
-121785903
-22583999
32706972
33217638
7089920
-29119669
-22732368
-24279156
-38366007
-79450089
-130111860
-165833933
-158167920
-109522750
-76665923
-73381957
-86553821
-40995615
31021612
73012606
109729512
114575365
116193328
114149887
112738010
116491184
98986610
48885285
14286199
1302094
1500911
5334717
12350226
113984
7206844
61878804
136701936
172731711
179306490
209705280
241836988
279700032
296132549
274304489
260479680
256626365
226517872
173718587
154965915
122484241
94286750
57883635
14168312
19813622
149531491
401158345
460202336
319646858
230424164
316513072
473333988
481357253
318196442
127117991
14514425
-4329641
54176899
46302590
-152065806
-368279670
-410130339
-270526489
-149286331
-207082822
-326095374
-324551464
-190222701
-36897665
4986805
-74180741
-159393406
-160488036
-62160160
3786021
-71264053
-232741410
-335408991
-312913238
-223526383
-223016497
-305604797
-382246100
-377671476
-272029238
-163296530
-142127470
-182052825
-206446914
-132374447
8032831
79563479
-10515349
-98441660
-90325657
-43447866
-12161322
-71503319
-167695787
-206541198
-181314645
-98699975
-57770801
-94563328
-167509533
-133980011
-8137702
75091111
83465703
50749948
38919295
73857736
135165284
166072577
107911499
25944170
-10661481
29019792
69675184
53490247
-6015225
-33592659
11416760
103142863
163487696
178343440
176223570
208554073
264746689
305977728
318516847
276329090
224197087
191880048
193262134
201810118
160151140
94235733
43702545
21704115
6799832
13133937
76427376
268978087
411323979
344998764
261155925
312458845
442589007
469078247
340700872
167065189
83137453
71893758
64910568
5033888
-141185413
-307608873
-356230172
-275495485
-206878679
-246280382
-301167457
-260325692
-127097193
-16625557
10836591
-53316047
-85611274
-35874460
41860546
56946872
-56237645
-213859722
-259208345
-232240164
-223156674
-288590217
-376746508
-409985246
-378225540
-304145375
-243387514
-243772149
-264760954
-214587159
-111228424
-35237400
-27637484
-57650704
-71895683
-61194979
-41059171
-56218002
-120445057
-195614526
-200067795
-156981965
-122036300
-125837231
-130168930
-120886710
-75504266
-3725732
47892998
77488755
88119614
104193046
142353259
166350469
157299757
131472274
107596732
82543068
77529388
69329592
44106190
25570320
14000113
24395206
58214160
87812609
105338017
146502154
170845772
206352656
245233433
246876946
230455004
211360875
208405830
210475366
176675145
149447066
129518404
105562814
79518195
36980606
20653490
58056098
253701774
429047709
352330231
233628246
286678775
454603308
481645257
323318159
153155968
122622638
137769933
103775812
22653805
-106150747
-228636431
-245836598
-201822102
-188721374
-251469970
-287475670
-231171019
-124504672
-74127732
-71871141
-109452305
-109950141
-44250442
-10099383
-42568977
-138258915
-208209576
-198159220
-210204638
-250701401
-310069949
-343656463
-333234344
-325470730
-330637669
-312323806
-282320009
-243782006
-202858023
-155239258
-120418484
-92098941
-82137537
-55734783
-20708996
-22645912
-57342903
-92985457
-107076528
-104527404
-107201003
-131576747
-133342328
-106950756
-87751902
-71465482
-38576112
15549771
46723191
60434147
74411469
97858430
109223283
117462030
118424143
98088936
70538202
60486688
45655486
24500738
8362838
8396784
26687240
43528284
65236750
109974079
172098214
187477760
197028107
233161752
274486343
273821287
244080142
243971597
237486428
213737592
165362458
121423325
108076235
64150999
47276637
77391769
219668104
346994681
276343271
241765087
306794757
418428896
414341145
315001882
239255968
190215572
183749216
104064861
-3029121
-81538640
-162623483
-197886645
-222377736
-249636187
-276403399
-261804141
-218803302
-180487853
-143247994
-107049989
-88722942
-76916519
-52840940
-27422587
-49327377
-101894597
-143578055
-159918341
-189244705
-234801442
-289358042
-322183392
-323203249
-313127879
-304806834
-292699251
-282770824
-248742112
-204353892
-156755597
-120275397
-92558895
-83297547
-55291122
-50890262
-39468758
-35588981
-75356735
-109380635
-117160887
-99133335
-100785152
-110064363
-114505471
-103038531
-68339440
-45062042
-20610137
11730428
53146685
82721727
97346810
103867736
98632737
110527091
110321108
96815227
78622903
58503997
63981649
48778919
39364662
45395386
59793838
91526466
120503070
145094846
177358774
224994855
258156393
284072083
296596948
279451765
254907489
228196245
240965227
229269138
176003006
142083326
97773558
70860247
65584508
152057247
300622735
238227412
197250298
221365717
352201220
372282626
290660968
204460405
164138674
215671280
144483064
24996267
-70132501
-107681199
-128620164
-171841118
-213723572
-262369129
-248532693
-251480400
-214321984
-180947662
-147277983
-141191446
-144218600
-94578392
-54605975
-32461763
-76221616
-112084746
-134921931
-139250062
-167117984
-229583778
-255670878
-274906128
-269540292
-293335699
-304207094
-295585259
-272582387
-229482299
-214100148
-178891011
-137585084
-114286548
-107775410
-89690421
-68088831
-42638422
-40076450
-70814700
-73285811
-74562789
-73881046
-96432138
-100560860
-104994070
-93869168
-58393976
-34053991
-10914953
23836912
70229913
105673103
105937901
110504119
118669614
147787653
155115137
131319368
112523908
112657466
96345499
81314266
71481250
52777949
59073576
84683460
96905474
108716528
156358964
192390906
212305641
221410951
229108425
247564689
268963240
294645034
238933105
223462236
207275569
197929251
143509251
126919191
122538684
208030540
267876565
190471922
180066375
244109346
304235214
254273521
242603238
196519926
202757514
189715119
132899851
58848069
13711594
-33062007
-119965802
-154195775
-196049049
-218754730
-260799865
-279445501
-269514746
-233076502
-206243598
-226267748
-195275423
-137388462
-98146249
-100506844
-95663868
-92743327
-101682247
-116721111
-152801514
-196797445
-208187545
-232148053
-278336517
-306953512
-303311753
-295303879
-290628282
-291165165
-290310221
-266462143
-221578356
-181337722
-168124558
-145148784
-110239018
-81188107
-56595749
-41612792
-53100024
-53615880
-39260500
-33652711
-55035240
-59278050
-53106127
-32766597
1340275
562916
13992309
47375831
93441593
107818453
107465163
122812605
126362562
132503301
147664317
142391738
146323049
124169546
86564657
68885835
96611131
93842892
102643518
106891297
115845799
137495511
189875207
207566815
208741583
246447496
248061298
275934900
277570856
267966173
231657560
219366332
220783151
164573110
122909925
92089201
151293826
180999639
124803519
97648629
131051480
178309041
180378660
182123760
145347706
174322872
198190702
161291669
97300555
74947221
32555400
-12148388
-63159184
-108952406
-156056110
-186482363
-236934568
-258239006
-265423013
-269081853
-285112564
-276583529
-261172134
-227172059
-202836940
-175549502
-161641272
-141409672
-119767094
-127529612
-145843932
-150788822
-160125254
-182051586
-186970333
-193501956
-207255169
-222628828
-221051700
-217897155
-195504391
-185448759
-164535362
-178677885
-140642293
-91173758
-62704025
-79549745
-63909459
-40831189
-23223259
-37618435
-37897753
-46331030
-16822553
-35853181
-18384312
-2735402
18574740
17792596
46217896
95888038
96617364
169878711
141302404
159254387
168753919
203413555
188334416
153441990
165446327
114769902
151497707
120688355
128062449
98449503
98775250
134772547
129908744
171088739
145453783
194778958
195892820
232920657
203910207
222702755
199096855
212346381
195194960
184011022
173683018
116085245
95867787
59863313
50059868
43573381
69108157
31557261
18828790
35581205
78609299
85716784
82948029
52363494
60316237
74492941
85129862
56095314
17500454
-1335662
-18360365
-32863657
-73996389
-121907244
-150274335
-148785593
-154694933
-186746497
-194602414
-203955436
-196348729
-183258794
-164299076
-163710324
-175622830
-169076338
-164106258
-161123544
-150174967
-170093887
-179144711
-194354538
-178862509
-195126421
-184061666
-184500521
-163614377
-163278115
-126257095
-137577306
-110355585
-114305496
-79172755
-73805180
-53176111
-26043199
-37807125
-15853967
-53772779
-43132211
-43497905
-15718978
-46692488
-41023752
-48145415
-5483912
-27784040
43184190
13361843
111636072
63521024
147937906
97348624
137527553
161509522
151533981
171466744
123669483
139643656
115384832
123401709
124194057
80128378
76100123
91128810
98400703
132205193
89627830
156308992
91176545
171681773
113769702
163288059
130069027
146409665
125973027
127901309
157009813
80969906
95392235
24915641
65333437
19279409
47476455
-784328
10473571
45397723
52914687
68858539
32305534
41181954
48423553
71203934
73489843
56818260
41071901
25243166
22980417
-11855318
-17628849
-53407029
-46795671
-91411105
-86805267
-109153852
-86784838
-114044142
-86665286
-109750629
-97283054
-111605006
-100871182
-120251596
-124997722
-111014820
-148682918
-139848131
-137030598
-152583592
-151424084
-195645024
-158205137
-184704286
-131936811
-159147003
-121797318
-107674589
-100043124
-51472411
-85757114
-22498969
-66069975
-2697032
-34248589
-7123508
-13585953
-36782741
-49053236
-41729662
-40418544
-37841802
-59789248
-50650847
-52726706
-13657419
-9140232
5876149
31047640
25773576
74011983
59910782
105793976
81362662
85487467
78467866
86605491
93594482
91556032
71944614
74202221
58942101
93278716
79810122
120040348
106645774
120730491
96443132
145596639
100921333
134976280
90393373
119120106
88369294
92524366
81878610
62775938
58937690
51527355
63785298
67174379
28202870
45996833
47839422
78682412
56330012
60552112
77065536
59016707
81691806
77752462
68300832
73662988
81782174
34209684
28636051
27079639
25460732
18472587
-3303737
-22966142
-32344293
-32290995
-23198756
-61702708
-49970767
-59537079
-53101941
-72335087
-80035263
-87887499
-91529905
-82710958
-150729428
-125853765
-153378723
-127503142
-161753003
-158941994
-191137392
-165141672
-177114110
-160779384
-158277767
-154645287
-148281980
-106643295
-106268192
-97745954
-106186180
-72563472
-86410780
-65856225
-50221589
-66080443
-64402500
-74297131
-59759904
-85531985
-43659411
-69716093
-41655781
-41289097
-31560913
-7511204
-26647042
11321524
-14186963
23968336
22067239
47685665
50473975
46820844
57660224
63899470
108203345
57441501
69787774
60283324
104667691
84188897
127607024
97770486
118641678
142509130
132020341
157580519
141873950
154121128
124942029
136231754
133461104
124777693
105137452
106977118
103228307
99053929
76752897
64746682
55950609
69829698
70548918
63701319
65568960
81888580
115413506
146463438
132673641
96807515
123547533
117397930
128516040
109399368
77589891
79040703
49710448
42690882
-5364296
-20956462
-45714945
-45690756
-49291678
-89323875
-113036661
-118112446
-103760837
-122477385
-125072283
-134135280
-140727160
-161732492
-154420401
-152908156
-137274376
-147733699
-162964275
-165434425
-163517388
-144950108
-160208872
-158653390
-140035459
-135784724
-112233863
-143450446
-101305616
-132197521
-96319497
-97979105
-109653637
-87593157
-108427829
-98501219
-96719004
-63641958
-91830610
-72279140
-85304591
-49007762
-31825735
-6763231
-2251985
9213705
37072449
52292062
42729255
56575150
27276739
74515839
61796582
99206378
47756458
78036016
62368119
86970312
80142511
79445517
78121368
81502923
85735965
103113204
126982507
107773191
126619493
127463006
151898146
142550516
129781940
135756335
157919688
113477743
118855016
92641444
96882067
72565151
88440899
55077196
63183819
128646297
120297568
96772121
103007520
143992420
131147557
146303392
139828103
112324996
118421891
125305871
83975367
53838112
17916777
-5422808
-42059700
-57458415
-83051121
-120383838
-120336951
-126196376
-135991767
-170892510
-143201775
-145078669
-111170463
-103859364
-109341039
-103604461
-101613080
-88993841
-99493958
-99670955
-107365798
-113135717
-92806930
-96032316
-120826133
-139560310
-126236451
-114726199
-114640684
-117678185
-134393562
-134835474
-98561695
-89394719
-94513125
-102945507
-85115685
-73592234
-56616019
-57428376
-52883137
-42163997
-14733948
-4857062
-21479304
-19605057
9942728
15374735
36744263
29048102
35638176
69243993
87681326
78648140
63783044
68654123
78946060
75393602
56707592
59307913
35796701
52557073
63214345
56329439
56235548
66987309
68844037
71802977
97022304
102069730
123573986
121495750
107741579
100855931
127608518
123943336
115598508
70114422
151804733
235177391
207480130
155345433
165301176
197694692
241614201
253495061
170418601
134505871
152356074
169003211
99522240
37750194
-42820554
-88916741
-103829629
-115786251
-182800265
-227909242
-214390121
-182314565
-177158055
-163868036
-185165547
-203780332
-132190929
-79668178
-60527849
-65506787
-64884585
-58990747
-28611502
-18840946
-49731230
-79763494
-71149170
-82056843
-109573696
-131334154
-137801361
-155061242
-149022539
-166188927
-170655116
-163560491
-139383469
-136830842
-130330143
-94710320
-92779102
-74010088
-61049380
-41133366
-49096885
-16209109
-8835732
3789865
-5297762
13183591
19447739
36127763
35256596
32477834
36161391
31058129
71508635
57429144
63468830
50141584
38172293
33454213
44942476
39184131
19357434
21679869
30957239
31351880
20974055
19748919
50291289
84227202
65588002
84217671
87560755
98704715
137130911
145358134
107219061
114617293
116496097
130646776
116486567
246880228
307221432
262665861
212802292
244514456
285958152
331142428
304887123
182848833
160369295
199490762
184089437
86914379
17914332
-87220267
-102860647
-97738022
-122055033
-207909260
-228013607
-215747757
-177320519
-145266409
-123638708
-170204115
-157124215
-71272435
-29422726
-40822593
-62082155
-71552027
-66257953
-11824287
-38825577
-98781032
-119043196
-106276436
-127932348
-146437235
-170130497
-186854937
-172266470
-154547463
-164508122
-166949990
-153436655
-137306112
-112482268
-98791883
-83173847
-78999290
-60347871
-65947234
-51321634
-43667644
-29740528
-40032697
-51740838
-62119366
-51460390
-44689363
-48820105
-50678437
-38123820
-29543185
-8823118
2642893
1705605
2052558
6294875
8160382
36544917
52524403
31231578
15944797
30871057
47913394
47627355
61316235
54467983
52489715
76731537
102855423
89542766
104596795
111631382
101628853
112545546
149219054
149284610
132615347
125299709
98538629
96456643
115729489
149522638
273804773
297607293
261998230
228163097
296513075
341976037
394553354
313828187
194900711
182121470
204151220
193106410
103795724
2165250
-112108382
-119264607
-107490847
-151824576
-240730868
-253158173
-232590842
-168628476
-131451164
-138007501
-169840740
-122392564
-39929645
10142730
1774047
-37649014
-57571430
-36560040
-15450294
-65752394
-132267959
-166418884
-168051887
-187177162
-222441163
-248900228
-269706955
-266162523
-233890650
-224315501
-228240682
-204660016
-163308723
-140358812
-122702108
-97318173
-90785122
-67056695
-40254446
-46173334
-61515586
-62994318
-65577959
-66507996
-61047653
-66267627
-61213244
-37183176
-25364700
-20132554
-11626720
11095859
34323731
28614722
34372034
21414716
34282794
42681211
35761147
25512610
27290682
40920423
59396279
57597218
73088375
86847283
105170096
138947131
137208598
146022693
151746049
164321368
181404660
193764339
197076288
164328742
170811720
180065872
146582413
118994299
103989234
95114265
73140310
86401440
239568104
284475637
239223452
193544989
256300938
311182956
368351423
333554316
202161331
168707155
219221174
223762608
137185551
36711030
-94688372
-108143614
-82957692
-90874702
-210193696
-261564194
-247311521
-188206809
-130035166
-139358367
-205830425
-201635809
-97507303
-45397174
-45507278
-94361418
-139292423
-123912178
-92115410
-112270042
-189003449
-237291867
-234953485
-232600161
-227867002
-256998597
-281269929
-259083537
-208267082
-173926981
-153027685
-138252882
-107544005
-79787710
-40752325
-25973581
-42979219
-41360630
-41376900
-43559682
-48254160
-51272544
-60006250
-59425367
-46602152
-44747400
-25404025
-28395243
-17936142
-9676277
6294861
32323604
58584569
53319180
54514838
74560008
87860919
120507993
86899841
68827203
43580110
93514106
107987948
89646259
61712611
82632407
129063922
130179688
120398075
96354353
104330988
127374417
143339478
111569581
113598784
113457525
121421336
144411260
158703209
108232267
71882910
73816083
105948661
105291564
76291243
53447677
108407517
239218110
252094038
190468502
173031229
222173563
249215399
258177400
185601624
106143808
92151609
115557071
67739154
2793703
-92980231
-156796487
-145248975
-130954794
-171885051
-224444728
-227660796
-190234890
-141114255
-128044423
-183152014
-208723627
-168096890
-113990548
-104062529
-142645000
-150575380
-139994082
-141108979
-166341780
-187720350
-207097605
-199268402
-164482256
-183974019
-193642898
-183645482
-154005781
-141213328
-110477047
-120947233
-116806815
-90935308
-54442631
-43211234
-44509990
-50480969
-56443325
-51337720
-36416323
-34224639
-62207161
-50998168
-26926385
-32929895
-26047233
-17377790
-5995709
48027897
78202144
85862666
90554406
130764278
118833903
120958581
145300860
130773937
117659231
102448782
97772256
67001091
87504774
89696079
82804360
83061861
74621185
77135061
71457974
117112134
80931872
117880152
123907471
148898292
155341529
154842126
149435426
137017963
167015067
151958208
144459815
112101032
112147837
88664089
88145622
66143822
28341368
16691871
6219376
-10354353
-56058157
-23445181
-38886611
-6100532
1592964
17888054
16179530
51613023
70953697
52422756
52155109
53525925
92964126
93589708
85776791
35812569
27816596
15453563
-8732490
-34949604
-97396412
-125377848
-150999507
-152750130
-167321161
-178682765
-212530646
-221756114
-222700852
-183593074
-192796428
-214575147
-199341091
-169099761
-149502875
-139213554
-151166355
-136023933
-105598194
-78144271
-101417683
-71441629
-77527430
-47036802
-59898502
-80585166
-81792961
-97519782
-58775549
-81678774
-81646277
-93957484
-91796887
-60230649
-64415840
-51513951
-95586124
-45966703
-36927986
9908731
26872251
-7363631
54515309
46196228
91857789
63574972
87267463
73627442
112607907
120307458
111886309
109598383
126682140
144389408
146907667
118923029
99805786
105984392
122893596
114650290
104472692
99186186
86738022
107350967
98214458
113309342
63310541
97692457
82455410
132280862
92103545
99590121
101529750
105037295
141341208
121494560
107115882
99855186
95764073
105193161
108501379
80951905
54224483
29353125
40606708
29473253
8460414
287717
-18981683
1566645
-25043610
-15269439
-52640817
-6017208
-13807484
1351621
-21276123
4978377
-12819872
-14469638
-32621000
-44127102
-47063648
-86488786
-86109160
-109111832
-93367963
-141250853
-150733827
-173940315
-123157672
-159610533
-158832154
-176426835
-158115962
-127608240
-116981429
-113868686
-111216860
-109328102
-77090643
-87848854
-72031768
-60026763
-81286918
-93870136
-85849542
-94769612
-74776349
-78491639
-50072928
-109548245
-72875608
-112980508
-44533400
-77104263
-63086880
-49373145
-35125995
-16611901
-37283726
7913662
-14460380
59040557
37578276
63790436
42061381
87304843
101867448
128177109
142630251
109681477
152143336
114928703
175878711
165658047
162575723
139036142
132271809
117338042
139203269
106078269
106381230
75135768
68140188
78417441
78239148
85542986
41144311
55520238
43193432
72056586
70424306
72129988
66879068
75947620
77663836
100710859
75362934
87264618
62141701
80903643
60457788
53218981
29196754
18643057
8415970
-22040248
-21462474
-49464635
-52725236
-50837860
-59695449
-67580316
-74352790
-82242323
-71792212
-68725478
-49300502
-74634554
-61089153
-85758938
-38811743
-58994255
-59153486
-75214462
-47578919
-100156319
-46488475
-112039448
-77344971
-108112991
-69599577
-92700263
-86292359
-96374179
-83434489
-67891876
-63976856
-97700215
-65984563
-99493599
-59658575
-84604697
-52892976
-51284149
-61780281
-45485988
-35038198
-41550409
-24456180
-22490921
22746183
8839466
60886151
10719409
42474522
48396493
49153516
49937862
43404539
39647552
39889140
38216668
51011720
40820067
51369532
29303439
59453247
12752497
60096374
38467999
62717323
48597049
58042802
76960634
87031853
104731536
35976580
101251476
54382238
88559416
41221757
68889983
39291089
19782035
15710268
17290398
-3263744
959548
-2428999
-22699770
-17428745
9889880
-30306926
-14988472
-20226235
12752558
9824174
-2161492
-2982582
5564312
47621265
8403782
29053297
16358302
20338234
31245097
5707268
44495056
-5562287
43381384
-36657571
-4883916
-27330022
-1502224
-59888307
-63567041
-47188096
-84001950
-40896894
-72251419
-49876794
-64778166
-76503961
-61020809
-52072763
-40556785
-42351772
-25573605
-64337858
-14990565
-14441814
9757001
-13898684
-5250155
-19323928
3076177
5364686
874113
430071
6638789
-2554439
8317959
-14398627
15996797
29892858
29791125
41632512
5052071
35657671
775447
62570312
33646023
26610214
15593484
11713177
25474783
-17707342
3395979
-25182559
26062195
8821229
-14073445
-6090823
-12460408
19033615
-11460086
20508159
-27779783
-1464760
5172584
-2677777
11069890
13281138
8139808
-3930459
5501201
-10016056
-17522211
14739516
1824282
-3083832
-24489288
-8616667
-20304263
1548869
-16035010
-4517769
25790675
-34564715
21556668
-41329926
31393072
-10743976
8282273
-19239123
742833
-3545704
-12112408
11219888
-15468746
-12464116
-9338462
-16640091
-17619875
-22864272
-10250635
-7476270
27791152
19313329
12673831
12279025
25342460
11148257
10708354
20771123
2115156
-4373407
989042
-11667990
4057884
-1171922
-23434237
21918677
4068068
-18456459
-9248283
-6141529
35541626
-1531613
12013213
9275296
10279061
26738375
19086002
27217835
25641383
26372822
11315786
11116250
7558486
2935662
-39233
3759804
-7793610
-14821380
6933529
-22998354
17381023
-32860184
16161178
-32545112
17642777
-19825325
2912628
-14901100
-6237376
-25220946
3559100
-16123090
4475955
23499662
11513165
16837310
-14898692
15711538
1280954
19537848
-15016825
22182847
7815564
6488781
-3905044
7052095
-1778678
4071036
-40357736
13785045
-27177883
-16815513
-37405304
-19759775
-23150639
-2878008
-20829946
-22308794
-14202456
-23180545
-6362347
6393707
-3046157
9180036
-23064497
-3037123
-27178636
14283833
-17796104
-13533306
-17456422
-1178978
-14629653
-11651914
-9379430
11159868
42338239
5070855
25797476
12256021
68386915
46224069
81335890
14605083
74954330
37775284
64078370
29086175
40500551
3309054
32856831
-3349732
24236799
-14194756
1496395
-37934479
-9124431
-39946758
-34083435
-35465123
-39820152
-27606825
-48280630
-16804110
-39497376
-2998165
-18290165
-11602334
-10535289
-25243496
-881935
-5281414
-15163727
1757639
-23443425
8341470
-15047464
9619371
-50827449
25326534
-44608299
23896738
-44854029
9117695
-31420970
-6826035
-31601330
-11842734
-24324544
-1477715
-9606164
3029241
-16792428
13957633
16271643
30243371
13668266
17784051
16161587
11529609
39765057
-11829074
22447387
-9991026
35529142
16443714
-7671699
-20061091
-9234763
5219595
-7801029
2642690
-6619636
662269
8554093
17877689
40906167
4889228
34461099
33425565
38477625
40104127
22717942
34056588
41575855
30821438
22892377
10507419
28808343
-17281741
-4785819
-16339577
3159100
-17166132
-6235594
-34845303
-20760711
-23183587
-18784967
-14820334
-8649504
-7601030
-21806168
18536814
4912598
6312675
-33638826
7886873
1191447
19876241
-13874049
-19036466
-10414417
4603652
-9396589
-23870186
-38850376
-22892420
-38026578
-10371351
-59183138
-13065135
-57134068
-8693328
-65465084
-8179663
-39606850
-7777221
7538813
318192
-3676115
23498069
8561124
12945232
9052949
-9676505
22560103
-6439289
-3960046
605858
22634304
-8510431
917269
-23764353
22684914
6199099
14232365
-12944587
35646833
11473248
55975991
46082469
31861249
57314896
47095337
57955713
52502759
40104528
6130394
54834468
15676977
67608252
13612444
44009535
21059210
57908093
8633171
34280771
708752
27726375
45035432
20118604
14819459
2034918
3904035
-8486453
11988572
-31420360
4227044
-44185760
-18131280
-37738441
-33534742
-53595629
-46081257
-63456677
-30680081
-31212777
-31125617
-34137395
-52666449
-17030129
-21362877
-29184925
-42832125
-39170289
-32671244
-47521624
-25944388
-38940505
-18093125
-42418336
-52564251
-35496668
-32145974
-12358605
-27834452
-20237666
-11174347
-6650931
18871730
2706093
-3952026
12247483
45373724
18444682
17014274
2740087
45627702
-13294481
20159445
-8050831
22388820
-39724778
3700533
-32445468
-1238672
-32900965
-5305825
-7969704
18816611
-42526615
15299225
-14214863
33612326
2458617
34029886
22660303
42242432
49219909
12859045
40293975
25686284
42057789
53654081
22165615
88403846
4344122
44847834
25800434
58687929
19047806
26065570
6583943
16959688
24982324
40562684
9121280
8811661
-11569551
-5162237
26120336
-4701218
1821421
-11241023
22579643
1435628
21566172
938439
-6749491
26825453
-2523160
-7310871
-14814446
6847742
-24659822
-11410453
-27202642
-44616584
-34016816
-52808003
-32528581
-35393288
-56955803
-46537934
-17495763
-33173708
-30152258
-28113560
-35012250
-12597334
-14367907
-6035479
13172321
-16808685
-16172663
20925852
-10900621
11880098
-283523
-3350300
7595781
7619680
7367547
-29175338
-7786779
-24364265
38420460
-20898686
16840734
-31797883
10929948
5268957
31094215
-2754798
17463936
23551288
39173056
22389439
35942197
2604512
58251854
20875803
38620707
8671347
52700300
-10953336
48766981
-17333780
56266208
-10118864
26995269
1310063
-14178137
23926894
-27982427
20093375
-9939513
5461451
13566567
5954228
22249139
-11814000
28593122
-321460
-46860
13744635
-15785528
3658155
-6052725
-18958946
-15869446
-19648603
-29946778
-50491096
-21612870
-50363335
-9974263
-44370206
-36181935
-47327673
-24730447
-38511698
-22568731
-25998331
-26504776
-30038823
-9250580
-22791341
1582443
-36614591
5789742
-16499813
-6703321
-488532
-1590026
-10406406
-10434496
-33417180
434989
11607200
-19177120
-31180274
32959320
-32266871
11788976
-41306345
14105190
-27166893
9366790
2472770
2605717
24811255
5037311
28848193
46051834
38905617
41966418
29378523
49977996
34673597
58352858
48969803
56377535
64146220
19571003
26827451
39144401
24559643
22429936
17015348
23270294
23256682
416456
-27124779
27706238
-9429676
6861179
9987855
17853751
10654431
20164334
30747227
-5405626
32988162
-17405560
25307193
-8597277
35993021
-26842284
36541899
-28130943
-15307922
-33129165
-31525836
-43949716
-17547599
-9672153
-41934044
-38610442
-41998297
-54023930
-40030360
-56369587
-20590458
-52175800
-16965630
-28223228
-4639913
-24787207
-26631852
-21942531
5097790
-4722692
-3516364
-2456138
12222313
3918834
1968264
-21244936
18612067
-26244728
28009165
-5744905
-11815655
-11779093
10584837
17256900
4654470
-791326
6649392
32886398
38881428
21693838
21351341
36343023
33332429
49412295
7717185
17393854
-5617566
33332349
25018689
8123176
12700488
1153674
1715190
-10861265
21591052
11867820
-19229655
-11890575
-33630972
20806234
7739081
21759426
-16630853
-115856
6258005
-2039554
2334327
-3406637
25429272
-8689521
18671773
-26429578
8136718
-3598599
11420559
-10226419
-6773900
-14494120
-20346468
-42253387
-28371227
-38623929
-56349907
-46552657
-26236409
-31568979
-46382877
-12705822
-59647697
-19543353
-37698070
-21129496
-19940484
3173428
-3506041
-23295942
-4714700
8050851
8640568
-10187244
2520138
-5816058
-11577941
-4288006
-16768552
-2799624
-5216799
2634695
-9728390
6480049
4144880
17258494
450279
16199994
6867912
23739867
30646011
3444302
3137679
50998818
43298572
42878107
13612287
36549669
18140845
29076135
6839116
29268133
15856309
34695552
21294355
18088654
38984439
15704312
20939699
20702790
11060741
28482339
31435580
34536664
2172365
31738039
44123994
37423757
21319930
13286062
17979250
24039337
9396862
15001935
29806786
17287711
13269261
-15684943
-19451233
-19989925
-13829018
-28924597
-7252779
-49737558
-31862090
-26180538
-26818435
-33260871
-25087965
-30656745
-42780987
-14550796
-21807257
-17082021
-32525395
-11764431
-26249321
-10558677
-9093638
-10924674
-29850765
-30839773
-38951482
-1616371
-5979018
-18005240
-15051154
-9807660
-887353
-11663335
-20863709
-15829391
12265676
1232156
486376
4096078
7897231
-14864398
-18284423
8150305
-7821622
-30149461
-4104798
-6135189
-16303885
-2735415
19805137
6077882
15224466
16577861
3434437
34962768
48264457
42327291
21851412
17874055
15074676
23557906
25327253
9604530
-4154632
10956689
-16804240
-10385339
10456954
-2665264
-13374435
18278103
25235345
22360655
27083424
34281712
16934097
42830820
50507895
28338201
23478856
23465102
10275519
1222650
9924198
-25633040
-25429321
-10383554
-14592745
-11174925
-18233035
-45795061
-46372653
-18043147
-32597186
-47113871
-36469217
-40363135
-35361565
-22384380
-40538523
-55204100
-50950210
-38981286
-40290073
-32603357
-38940236
-32811425
-42885725
-35031759
-42722441
-41477187
-40318845
-38813455
-14289035
2969851
-49842915
-41066453
6660624
19713286
-23374366
-3381484
-1747521
7561684
40863761
12138526
-28569303
-2468434
17563211
-8091222
49646085
115946188
149357180
197145529
227513010
213072976
212928819
245924692
209104555
150641703
120054703
101800846
53765971
31957007
-12643453
-57811570
-83139267
-91668864
-102965854
-101615107
-84785522
-71488708
-58311440
-26968825
-14229982
1041635
15615104
12305081
-1461266
-16061518
-30367253
-42903944
-77997254
-108245128
-112554869
-102712876
-86242483
-100747621
-110110142
-112672068
-108534800
-127030206
-116888609
-131904909
-127553424
-132794357
-140489465
-155968246
-156971111
-161020535
-156209352
-134616285
-134345812
-123745712
-105087752
-87457482
-88988310
-58128302
-47440495
-33545935
-825987
22815828
35715398
48423577
89870930
103823040
103648005
49833578
50962517
165536508
389801477
458174050
407116422
351994554
415068963
491512212
467927677
319473824
166908843
170741475
213829950
187872395
71421774
5225242
-33639246
23782975
36360131
-4742646
-42168288
-9900652
30533011
68162174
68460814
31429194
-29401691
-28822653
-12791085
-12416175
-53804278
-106610661
-125061795
-101031286
-82570881
-116546094
-159132579
-152534915
-118158415
-117638429
-127055117
-146162005
-154984204
-167264011
-177729766
-209604621
-213266426
-207437512
-205849565
-191304900
-181236551
-171409295
-168077332
-147009153
-139202279
-144749455
-117662682
-109126872
-104229756
-89020086
-87188376
-86985240
-56762696
-55354926
-54682786
-61506702
-55031133
-61430387
-40115654
-39367908
-50739450
-45506341
-41828346
-30997105
-24656111
-31048931
-39402914
13447868
29839855
36393576
61856346
115875309
169752525
198589911
168846917
136247620
192104498
285733511
391909633
582845850
592798013
501398536
441122424
523144842
496011486
432132661
238924539
80898507
95744500
142625906
82367642
-35430068
-79615305
-94854143
-40327364
6821846
-22715033
-81116866
-53050823
4344739
35746812
14844148
-56354591
-107535899
-100678041
-60126440
-89381001
-126719484
-169081269
-179073761
-140359465
-97012795
-113559736
-140368230
-133931880
-114343570
-115162632
-139560531
-177866562
-212686560
-205887094
-215275879
-240071095
-231986987
-222539659
-227601153
-240439199
-218211362
-188801616
-161634625
-155783968
-167382784
-165328443
-123172316
-80411087
-76388745
-91926997
-97075219
-90832828
-72759843
-57351749
-96438583
-121281219
-105098453
-112036160
-105238989
-107930120
-118718483
-117797276
-105094573
-80537860
-69955202
-19630271
39762200
88124375
150693844
195815397
226148683
271481111
380503493
560734703
747190467
725903867
599143441
532485140
586284964
565575135
472585708
280904054
123479961
131329178
163169701
130793388
31604012
-35259127
-48075419
24218220
85966638
44226069
-5671710
3898439
64332734
102999292
87821672
-33130919
-102359417
-59340663
-3575311
-22335991
-81221797
-130725755
-136442268
-80458482
-74600068
-115597100
-153495531
-152593615
-142184740
-161353090
-186287641
-218441977
-238770880
-250851235
-266631346
-266282462
-265769223
-254407572
-247939246
-225607710
-192670045
-163702471
-167447822
-180716470
-167014937
-167217187
-144747235
-149243008
-142925716
-148102609
-132425282
-120756329
-124151254
-133954503
-133935836
-130578629
-129634605
-135678200
-156576642
-192716622
-199603903
-190504312
-189774145
-189105503
-170080536
-140709081
-94738887
-44234557
14444761
99642348
135232213
210449503
225284018
251718158
246915073
329006301
436476171
624137301
738472697
643880674
569954755
526961165
584508445
536954661
441017345
241619465
139012110
163525981
160100473
132601325
12199793
-42681337
-39156380
57953556
102201178
54244714
35265378
41891531
115055734
138542091
114282753
6118748
-59756863
-55706020
-44755606
-51622991
-145238237
-223665181
-241760965
-187049579
-170174321
-205406503
-241941418
-243297400
-195765955
-163171415
-153522674
-189226634
-209777086
-207215266
-188243620
-180412134
-198793456
-217038519
-220627853
-161143811
-98043999
-121316232
-145736113
-128568754
-94881392
-84925986
-100972862
-130206581
-121370107
-103591215
-110779044
-124331175
-151533638
-178903341
-189412481
-178952462
-171450369
-175797645
-192663447
-193317375
-163772707
-125568635
-112261796
-104942249
-89408341
-38109407
17386274
69548266
119635948
167900938
204877564
243931822
271954963
281530113
241937815
280143150
347698879
486979472
659557763
642839912
562478406
487949433
538273240
558713886
535473510
391496072
216538177
170418487
177081622
200892335
128074693
-19440622
-97811157
-68560980
20515118
46654507
-7528809
-68541088
-61113437
20217803
67048884
15671002
-114019603
-160559452
-125869043
-88146090
-102318314
-213867362
-295298307
-279891057
-220330095
-209492550
-229406897
-277804746
-279982772
-210204391
-149623579
-123582345
-144865712
-170942082
-154647006
-116237664
-103907937
-145648753
-181195943
-196841823
-172666501
-145919869
-162083288
-203501566
-228562333
-199352006
-164550620
-146464516
-147943068
-168479644
-160987468
-120475269
-89470451
-92104600
-98080881
-115142102
-128470252
-92220229
-79816735
-90720005
-103496115
-98850323
-74226405
-49909791
-41315402
-25861770
-8144969
39120173
115762025
140179177
167991411
198261752
215309074
240890227
265439074
255431198
215901164
219515745
288184188
419889516
500568701
439332182
359436020
364874051
446664611
512756145
482467243
368612660
273220087
251140282
286714424
294362049
206974442
73868642
-6807089
2423899
40550077
11318424
-85676435
-169268620
-175315242
-147730021
-129594526
-171246784
-241424300
-250566192
-204473936
-158045301
-153278883
-190378865
-211438415
-190686240
-141616967
-109438333
-105267017
-116032180
-124522293
-100773978
-62070466
-56703733
-80191624
-103071602
-101363162
-90925501
-103458385
-152783616
-174905940
-190541562
-191774279
-198638180
-203940206
-203808297
-201964512
-192113702
-187565379
-163081906
-156430229
-162794521
-157250505
-144522215
-114143879
-101469242
-91258435
-93451023
-79208159
-73138097
-72994696
-47059522
-50637921
-23324427
-2889869
9495484
36882812
75826578
90078429
112100970
134895025
159085522
195658190
206257629
205475052
211757722
233174493
228335518
208561160
196120915
203121102
231372226
231186270
241428742
292433464
332652790
345093581
318262014
299666684
313957897
324866320
315549298
273351536
218603437
166503106
142363094
125438655
66525403
-1742195
-70346884
-99930043
-91736816
-96060042
-112797863
-136259423
-169214701
-180654950
-173813406
-186299485
-200539984
-208220551
-204628591
-171515175
-159847053
-157909709
-151695967
-143727252
-116514761
-81057647
-55975432
-56439983
-55549611
-57067151
-53400036
-44970650
-66980008
-101159552
-134644157
-147249312
-162825520
-179381962
-190691720
-195580299
-191282719
-181686248
-181024974
-181232850
-164815716
-148100715
-132523754
-123464296
-119826860
-108157349
-102515405
-83342443
-76265885
-54921362
-42599263
-32273453
5737636
27262828
29531440
45024873
71252569
88848272
101831891
102542156
96233890
126073611
131965479
120581472
134066919
143137186
127260125
125925641
114248275
119482086
134524350
146097477
156415475
172490050
202170765
203776325
207315087
212387659
221527257
257126718
270827602
236061766
180417510
149870406
135971767
145626935
132084865
85931491
38674106
13661166
13344356
24133666
23037035
-8889365
-39289048
-43413878
-39639955
-48720010
-57782545
-66864127
-80879476
-88131532
-80217315
-72834363
-79610250
-78761977
-83745910
-68376961
-68087572
-67849435
-80235386
-78215159
-72563308
-70915190
-62277752
-75505566
-94521834
-111494503
-128392804
-128020949
-129937863
-150981291
-170350814
-171818838
-176041557
-169148796
-160145380
-167487954
-169141074
-152309298
-143021196
-141293640
-128185694
-114764755
-85708807
-65425378
-55012527
-51882717
-32108892
-7640992
-10766625
-4523385
22209886
45359513
64299070
61635383
59391929
83126781
91378123
112208542
98883804
99090631
91670233
83858574
90495962
88951880
86694478
69379961
93463820
111506713
116466473
121165911
130556159
150229976
154447176
154331474
138482293
137815124
128515652
111408221
93365233
76919025
91365989
90277233
64218981
35130978
18458504
17620290
34688145
58263439
60110165
66849853
68643522
71191696
74614157
89580568
89364982
75166514
43877878
36002153
21770336
20178035
-9531251
-35347432
-46899370
-69093634
-80487825
-100398859
-105575909
-109889416
-114302973
-109750841
-109522237
-118886487
-119573595
-137404392
-145448672
-135598846
-118968787
-114091113
-123382717
-137639763
-138814424
-137399724
-130734177
-120712313
-124068801
-130737354
-130346659
-123268646
-102746565
-82898589
-91032699
-104394645
-94513181
-81225541
-58931026
-51951132
-55181755
-29129113
-4878250
7210290
13850097
35371456
46471520
60306242
68582600
83210274
94915678
88120789
70454536
75518710
91343509
82195078
70880921
59634603
55403405
44105386
32433244
39256939
29672742
21277699
24988483
27715516
24439053
38866952
47472805
52091533
63956381
75066480
71597464
128071428
199642342
225493456
198758683
153463812
159416009
197774807
231164253
239690400
190257253
150969882
147536137
169138478
166799003
133114271
67049559
13256896
15668105
24609534
1780834
-36102837
-77703558
-98142603
-87346364
-72668217
-92668680
-127829588
-144375905
-139782947
-109974550
-115340289
-137132191
-150279434
-149618417
-127299008
-108261514
-109862789
-117291890
-129196029
-130900652
-115181933
-105224319
-133395551
-150465272
-147186208
-140245259
-131787370
-134978510
-144825647
-153445845
-138590002
-122588122
-129464605
-127901536
-124858162
-95846345
-66472169
-52523784
-38992165
-26986866
-10561298
-7573720
14696044
29770152
38977901
25110242
8362084
18139653
31701043
25117515
8230650
-10325458
-26336557
-25891987
-35699252
-21474017
-25109142
-29433042
-12053140
1573098
47040230
175509500
348400049
386103405
355068433
335824811
395422723
473170935
498567392
459347054
349608547
290796115
309072022
335161226
288856048
172344299
48586760
-27784897
596886
24730404
-16486858
-107434201
-173536962
-162512890
-124017810
-93151611
-134389982
-171077844
-160690478
-109203105
-60795904
-46489904
-74721905
-92093806
-70525474
-52778986
-50219688
-72800863
-101765658
-146605102
-183574877
-180156624
-191852659
-211194245
-255710331
-266163333
-251268696
-255137781
-249586705
-257706957
-243610763
-217098947
-181658652
-166875072
-156306360
-123266620
-93511666
-66761153
-48915002
-30642299
-34928987
-32593048
-13819641
-8506669
-2273164
5964193
11718272
-3109211
-8772625
-18145763
-36021378
-48039196
-63194436
-69844021
-69024885
-66969932
-76903386
-71348605
-52950230
-33684938
2293811
10320310
4483479
13657639
82252567
230815598
432118371
541959108
498679090
443071394
476937372
550194776
580334027
535669653
421518502
342888588
324682661
363469408
316047313
201960471
81877037
-4901552
1685724
28333669
-4333571
-111685715
-159142418
-151026734
-103908678
-66818028
-114666546
-157495918
-145771424
-66967668
-13232806
-5762289
-41559736
-78922419
-50654487
-18327154
-17186468
-70896579
-138180001
-173820538
-170521181
-168306901
-207387253
-268026618
-294387362
-283180319
-261413109
-252384828
-251313625
-265901095
-258488649
-200611848
-152522706
-142811093
-157602643
-150297613
-93104022
-19492503
27199810
13288951
-16363877
-1611487
35085215
34082018
-2312144
-53842296
-66496487
-68341798
-81877739
-110907167
-135128507
-163618227
-181103020
-161954423
-168374038
-179121690
-164060640
-94223302
-41868742
-20399366
16317077
50678890
85209048
106606205
124911281
192432989
315431053
479305852
604957917
615452441
549425280
540856759
588009700
595667770
552900368
425906524
309686415
262160295
288996028
246728127
150317075
32324393
-26235499
-41432964
-14367657
-34832621
-104739750
-132744708
-125752410
-88439481
-77056738
-103513579
-142084484
-126844723
-73473971
-42234956
-59865590
-101088404
-138080018
-146334119
-126459111
-136123194
-191947302
-242960112
-261289742
-263846982
-249985976
-269476024
-298867547
-311045532
-286454781
-242842899
-223229032
-227475940
-200038364
-157721357
-123807312
-109486598
-90975066
-86672803
-84018781
-53005314
-14058542
-5290970
1435804
4543229
-16428849
-27128065
-45623040
-60995867
-71937196
-96070994
-106396863
-127743971
-150187778
-153104335
-147380339
-132119497
-139861478
-141035022
-112787185
-82070180
-39825173
12948546
42017705
65652192
121542021
160091194
202533722
233578124
236031538
251357692
303156512
379179029
469947634
541521484
534768024
454041670
473392329
522212453
519289082
463672017
417162443
347030131
328533315
350575383
313574324
232522385
165433286
112261196
69073224
57779673
16666261
-49140140
-93644770
-98222988
-106614936
-116940931
-155147173
-193138663
-206871046
-181100090
-178162279
-193686733
-227103594
-266727525
-257702082
-251279991
-256970580
-278791724
-278253228
-257874495
-240720542
-229907899
-221089238
-212586811
-186776526
-171752446
-156072460
-141288113
-134617378
-126523281
-120380410
-110168903
-94347227
-91812414
-103294444
-104437093
-103187308
-103586800
-112479639
-103075432
-109382858
-127926606
-128066219
-108566659
-117693407
-124141671
-119955167
-136049739
-119878189
-101815245
-92263091
-84687618
-80623003
-71219740
-50210512
-30102886
-22832318
6031470
36047981
47986496
74433806
107780430
149159546
189376406
215007144
227101573
241717284
274945251
315439978
358006941
401549819
417894614
398901941
404223734
447712545
470928249
457550263
455675099
434273167
409930382
415010618
392377204
328955954
259202013
222726961
169028014
121506512
57164519
-42998479
-121859985
-153328585
-178697576
-223144773
-257037320
-297572478
-328012177
-307735467
-296889507
-319708328
-330482787
-332965931
-305013334
-258651309
-244184092
-236628433
-215548083
-180376911
-154667406
-111494134
-90596824
-84640072
-81879651
-65129937
-47073131
-48354039
-63719455
-83762826
-102545075
-112071020
-123292227
-144331325
-162432381
-180484106
-182658844
-159199075
-165311229
-179671076
-180952844
-168227891
-142741186
-123850622
-110485302
-110142270
-98320013
-59845694
-41209213
-53707205
-58587545
-34353759
-15636900
-1698498
-271070
-15560408
-3441830
20664867
44068573
70638747
94410203
111167213
140578187
181060039
210787584
222714478
254734387
275901008
290247070
327038984
379640889
412089699
398786790
410635221
446006984
479801707
491151406
491454811
476087097
447853593
434647041
411515617
353964089
276789686
215278066
158829329
103533078
34898820
-46182125
-125246125
-178243195
-218646101
-252920384
-281250890
-318736652
-337292699
-325097114
-320250548
-306657042
-296460766
-298361241
-277415541
-231974888
-189804936
-175417789
-153746834
-130558299
-102407362
-82699590
-76347400
-65632535
-66884417
-61243967
-78745297
-96424659
-106420689
-129260462
-156171538
-170179780
-186580843
-210858179
-221984405
-229304508
-225538414
-218468563
-215059338
-224637833
-214435422
-178669448
-169156689
-169738162
-161095632
-130865352
-95347134
-73404726
-73836585
-66927922
-34220424
-13312510
-17240492
-13416156
-6680045
2280068
26028996
51345576
69907316
79666908
109672934
142942983
180098311
213453719
229435012
237088966
245325847
265581765
292060862
300207160
327369844
370342058
370066001
362950930
393361195
413279117
403209821
407514367
396325944
358876918
345496441
333217592
275863720
211829368
154729605
100216194
53126861
10926678
-59821690
-128001071
-170232811
-195200408
-219634502
-247553842
-270082556
-295168695
-288617144
-265830337
-259338098
-248729538
-223278242
-207274637
-172607857
-138958884
-123648158
-98169204
-73274021
-46947360
-31183351
-38707182
-36350873
-40315066
-45125532
-50806579
-64062584
-88725941
-108338300
-120616907
-145853740
-156425145
-170623689
-182794525
-195424491
-199013304
-190134792
-188518436
-174435357
-177335957
-170897908
-153971819
-132280690
-108368305
-100979484
-88332677
-64908998
-49166191
-30421473
-27256541
-5901273
132133
-5700990
9108674
27338404
37856742
56893129
84323529
106092013
128582453
152426818
174344296
206277896
228175338
238167078
245625599
261898697
273538545
274413251
293950086
307186134
310854130
306415012
310370940
292740102
281057719
286815689
267837471
231657442
204494880
190257841
165846411
125794328
78037371
38590473
7494207
-29249049
-59014670
-90983490
-140742633
-174039746
-182259166
-189781696
-196310873
-206899223
-215124562
-203031386
-177633307
-164226528
-163863013
-154204701
-134260361
-110364731
-100544664
-93456848
-82177914
-74586638
-63726856
-69942197
-77645886
-77601058
-80309403
-87925000
-89040753
-94665230
-117657215
-138804945
-141779918
-159119514
-166483389
-158811335
-159580455
-157277762
-158355894
-159649495
-156012623
-139269750
-127223594
-121353339
-108373720
-93432495
-79203897
-55152078
-26845392
-7396462
-4773537
13335938
33399529
52166980
70128995
79548969
85015763
93398480
118355683
143938385
159853782
161261123
165280090
182490404
201710353
211818091
221983658
221221884
221622914
226489602
230571321
230671939
215139945
209618244
193797136
179161849
171706828
141496201
110866519
87793809
75705742
62937411
42393377
24137647
-4187531
-7829767
-9530753
-18729691
-37946872
-60470542
-70939072
-77397530
-71134509
-73898327
-78126968
-80932823
-85785190
-76497823
-77808246
-92707309
-104349633
-93662401
-88283583
-99230584
-104881024
-107070996
-105705293
-93505114
-90647385
-77809774
-81543200
-94730664
-91435873
-81443481
-70341459
-71503629
-80847695
-77641277
-74082169
-81609528
-89936160
-97557614
-103677272
-98852727
-114745127
-130561294
-132301687
-128376902
-125777026
-118760059
-118624841
-121897052
-112099603
-87975563
-74888210
-59113310
-41450827
-19776976
8917096
26663606
36663045
56806688
84894423
100033436
114817651
129933241
152170921
167380053
181793038
184274053
179592970
195167437
199699782
199891274
191528757
170240586
157801580
154615026
146129082
119816486
87274508
47547350
33354298
27627205
21587391
19359390
-9534566
-16592813
-15861812
-5115587
-5081895
-6043380
783492
-2466235
905256
-6154210
-9473616
-9746754
-12013893
-505407
-476260
-12751732
-25781123
-27872805
-19487270
-18340187
-26181431
-46401257
-48802238
-40900893
-37634807
-31392194
-28759301
-22608432
-20683405
-8514216
-1848364
-975196
10182851
6101142
17226231
27446186
16579244
10581360
6137684
4996793
-25373758
-41641895
-62177715
-81385314
-87561243
-89424444
-106978166
-135769276
-146377539
-145459843
-139921019
-133900805
-119534046
-107354617
-109765001
-99959692
-70251171
-34188316
-7648324
10452176
21531288
27560676
44295755
52489730
55091595
65947687
67015514
73867553
74131078
73861025
72626898
69657149
67284907
56487752
38526336
17160997
14561312
18339100
10522270
2311623
-19128380
-18190735
-15926929
-22808001
-20078670
-21532730
-19962375
-11008212
-3333340
4791394
8666108
24156856
29744397
31867383
36449964
41713256
40424856
41658098
47115888
36151613
27581044
24189935
18223912
14661774
26867550
32878691
19502857
14151395
18026681
32810735
35078156
23365280
29671344
43619468
51905639
55684793
52915486
49601276
50799882
66519664
62040165
49919642
39926674
27979329
27210908
11913041
6855016
-12386088
-31339175
-56640413
-74562366
-82932169
-99004056
-98595998
-96320031
-90175523
-83885416
-85266672
-81595969
-66365752
-44395809
-24180803
59100
12679072
19252825
30005458
39294515
54978559
57983218
51858051
47687104
47811278
40540783
17929755
17200883
14202470
3610637
-10692584
-32616796
-30446815
-35082188
-42763761
-49772184
-47658444
-37689780
-43339447
-38978542
-42044376
-40536729
-32509533
-42047606
-43645775
-38626366
-27331368
-23602427
-25174969
-33368671
-33578376
-19977726
-25276377
-21892094
-13133211
-11857606
-7166156
-7075563
-3673223
4941837
16759730
17394434
11048469
25510802
40981624
46639850
56566143
58121719
59853162
61645399
73883165
65159387
57050057
68799544
74993632
73349799
51018457
44115259
34070700
30292131
31298421
18811607
3516876
-4053242
-9335577
-12580778
-16027491
-34864985
-45591545
-48567048
-45836950
-39128545
-40595736
-39485562
-30490474
-23307234
-24381327
-19076537
-3705984
-2119156
6730311
13723659
15761394
27377903
26244668
26901391
34082509
30828071
18871629
14737585
16115663
12759511
5561218
-14366835
-19869347
-7837089
-11846554
-16600523
-35906031
-62154525
-50743658
-35146241
-43524549
-50909646
-65899479
-66542422
-58679609
-57999327
-69373596
-65811016
-57771083
-44819725
-40552818
-49635116
-60112887
-39399276
-24278994
-13602618
-2882823
-6766641
3950081
29569824
27643848
16442254
24259542
35700841
45871366
58976551
56788363
51183675
59665559
62061741
58531824
61589050
56143120
53207472
51582499
50760075
51195953
46263084
42319492
33071778
35668753
35570510
29250468
14477169
-1533794
10934334
20955117
13909361
-3061548
-4788876
-79721
6253579
16823299
6903280
5332395
10413140
14654758
9271308
3349034
9592398
11732626
9423523
17541319
8731023
-2781336
8279777
6920254
6496705
8716369
1617918
10184589
16280455
17355043
5895925
6191211
8342493
9509811
-1866267
-19938229
-22765100
-35681766
-36322406
-38529981
-42398405
-47547817
-60118913
-56873956
-68736591
-78644256
-74640433
-77007420
-78445531
-68645325
-65967673
-73490996
-66329779
-66688609
-65582483
-58247562
-46188147
-31409484
-21661165
-12694765
-5897592
5030355
9198130
23163086
30000189
31578297
33671373
46518508
47979014
41726426
41347759
33259780
30907044
25217042
22088151
24663544
29172744
25397998
27912714
23646131
20975568
28263518
11108293
13866380
3820746
-3221273
3442955
-2205999
-1536475
-8361503
-15593398
-13429568
-6058597
3606735
-6119017
-7296336
-7327013
-8637883
7049362
9260243
17724454
22152981
14215143
14296648
20039150
20685527
17457789
15338432
16920494
15007017
9573118
14625251
15394492
15016077
14125330
14803483
16686388
15195119
12725141
10973178
9973494
8338995
7687445
5572975
1573251
-3596760
-12154702
-17894434
-20160696
-22063419
-25764388
-29987763
-25772290
-28128173
-29708995
-24800512
-20779916
-23563006
-13320634
-3733522
-7245464
2161166
-6564113
1914485
12790490
20965163
29189092
28237379
29384314
31977737
31593141
25520663
24801219
26585352
13870691
15502931
22594376
13981809
7537610
5838100
2143733
-3712790
-3420883
-13581100
-21354445
-18312603
-13013530
-12347881
-27199941
-31765070
-30589471
-27875951
-32218286
-36417095
-46971776
-41390602
-21049914
-22746537
-36644369
-38094363
-22301122
-5606964
5187581
4211270
-5614322
-3493110
8466422
10584878
699595
6321310
15685285
17542029
6385983
9104542
4292950
7033975
17243683
17283391
7261876
5267164
15946244
21203248
11912303
8863787
5305724
13841200
17720513
8871533
-2843014
-7442070
-6834031
-2784180
-10238770
-23386428
-29269103
-32085610
-26856454
-20557981
-33252984
-31950264
-33125449
-18750412
-12892794
-14053513
-7534159
-4100224
3739878
15366060
7421007
14302909
24518449
45713222
53339294
109286909
59779945
14866648
32461429
57052494
77798786
119687975
138526912
47314475
3625101
-26432
17204400
52528375
23389975
-30046887
-33497527
-30745775
-19617545
-17766325
-27598414
-50737046
-49853662
-43862282
-39501822
-45362936
-32383647
-31680343
-25224648
-11227197
-17348619
-36811879
-40493907
-16081583
-8230795
-9723433
-18714934
-26294652
-18256684
-9759318
-5477437
-20885982
-19849744
-21185125
-19008814
-3879491
-2920933
-9646678
-16136476
-17531947
882146
8107010
7430398
8429573
-1990042
3474225
13548731
10665690
9901293
10790818
-8165942
-7513481
3098041
-2538907
-6983100
-8292443
-20761239
-26119565
-13831004
-9943918
-21572535
-19684530
-13571247
-23841558
-28860212
-19209822
-5885709
1953868
2747273
-7641867
3212959
6234558
20317445
23335510
32795718
46338493
52891718
65939025
55933872
60484798
59990789
54631045
60318087
53804258
37610012
50415953
49866690
47415006
39989748
19094747
11668017
15481287
9440501
-4489384
-21559002
-25168273
-26787866
-22022367
-21865423
-18171771
-14376346
-26022535
-20871924
-24379857
-13925933
-2611330
2668390
-10003782
-20344716
-6567694
2988067
338457
-13808641
-30543946
-30543565
-22000348
-8361593
6722961
6609056
-9275986
-12274617
15205381
21099275
111353863
108039008
-9328236
-71822324
-63087339
-39300816
4416951
-9103682
41766559
97806059
-4875606
-106713411
-84358634
-69587787
-92327875
-55148771
-63806783
-37460065
-12814444
-44051395
-34898927
21194955
55607279
31058345
-7092866
-47082501
-30033469
-27202368
-8474062
-72761731
-86631448
19968260
81859569
70571754
81395002
-16380275
-51028069
-1840862
-52278125
-84733222
-26756164
27092721
47123168
116505535
90618586
8311466
-13279265
33924710
39148685
68811750
37472451
-31561806
-18735545
14913831
33043616
25798173
22996057
-15256724
-40659584
-27043153
-3474290
25243949
38505349
-5724768
-43582694
-29910063
-3305764
23124686
32489849
18075241
-17686801
-2073021
35395621
59733707
45608292
16337294
-189658
32781760
45060712
39956172
31309676
23595172
43967213
49517575
38536427
21644004
9470239
14117702
34080771
45184107
21536566
-4940055
-17858348
-30117969
-7875590
-467268
-28534710
-49160478
-52780786
-51410766
-35438498
-12150518
-20253544
-28014098
-10110666
-14071189
-11076340
-2603372
-24858076
-15191663
20720501
12392910
-11977797
-21092062
-45106760
-56391633
-28070017
-31895963
-44177331
-35897698
-36590459
-111767118
-56280753
55701903
42273600
-40129169
-114921035
-144060396
-90649767
2935942
-24383149
-85061778
-129755491
-129179295
-51443645
44217420
25808464
-70680697
-83915487
-64055181
-12878608
45405005
43459194
-10127205
-43286706
-30646417
-26272514
31370754
46206047
-12028568
-32132229
-43270816
-34228361
16685340
69358282
95779520
160610050
274973141
328610958
412023974
363301724
267634836
178433843
155503134
144380386
110135156
67135035
26977469
71039973
151192270
179729691
121440702
43828117
-23308221
-52412334
-56405459
-95238103
-147267818
-170464130
-154134579
-104829689
-56163348
-54474836
-76840300
-93823700
-74832516
-50092901
-49038177
-98617115
-137499266
-141093469
-131270575
-102623343
-112359124
-133178263
-155196710
-147673373
-157340132
-135509803
-116520966
-134860266
-148166091
-135632511
-107569984
-96178550
-102070601
-140420590
-154963616
-122510331
-111600066
-94818745
-61174937
-43006902
-20987578
14865587
35643452
34669528
16026396
-16950354
-34187692
-32602562
3310023
55754707
95072230
80662249
78614202
73775237
99492765
112844403
103042485
98438789
98170967
55119149
68833876
193408094
357765465
563644094
622416695
535835865
351514360
238182607
167304051
209739553
183845050
82837492
48033373
67628984
169845645
281985564
268059197
121771162
-7537951
-83452995
-113089736
-78946843
-100430696
-173407002
-186776284
-157590355
-133899665
-52433107
-57573173
-91652575
-91959310
-94619779
-105936273
-136165936
-185491187
-230391751
-201541477
-184457478
-177298599
-174325953
-170050205
-183915284
-164598788
-143722761
-153658682
-161322578
-197515654
-207559675
-175367696
-150207846
-159208281
-151292993
-150663227
-148135151
-115266305
-121361645
-144344915
-104042868
-40157160
-22953583
-8864272
-19033005
-35144304
-30459157
820280
-12324942
-11761882
4572381
1423832
14275650
28771443
21078023
26472621
23674370
4849634
-19715477
13517687
50991641
101774029
151530275
175206023
138796565
138120654
114184254
91934913
107898266
124466365
218312318
428331827
662288260
696167728
634219671
392279135
224930981
157502827
147448221
97353581
60193256
64629789
110356675
278089101
339277654
266429755
116011988
-32552058
-139371277
-152860584
-137433470
-181755474
-176459989
-150907189
-85917241
-25463567
-18198842
-50856748
-72537059
-76697460
-92917712
-119094828
-151705418
-190379837
-196357480
-196509259
-166453459
-145451990
-154600238
-161766857
-171773511
-166316232
-193781697
-179812413
-192229251
-204564074
-195170294
-205232017
-190552184
-163874600
-93621910
-76485579
-90991875
-108148904
-132010602
-87541356
-29805680
-33532824
-61724085
-66165672
-78706356
-66107135
-44848044
-62371122
-90885717
-123551917
-165079528
-150167228
-97205891
-65208786
-44833448
-48244209
-62884902
-59536277
-14726999
625194
-9545688
-2560158
27379190
115578761
224409691
275081357
270725365
198583260
60170377
-7892963
30462004
124833963
280025647
551762921
746064458
784660608
662082854
383164195
120804419
4093401
-4727877
1385735
94273194
124435832
208267945
343014831
402411490
352165766
197536496
-13087957
-162688994
-190426795
-192870971
-162623110
-111154864
-81489852
-40478818
-22633215
-17477761
-25155396
-25353117
-75360941
-145458146
-209947644
-268414190
-291753579
-264099496
-237171802
-193092579
-145937413
-134606727
-118578032
-107431042
-121676172
-125455472
-161933182
-183412770
-204327511
-198518509
-166547972
-150251613
-123582952
-108945212
-98636783
-78287746
-71188038
-98008133
-138462709
-157973894
-140572678
-110913660
-90459471
-98600804
-110074928
-105793260
-101726338
-84920754
-66495019
-95250095
-127116988
-121823356
-107821848
-77492410
-50772118
-55200194
-51613765
-33177150
-18300858
31819258
82319897
85544395
86946104
120085326
152323861
204335259
236597587
235007038
187190181
114364512
56411209
75044296
179473939
337077379
571962370
800956866
836241960
691554557
387963192
121136698
-63367090
-64239873
4013236
111050772
193186773
271167804
338053000
359531217
308918941
146618341
-56617549
-251472957
-335585483
-302752551
-217512153
-126932568
-78486741
-49495960
-71425614
-84398972
-88017400
-70321934
-58112966
-101908370
-178709183
-231382646
-265709480
-228670102
-160752336
-101341961
-70466915
-70625910
-85497371
-83948623
-80936320
-113485127
-154975501
-198609897
-232049235
-244124743
-209613124
-164206470
-134212589
-112232340
-121184029
-132142009
-153300807
-172827117
-172101527
-169513749
-174192313
-159509548
-119812085
-78765728
-47557991
-36033996
-52880627
-70700491
-65311732
-46126058
-23587228
-18286791
-30983141
-36995048
-55695687
-50485899
-22654282
25844690
72928289
100659729
133943126
140104697
124713071
125643933
136945425
142452057
166451099
178837344
161996352
168409647
181235242
163099550
135587021
180388094
278731861
587417132
796418972
819731873
628668173
282477080
-42375724
-171263646
-88523461
7014194
136857421
146759273
139684849
170633827
188741236
191282455
107470161
-31284192
-199873818
-306967608
-341044568
-270454263
-155814645
-53986238
19696814
3022793
-18403221
-37801502
-30059235
-211915
-7372651
-75923608
-197949995
-277929068
-256070666
-161767361
-56016660
-11788564
-36447054
-97450537
-149685835
-152723349
-166905369
-98580940
-103250855
-193623506
-260950804
-328235895
-307390914
-221028592
-70020142
-55178705
-70711757
-136913961
-189171080
-178383843
-153773245
-128232446
-154667549
-158194789
-179149665
-132807253
-52449035
-18942589
3935619
-17864060
-24901638
-80458853
-104483113
-93307840
-62474715
6687913
35375195
59517786
71118514
77601962
93534247
94615968
84112202
81063371
116774203
133894565
169551472
241697092
252312498
223882122
183224383
84575482
84018801
195809532
439367215
756757006
884827261
807308511
485802296
142628556
-127020556
-177607049
-80053173
39557356
156228952
166760578
203877466
200445220
211974279
174609618
72989641
-62697443
-226211648
-320948348
-337062692
-226095885
-110801181
-12097251
27924244
-21975855
-46088731
-49274152
-566149
32709762
-3953892
-115887070
-236265184
-309562023
-304392969
-198110844
-94159059
-29961721
-33818508
-75791555
-127178557
-161053560
-172697111
-182927475
-208134115
-240360697
-278512004
-286694350
-247733378
-183902693
-102049680
-71029901
-67921760
-105610318
-115619098
-107375979
-86055950
-36321598
-37537131
-57205510
-88789195
-93527473
-59513435
-19501527
26891857
17074338
1450715
-925093
-2174001
6343272
6277898
-155669
-8355314
526775
4290783
6002603
38629221
61178765
84157231
89835338
109458543
120176334
150251689
182853092
186583561
211388003
198769313
143408863
96334483
94243594
165373058
390086223
668227487
760325724
738014478
476775246
148390164
-107131512
-180630394
-155018371
-50426771
68792551
103919631
128699790
158839213
154988944
115495756
50211941
-40087462
-180329693
-231312088
-235563633
-201895203
-109137753
-30863723
7040652
-13992737
-25746088
-36704048
-7257263
29249253
3626073
-61457646
-160066281
-220124928
-246658263
-205492635
-150583925
-128495463
-133399976
-150924275
-181890356
-195506046
-176765969
-153130449
-154602143
-58529018
-44374611
-155356915
-208891591
-279441394
-257189728
-175419013
-25975712
-36214005
-34926009
-69240384
-132882662
-82574071
-28986470
-37458351
-80499796
-90056526
-111542621
-96133106
-7149149
8764804
26040388
715945
-29719371
-106801524
-121302974
-57770079
1056736
85090711
98726604
39899928
-30330586
-41663578
5378452
54485630
174751322
216915767
231624481
186912434
143554933
117435544
124965138
222911250
410162507
654368574
753033562
727142684
516538209
274665311
74443917
-5953216
5558204
48407480
104381583
97667474
98063452
131163887
143699782
151343119
109847713
56614820
-35879055
-104428853
-143400115
-164576446
-134257729
-91006269
-55605296
-70684906
-84568761
-75080472
-37880209
19480624
28942420
-15472253
-121619129
-206757210
-242615597
-230648830
-186025403
-170631750
-156979484
-156151806
-175329987
-184047068
-173703496
-164360321
-165222523
-174226211
-190154887
-228821510
-247817663
-240043980
-202664196
-152418402
-122947674
-128002130
-137964280
-132872310
-117411975
-83414005
-43598514
-48645678
-62688476
-71527464
-84424136
-81252760
-54797084
-38152290
-17357626
-14093688
-30952928
-42267850
-40290124
-10147359
16093138
29537511
36008154
35820155
7519714
1495394
303309
7984793
61619970
123329239
171602326
194651274
193146145
170685098
160440129
196709388
229380637
316613933
495657023
679272132
731179589
692419871
520838633
309509467
160656563
118347933
109313758
114990374
108418286
68446442
44236627
40599868
32676993
65090746
79694784
61436123
2028479
-41636076
-76895432
-105421740
-73334644
-69567571
-93874953
-118354458
-127522785
-118422540
-51391038
15126165
17512419
-6293405
-72150532
-151840372
-174426709
-178367507
-148214237
-136507168
-136226339
-183918929
-227672649
-244076269
-232109533
-202394560
-182505245
-181187313
-190069550
-184772449
-176763311
-176083196
-127941566
-111961689
-117384227
-158106232
-200909420
-212906367
-171091914
-93833555
-53465527
-32430425
-53984362
-94162003
-112174943
-98103096
-77101525
-77905203
-79233358
-110109389
-148709786
-141609847
-107869217
-40124145
-10394200
-9568921
-31789313
-38652759
-14133902
17664815
86827020
145606125
195692287
213453077
164504727
145526887
138373398
204870902
355881156
588328940
723163172
720673556
633406874
443189405
318381119
257410568
244158933
231207334
202897866
119743948
17845912
5870326
17299080
59016404
85057716
33644611
-5422891
-39518155
-18644237
-13734
32286411
45208867
-44118
-73169099
-148157676
-172579251
-118461797
-29667745
20790470
-3856580
-58846637
-105445598
-118857233
-90334865
-67174059
-72211529
-123955599
-178892181
-202858011
-206293156
-195421293
-197141263
-185744663
-214628496
-233451845
-257264991
-252900472
-190657069
-120951923
-82662073
-114448966
-165243568
-199041788
-196659427
-168737481
-141098543
-110300469
-108388177
-131510614
-140071692
-119871398
-89266151
-66364786
-76710831
-110483689
-143237463
-155513975
-169799024
-146673908
-99277947
-71185226
-49151402
-54033604
-57911740
-39118883
22642054
77453775
132447883
177012728
185141076
182915371
175900073
159582162
177508263
218356807
273934726
369628697
535503456
640277779
653299046
607924869
482323853
374806416
326643826
301176503
241951577
189376120
97376538
10066903
19345965
25645617
8277546
12836104
-23921550
-55408634
-52431144
-36770078
-33577825
-6576382
7781176
-30643136
-83424211
-119742511
-127287953
-102933425
-45741390
-37672738
-82949995
-139581527
-179113645
-141396333
-89274030
-50822343
-78531595
-112435047
-151576480
-170963566
-163567500
-164791491
-167914120
-187206521
-208871147
-232701253
-242640194
-226076439
-194639935
-161622466
-142051210
-141281303
-160855580
-161932659
-168990794
-142599222
-128164614
-126836332
-142920983
-144817741
-130425263
-111184166
-97368060
-72715116
-82328897
-95472199
-91669185
-85054739
-72007582
-66396159
-68351298
-68148211
-36792635
13754471
31005140
53664929
75844398
104015140
156686440
215472291
224628066
189532001
169495934
136987057
140354222
216692236
306294226
458982679
594292517
629390632
591116427
516085561
439564767
411102815
424741358
362567684
257426877
149500607
45985337
4772440
18036148
28585904
-3839789
-50509864
-107325423
-131416916
-109111264
-67389074
-62155674
-78438013
-108550276
-141156821
-139773116
-114607512
-74384958
-45584173
-57139113
-93157038
-143078282
-155560697
-143366151
-116936071
-96153682
-115990292
-142816140
-159278326
-140952373
-98555664
-102027790
-135960417
-186508052
-229013246
-249197589
-249296541
-248438369
-239283447
-202555781
-184785218
-163265875
-146209941
-152082910
-170632114
-174256470
-154405250
-146943693
-124572959
-121386074
-130967144
-121079405
-113554758
-112028982
-96117563
-92131250
-92056963
-68271577
-53448846
-55417408
-47812077
-34631708
-14655243
13298509
43522977
63507831
94505005
138294296
198043102
236560520
261592706
271201249
247781682
247284599
249241801
255230146
277347369
338167469
447788762
509767041
547032856
507356493
452127113
439133967
446736689
457924132
399215449
301603843
173667136
107385569
71529807
45354572
-22571850
-97854713
-160946539
-216249100
-197850437
-163631948
-127118157
-120544595
-116851609
-130581555
-137373745
-115417141
-114104416
-105941291
-83447595
-69788775
-73791006
-71641131
-74836895
-80190306
-86529447
-104290366
-123036530
-140167617
-157067128
-174767189
-191595504
-200399100
-215544994
-223412738
-223043735
-237526153
-257274828
-265571185
-254511915
-229242160
-192043222
-174227165
-168562292
-155286873
-156087560
-152081354
-119890026
-104130677
-84557051
-84790573
-88906307
-86280121
-84473289
-71989663
-69313905
-56327708
-76963775
-56596146
-30945652
-8646781
14261462
35765948
68321268
85687033
95157744
108334903
133773959
152342317
191291355
232857256
267436908
253501663
252364095
225049757
231577455
240245656
263314419
269356520
291884169
333169304
350248054
381611266
374609151
351330018
341584008
356765350
350772487
313877722
265696533
184508521
154699143
116365167
93779356
6398135
-63617025
-135459828
-157025418
-132467387
-126164450
-140324196
-178861335
-194481674
-212322421
-193802739
-176511023
-163142396
-146922360
-138101778
-117396006
-93079093
-53642699
-43439100
-34878764
-50533482
-75598885
-96495169
-113541892
-125988292
-138813306
-165154912
-189235730
-203872793
-216645370
-228710987
-244472328
-246268881
-261058183
-263232109
-248413223
-223683010
-202499370
-160616413
-163158922
-132536253
-118628899
-104064811
-78987442
-79300974
-52878585
-79931257
-18970147
-32802908
-11951209
-35586422
-13492109
-21981799
-991382
19686104
44960362
62717712
66545514
100915048
103318095
131073609
121723901
122939351
155671425
142501426
165717977
140925043
164032925
168178229
159733099
197173494
191665322
214701084
209315021
216917710
222751360
217014971
244661793
238017094
259589450
240738838
223157257
213536168
210007376
219944311
180840542
164748599
99675417
66876703
35668417
17660666
-7915844
-50324958
-68546777
-96889915
-80551278
-100577146
-91817031
-120176143
-115746283
-140079020
-131500632
-126350091
-142362378
-129141312
-131282451
-85785747
-88478101
-57743993
-77540139
-67420331
-79144507
-86953087
-83534306
-99162125
-95999908
-119002848
-137203479
-167059455
-174436716
-209743971
-197034114
-194066492
-183488710
-190826610
-203712102
-184545553
-209297559
-134534745
-165976176
-83485097
-123777159
-73289744
-71738152
-56173414
-39998291
-39799227
-23155133
-13505671
16499615
3016375
32256756
27388945
60187036
55228687
90524931
88192662
70481264
105128308
83977695
139570959
91650513
146434295
82915469
129650516
60274858
103562915
103624841
136234266
144841741
134584565
151994410
152690312
185367146
183923894
170722301
168408474
146026295
165296071
142272772
150614938
143693425
141528016
128285762
121304061
79225847
50452519
30821212
31628285
37275364
24949737
20525982
10528598
11833465
15410526
4184177
-8398783
-31402462
-34227223
-39216510
-56291659
-47586311
-74545908
-72417948
-84995626
-82509619
-81361010
-106101362
-90006326
-104805093
-82569750
-94817581
-99293889
-125219183
-123804335
-130734366
-123670163
-128217470
-129935455
-128302598
-130929788
-99069019
-126105360
-113582407
-130105231
-132811414
-120844121
-124947435
-103246020
-103692575
-94616008
-96304503
-86937587
-42318071
-62010033
-42021203
-74046519
-47169230
-41112141
-16173571
-13948322
481973
16360931
15467397
46539986
25037284
71216282
47015768
93921396
65407172
109286066
83838672
75271228
63708049
58351661
70367468
40946597
73915480
56202208
78563413
77795306
80838489
113973914
91712025
115936170
98665589
125920296
121750224
107441508
128660006
104205909
124837198
95492102
98004970
87260859
65409986
71488842
42900530
32999776
24890715
20729244
26185111
47092498
36472878
29383427
20112517
27020785
12357223
35485555
20730366
51758998
34619031
28623357
2057771
1940229
-9800712
-28199794
-20970872
-33226633
-35965640
-56864552
-102469895
-99547486
-114820140
-110827601
-145316406
-123175829
-149274565
-101512387
-146019018
-100524439
-116603094
-101506379
-124773954
-96272276
-120471818
-94707585
-95769650
-76108947
-62577786
-70406277
-59330227
-89695887
-55801868
-90280548
-38454681
-61771708
-65774106
-46531486
-58881093
823075
-38794406
11745523
-27922952
-12256354
23063017
-14727419
44058250
-5603017
62064234
42969938
73105878
54640406
21606578
47558712
4552451
54514348
29881257
71789871
55472425
97891508
57282318
115594040
93575827
116030164
91957482
107107227
106271883
118094597
104109703
102036511
87281617
106573777
93786463
119134909
55087297
86509196
26940006
109995401
48034571
90957309
25233389
56028670
21959479
55868559
41340746
44799078
52907776
47836000
59137938
26878574
41121741
30379049
31594581
23369415
-1304767
7637356
-56676891
-34280972
-67180069
-53031309
-68143712
-95898156
-103456647
-111790215
-117969161
-103039780
-99814810
-103222790
-116494631
-121379661
-86628356
-108735680
-69428172
-89928872
-53652577
-85797191
-63460479
-75590634
-60730540
-77112692
-82318339
-79520493
-102901712
-64313657
-105309127
-50473332
-100418335
-48476405
-77271071
-41252171
-77824294
-52425649
-36755905
-32093467
-4108472
-8922863
-3419584
-7749443
26693241
13828135
40498874
5191644
14085742
2225943
47578549
61042911
43462080
66793609
37539686
102556825
85305775
112329988
82778324
83383205
106432630
72192267
96148297
66745236
107849943
73792545
94656651
95582785
104409213
71950335
74670752
59031705
102004187
46662220
56755379
35406896
48401022
33843495
34074093
41923753
69493287
53443859
52770410
40702221
62665683
31615067
45807745
-12498410
39712933
-12578161
19880626
-38359393
-21534789
-48665706
-46432823
-43731066
-70121705
-46533730
-90684066
-81358698
-87534703
-66090169
-78452017
-94645997
-111812061
-103280205
-91467254
-69635531
-70898110
-69011721
-33669166
-68257935
-58953564
-52060326
-55267592
-71193854
-81773311
-34812501
-64803912
-30778657
-69845599
-41607601
-82546038
-56669300
-57061689
-48395922
-25351577
-43441686
-3422918
-47342499
11878972
-28659330
21084247
-4848906
-13083588
25129681
-3666423
56889678
2865679
74712279
12336479
61889879
72126794
34725904
100922139
22696176
121171578
64125948
113054250
93989702
59353046
87478586
28285728
115047473
58898859
85404127
57704727
67549511
133552528
112083584
140724849
77318756
115888882
101725403
130994072
120242519
84161866
74082034
46251584
82638413
57037943
42714407
-4282466
-32031470
-10629802
-3994373
-292661
-42425409
-65578056
-70247419
-62600729
-48033197
-85168996
-92817725
-101019360
-91251517
-56763037
-71246205
-70952189
-105416326
-84973092
-97428933
-65489807
-101710523
-102487289
-91826728
-84030699
-61576458
-69575105
-102038214
-109202257
-109888747
-83278321
-102783343
-71657905
-103864129
-74154660
-91684979
-68488380
-70745344
-76579229
-79282215
-79305009
-59938261
-52623008
-45672019
-26411733
-36574542
-14675327
-12926086
76876
-13024317
-14929715
-13478283
13305106
23330770
11328746
29706746
47308481
61341477
66097972
87787492
58571201
76234544
81705705
123090184
122919959
184476113
260216577
325603361
328322342
278383101
292439355
284735664
330131690
311965924
268484125
204928401
172753130
175114932
175176288
135466960
33301076
-52417192
-71539928
-43210602
-55686127
-91109204
-148115275
-175670282
-142706355
-95159203
-102919504
-131819865
-140259145
-136006271
-75112490
-40371478
-53724630
-100881328
-94467132
-80020412
-60635196
-53410692
-93697904
-131303878
-125861605
-124481263
-124653810
-131727180
-171125618
-186666879
-184625619
-163704151
-170676720
-163956922
-163868886
-154646103
-142547716
-131614430
-123524697
-112029821
-93214928
-94613540
-72563780
-48316635
-51552440
-52704218
-53831643
-43710572
-29811725
-9779309
-10843696
-21507708
-16111318
-15256181
-10193296
-16833902
-41553454
-34860825
-38432866
-2829362
9508702
37688379
65257621
100209948
120389857
119565772
132420028
150397751
194567447
257043649
411878279
516714706
503999833
443609722
444278502
425508966
465146780
467784210
383524999
272854921
216445977
221290240
201868975
175474946
84340746
-37865065
-71264827
-58135114
-64280548
-79212985
-128463241
-207653023
-194683968
-157251338
-150129279
-170966389
-177885810
-177032698
-150755597
-95205295
-95862620
-109587857
-137984338
-136026429
-139730215
-128984702
-135988480
-161166597
-216396690
-219899471
-213316499
-215397805
-230783612
-242581640
-251995304
-251988322
-242802165
-230328987
-217906430
-207197584
-198907638
-170279611
-148603551
-133445928
-112935037
-85739100
-64105596
-35973938
-9503019
-5302062
-9305436
-4913555
-9913629
-14858499
-27686440
-35967157
-51903019
-54848919
-82280176
-86779140
-87236106
-83194937
-88846017
-81348796
-74650000
-37639505
29867060
68072616
94684259
128193954
162641246
188218239
228193766
236584657
257218462
327113286
484619051
596016684
606951423
510151540
486882674
498973532
520576422
492032973
402541118
272371771
195139550
203621333
204633379
163946431
44385515
-51703545
-86206692
-48997502
-47079603
-69806921
-136163681
-171225380
-152410703
-110942261
-92781751
-111283408
-138132222
-144445146
-121887903
-76007106
-80352398
-135270366
-171604779
-189261279
-167777932
-157049406
-185771569
-234670037
-272271553
-270252392
-254269577
-226923645
-243370304
-260706210
-266088918
-240792927
-199636799
-179679382
-187720442
-185535901
-162955727
-133042114
-115345471
-113415438
-101591646
-96951322
-70450328
-57510276
-43859627
-69311296
-71822639
-70005166
-80348355
-72091467
-97414951
-109108706
-121235596
-111838869
-109486051
-106779712
-105315341
-88884785
-83170793
-79688290
-53342193
-16605836
24152326
71475504
102131907
133457866
175341742
212220607
239329558
275470690
279823723
258458312
270165081
350913484
479661536
565983538
567046683
479879543
437730568
468281922
494141070
473450380
394778423
296227189
224509890
249314577
250173688
197690473
97744081
6157541
-46913706
-6843882
-6126155
-68300319
-129031443
-160554979
-161579553
-131958640
-135526308
-186944342
-205901213
-210279330
-181038294
-161627238
-169953454
-215836310
-238202274
-222121186
-194970815
-176361725
-183275733
-207424455
-207749733
-181635013
-171022731
-166556234
-178059103
-176863888
-186179636
-154420697
-144833744
-141387842
-129848668
-149120327
-146456465
-138480813
-121306925
-142081142
-154855838
-138858652
-112050283
-100100371
-112502866
-105823551
-105599388
-104508841
-89838787
-84296944
-95454797
-67640574
-58877355
-71534763
-65492759
-50368382
-37466570
-22049870
-10780144
-14487920
3168474
38283685
59243636
76413473
96812083
134621032
174491327
183177378
192871515
194007710
206082284
222375722
230124930
230033060
253522412
292397128
336683498
387066458
392122415
350373881
355456473
373082030
381631999
376394884
353618341
284414219
263006456
256388077
241574330
186754652
104287880
18589578
-28001880
-41190979
-75409226
-122907149
-172127195
-212365121
-235067752
-240761919
-244859165
-260570047
-249499428
-241420926
-220604512
-193736050
-177102564
-183541633
-170896863
-151330794
-127784795
-111934753
-102615836
-102313367
-90274986
-86753992
-93152015
-95684197
-123393454
-127807886
-139106604
-142558507
-152662910
-167792307
-190252161
-190768395
-196926515
-210007138
-181620915
-173462717
-187366766
-177699316
-154319901
-131102138
-122106714
-119444435
-123788520
-105451655
-79219185
-71675276
-59890083
-43070501
-39730945
-38190682
-25495553
-11162342
-1572069
6136615
18386285
26705877
33062424
47125816
69959557
91482433
106542675
113672002
122102873
135873340
155655025
179197044
188110841
200798675
224574900
247235918
247262654
244993067
265108527
292882903
320056064
331260461
311224154
309885800
331005218
346423237
354204891
334807426
294564046
274292010
257713874
220916215
183428863
125495013
83355488
41204211
11736580
-41146119
-93268317
-152737485
-185594440
-190056756
-191618682
-203535723
-207602506
-217932118
-203096669
-162113621
-143873893
-132532714
-130588993
-114495039
-97931982
-89416263
-76994523
-72275362
-66748821
-75014866
-69664255
-75900749
-96956881
-128711643
-149828594
-148361630
-164210388
-194857115
-213276158
-226820021
-208605837
-197070107
-210757698
-218841067
-211587743
-195342928
-169106417
-142674830
-135087962
-108024251
-79475301
-61078542
-44382296
-34073906
-11920506
-12780846
15647838
26114043
30899245
38450140
35031952
48288425
54752761
71784893
78632346
74772214
69581806
58011767
56156794
68811814
87735551
101293760
114223745
127166821
148903203
170288631
174328258
191379717
208569397
203380283
215037338
225764567
234188489
235114184
226382194
218939971
211938317
190519420
184920290
186041139
175114170
166888852
164815343
153390440
150177495
137361091
115016631
90309463
67370001
37314595
24266292
13284427
-13549349
-43189750
-70276923
-90456771
-107578777
-97931038
-105858745
-131589672
-132597889
-138435558
-137912597
-149798120
-143649913
-142391388
-148381465
-139434479
-129780761
-137667659
-141764432
-157445834
-166952011
-168026161
-163852685
-161039375
-171351912
-179272451
-182326387
-183156729
-183561572
-188222255
-196249295
-189718993
-170420330
-159997757
-151005230
-139381230
-123939673
-106070049
-92495138
-75947309
-64587338
-51387466
-28543792
-7652213
14385610
39752862
49422712
62655452
67472883
76789222
83795525
80968870
87044812
77628320
64647174
70137975
78034373
82197988
93111535
83999732
83546580
92697044
113373293
118014360
136123336
141466861
146984369
150607092
159185889
180986483
183431158
191933322
182045604
167495450
165418716
158772886
153885279
132796067
114613275
107197412
97340833
89384799
86876402
81137127
84569009
75103290
61811745
65143846
69691247
67934999
75080655
79803759
70369980
65328730
67152575
50125585
36671338
23289287
4652500
-10592215
-28523062
-53595266
-77951510
-91555302
-101521392
-119032168
-128199957
-148400187
-166286163
-165327226
-163644775
-167341157
-177556398
-174790391
-175742590
-178364643
-177844416
-174296408
-172558859
-173984712
-162963591
-161112218
-154934785
-151174879
-147939938
-138233493
-130311505
-120074929
-105212336
-110924644
-99524395
-80988699
-65151229
-59963237
-57740752
-37926343
-19783967
-12431487
3211811
14492686
31630028
37074763
40234557
51734725
58107719
58580325
75118751
83530767
81481061
67165114
75740161
82894680
87787415
90579819
93512060
96149347
102247625
109097786
116962467
139956816
143435697
123921886
119561362
116612958
139849289
144474026
143754134
130525361
117778256
119045778
128797478
137317338
123571699
113430372
100043585
91468798
98153220
84352778
74048756
72116814
76547011
57605068
42699490
31507003
27647180
28869447
24132513
3405924
-18313103
-31030607
-37911159
-39790856
-43583408
-56542713
-75453495
-96668561
-103481133
-100000695
-103301473
-110697796
-125473134
-129761519
-116855695
-115969543
-69755196
-63298442
-105309660
-155443230
-145916251
-113866467
-99562124
-80411849
-104657218
-107696553
-113871164
-107386176
-108401427
-97685277
-109516658
-108084526
-79621869
-67839576
-74958461
-83749342
-81705089
-44662640
-7622055
-18389006
-43542675
-9632659
4404152
9289147
14005035
-5957295
-24534295
-19867917
6413482
-18143809
8587001
10630733
10092446
1463819
23123295
22807549
14990452
56656245
54102642
52271506
42778296
68433175
64106943
91408659
83626117
83133263
87145385
110870899
111374344
99932476
89498401
70522076
82555317
107554720
93511246
63708715
59634304
60492074
104424293
107484546
71474070
40316410
49828485
57597170
71990003
61832945
30880460
32905285
65836303
43966887
7822931
11613479
-23167622
19172541
24850455
16599828
-33108295
19027247
63752652
49347216
7622059
-52774557
-53575362
-47659842
-29143572
-96154103
-104670267
-89003866
-55853754
-46605310
-40693489
-54506285
-32988309
8844345
579880
-7345271
13392475
33994535
17001710
13527037
-53237957
-73988922
-57384117
-44752145
-62798155
-62757271
-69760613
-64083350
-30166177
-38302251
-47182875
-26752418
-19509418
-36495870
-37985643
-62421317
-71076246
-39073363
-23314589
-43723624
-48235708
-26336311
-8040183
174860
10790310
13380107
3001294
10982710
22009412
8712024
-304766
20572637
31658201
3905610
-1925943
-617236
13774518
24721915
32090188
133864
-15305208
22899945
43428809
31518950
10720681
29529657
36645243
79750689
60432053
-5692191
-29592627
2650163
19562486
39313830
43308546
-1332474
1276934
23038224
12809069
-19992180
-22934291
-62437516
-50214417
6741537
42210597
27967642
-23361635
-35268619
-48108122
-31344857
-39080951
-40260917
-22988268
6308926
41854223
54299552
60407073
1075763
-36934786
-48759721
-26359132
45368294
87595173
50542080
-5478355
26011410
67935882
92875184
18434670
-50546668
-72426152
762395
92806485
69639124
-11551693
-44466428
-18256543
-8360746
27294284
9377560
-38909442
-6559898
51778786
63760632
63508709
44851912
-26757626
-39787850
3614107
10769006
-73157305
-71067660
14374378
41548297
123513467
102159501
-10463252
-85885815
-25129115
-18267641
-12384308
-13157825
-113692431
-85915752
15643416
38315382
-50204035
-68395419
-91692296
-69907528
8708666
-24413661
-84427622
-95911442
-11352556
5042335
-15558272
-63423162
-129120207
-112893561
-59000070
-31958117
-65499435
-51828310
-37477204
6104350
53742768
18619265
-14565409
-53539859
-25178097
-3315132
38367018
237487
-50092424
25148120
78706321
129306511
104445378
45163370
14037041
71442347
101554984
56581267
33833691
39514767
100208436
101474775
119095412
97834849
37060920
18715744
35980172
77038205
66502542
88775184
60716133
60342883
120850508
105636220
75233009
11813293
-24313478
18496068
120250865
126394190
36989217
-8808398
19852500
65488323
99065223
97957203
56783573
46849441
88829388
83954535
78412160
67750587
-37180957
-109602356
-72183795
-6006240
-5671736
-40377476
-95060094
-105429652
-29253356
-11854511
-116406883
-179089565
-206910520
-217338471
-166443159
-114745734
-165135883
-248115820
-234539781
-214410572
-186391269
-163589155
-183786165
-194670095
-137490963
-88272720
-66311034
-81191693
-138269678
-168799433
-168487003
-145017218
-121603435
-109164019
-71743336
-11149458
58239141
68546679
40606355
-40003711
-85663504
-47203079
6510956
31040818
37362297
58702328
88259212
143622309
129055743
99068512
74844892
61228958
122921186
204770910
191162935
110021676
130645212
152854557
166552750
154220936
76713499
53418752
117882549
250910838
263230753
216138906
143994992
76675580
114446752
118099706
97595022
57693290
52085511
102793828
124466705
173177786
118840261
104914329
109834501
80204312
20842763
38559415
93920736
55930530
68143040
65277254
51462005
54784110
27846698
-7974855
-24321703
-7298121
-60685303
-44191732
-2085456
-45122324
-87452199
-109601332
-133470698
-135181002
-146281931
-222917722
-253386307
-194957098
-178910044
-179705381
-173099458
-209278083
-236316301
-188462970
-144251483
-182355437
-194621965
-203584008
-211406037
-151598366
-104694271
-165011586
-209819145
-167678658
-125287312
-98339982
-76679896
-114697257
-105492565
-24841896
17296779
-35816062
-73678563
-83094027
-81956975
1537518
12733944
-28080877
-46708883
21465867
151784740
245161855
227065452
79480504
20943613
106829920
135509705
100114530
40188245
25857123
88231001
208640670
191272916
115853059
111188146
160926860
224686464
226990635
189969059
88627018
50607382
129752521
166779575
131179781
98201303
106368724
169516846
240264651
261760392
232673864
182010614
97329760
60808779
135655759
158402990
54800479
30248729
48880802
75877801
104845873
27748196
-55489257
-25136117
24371614
12046194
-31694543
-23363515
-59537840
-49585112
-45219325
-112285124
-168781051
-173486113
-179829802
-186238123
-164825315
-186066888
-199412820
-158695588
-167319908
-232205223
-224233390
-198141764
-215197979
-181907096
-201032469
-269484842
-255068193
-199486358
-176692335
-164340830
-149255243
-141707432
-122396807
-82833696
-107189899
-133624526
-107187507
-70165693
-44708037
-48606575
-27604514
-28619020
-15951482
-4213550
-31016437
-46275339
-25373661
-2612209
30521952
138460722
192356250
172256359
168466555
204607375
148172036
82590292
61460560
26418281
41182740
135873730
235570097
224950773
175509353
151058424
130266245
155137022
156802848
136596254
83681052
64495433
153923397
232019178
267016476
210713357
143148993
111754377
198270384
252247457
146608098
51955072
59967465
101174276
170771824
204834903
149253025
32469103
61262530
115817792
76502262
-10489380
-100805800
-102662776
-6997822
54450847
-2842436
-75684637
-96162375
-122693440
-100612418
-80197417
-132951810
-204277108
-210863759
-168100320
-122679784
-120694335
-192029162
-224136807
-186390336
-168072127
-180319332
-209710951
-207104695
-178750642
-168969616
-147522726
-149441040
-182677340
-208814937
-187491035
-163348936
-157998925
-131399194
-120916330
-104921633
-85303109
-95968443
-94757555
-95566184
-98518732
-71623816
-29538422
8995310
6865932
-4458793
13620266
29074375
4011006
-13554607
13913884
49051954
120382919
165441677
133755584
121548139
130212526
150268508
151387884
105114223
42616289
56973433
194116775
244671033
179323038
117436927
76956470
163914627
273873506
250192510
177421135
147692710
220056032
280702092
307945254
237300745
111890847
98003331
149563035
200030869
171709384
98088504
90009089
154680647
230020138
209238230
89498310
-37866705
-45875424
64441207
29507155
-145707857
-199911625
-183672897
-104710162
-36415114
-48939332
-143473800
-171504542
-137185967
-121518624
-105071794
-179265157
-265942553
-230760517
-146361128
-81918219
-130276865
-197317586
-207907038
-172164451
-118071652
-149774638
-199095425
-236287300
-202175428
-131574929
-106595211
-114459686
-156476539
-174747102
-144629795
-137932673
-158830230
-170422354
-179661533
-152707038
-100839642
-30166645
10803514
26270505
32657087
12316254
6379820
-4408045
5189431
-7945531
-13427151
25423707
81900689
159575110
174763626
111854662
91524342
100452215
88851249
95842140
101100143
128041082
137352076
142768203
137590356
111201316
58696607
-25458609
18315164
113941631
177530888
234512779
236662977
254914190
300709600
295335414
249116223
189195206
166962887
165042892
212930543
262863695
218010781
157724941
93906446
81932828
94102290
64874487
5491189
-47047316
-19188422
-1104047
-7877872
-31099300
-99982916
-129367617
-127676538
-115039015
-151393194
-158987392
-129844859
-119597695
-103798345
-111530257
-103093272
-98631633
-95524944
-125262021
-164683998
-172178259
-152741119
-132304558
-141957286
-163754898
-175566070
-159241522
-131994735
-136054365
-171682612
-205393337
-180536877
-141790579
-114240524
-110756663
-153615992
-158027523
-116085931
-113770056
-120973975
-153453440
-162220435
-99745067
-4659987
46630627
24064409
-33917102
-50553946
17537991
90519249
101180136
58411786
9300377
3709047
87854417
143293897
109542310
68937668
70083797
118957568
191084487
207491176
123434199
62738845
70150396
139136656
149293928
80344441
34945465
78228615
177492491
218981889
187910121
180598830
239314143
311221463
333414251
299238984
252371786
204757535
219693659
211343716
126247020
31641958
-19964882
28597721
92880400
75505524
-6195890
-72079399
-32036068
30338384
5564662
-86802146
-177769307
-169126442
-111803914
-98555799
-132076365
-193147440
-206409936
-133661851
-69374419
-67210919
-117203993
-137619828
-119980926
-65969164
-45673086
-121974338
-186532636
-197653269
-144840007
-107091896
-141724994
-182800964
-198959367
-163214211
-81980627
-62212773
-96294285
-125518324
-129688725
-102516244
-83086733
-92265580
-136198386
-150209293
-115965806
-75701292
-56229263
-79670479
-104829828
-79160289
-32451819
10102701
8206556
-5707820
-37867200
-17295578
50747065
62457404
28646539
-22120965
-26253522
23724343
95842411
112924749
92033254
113880826
156679300
197888249
206656637
162313353
111257717
92685481
136648743
134279594
94560792
67459984
84431299
169730239
230798080
281381145
356871456
401605116
409491659
394974726
359350928
306446965
211276790
139566140
91066812
28811725
-5174063
-4952962
28302645
12356936
-5882663
2238729
-6314520
-13247481
-29164524
-76543183
-114822984
-151884756
-158317386
-150765927
-162308978
-170774344
-185019811
-148150063
-91201305
-88898226
-102609342
-120886276
-93880913
-80543146
-89725190
-118014256
-153146730
-164523672
-175560129
-157884335
-163579022
-191688910
-187283241
-172147675
-142559007
-116606771
-124960899
-132326247
-108879569
-97201840
-93952526
-101154963
-129975283
-136996789
-119378525
-94218047
-94094266
-88770724
-82765843
-74398316
-43884189
-14565216
12765900
13274202
-11634612
-6026623
13685520
9336394
-14439288
-17194447
19797813
32694972
50259396
61976190
84222708
102090467
101123336
116901743
129775224
145812631
162242086
170248038
150933745
108788426
123691281
136612722
115898663
64129085
63397497
102346752
153223710
214005855
312490015
474672679
497975518
442904061
384772007
328568363
276902231
172951459
123472059
83714453
13477118
-27142810
-25636124
33018479
15393624
-59460351
-85198468
-69809252
-53647614
-71355639
-84913092
-110931124
-159677188
-153949260
-134653389
-144981259
-184467151
-195212719
-153051196
-101769349
-96917764
-101015120
-104248532
-109644524
-97405475
-92546075
-98320535
-130942696
-202174665
-232190228
-224151321
-200076590
-211386366
-251836431
-243688642
-208256235
-153572875
-122456183
-127268192
-135207083
-138546619
-117883387
-110159359
-105600369
-122201041
-154835698
-129033997
-79307867
-40192561
-31346305
-52678665
-36970383
5201238
53213871
72533989
42876669
30934882
17829273
24389615
42725732
23180745
-3456807
-8323385
18410185
58284065
92307445
137825712
135886569
117914264
147447585
193483604
218110469
234694713
190205066
164605480
184549378
206205314
216664012
159531564
98599485
73975287
96977980
168112815
206245100
291935396
472301312
538592549
479956582
356530091
278505560
248557994
190417898
101616619
-32200455
-123315448
-145079440
-98534025
-9342335
-12672108
-91415674
-128893580
-87420153
2746078
10140559
-69685024
-146551309
-181623743
-151193671
-113305103
-146770628
-223513627
-268864818
-206120064
-97424898
-63061169
-120987791
-175720198
-154747770
-91806472
-55768169
-101656402
-196375035
-270403473
-283550732
-259202714
-229346430
-248894817
-292542522
-276570753
-186487481
-110884404
-71534530
-77395214
1708460
130477203
51590171
-149586596
-242574709
-139284647
-62127997
-101625349
-176996582
-189689319
-89799247
10823264
98167949
119127514
3358738
-57838761
21176653
126089423
93874796
-80884153
-160627452
-85659384
-7768062
8017915
-32747115
-66720275
-23573644
89834992
201428366
220616846
159761138
142055425
202492315
286805501
281916997
210260417
164727098
163732246
157750693
136135513
148174817
140339712
123639790
169229096
290875634
497458549
592619010
515858775
392701219
321889055
321434127
289396431
180557506
45799697
-77133910
-100005562
-32866064
34761427
39560142
-50377937
-110706494
-42117568
42253015
59558216
-32404380
-123310771
-160680389
-150713590
-111590704
-153949124
-237119989
-266802729
-233862495
-143561584
-105186599
-123508493
-139238337
-134656381
-106119178
-85160332
-101777241
-160114949
-224226667
-253914652
-244695066
-229604438
-243039024
-278318233
-264833440
-199437123
-132150571
-102729809
-102419686
-113482245
-104475134
-79309699
-70848553
-87522654
-121464033
-132641803
-121317656
-74918037
-62265145
-75587368
-51417473
-9191235
37595370
40212143
25868879
28231947
42211019
62385761
49677822
16501682
-15778092
-19484863
5933102
15774010
12619712
5426045
47849220
103637390
144748789
162517163
183747267
202307937
176970416
174035875
210866704
226439461
178620502
111053736
111329406
180947161
211321525
171921774
139280951
124324538
114236850
102747710
114594323
151710236
212303094
398396103
521905311
470649328
322801758
212348304
252421721
272907437
188126478
26116072
-107053221
-119062331
-70813956
19291143
18606003
-127595254
-231899645
-181761198
-36599620
30637925
-65155050
-171644276
-196519889
-132720673
-91953878
-133342289
-203742977
-256347584
-220261943
-130373030
-90859382
-141674678
-219970731
-225790806
-167319733
-130333684
-157706866
-221787974
-267333624
-244694029
-212624223
-188258272
-194754890
-233224598
-240222252
-209701249
-151197262
-123744660
-134998844
-119849286
-100810220
-94996800
-73918984
-71129760
-78610959
-112265878
-102159671
-56065893
-15430304
-5025387
-33191243
-9370458
46258250
75841292
85212346
57421535
34304661
19548845
18867493
50597934
45055539
8988793
-15201315
1684287
61115553
110993203
117659605
115077059
133976114
164403986
182159368
228242468
226338626
165333766
126020913
153318859
220721831
223701738
131930449
76369327
98704501
146001356
179250580
205615681
264926910
438102082
574772632
555770364
401779862
256366164
240890613
257720518
205457513
76424484
-86078203
-157482850
-96691921
14081983
28918980
-94374858
-208098490
-191006596
-42136011
62138605
-12757675
-111719862
-161033709
-121281404
-51340713
-80644977
-163901612
-249210351
-263288075
-185316479
-142578698
-181035956
-259078422
-278020453
-219307293
-142774334
-120664878
-181594327
-264750583
-300491132
-269630063
-208339322
-213637002
-282118431
-249251038
-169089223
-153826980
-178995308
-175864781
-114637513
-88207738
-96293538
-90526633
-84899971
-78870882
-65735853
-29914809
-11280229
-55947808
-83491366
-57632990
16238764
48367326
37696860
24158681
44879307
71507222
83327524
61211441
48107886
52766879
74989416
116426982
109678230
52699656
26940433
78867848
170922236
185992619
136018295
91323910
124099933
216204814
262131665
223660729
173607782
149054703
187129136
250502901
297207574
268501000
154464707
106930011
133238959
187767729
213731230
297737482
515103658
554689526
427379667
299514511
302514995
370095026
299471646
134408542
-16193698
-100299849
-123346879
-93828051
-54416184
-126216211
-273825252
-295463303
-182313950
-65276337
-77601306
-189803192
-193890233
-121777559
-46462958
-51365054
-164478177
-252544477
-278579162
-211743089
-144176524
-197930444
-295278503
-349847135
-262325311
-152780180
-140131772
-176002438
-231462033
-251919296
-229200950
-185185921
-168696789
-218789674
-282287400
-282866637
-214311972
-152486535
-143950133
-157324892
-143976913
-100617919
-50357778
-17230012
-30248752
-76052683
-102107891
-44698091
24163215
14628488
-37482594
-75144878
-34278357
40647157
71514138
72266022
45975343
47047341
81336175
112201190
119219283
83302099
37489889
20387778
53244018
90441346
80066497
60186148
86613647
155314447
201041701
222032095
254575970
281087880
282406166
318553347
351305532
339298595
302397632
249800007
232641301
229474281
193875321
158817678
152015452
227069662
449181321
579370086
491517141
302133721
247985454
331798046
348329461
244380749
38160973
-101079955
-128972746
-93958033
-41898005
-97856835
-231727225
-306886490
-236574050
-78307963
-22648475
-108610698
-189938250
-175739148
-89264504
-26795158
-90838882
-211669528
-307934472
-280995268
-183160959
-190322088
-277583066
-369105405
-371273004
-254153577
-180532235
-182667644
-232713415
-286972572
-268679137
-210412924
-162692635
-203447567
-278967685
-288637781
-227248276
-178918417
-190966675
-232955625
-238889529
-178119525
-110758506
-65510978
-75893624
-110000274
-103937718
-40473238
1491966
-9009085
-65530016
-92702873
-46289830
27271447
50894241
33230580
20977621
21043079
50698726
75671484
92712527
92416538
78688653
83923065
104573259
121479291
134193486
150464023
151139706
167546492
202776857
227130057
240296520
244953886
242202185
262019350
285460773
292874401
268402915
246641405
256089137
255491453
222597732
173027787
124960095
122020172
171517482
342594389
509878578
443062433
274790540
198841532
310491046
400898817
296843429
82311912
-51157625
-39546001
8330220
-8401133
-87708682
-219802294
-301333136
-241982079
-130734959
-101868919
-161706445
-229893424
-160901944
-56584807
-29238376
-97759093
-199339011
-217224442
-147299823
-97234203
-141352122
-251425715
-306214431
-276875682
-200933837
-167854129
-218429136
-279393819
-266678520
-215210169
-156933379
-179521250
-228737566
-259893025
-252299410
-210537787
-203337339
-227990905
-252320548
-250318386
-180761444
-117159816
-110542356
-112603232
-117266526
-73417554
-18873638
-2988475
4025509
-6906149
-3895509
8715919
38625456
62011725
47466031
47559653
46714468
57660741
68105376
55811728
54430429
62533056
58153067
81654787
105056695
104704868
97096843
107615257
157887897
166363954
173585378
194198297
210723411
233289092
216107116
230151781
270098119
293175315
274601968
229848449
193761738
175954138
166128810
157460269
186215022
247030658
399341386
425923776
355231315
301800348
316323809
351187932
294719137
214704491
118293822
35406727
28916846
24297269
-17403768
-126379158
-215975085
-217392882
-173560699
-156633273
-176439144
-208129270
-174061433
-119736627
-83725548
-81382713
-135140855
-157983701
-125744600
-104368824
-131845812
-203643835
-231565523
-239758980
-232954261
-209287019
-224744398
-235077740
-232975056
-216667683
-182136213
-187024758
-201301359
-204160733
-199513799
-199392916
-176296710
-172237634
-183873235
-171146971
-156927186
-156961838
-133613434
-111054795
-101879601
-98834189
-82195051
-55497788
-10837346
9385372
11393044
22889791
29096248
40984908
46582433
50524327
57120497
46796541
28004996
9325744
14550319
32951241
47724811
44060274
46579001
74805175
119085740
125891605
123774806
137140570
167488171
192060181
177779292
173932616
214305006
229427460
258703648
251632660
209611766
197831606
219730498
231066955
207183097
153741131
107347043
123122992
224549384
352885875
353624749
264939711
232647715
294119496
321576394
270633046
175294473
115565972
128866304
122023282
70728338
-25872255
-106652177
-140690223
-151477148
-170378467
-218059325
-243205161
-231072538
-180671133
-130541638
-124101074
-135966118
-154965527
-116843527
-75087769
-75906605
-109011432
-140012531
-154204910
-184243919
-193501335
-200518044
-219921907
-218770065
-214954595
-203403122
-204207886
-206113632
-200165920
-193700093
-192488816
-187513742
-167023322
-155276611
-163912480
-158448822
-150591749
-130483898
-132978812
-128988724
-138082596
-136881069
-105723093
-90671445
-73590080
-59148869
-28868601
-31656975
-20040416
-1958054
-8386881
-12538368
-20004619
-11955817
-13038788
10878922
16698486
3265115
-5904650
19855885
66991995
66458693
71036906
215066880
228677249
171528035
149716375
196750219
322005317
317372671
313065322
196983230
204545967
219283428
276406457
337903213
225571944
167341795
91829931
176727428
209241141
244695829
262939396
245727884
272343768
268550347
322934271
285587197
275012951
249812736
212974822
191001618
142578273
121063365
31589257
-19841088
-61154887
-103062284
-155817754
-193448371
-236741182
-229334251
-189873212
-171622984
-178538086
-178027505
-143570242
-109696901
-87711971
-90771090
-77265417
-83313472
-94527046
-98329466
-124802347
-169675167
-181069505
-200984947
-221298870
-219816287
-244625028
-253734133
-241964968
-214759907
-197702237
-210146093
-208979603
-203226519
-187705536
-179691705
-178583624
-179179922
-176576893
-154739136
-136977400
-149339915
-146994474
-113416716
-99597957
-74238606
-65381095
-54919913
-36569074
212700
20890395
16731641
14732094
24314822
28484147
39162638
43448234
34454618
27015228
53497755
87326583
97831908
122776793
158743722
181665643
214377646
228933915
247530953
234671943
240279212
254707905
265468359
277251109
259759042
244832102
220295145
230045527
224016166
204078371
180767657
169141605
165277681
189939874
192851886
155419171
160848142
167840991
163897783
164564536
173880880
168168559
156961231
153453188
124991526
96262730
71037979
27552463
-16599368
-56952513
-94332515
-138961864
-166587141
-184206550
-191657435
-199144025
-203556518
-196037974
-187474583
-186339330
-178654950
-147292518
-132597691
-136509148
-155631629
-151895582
-159543774
-177220400
-172407041
-191219287
-200625276
-223095482
-227715129
-238947085
-206298203
-216076263
-209096091
-200789202
-203212259
-187172056
-189479858
-157395080
-153532327
-145330653
-142092161
-127403692
-109220521
-99469240
-80633990
-53550489
-54875896
-32360576
-35995356
-6774575
10292239
40081896
60400795
33627916
53835151
55097193
116948797
119234575
108302957
63971815
91783425
137710375
149476417
156490715
126469479
143896471
165674206
184658744
179175635
145073130
155606049
150280302
194526793
178314923
174185991
149918643
159424211
191154763
175091647
187664477
154065589
150088083
141122894
144853028
136477320
102388583
89539585
81317692
78853114
77737184
59702899
39249223
26454401
17392819
15548990
11944071
12118491
-1905564
-20063713
-31566007
-26779853
-31859739
-68898695
-84207000
-95448771
-92125212
-95106059
-97585675
-107517781
-104978729
-100055289
-99843218
-81687337
-107038615
-103181119
-110610086
-128023735
-132162507
-149179455
-153106382
-187539428
-188560887
-193142752
-178453377
-174455076
-186216933
-168684247
-168155070
-153993315
-128277344
-119291342
-101748385
-90997436
-58486776
-46498957
-35388009
-37730838
-29438426
-16325246
271580
14840639
14033395
27373920
28591151
38303275
35096260
34151508
23941171
33823518
46987656
54752181
48718182
30942891
38180371
41781050
48118728
66333895
94901215
108039332
114316228
119153619
143570056
155786922
150579135
135327193
126208719
144097779
132086296
132990990
122403469
93093410
74998769
80317609
90821001
71494171
69476855
55561105
63464953
60429851
53922502
44057176
25669625
37848818
19256910
24793913
7493824
10764544
4972404
4795192
-400314
868393
-5655238
2410584
-16210516
-30000538
-37978052
-41557460
-66996784
-78042941
-96608057
-101103500
-98742704
-98141092
-90965357
-93916183
-76914234
-64810828
-58243371
-48093387
-40175119
-38383686
-47168860
-52876043
-81252471
-57778206
-62324045
-47440391
-54411085
-53435152
-69431281
-69247896
-49601876
-42710768
-33842844
-52348407
-52281041
-45703058
-32815685
-33570817
-38939027
-46111548
-31579601
-7781428
-13871269
-13450891
-7524321
9729795
30319697
42358943
22263004
18446484
33096313
38530487
59039419
43668489
26211823
649996
-2775815
19067534
10925386
11620840
10654211
18495077
30151942
42841379
45353256
51770689
59133004
59187493
49056260
51268684
57374353
50831062
39982777
30172487
41956125
36908727
37357446
38413562
43656453
34950814
23051180
22966926
34832078
32032942
6575882
167245
-3902697
-2706980
-6431763
-5519361
-22065456
-30826541
-36451937
-28663398
-11396484
-10624988
-25065754
-20865451
-23122064
-26289446
-13906209
-18394633
-16400090
-21002049
-17132702
1556504
-6939678
3462521
-5839536
-5509529
3544750
10999685
7840551
3569321
-4158597
7880023
-1883730
4549442
-17606312
-2977890
-13972722
1434539
930457
2612473
9587516
-7391573
8141107
8319557
13954269
-6850072
4278834
16404566
15699562
3205481
6739509
-771538
3728458
-6795240
2215250
-11066051
-1734638
-17202717
-19477905
-9001361
-24870584
-34909014
-31756690
-14951444
-15062767
-17273901
-24639928
-44778671
-23277991
-36560148
-27742052
-27000746
-31823616
-23083452
-22291287
-2101598
5628327
-6368286
-7143160
-18780059
-1546288
-22276258
-10034582
-31570160
-19399804
-32077878
-25927055
-29617332
-35261752
-13698073
-27016199
-4332148
-22731113
-9709194
-5506909
4154684
16276242
8023655
26236975
29291224
36648094
23345750
16268314
15293561
19691769
23673402
19692315
29038165
11953249
27454567
1579732
20876766
-8845628
16800536
-968679
2601592
5443446
20292095
21259742
41812930
42967906
58571234
29688778
51070390
60364059
57636095
53887241
33514041
53987954
38354519
53383389
18789883
21529557
13597804
24012039
17859363
14654526
14482936
9052122
18582682
13337793
24813490
-2940216
17334215
-15163513
-3173063
-20612171
-5419383
-36997887
-29878570
-38747501
-36728242
-20651505
-27044339
-43476909
-35127774
-29637082
-13538162
-10217311
-17542490
-36295835
-11220191
-25391812
-17023465
-49925718
-38816277
-44854786
-27224695
-37497750
-53332620
-40812978
-45992097
-22821639
-22673356
-25986403
-40080371
-14570758
-25719156
10461215
-19093837
-25032854
-30737480
-7282187
-10285925
-20633933
-19013434
-32383455
16361040
-8152054
9003335
-25622678
18583131
9788580
43929112
10788591
25052637
12597169
37919367
48600973
46344998
47086855
14516047
55198819
30625516
63902962
12275398
38999512
8892032
30048325
6800783
19386547
28069118
42543221
4931456
24732845
26750910
29785918
5567151
29284632
13149113
30746766
27669322
24290757
7798634
6523076
-8405196
-18676791
18329603
-6542694
2882995
-19121864
-4514931
-20690061
-7592393
4463529
-35164167
-1046268
-19850047
-2987061
-28554511
-15722206
-35424711
-31598526
-14349990
-40616713
-40468213
-36071864
-8952074
-19282752
-26224649
-27154359
-41097785
4468138
-10654396
6977613
-2362213
28002932
-20093211
-17324611
-16902310
-19187416
-2076768
-18410158
-23966917
-4575589
800092
7792348
-4618793
8824464
4249352
8345891
12704601
14590474
30362970
28624374
29965579
38036472
9598782
12892695
-16532874
22850989
27631458
36743182
-207360
4260482
11844974
10996114
71515864
-23424323
69798252
-17070333
85406988
-1921631
55378380
-8732754
21599200
19390572
43419826
8881743
16044410
6018048
21247043
-24299127
1419713
-36494049
-15495462
-46898216
-13072854
-30512169
3746580
-15469705
-29485038
7622987
-20896227
15796918
-18722816
12380908
-29573860
-14350084
282577
-33948929
-19371375
-53524072
-35762986
-32390865
-43847849
-15183458
-48651936
-8201729
-38495499
-25650626
-25676042
-9360236
4255461
-28047448
10625558
-2103228
1669442
-12542137
-25254915
-3986698
-40034838
-10980562
-36157777
-3952818
-24660918
14541513
-6480606
-11311873
12573148
5981289
25018519
-505822
24622177
7377522
29525254
-277517
38534797
4532231
53261232
-6684219
35061349
16654842
58166144
30562715
15711665
26669159
34436442
44136779
12903834
40221577
10134329
24304552
11191467
32503666
-7895983
15524416
-9171035
27527703
-3112246
21898666
-13460686
28591157
-29211149
22772032
-4924760
24209309
-10039148
7291694
16174978
-1495993
15463898
-957686
3471906
6209360
-20513254
-6102813
-23538289
-31572999
17755475
-47950161
-9791426
-55150241
17012906
-44689774
527075
-40375413
4681253
-20822936
22508939
-24949288
4685385
-4702319
15725914
-10856750
8514186
-9581176
17564142
3544867
-2797362
-13897872
-15206537
-20510090
-25755272
-117362
-8192184
-3472554
-19962223
7339022
-58035360
23605295
-40276404
31306140
-17847910
22091200
5189005
17104566
27847398
-14523194
-9824530
-6438529
12069050
-7217347
20484754
-9120304
25272620
-14707101
-2348483
120026
-7251014
26476827
-37363418
20541707
-52236715
24577789
1326395
32759172
-2194047
12079343
18839661
22233118
15282654
45719689
1350418
28259631
-193730
9921974
-3060813
26877166
-13718383
9701091
-20645400
27128125
-55556951
16343200
-37481912
-24474328
4274420
-27787069
19072900
-34152156
41233753
-41894299
40926927
-7245764
17226364
-4974814
-7460639
19359936
-9531944
44249098
-42982472
-9227370
-36020822
25933859
-35279076
28294350
-38874947
2720442
-47046184
26597317
-9406086
-9638476
13002942
-55781641
58462038
-28330345
76916317
-39162479
42236528
-36631226
2151534
6554725
-19480377
31402364
-40794539
48618103
-48355075
57692150
-60544663
28849324
-4363409
37201447
6953810
29804785
3947467
-7434800
42880897
-5768725
41748955
-26704952
28073229
-36098400
43845594
-22919890
-1422356
14470678
-15500747
4449806
-13601676
38914243
-9155786
28630310
5663306
-22241969
24034050
3369920
2303248
-43127961
14922392
-48423062
36324886
-18937404
-21245607
-58766102
-20861938
7851198
-16283324
3314
-38689757
-27015131
-10683558
-9461513
-17675628
-15218052
-7781980
2000507
-4140225
-35206857
-15201061
-49939974
33607956
-26126664
38409771
-16095062
14460714
10113285
5531322
52647625
-37349832
33138286
-21740082
43598186
14833895
12927066
4525482
-7268822
12270377
-12598464
36994454
11756735
8369495
-6300322
-10625923
40413661
7384946
32015063
12766589
14550859
52224244
-8657747
70299506
-36354109
42340755
-28940328
31845408
-7954198
-48115644
10139298
-52395833
21631874
-63855559
23543042
-55973249
-15951062
-13190010
-3182376
12895184
-15458839
42853929
-2070507
38573218
96555
4492687
49090618
-4147401
39098840
-14039209
24365333
-36628194
27324424
3878867
-9497939
3889482
-4875282
13210660
-25554966
41591757
-27236187
9216163
-12467645
-10619358
-8916857
517010
9489922
-23037758
-2378321
-18935052
12961139
-22535709
24288904
-37350591
24653219
-26927967
26023258
6649433
-9540789
-36678999
1544946
-36334050
-12073743
-46290345
-1737324
-34172307
-9529868
-24527141
-5730626
-199367
-7717432
-18379174
-4358932
7306520
54398018
-38473089
31134049
-24770587
56867373
-18671993
25378994
-19284117
15366190
30551990
-13308536
14780925
14410184
-11516449
4793233
-22279822
20973270
-28496696
23388171
-1268705
5922743
34689581
-46480095
26162465
10001416
66114425
-8138256
-4198406
28820604
-13272057
46519049
-1381245
-4190533
-12447812
26055599
-17444397
-36200911
4340538
-15391322
24339187
-1095229
-6475066
-12196532
9782997
9563176
-9736868
16356181
-15478549
20633207
10125662
-1867180
-34248031
-9217757
15104238
9069877
-41417685
-3983236
-24229369
-15417010
6408159
-11833098
16616332
-29263715
44862374
-46386889
27732532
-80157886
-4618031
-51906457
8553916
-14612962
-38278889
30509504
-35943501
61503144
-39522247
39423878
-207275
-21601194
30508460
-38675516
60862606
-49452053
58660006
-23798006
4491839
-7756243
8628402
33980127
8700138
-4766521
10724775
-4436818
37987863
-43420022
50789886
-46901363
34368667
-15711320
28094945
6181351
-21014508
26444134
-41948756
63327658
-53838115
63600604
-27164761
22126809
-4562528
12977955
32363464
-10265553
29724277
-34675713
34375160
2348680
233398
21617533
1119702
8719307
-12293109
34224651
25109391
-5290338
41614993
-15875085
14363660
1213074
-13372069
8971690
-6345926
11466609
18820790
-1673431
13307256
-47243582
33699726
-28084331
9831805
-2249088
4138133
8347372
-41653579
34522186
-33418960
1597144
-47200315
-11675126
-23041932
-11181716
16293057
-46683643
6693799
-64648020
31748686
-65751100
42952691
-44400380
-2118420
3295992
-11966197
35381215
-39988803
35985082
-47193162
8028633
-20720505
16871994
-14799509
-23082158
15984022
-36232587
42366469
-10414845
6287708
-34520527
8642522
21855623
-25567962
48040781
-53667502
41365561
-17577938
33587842
1775050
-4939356
34997304
-17917763
40522000
-7881951
23395116
14881840
-24203631
19042811
-8462555
19071240
-28409917
6090643
-18824314
-8384768
13175768
8060425
-29873596
-831710
-9491848
21400393
15500058
-1717169
-7230437
7594270
31934540
-13540
51686033
-13993113
-14457461
23332047
32088904
15771532
-37102078
15718573
-18137409
36957707
-20085387
-3061515
-7243321
-26142552
12405687
-43066111
27867588
-57970605
18666771
-24378941
12831386
-270525
-10361197
-6861885
-1688226
17191081
-3415275
-25023450
17322927
-41193090
39733042
-19231780
12784991
18853388
-43611198
31895260
-54570702
52022632
-51781977
39442056
-1869005
-12261826
61946296
-32028027
64279839
-78925148
71698042
-27822557
96891491
-16555808
4414121
3984077
18034969
34405339
-2036220
29668668
-13458037
1962446
9579160
35616144
6636085
-8665124
-52949426
-12585292
-13804606
35671297
-40091839
6686562
-21903412
42038543
-23546200
26142855
-46503003
33694490
-25869180
-2534627
3700437
-27622092
38968360
-54034923
40860425
-50520741
40491893
-44285075
-14637198
-772853
19394014
-34540659
-15475905
-41908884
18541421
-42684317
35131455
-28781667
-7655460
-31871150
-4993721
-20043245
11525236
-14328422
-16016567
3449301
-25098171
-21292060
-7536890
-15912092
-4206393
-9952984
22388364
6177778
-23812809
10644235
-33094446
52855726
-38473672
15757986
-14405228
25379048
19065763
-1703670
49695451
-137967
20747139
-34590437
19389006
24395075
33218787
10428709
13881657
31590951
12464025
15745583
40809261
6269466
24276838
-10032500
47738035
9330068
13620377
-4192440
-25336503
18602371
-17471971
47118915
-30628176
47325370
-24443407
61816120
-48813064
17260863
-28161211
-23275937
25818400
-375087
25249645
-47178520
5562293
-34983501
31762687
-21198936
-12039688
-40540703
26997776
-4435932
12823639
5160609
-8933098
18674848
-57240221
56086221
-78743664
27425942
-49051261
21730387
-18339813
-45767567
34660291
-53399007
30993046
-62183725
18152254
-38408270
-17103563
23437775
-51119187
47698420
-43107779
36231414
-33484684
9248740
-17227176
-9112661
17207648
-55879415
38003041
-23131240
22188387
-16820514
20674494
6581946
-21999538
33983252
-47561483
38418825
-41161327
41679350
-26391312
42163213
-14773088
34356430
-5179726
537860
-35629508
35235942
-17136146
23103802
-22186362
30204324
10677670
29675201
15836781
-42418550
64685111
-49114144
85833915
-52608216
56720968
-47683752
34535154
16916592
-66189798
80487516
-89313013
60542252
-78424605
79385697
-44211235
-14225224
7114249
-27654093
30194695
-12391370
49638860
-47580911
48492809
-32717822
21563038
-1661436
5971235
-3912871
-9908300
28074769
-19090899
54023254
-12527323
-26202490
20798497
5383287
30270831
-22279510
27782889
-15113636
17864802
26329403
30467196
3281579
-28709823
35570819
-15016310
-3592758
-6910623
-25370424
13774979
-3803877
2084936
2723341
-19377253
-16013188
-27718337
30439352
-20376689
-13832699
4499422
-6528320
1813315
-19683461
17717710
-8906672
24784729
1546029
-5736836
113605
-576322
5811657
-1092954
11589673
-15928497
9528852
-12906283
30211953
-38590964
33389830
-30031520
-16964631
23140753
-37615270
30287833
-42308679
41259919
-48527669
2549483
-23416541
-21312963
12088985
-19238229
1947047
-38767916
18490576
-27424366
-12535095
379904
-32574128
-11880266
-21355969
-1996912
-19425026
-13601981
-18636060
-27211516
2972020
-71455
-14319219
30564452
-42525102
43291140
-50155079
52107253
-38561454
35870633
-4032484
13888543
-3357383
14677034
26432995
34675614
-11595323
47691698
-35011053
33710188
-40806237
11011515
13148337
15463934
32228842
-11907735
7882988
23701907
7256354
17694988
-25729024
8774832
-7869833
-5556509
49045418
-18030405
18348431
-11486655
14200244
30097645
3122067
31392748
-12277072
10398357
18540801
-8760764
45632203
-31816201
45253282
2513114
5309146
14460975
-50134254
73443002
-30956540
46894075
-16405189
-9141390
14212662
-32524017
60378041
-42621446
54879312
-54286726
35707020
-37580811
-12794263
-10487496
-12797906
-346717
-31128483
4946124
-25457045
-20166560
15086408
-36178683
2687829
-53597265
15084893
-42914526
-15489744
20126121
-51860452
55545783
-39771586
28862198
-31578045
-2669190
9488830
-27427485
58423113
-77507876
43661408
299810
3988861
2892463
614333
32142928
-26052647
57287748
-8593392
11019129
13671877
16112577
1866068
4383978
12667664
-1073406
24191813
14982498
731590
24861896
-363830
-14369489
15714432
-5687109
16834046
-23475076
24029786
-2416190
-18964313
15771833
-31730936
33939746
-29861377
16861860
-4773009
-19882719
48365995
-74717612
62556060
-68170908
42354765
-36354750
-16554025
6742233
-56278256
63361733
-71130261
20934473
3623149
-52230799
51668011
-83004619
42943229
-73467426
26941656
-6410671
-65457137
28666670
-91067146
50196775
-82203926
60706396
-49570384
-36707458
10399350
-61149714
45099155
-89296845
48219025
-57940474
49822010
2685770
-20410898
32311340
-61669605
70915432
-34785346
55098036
-4382714
35940561
18516140
30233817
32110807
7764223
36647356
-6090813
57845288
-2748166
41988455
-661395
29377854
22216758
8251889
60077219
-22828735
65512664
-27064213
52185823
19226312
-4649257
30890941
-34523999
50238528
-50491200
50230936
-22760792
46567764
-16570187
-11839464
9337473
-43053235
25566900
-45531267
30440346
-45844582
23951753
-30326959
-4899772
-13618995
-7676370
-20777777
-10087466
-9123223
-7066757
-13658514
-20920855
6609048
-16433125
17427632
-42839836
15037493
-30246103
9044033
-3380950
-4661840
6042131
-36661807
13643846
-51730562
11478195
-30846989
-5917523
-3602883
-20793902
17032601
-45278909
46517343
-58405527
218430
-15848313
-7738049
-8116291
-9016585
37515804
-12350924
27604138
-34718296
28486836
-16559862
50627099
2241291
17588484
24237619
27914219
21637127
6788499
27784258
22565367
5944574
31568590
15287228
26145091
16032174
7724669
27297388
25591913
23663972
-3323547
14992276
3292963
25239523
-15983993
10664212
-27111310
5989097
-7328283
-13417269
-3385586
-21907373
-9762844
-18261018
5923527
-23584768
-10704476
-17767535
-9026247
-7337405
-21557101
-23706943
-12730635
-12747234
-1555486
-33487689
5478263
-17104066
12943273
18538488
-15508146
2087379
-29712032
27016075
-18726040
22660719
-12978856
11858675
-16752083
2514791
7183288
-12127735
5887206
-308465
11731340
-8309032
-11738390
-18478865
-6783548
-3671322
-29148364
-7517255
-8569872
-4796162
-3903435
-11701227
-19983682
5503481
-1152370
13379783
-9313039
-14682195
-4574738
-6246189
21913145
845189
17752398
599372
9635881
-7544369
11097888
18959278
2916455
27928690
3298184
7672662
7302597
12659174
21972706
14583045
18365578
10011838
2976068
18308664
7557109
4334273
5053735
12260649
9857102
11574100
784142
172103
-1012025
-2868317
-1216623
-14629556
-9010227
-13963615
-10629730
-17198917
-17298418
-22577878
-19664413
-6042633
-23247105
-18218547
-22217097
-21649425
-25416362
-3960476
1657817
-6956748
-3244936
-6686732
7535504
4924936
-639479
13229934
-4373480
7046016
6753611
6222717
9788134
9860049
18806343
7566719
13232007
10434777
3672669
12654774
10743532
7937704
12948416
8739340
13940240
7514069
5761247
233074
13581645
-2314537
10790005
8984045
14588031
2923106
-646571
7876964
4663259
10812742
4394438
-2856987
6537168
-1406592
1293212
-1631934
16508245
4280931
12494684
-2409915
19282795
11608613
21091494
5646867
3461405
10620329
7010148
14140083
7292152
5740937
-7446295
9475974
17234195
4790928
-4233924
-17711429
-11206618
-12824170
-11005809
-13204421
-21086899
-19492744
-16599498
-10387297
-20525666
-20869503
-11552403
-14958332
-13143712
-23374880
-19065328
-28579014
-15191428
-10918729
-2631692
-21769109
-12561766
-17182805
-12015092
1081937
-18640281
-19729555
-19761809
807738
-16469569
-14841376
-11610891
-5552385
-5425897
-900729
-3394989
39739
-1664237
9356039
281861
10192873
-3114763
-1966490
-1204273
319479
-4398796
-9868870
11618772
6268284
5430536
-7488943
-14704092
-10334003
14538076
10709448
3795827
4374704
989891
15891495
11345758
10192759
17079742
5486502
16807879
15923019
23644630
17457251
16091548
12125963
11108625
9820536
20204302
14389274
7940222
1955897
-1389817
-72628
9468950
2231950
-5154184
2895827
-6029286
-6470112
-3249355
8640930
4795923
-4173335
-657305
-13025594
-1798701
3874927
-2951590
-4067835
-4288446
4587231
-467991
-12647482
-6912913
-9894275
1975503
-4449525
3884330
-14272858
1362412
-5287344
-10935547
2913317
-14852596
1599341
-1559066
25844965
-926027
-153055
-1008086
4019644
3993072
4968650
863529
7819754
15436367
15774110
9903674
9785447
5560304
14281364
14056161
4702095
3007320
7430109
17202242
-1021472
10377363
-2248122
5063428
6233849
-1051722
5741929
-2598149
1621465
-7291856
-1022800
-11962829
-12720868
8678085
4210683
4719986
-8027378
-4664430
6775801
13669158
10917910
-1400865
-1808513
-2595425
23044495
15128033
3662651
-6234189
-2795158
8761532
10086052
2648732
-9030018
-19271491
-3990222
9536163
-2841264
-4303539
-16963184
-8196670
-11388576
-4760202
-11601238
-16439377
-4978070
-852195
-3797297
-10525767
-12431121
-15923434
-2581884
-2789754
-10713783
-14197324
-14657905
-11126364
-8288821
-17802267
-15189089
-24009179
-14618423
-4393202
2249643
-2999163
-15907499
-19637741
-3604032
620190
8644584
-7582422
-6738437
-13010035
9492819
2058366
213815
-5663559
-5130523
6987224
-2493468
2665285
-7608915
-2109398
-1291025
-9024090
361426
-6707921
-15021022
-13237032
-2643209
8465149
8264282
4823499
-9512013
3873646
16265557
2784252
5201957
4709753
10632383
7470079
12511744
6383475
1355733
6473696
1059655
14749765
7106852
8817735
-1459381
8235136
14013588
12726524
15530323
5903953
24096312
14927478
20135371
28683665
16063058
15130624
15396504
22513447
11523202
16580452
15092783
14075866
9357925
7786080
4816592
-8350661
-13679204
-3798593
2096102
678389
-9139937
-19481822
-16051138
-13626018
-4208415
-8411744
-7994976
-18941152
-11089395
-5491137
-14202590
-14859613
-23947855
5894987
3292049
340773
-8009780
-16248420
-6474672
2623478
8773639
-1660562
-7604836
-8196603
13649117
14041278
6051996
-310239
919365
8839865
19924441
5536152
5635160
1261995
686928
5521911
11240135
12024166
5726735
9670835
7152572
1459028
2155141
-496433
8106018
5845997
7874914
6974563
1792043
-1996196
-1276182
-2276437
2203974
20545278
-2083214
1764915
3644798
4996730
15360316
1285435
-1997633
-6009339
6459328
3554309
-1554837
-2938251
-5791388
3918429
-2068000
-13818590
-7415670
-15567426
-3993033
-2208273
-9492327
-4143093
-16320052
-7969038
-7903098
-9701508
-4265997
-10816776
-5841471
-6663191
-6004009
-15326831
-11047348
-2556977
-2220721
-13113249
-16421924
-3585736
-3383902
-13457610
-17325595
-16072264
-7464612
-9068404
-6016585
-12304933
-13448098
-9903229
3985807
7110005
-7112936
-8334821
-10177556
1597733
3985777
3345403
-4220771
-10814051
-2006709
277319
4320153
-3057791
-7168484
11712790
13142218
5760152
-2228162
-4662498
3659086
10323682
10127553
-2790586
-10604790
-3395704
6456318
-3075877
2482375
-3080851
-1380961
1678134
898281
5104026
6088563
6801731
3979508
6238804
10032807
1666140
8403440
12532798
9511322
15700334
7205445
9234599
13537458
15920395
17003030
19458071
8097312
14274900
24898238
16562492
4086817
6965049
8205973
18365064
13577562
499690
3117626
827901
6467912
966579
-1765552
-2672921
1383569
-3017455
-6811393
-9834995
-15449851
-8431329
-3447552
-1840997
-7425026
-13712173
-12844054
-7135951
-1493002
-4331879
-10564856
-6232147
-1768905
1762676
-59046
-630143
-637295
130673
-1326981
-5162755
-10542039
-3797501
9035108
4385200
675059
-5076046
-1468445
6890518
4108584
-1539782
-5124734
3074994
1384048
-2187765
-16489582
-17626134
-1867306
-1170121
-6947030
-12326794
-7884626
-8185989
3123452
-6020060
-2425254
-1878926
4489166
9132107
7159231
-781119
3044365
6228450
2143205
8361686
5745303
-3402422
3674329
5219137
16845410
6062452
-817215
-10221178
-375915
9204819
-2573903
-583969
-13144384
-3379589
818142
2344640
-7906516
-3519709
2530153
-129053
-7623802
-9186994
-12430065
287757
7901649
8239394
127778
-3976962
-3384367
1401776
10455664
-2591491
2623321
-3275286
-3925286
-2354660
-346990
661663
-74782
-383817
-7193107
-7924171
-8165126
4670264
14108457
6994265
5244615
73695
4710730
10626315
5883271
-581843
2583179
16332835
18896579
1329556
563215
2480290
9219518
19715448
15598626
6966656
5698351
6048693
1017031
3764679
-6333148
-11116950
-5028956
-5623890
413631
-11112057
-16241023
-17903160
-17573092
-7044919
-12408629
-9190965
-22171892
-15110375
-2347658
-1102058
-6117781
-14992657
-13147579
-5222952
-6243954
-7964507
1469278
-12198972
-8106961
-12587530
-8838273
1809795
5299811
5155295
-8353062
-2356948
-10112796
847400
-4567201
8601450
6240515
-11577251
-4384018
2040417
7006472
4561486
640728
2914998
4380060
477698
939476
6899904
3928991
11898158
14573156
2871982
-6117933
6272764
12173295
13516143
10367115
705794
-4309009
8818288
4607258
19731953
8695016
-2805144
7302372
10909383
16985247
16888676
14628208
12255376
5700006
-36580
17135901
4404404
39585360
68940092
-43116197
13010153
-36189208
24909637
23131017
16946555
18664946
-30063337
30693406
-34839360
34020971
14063196
1592892
-4020837
-6793998
32502455
-3700991
8809277
-43134694
-1944236
131108800
25392725
-60688575
-136990289
-34785352
25107688
5526929
10180120
-114163542
11004009
57325687
63826724
-44611847
-121795447
-18631157
54933223
130963878
-37106871
-23057249
-97989991
20381616
39834867
-921842
-38831903
-124902602
-25866621
-26111639
96238821
20541966
-51033363
-42165697
-18220012
84844149
-7968907
-71856952
-127000829
19808874
57300820
22236992
-63672307
-126882668
-71535861
-4680929
50400634
-42406264
-57045228
-102572613
-12728872
42771322
70001793
44905058
-63380168
-3839856
1783264
69160820
41478980
1700480
-9670639
-1679781
48107416
11335079
49744366
-18698562
-1464076
35373121
9589858
32132556
24694943
40523894
-7699705
56690509
79667765
39118375
58874580
-10022177
39299574
20879498
35378531
4496209
14866788
27385421
-11887985
38216851
30807468
33666304
7033084
-1118649
15308399
25161967
26010436
-24376253
-5250057
2476542
29158580
7536869
11108189
-24842663
-41904400
-22033
-24975320
-17317913
-1438400
13947659
-6146563
-1630804
1865231
15247117
30262219
-3140485
-26812432
-40042557
-8073233
-10775233
-1463244
-3769521
-51871859
-45380194
-7355400
-5937226
-18311614
-65945754
-95689225
-1143993
35991542
9489976
-69528269
-66696164
-43143639
-782941
38179793
-16132594
-67893368
-58489765
-42110640
32648521
12645980
3863165
-42180261
-26959436
8690364
12352313
14577700
-26397308
-32846688
-23414518
25743136
26729632
6077388
23578000
2846613
29678216
19053838
15788360
-11503427
-201585
26222966
22296299
16599158
4335031
-13259364
-22042912
11487438
20528300
-3824640
-10955950
-7944982
15213322
12774052
27577536
962942
-5872305
11780003
-10118554
-2868773
-3344764
-11988831
-16418117
-7692139
-2710585
-14732218
-10883866
-4660805
7419413
32304517
28537493
2402092
-6611979
20657675
24497417
39979983
38816635
31084702
18643767
22055951
33331935
11929681
10642427
-12900919
4641653
3412169
10202718
-3946446
410995
-395358
-3982660
12107965
-9169782
-11734284
-5683809
-1246310
14439789
2627537
-7521591
577810
14065347
5144318
-8592536
-7413298
8076424
8531290
22889660
11131471
8841557
31440988
36695471
16898797
7612194
26248266
26073758
12560073
-4098286
-34376548
-14112661
11914434
2458506
-26675418
-15466320
-6637786
-4244655
-6658305
-13662167
-20143601
-8498599
3238581
-3321355
-1996778
10290777
-10187146
-16824791
-29515536
-30658514
-32797328
-44570725
-46090347
-41510773
-35768874
-36977359
-43670421
-39906887
-32668817
-29020893
-10694193
-8331004
-10118987
-8919149
-11625254
-21271755
-27415422
-18457686
4216325
10481436
-984845
-10768985
-20242533
-17238333
-3711524
12852131
31545337
18403677
10205566
23119375
20475021
9289201
45953538
37951671
14168095
22732607
17825062
21175150
35854852
28103166
10616174
-4052400
2642506
-11351046
-19006554
-10363179
20226541
102710112
166314790
209430634
238152068
206891925
173436767
151670777
168026859
151841646
123029839
99756592
36019763
-4721513
-5470456
-39775992
-71978741
-101118049
-126137135
-135431330
-118901511
-92975509
-79485677
-51557920
-40927840
-41262217
-69819513
-75395047
-61804870
-39714468
-42883249
-44237976
-89402117
-136312950
-139500000
-131899645
-107789467
-107892175
-112339027
-143302165
-163473096
-156926185
-151991248
-127564851
-126538296
-137827517
-136544437
-128654681
-131969361
-106434794
-82231211
-80177877
-65587242
-64741351
-62270094
-60860349
-27455037
16978906
44981604
51892311
57742337
84184248
84374772
112573774
134918572
132950457
142340979
151304705
144145715
91396996
61578074
48994188
25300839
79393181
174088216
271938781
330632208
382483500
368236610
337655463
321263874
302977622
303532640
300109929
267078023
195856504
112305504
51998228
1151380
-14437142
-26894901
-54782876
-79047386
-95556756
-104308392
-90003457
-74812435
-53720212
-53501522
-62466224
-76015910
-94267551
-71947917
-51429004
-54254499
-70845837
-108062650
-139016873
-158766929
-154144444
-149971103
-133149176
-136567237
-152190795
-178278413
-202034416
-201657323
-196450110
-176679943
-159490827
-178217275
-187465067
-212238961
-190161072
-181833564
-162471204
-158066684
-155596794
-143665547
-134959744
-115779463
-84405866
-52212524
-27825686
-13887722
807851
-3930862
4417423
9967968
30778662
50612174
51600078
47089842
44718298
25534817
22140624
36056015
45356266
53488339
68716597
65981508
50581625
87375333
127972621
166694995
182011529
178771275
162919895
131337097
133731227
116836955
121626923
133515754
157522865
233981202
337695241
435799921
472195365
458708967
410469287
330661199
284308977
256159162
218209154
179785631
127718566
51424928
-33205667
-93637109
-141417597
-153241186
-168568030
-173881221
-181931305
-169233376
-147287110
-130719336
-90473361
-71077122
-51883327
-52257960
-56348760
-69716580
-85038918
-94863714
-111548083
-123781194
-149968940
-167379110
-176441898
-178136300
-162205406
-167954452
-202246154
-216873253
-208967152
-217512547
-203903095
-207655335
-215097201
-204375008
-191920588
-182562215
-180473531
-157681550
-142928534
-107980227
-70928714
-48932549
-37893284
-23060772
-13713572
-26341980
-4347370
-9153781
-17714752
-17312920
-10603164
-16778237
-32989346
-33865479
-44840335
-53225430
-33248549
-37729276
-22847581
-9276312
29588164
62709171
82408588
106909086
126994546
158028606
158114912
189787667
214058791
218702171
220647491
214394791
202665328
151711157
122087822
132527657
200350985
334448200
449301987
520142282
498144187
432792481
342800617
254640542
229325552
202638980
182731352
150049446
83446389
26744317
-31017381
-69300838
-85837791
-81450816
-66057644
-59853921
-47356514
-60503682
-76710930
-95080282
-98659290
-99759443
-125769617
-149468899
-189012667
-207638538
-206053917
-190174071
-180203583
-203696596
-204994550
-208936775
-191009118
-164949274
-160248415
-148780215
-149859319
-147415859
-170022028
-205619429
-229953091
-227129504
-194041101
-192601204
-184112473
-181287436
-181479095
-159270073
-143512235
-120117091
-104535670
-72982244
-80556385
-99287357
-108266246
-107580657
-81712656
-62316691
-28133557
-11133652
-7488568
-9059368
-484420
-6561586
-294944
9940359
13444905
20719096
27215818
35234326
45005198
77191007
112180292
133994473
139221287
141473875
152477826
166492368
199608442
239520618
270118743
261022205
244760922
221369893
200153130
177372628
144849707
139250910
178195281
268358266
411203668
515242627
573880773
536586277
415863146
285980974
184168270
139855462
114866043
105605927
85833311
66663037
30431033
-30994877
-90223141
-113261394
-117850021
-94840107
-89133707
-122200074
-154278567
-210093483
-257155442
-272543638
-285817682
-273920609
-256046512
-215819363
-193439640
-167709686
-155884314
-157240419
-144966850
-115815395
-103501092
-115021028
-126946265
-150656662
-178318905
-193378756
-227934070
-249425507
-260922661
-261741176
-245275469
-213424263
-186387979
-183303427
-162812288
-147677459
-139531435
-147539252
-154022235
-152239494
-127931505
-106032279
-90022649
-69969495
-55655734
-40362346
-15889431
4702681
15428216
13705981
19644511
30236659
36219482
25167913
15786423
14145592
33523399
63160163
64983017
65860739
85985611
95638333
111000504
119526766
128219937
142321618
146585291
152027815
184075043
234827253
256610425
266210989
255516608
213115284
172708197
175443279
206256630
264023044
416138837
538997292
580239804
526205721
408326291
283645960
159929199
98317825
73066477
86332314
120477093
151857257
157810758
106555101
34177472
-45238223
-103427319
-100295344
-93838736
-106415529
-117417159
-142523793
-175517199
-190170093
-213298211
-219359653
-170916601
-98757526
-50517214
-34292011
-43249220
-98262612
-139714829
-162357894
-177568853
-187911752
-191834850
-196129165
-198518783
-204564302
-237010902
-259306419
-260223172
-251382349
-217279360
-212826545
-214447799
-220205715
-225496170
-215964515
-203967906
-175724193
-163847269
-148789806
-142375582
-142581917
-119371638
-99260572
-81234920
-73720548
-61239682
-47431440
-18447774
3523942
641225
-2671375
-691080
-2414714
16444840
23819303
23639172
34009959
42580905
20643547
10644903
36184329
55126595
103357086
133178675
136724733
157240590
186843163
219781286
231918539
245585123
266877516
284359591
275901552
253616729
231659713
184057027
163319833
194666606
235593962
320582507
430103907
463784505
426285253
382735208
305799975
173217859
111745622
101199291
87243335
129620510
173918467
158654290
116833846
76629665
-24441591
-115457719
-151474027
-174754048
-162307071
-131235702
-139235452
-145736929
-159722261
-207227326
-243201101
-217879375
-191508229
-157655822
-121450070
-105614706
-106874633
-144374392
-198448024
-231783460
-237996637
-213929001
-179923794
-160725036
-166052967
-180363442
-188557201
-205037865
-209384057
-215255482
-224239119
-206583149
-182817573
-166047247
-167181598
-175226788
-177861914
-166046934
-152371440
-122358789
-91680125
-81367977
-58573952
-20111702
2121667
4304098
-3417099
-622195
11045256
29105023
29901725
-3551253
-28804978
-14462770
-5638292
-24147579
-17716974
-7841799
702519
22576407
56723170
76775993
104876468
154993526
194014881
224712665
244635598
239682165
227933492
230791133
240254948
206813015
192951444
200434545
183852980
173500560
214786203
271188871
365902114
460632259
469570929
449705370
440035859
365863254
251374975
205564095
149040254
121259396
147496626
163734571
155659820
125113554
75005099
-4908441
-62808756
-119629265
-187829048
-193432119
-179995271
-159139402
-129655115
-140185239
-192474020
-212813143
-211672583
-202583230
-186298511
-151965483
-130995853
-125463271
-134064120
-185017605
-205198627
-228151120
-252012568
-250269819
-245696768
-234574838
-238572930
-229842194
-242775103
-251115463
-262012066
-261765955
-252242602
-252950244
-230033817
-219010207
-205330200
-174579184
-170184866
-164233331
-134549158
-96809170
-70248551
-58606649
-54575806
-34906454
-7402724
-6515031
-6157915
10513797
17676949
22666948
10785236
561928
-5074670
-17101484
-4374252
10972521
32251366
57288400
75660497
96612272
118286136
151606224
187294982
211926365
231744708
246118449
257834203
266772513
286350252
280667579
265216595
265354519
260154422
228539149
226107844
283214694
351050252
443816028
510678474
506173063
456999227
415894022
330001779
270581213
235265413
164599058
140281821
134405032
132240104
137602761
118167506
38352697
-34296112
-83825582
-159720428
-219314444
-240488454
-236864971
-210984964
-188916637
-204895088
-234027076
-254058198
-251967302
-240077405
-225808308
-218224713
-200334777
-165378149
-156140011
-157917150
-169539652
-215040247
-242803076
-251281527
-271342621
-277694458
-274178916
-269651459
-223084711
-145127212
-161437695
-217437855
-213068441
-202188650
-211402325
-183138795
-164852231
-171475664
-130862352
-81168246
-61833703
-44223881
-60136933
-91201981
-73031218
-46586142
-40775272
-26326458
-14896299
-6072515
20610718
37239020
14852230
-4847125
1719687
31477876
67789565
82756566
85418251
90300247
82826414
101520569
132878924
156462777
176763881
196906720
218752702
236999406
256546248
267994555
256671609
243610126
230421404
217109512
192518905
187580574
196648015
218282893
247643500
342855890
397877973
375432591
360719574
352539186
345064678
319031094
277029877
195054923
164344095
163061883
140993194
114048651
62315777
16040643
-43682574
-102748075
-157380838
-217970824
-261307397
-279741631
-270300782
-255804713
-248761450
-259523259
-267739110
-241831650
-219707807
-213113547
-216181967
-207498425
-172451436
-139755740
-130441500
-150096169
-173308599
-189881531
-188979445
-193226832
-208176821
-223435058
-226267030
-217230331
-194812351
-194567679
-221636491
-222924749
-203532216
-177642167
-150385800
-141627002
-151297105
-148014265
-119965077
-84933393
-66602898
-74783460
-69408785
-44606705
-20401289
3750001
28809955
34852103
42974430
66186199
87296004
80094743
56811410
40154144
60842133
83228664
76793615
55968427
49777503
74900300
100367470
103310405
107855735
118691964
140154486
157919555
162510257
179595597
209585168
206417400
195018847
194220867
181386860
174948535
177212899
213419663
255568769
316801088
372310155
358135153
325165687
307626554
287544482
259885007
259406959
258291859
235854065
232483889
212418307
186030928
138469987
64806549
9725296
-16949044
-59993711
-117377089
-144905340
-146369060
-146013390
-142176188
-157351436
-193285432
-212169494
-213941358
-203328128
-201826442
-202694447
-195951805
-187291549
-172419103
-172735015
-179810411
-177200650
-181491112
-195355268
-223083461
-236906734
-235225498
-220652391
-201279810
-187874119
-185591322
-180221916
-173257876
-185324493
-184350315
-174029832
-161469783
-131195353
-113592370
-110171649
-101592444
-68036914
-46932973
-36572908
-30179998
-32592860
-20393454
-5592271
9540322
2525295
13973110
28889042
29467223
26479071
27036893
37861573
43178065
51418505
48810838
39386741
55430377
78960768
83865793
93620206
113140239
116464608
131368505
150362922
154657901
179731710
188254542
182038994
182477465
173349038
174917596
176491236
178433476
177842945
206037368
215112080
257508552
283715000
233427499
217922844
226563222
236487644
239070940
265035501
267347486
254337169
264214214
254166493
211042711
159348771
96501775
50215670
28443795
4197260
-51729872
-108398574
-148277502
-169396162
-178310632
-203906420
-257507216
-270541004
-261801548
-253828484
-245032251
-235894758
-219230920
-200024146
-184087721
-163802979
-147228777
-145610896
-155054424
-153653721
-163051745
-169386401
-160740235
-148133451
-138588509
-131724083
-145643797
-169463549
-174313968
-177149766
-179008536
-182984436
-163245128
-142709364
-128309756
-127036944
-125783048
-107308074
-100346768
-91285016
-81006797
-82423704
-67909770
-42022799
-32967218
-24936971
-9121884
-2609701
28942442
44979656
42321617
36813333
44490377
53124508
55021799
48770277
36246798
46291678
65379033
85425461
94401158
92332040
111294737
131704399
152229763
162197301
174667064
184920220
199105818
225150649
232403632
226781905
223079625
239864511
261574883
288095620
328509434
324805410
294349761
279947149
279533421
270326683
260006338
267608730
247624718
250864563
259741121
220533196
161809862
105781091
33371740
-3176411
-14834515
-62001924
-99729209
-121896882
-158531384
-167654481
-180817607
-219778035
-262489481
-274177764
-265132212
-252779913
-232025142
-232202648
-219007333
-186569492
-172517291
-177597119
-186742448
-188655205
-190986802
-190112601
-181976652
-184100220
-171989710
-168019773
-174306712
-182849930
-187878474
-191997723
-203940960
-212611516
-200915822
-183461350
-169589715
-154065597
-152088045
-142688537
-125913874
-116223039
-111296393
-103509202
-92149713
-71002471
-34620811
-17042031
-5776202
10715929
36741327
60506083
60271541
59429894
53758578
66318063
68411617
65515981
67033497
77767466
94404056
100337032
115360317
123493182
127512409
134566493
147199356
157143534
179660677
197120481
207144086
230166819
245261839
248700202
243138126
243492644
235046898
239751471
257454972
277686625
311035282
286755747
251434853
256211522
264633459
246992154
251985159
262318919
251208908
258053506
249668850
207538422
148754072
101376466
60878639
41146853
5564921
-55431391
-88680198
-104608885
-127522100
-159306735
-185081650
-227810580
-268801493
-267099359
-269786804
-262929602
-237165512
-221057293
-222114487
-219850083
-201154644
-214038198
-217871379
-222275845
-220808506
-200424058
-197265598
-195561893
-190456335
-194389887
-203379380
-215125658
-207156050
-216825596
-228774864
-221529428
-211277676
-202809458
-190625949
-177753610
-180434288
-170260954
-154904638
-140956827
-116818101
-101621626
-80056673
-60081465
-45154478
-23685064
2654933
31196194
52938477
62870532
54859153
65039636
73730173
79662624
91000059
90088431
90820525
95467646
90352885
98622113
113975916
109309591
117673296
127549125
121510237
140993955
171311942
179086237
184915271
189203640
197102731
225338789
236464976
233252025
250402175
270492897
292864591
334176759
327972388
291496616
295931680
316493617
299799988
306935884
314026761
291676270
287348494
274168970
222205168
157669007
124048021
58524252
10063317
-1351680
-41936663
-81147025
-113600526
-153756107
-193213605
-207323425
-238131901
-282982643
-265477669
-240372003
-236623727
-226692893
-214280296
-216609225
-204779294
-183730766
-196883628
-196284332
-189564651
-182314986
-171702059
-162303324
-166602835
-181327890
-188860583
-191915250
-198803950
-194986306
-201945189
-214714817
-203856861
-186697047
-192765452
-192316094
-175928209
-168919353
-153849144
-140343300
-138645336
-110525942
-97022605
-78088055
-55796940
-15030232
950110
16958241
42049968
62317188
80215340
72986744
73553242
83435766
90922573
100799738
104361580
107571585
96713924
80591823
105357921
105570282
92801022
99232306
117859906
123787173
150136194
180858759
189677204
207120330
225810852
234978814
245745764
259130280
252359535
246977169
247623147
254754622
251260856
261990107
265602735
232783120
226394622
223179004
198164960
185075292
215360386
212583365
187164410
189126247
146516526
89274361
61789413
16903335
-34966550
-47974169
-65674800
-110690635
-137971563
-168972824
-208910388
-223701533
-234460198
-258580517
-262777351
-249220780
-262323757
-262786233
-250851963
-236844491
-230370406
-228723981
-224738067
-204597932
-178462783
-176494167
-178370073
-174707718
-148302039
-127961203
-144261917
-155436089
-162483688
-160160665
-145433171
-137977500
-136895955
-126561151
-138847875
-135142724
-119067326
-124411500
-128228743
-117684771
-104090041
-86361144
-78749468
-62393028
-41077214
-23595280
-3143733
17283515
26638735
47862652
56325222
67218919
95397057
111047533
99659672
96987627
103943449
116291908
132987045
134130594
119178796
112527723
128611986
148204577
158662096
157065963
159397357
168027810
186886758
212650070
217651992
214769509
221213539
233292444
233668242
226552985
212924122
206121228
214182878
213239933
194405087
181726416
185199821
165130591
144302624
141266968
128798266
100704074
101981192
110335824
110834622
105147315
70768979
29599583
5413712
-12243397
-25919305
-43460065
-62459566
-90254670
-124360180
-147212917
-167998264
-180721402
-197346976
-217259545
-228530171
-225560997
-217478708
-221374642
-217850183
-217860826
-214087401
-210037444
-196950661
-177221840
-169045119
-166959014
-170531114
-171957326
-160950754
-146200427
-154274195
-157169137
-148028250
-138303573
-126338754
-124852495
-131623091
-139601757
-125278291
-116406475
-115495155
-97714421
-77031091
-74406882
-71172566
-52115441
-36381963
-17574950
-1462458
-7863107
17164883
40375057
48211048
77014376
83051937
86418006
110147026
129319093
132804842
136460977
117066140
117841677
137098063
135349657
132760835
127049931
122679775
133944099
146474626
149722198
146524967
144119944
133920342
137450209
149948873
155523626
161829396
159059599
172402841
162571456
142022108
132701426
131761170
144258128
136582643
105276704
94711442
97967158
91193584
67664606
52363024
41396794
26827535
17282636
10649875
7736906
5503389
3465117
-1223671
-8496944
-5669209
-1806267
-6392134
-16052502
-23144062
-17320526
-22041782
-27243737
-28703414
-36777016
-37424594
-53050751
-78665144
-92688552
-103494997
-109663654
-121153087
-139008400
-161948239
-175520504
-179951572
-186860708
-181189799
-191309253
-191252834
-180319200
-169916337
-165645400
-157928304
-136361500
-140921478
-127947815
-119423751
-113896040
-104430375
-89696913
-75757927
-66229348
-59632130
-59309238
-38859516
-28569904
-23999349
-21173918
-9811404
4266955
-1627808
-904685
4976626
15296068
28620068
29805092
33443636
30463376
28361586
35059574
40795579
48430054
60792065
81276018
93585438
103060636
110261336
110458823
117815586
128252448
132763894
131451419
137049918
128732615
119171635
119073430
124282316
130547228
115905497
105206888
103288761
93727290
94869237
100772589
87701653
76162382
63200057
54101969
63229061
65031712
55886256
45982873
36794349
40211319
33481770
22720735
29698462
35495199
27199325
21136556
3230438
-8232029
-10072794
-5599742
-14975056
-21543573
-22225569
-40255635
-51161112
-62576840
-65227341
-71890113
-76754369
-81966135
-82973814
-79702483
-87147838
-82981533
-81526243
-85667633
-84091771
-76784077
-63722406
-65236825
-60084726
-65264086
-74191112
-81107017
-89739876
-84442083
-94276798
-96940484
-95317498
-89482631
-84685287
-99221009
-114586035
-90699506
-62949550
-57822351
-55993014
-46594562
-27605975
-7365464
-4122444
-9454134
1999395
13135369
23208189
26799336
9894265
4900211
9035365
20971719
17395525
22517840
31607177
30192845
31255769
30225686
21506046
25916773
47782315
47953743
43377356
42707325
42071165
56323339
70798263
73475605
73481372
68755574
68749819
84353226
83382287
84100703
85768506
84013515
70919125
71696525
71642198
43399770
25470734
24255591
21345609
4928194
-10924606
-9691437
-13356920
-3929788
-1611588
-8971859
-8528944
-7831453
-1281046
6567331
6566447
-1242134
11607690
17558435
14973845
12435845
12831569
14568207
6944989
924155
-4578952
-12154815
-18003481
-14874206
-13238555
-20499147
-25539589
-28269488
-33598064
-40253394
-37491284
-39994783
-44471773
-31610195
-22449451
-37556156
-49691070
-38695169
-24603259
-23203098
-22244379
-24529528
-28936704
-24982362
-26884685
-25855856
-38171032
-41274544
-42877511
-41665538
-31883328
-30733573
-28702358
-28233580
-22055584
-36108246
-36279886
-33579803
-25039858
-16060441
-8484038
-5360384
-7447139
-13064265
-11227943
1728470
9550102
16325950
19499529
16081628
8684552
10123565
13502459
20446695
20126476
10949542
23341129
23164305
35150014
38548309
30222799
25992537
35099649
43823547
46042325
51200648
39168225
46720630
48344486
48258099
59619031
48329959
42654427
32993026
35601210
35244594
26654056
19635337
11310165
7859785
5368675
7416386
7934577
-319024
-4931896
-11001811
-8840927
-5397634
-11613191
-11999605
-15407009
-7418619
-10985905
-20459163
-21586132
-10500611
4210242
-2749609
-11909314
-20856290
-9454547
4847813
16188869
7476811
-7809345
-8054540
8906604
16344184
9630225
3943005
-10453469
-16836122
-21073011
-24364584
-17702320
-15131621
-32574981
-43922661
-37789667
-35895151
-33711667
-35402998
-39307775
-32595727
-21104262
-23445573
-21291202
-8174347
-5648681
5952051
4480622
-1117348
-5324167
5731896
22760974
54396718
-4255459
-34537552
-22009343
6607809
462652
4551206
-492686
11258820
18034009
-3336755
-2382132
30219244
20250245
20074084
80817606
-32228560
-75460419
-18001118
43708130
3366678
-31269191
-14352652
-17592231
-7753805
1525054
19357189
12704418
3447353
-18955670
-1386650
19950396
7611429
6221880
6556426
26982274
6921240
5499423
-997887
-15805691
15753186
19003005
-4893661
-15038042
-15837652
-9039950
2125382
1925858
-21627363
-35548003
-36294215
-36102808
-41023552
-33805408
-11717607
-25545962
-38280917
-25612178
-19227710
-8977976
9056973
19381989
7778411
-1096177
6559847
38037897
67385335
99220525
95776214
-19127865
-4787292
54208935
22740787
1079297
-2466365
-19189068
-41668202
-13274209
5936478
20698984
32826983
-14952297
-11453428
29268389
33129713
45421900
45361578
16895946
9085634
34008349
57381161
39959364
6217395
15369036
27469070
1691042
-13125109
-12728874
-6920412
-24217796
-30455651
-5662177
-13211895
-8447944
-25687529
-29516668
5184178
-3041205
-13643788
-3650295
12952532
1769501
27680338
12834094
-27327186
-15407843
-32371642
-18534524
-37117727
-55746393
-44143433
-23807830
-22486561
-20177754
-18613860
-24129294
-21382736
-20290625
-22356726
-32017785
3308243
-14658578
-3485963
2783458
-10128202
16827908
-18715056
-12998276
29633997
12801837
-19424736
-16350809
9545876
1715028
13627879
-2014760
-25688081
-26212620
-12423359
-13070663
-15296346
-10735415
-15867408
1866973
-17454781
1911614
17585350
-11533425
8033541
3019832
-12292140
15984056
19887131
27599793
18232053
2680767
-4408970
33716169
19383091
16599636
42525311
-5190788
11378069
24402501
10992065
3677298
31107586
9074564
-27080119
46317191
398404
9481483
28768558
11292684
28987800
17724744
8593004
-1559840
44015532
13476462
-884262
25705281
7037578
10917372
11127848
1994512
-3212044
6599231
-1760241
9481280
14953719
-12914369
-9904457
23285251
-2182430
-5225273
15779827
1139499
324920
28822083
-19503285
-25143815
-8512826
-38166838
3786736
-27072728
-34021876
-39208010
-10478683
-2977927
-6029018
-10726657
-48040384
-15252190
-23755755
-14169964
-15624589
-9980763
6641299
-2107549
-1879229
-4600236
2340613
11680828
423512
-29406043
4649456
-9869692
-31894094
-13667308
-14043380
-35726798
-20333500
3405038
-34665557
-11820918
-14304708
-21140090
2026063
1830912
-18028133
8638697
13976651
8845893
20047510
25615937
18375779
19823134
36697013
-3084388
14825498
26541717
6467436
4893099
5151405
-576228
2976614
-2349881
-706496
8881446
8159469
11411924
24090261
21699519
31783628
15640197
10338842
15923584
20158703
27688299
11377914
4868781
8922333
-1838621
6171900
-391738
8964086
3072762
1693863
4812727
8136315
23240396
-8175932
14285833
8678511
4456239
24707013
6876508
8153787
22648959
9228860
-3811691
-4590792
-6860448
18899597
-17779389
-4570462
-16401280
-40939888
-3204173
-37437724
-33071893
-34256961
-51268613
-30884317
-34335373
-39660450
-21911466
-44055400
-24910804
-23540312
-10952080
-4382648
-39339747
-18116783
-37668649
-12135184
3180290
-9037220
4135328
-38865757
-15582885
4452578
4556433
3968219
-12933112
-15014128
4780523
-7311459
-3113748
13738267
-4503875
7567922
22275519
24585175
30691862
34795732
25160494
25913515
23378962
38879767
42628427
33908581
-6166133
15574647
31041512
9207819
16150479
-14717328
-16442601
41346778
70790980
61980137
73617871
51738778
49800089
94092560
135445390
108500091
81674990
70038965
59599263
68315632
58374934
41516668
12807043
-25731458
-54057140
-56982344
-73144097
-73584556
-92495712
-101658557
-93036475
-109378967
-96544984
-99768134
-92144183
-54771553
-56298082
-52819623
-50185125
-33812430
-22054859
-16273041
-8554558
-14315695
-20678799
-12756699
-28087312
-6690743
-6972934
-42423910
-30731475
-60107854
-49744687
-51646579
-71943605
-55502230
-69728650
-44446253
-58653516
-48111833
-29263041
-35266097
-30208927
-37664448
-22861567
2915515
3225993
16592203
2523737
37656268
40167989
32486172
30010998
38121725
49313141
51981780
49761167
32837216
29781971
42526753
54800795
35735513
40572058
31539121
59529488
55952056
46840603
54789987
49088339
75452760
58222315
61526281
58000980
55439483
84572749
62242828
72031753
46796520
28754539
45370496
68259027
106526543
89773635
96744481
93998800
102681295
96444306
121498037
135769694
114977029
120383321
91506851
78259121
74008069
45866582
27041834
-9150770
-59698449
-107975128
-120540123
-109431556
-118806021
-133854871
-152997664
-160822881
-153645325
-138830677
-111395693
-108630943
-87796454
-85388310
-93054057
-69935935
-61162900
-50798490
-73303365
-75403832
-64535697
-70314445
-79077377
-88208022
-99072611
-94088326
-86861764
-99627017
-110908098
-108272265
-120804820
-98639051
-91947055
-86477271
-71610726
-69287941
-48184102
-46350377
-37708858
-18783217
-6621675
10181766
27832962
26542117
24561147
32199211
52703946
49458593
57079107
70902728
46520184
51663124
50609140
71071234
89792739
78849815
58054915
56347895
65932708
66839238
66014926
91451227
82711403
85172096
85220705
87023223
87066233
80833533
100769590
101697813
81257841
96682858
107704313
83369224
98076543
90570328
86457785
82072567
75375804
52108164
43617484
32453969
34663024
77137932
93632107
106289780
75450891
60682798
81669093
103964695
133006110
121999757
100760596
76858811
69323882
54767475
42500025
5168316
-48292220
-77566247
-127065823
-149241397
-146532326
-151625157
-182843326
-211985950
-212653546
-213635991
-179568373
-171346246
-164300958
-150784609
-140353106
-126626922
-108106042
-76584268
-83591051
-91830232
-84756241
-90637725
-89036893
-93911202
-87653230
-107441511
-111733315
-98431510
-104500454
-98685035
-90873406
-103665366
-109334389
-90204233
-59068785
-70469784
-68194635
-45958479
-44558756
-24336815
-15892464
-11371557
5561926
14989424
-3531262
26019430
39957589
56449541
69416576
66770809
48540962
65706753
101090550
113800521
101099533
153668153
291429466
176844773
139198729
40956916
34322028
-1228910
8186386
-22735286
-32683027
32216230
53444959
110837433
163641888
125660172
120037141
150784993
192179295
189417125
157122115
105865883
92526203
104643969
136842981
72487866
3376878
-16941976
-68017876
93777468
269669836
274801744
199230577
141132457
137923593
184640074
294554009
235428635
72118273
-33674688
-87637000
-72600865
-53376271
-81561429
-229406858
-311567532
-267875853
-173198612
-86357943
-86608122
-137969977
-180878828
-81145297
1414753
-8301762
-67060071
-164715067
-173141122
-135591381
-76536016
-114090760
-213647015
-241754869
-206908050
-128333649
-77024358
-97817587
-156191000
-175503803
-113198944
-47393411
-46608519
-98755457
-159299420
-158475285
-101669846
-52579584
-55653682
-88504655
-102165848
-47915354
32153628
48230134
-8458570
-46611767
-17352558
23931901
45622433
9978746
-43994471
-31157425
509681
42922972
55251553
5887403
-10502033
6220816
63705288
108619036
92517715
45922864
15273768
52825491
100864697
118715378
122580958
104022030
113182499
117728482
133585822
132165552
141801753
158543658
172083684
165153007
164824001
169173558
146884482
108017802
49658802
-7691491
-7740496
35017453
81425350
266061411
465568275
420475624
352883451
315974556
303594404
286894285
285730738
139999742
-58369393
-91003917
-51205549
-12064954
-61753757
-153153262
-235747472
-210690885
-67738762
-36258798
-86929350
-146311345
-153905540
-114897660
-38961382
-52849113
-178014312
-243252200
-217821159
-120339239
-73051587
-124801039
-202704919
-205983681
-99349207
-32502803
-45386417
-115430494
-171932866
-152008563
-113795583
-91787075
-173154030
-241564129
-246311564
-184323570
-120293098
-118245774
-134240502
-166400229
-107818118
-27893413
-3328654
-33421796
-61472467
-42975182
-22715424
2601595
-26388999
-56366106
-53921249
-3439971
42723417
24846374
12372196
16265184
51165283
63245959
68620034
50946460
27837071
43523925
56110895
67821474
39513646
10799599
11612647
36968822
72306732
76068917
61293835
115335731
172091961
200866648
183921235
157346743
109838308
109211509
116618808
128796458
106395799
77400027
87980380
125446703
123905961
29644731
5950391
-137132
40781712
66392445
238538497
449369854
392923902
343218946
266120464
265703701
228431166
209156638
75790385
-107822664
-97380640
-61973660
18547869
-40147780
-114693974
-178190006
-144659333
-10307538
-14075290
-58582493
-147456296
-111342667
-48988185
-33139146
-103590661
-225590390
-237547278
-183204638
-95427555
-99747589
-183235957
-235615029
-213318143
-109213592
-104742328
-148757516
-222351403
-227707271
-156033978
-115126446
-126139451
-189901288
-175353927
-130358457
-66583360
-56094345
-96022552
-123396698
-127282623
-42539174
-6641288
-62045221
-111957765
-112124251
-67958113
-28103128
-2773138
-43104175
-57272358
-11865450
65747761
106801572
88168365
61729977
46953042
70080503
102888786
80412706
13586979
-15191796
12497012
29895701
45495951
46835576
30612003
59475225
114802076
152211890
137280208
137779975
159812428
200103850
212832912
155798650
94391719
107499757
168908700
188444597
122184926
39342592
45213352
155921023
216483252
143937620
13113691
-408021
69810041
113306565
138368294
232981317
398768631
405654913
359511493
287597485
270882434
212841014
154917970
70333942
-71314395
-82827618
-51019823
10122453
-36789713
-106900339
-144058500
-117009064
-21814241
-29958448
-89645926
-155127166
-109565226
-68325625
-95823066
-179015219
-283480451
-280294356
-210939230
-155399506
-177173451
-252633574
-265354151
-208557757
-136147452
-159083285
-216971166
-240086559
-210341411
-152726089
-184806242
-242857370
-267608389
-228649885
-154337481
-103643406
-133823923
-150474977
-102186981
-46473063
-27906433
-47612307
-66160835
-73660754
-53541118
85875606
104455106
-27194598
-122434906
-49742254
46945139
11479822
-7515286
-45288248
27245918
138983182
195011998
133915839
36026330
70104365
106672182
118436168
53656924
-1299824
-7404397
38603087
126745335
119900920
85478787
61142392
131474321
220319542
224817043
176660760
126156430
158884049
194001802
218161858
180046863
127325854
126358379
151411167
136248897
65161079
70747788
115423966
112058914
64630766
20082162
56655749
238254444
500729027
465816840
279331253
197353452
295419605
328147622
208459941
-6247160
-188180747
-104742996
15816673
14804089
-131342322
-236440955
-185514866
-47093795
37899944
-61895210
-173931890
-180372974
-76238451
-29260954
-107981910
-241021185
-338540070
-271224250
-188522994
-177390374
-249188484
-304806893
-254300736
-188774342
-148858001
-173956217
-209053758
-221533779
-176014933
-154711268
-194325029
-188470949
-193241228
-170257432
-128071903
-93313923
-88402885
-116475112
-86103490
-48769089
-22328670
-35477047
-72909017
-108216287
-103501601
-67602644
-67973491
-75233728
-70266889
-59474533
-21830815
29543684
59066464
45261819
70410382
123834369
158492502
162523394
128801516
98377841
85310495
101606060
101065023
59013684
31969690
38573985
92896639
145720781
157957746
165434767
165071954
173022477
185487631
174975339
141683209
128034491
147688722
145882256
147446243
140365330
151422772
119804432
90912227
121478612
141052120
96940146
85516903
130087368
114155353
70970295
27950535
859525
-36818373
-51144669
-3908981
203225463
361535391
280760945
187849991
241700321
325918077
236770415
119182414
15012167
-49759967
-67143353
-45758365
-57456862
-137544376
-171073816
-189626705
-153797660
-115070777
-137499177
-187466938
-191007331
-124166583
-85422464
-111816441
-212532633
-264814864
-232465113
-191670541
-206163071
-265084698
-297748118
-289134487
-229968469
-184150970
-173176035
-150657625
-141530299
-112811292
-56410868
-47306284
-82291569
-98923125
-101117160
-105463239
-95652523
-101846291
-127642351
-131011774
-112778926
-92539667
-66082029
-41950332
-28081506
-30278662
-19431385
30988468
51672780
25933227
30490640
68526544
86182583
103451539
100836106
73648199
93407444
118741957
119629618
98594432
90641378
95609325
97330859
105583317
98268028
107028654
100970310
98023660
92354311
89459235
86129154
96072771
113047229
134961425
139379351
115317698
126794855
148662975
136708168
111723583
101477518
110179292
105047836
113922184
97525611
91105973
58989468
33187841
32756336
30158179
-21666104
-65533855
23267555
250184478
338729333
202467912
162832679
277481627
319165700
178742265
90712519
59831507
35520687
-18558307
-42102368
-58114957
-77937876
-111433025
-176556006
-180734458
-143037629
-130603284
-187397578
-202488743
-132977065
-100836290
-119542494
-186384554
-173809206
-141017369
-157609246
-196743663
-209184060
-182259343
-179718980
-182523783
-182676628
-146027915
-121194342
-111482848
-95583610
-89777779
-67771519
-87704973
-103342510
-103726217
-72348395
-67749432
-90617884
-89846077
-78544767
-54071206
-50648767
-64132658
-59420340
-51857242
22928421
99150283
27792480
-40623336
18450000
111180827
28173091
-15770752
41056109
66999774
68742820
57717485
63025558
55456652
61438190
23407336
6720462
39021582
56692921
-2046857
-19900997
68933273
100036914
36668665
-6629133
55527423
143996461
151272461
107977724
109797386
154414994
175950452
143545358
101188371
81185890
108332918
115984494
90485891
70593477
83690961
85747780
68718918
51862983
47845292
62841106
169928295
347292377
290839552
203849814
265374689
337529506
227944351
147629415
148638960
93420574
27799536
-13208197
-26207784
-74687402
-110595607
-176147921
-183647411
-142486813
-142839196
-194059351
-190142783
-95495182
-86363054
-116904020
-168148557
-157030494
-139986002
-156674160
-176892651
-201853349
-190677817
-200502187
-205802658
-213391227
-191888605
-176488670
-185779284
-172530718
-138497863
-124138436
-149034052
-152315230
-134496253
-116903025
-96532651
-102471092
-99196845
-65927265
-53276085
-96138680
-101785253
-46979656
-39347751
-63067392
-55918302
-29503761
-36773767
-26262926
4672781
-9144556
-14107517
20416577
38000879
42044359
81925154
115933747
89275325
85930288
128149381
148446472
117730719
93416366
88961257
68573896
89549541
121895790
104972103
86115513
97646481
116343067
124973176
130658146
115365644
110926290
126545167
133232244
121356887
101494252
93348674
100585030
99633399
100179573
109030582
74684593
77088024
120101786
118220715
78893256
104099178
89379504
24356330
36532932
67606827
-27800683
-62205152
159487566
270108348
145578489
134366071
280085519
284858325
190932170
182429860
171380880
135442875
81555301
25246801
-5668819
-2491053
-83905482
-226393296
-233106758
-174445762
-237770278
-317895486
-274924554
-210771933
-218028139
-227789610
-213631178
-191918002
-173902992
-183371183
-183656081
-183239763
-183860907
-199468395
-209314874
-192088281
-189701873
-194491822
-182821523
-133640451
-95198718
-98974662
-94203622
-77567233
-71047723
-65731017
-62462888
-79528880
-112035792
-105397438
-90837283
-93092541
-87470867
-73067821
-82122563
-48950579
-6874762
-5298108
-2999929
36493233
79608979
85424542
81559988
85450104
97438251
111337959
128273985
121498299
100278876
120316126
113636827
97107100
104424295
92063878
51882418
34674732
49734295
42858538
13751710
26939518
53165227
79758745
99172375
97211463
120641305
143825166
155726772
140279605
134426701
135597520
103484575
140570335
177338685
144089506
99868298
104984388
99471561
47872522
10163964
-20731271
116498694
261380654
199300448
179599473
281671813
294438839
154232463
163445713
178672130
69933272
-15316331
-15520133
5076890
-15941338
-52645816
-157783576
-141092385
-80658925
-140965228
-220293912
-186145381
-162326252
-244211008
-248053197
-220751414
-241466345
-250661727
-233697574
-206157747
-186697590
-190502902
-207069946
-179190107
-128154609
-125721009
-155750857
-139592632
-109813483
-127636748
-140873321
-114278207
-106932234
-118411867
-103871687
-66206098
-51992135
-62685719
-50351839
-25019064
10354965
-1517052
-42916547
-30180454
8525247
-15593570
-35718349
7704741
13761794
-8104399
10251749
49418233
65957273
65709668
76195212
93606283
105712964
99110216
93479322
98811273
105381316
117486514
104282914
84339894
73345829
82901174
74556515
66714841
62186005
73181986
96637811
93958038
91991071
81715757
96322313
106981478
95776654
97985661
83770111
81980732
85324284
71796907
71215339
85028589
93153936
84065439
73827983
66504859
56096226
27192350
30418346
14902466
7205111
59445182
194244370
196393445
156487393
221841068
231202515
150578539
121521006
143073904
86094343
52213499
27675291
21850416
20456832
-27441516
-97322913
-101688728
-67912286
-131057568
-175966577
-139838609
-160955742
-233185876
-214164998
-192897786
-242632465
-248038689
-213764209
-218373081
-205003214
-175517388
-183568082
-158256503
-118762396
-129698620
-137026596
-101343798
-120245303
-145678802
-116899444
-108273107
-125235218
-141077595
-122133471
-121292601
-118538041
-106992712
-95682615
-98596363
-102217711
-93561457
-70417698
-22453430
79880
4374633
6676003
37916445
35701059
20313520
38591222
57524200
43995394
46859586
82991099
76922640
77458961
108645113
121957205
109734401
112133504
110241005
104242825
120003599
129540981
110588471
96603518
98073026
88741727
92951906
94093455
73735760
44027697
56158092
87701302
86945629
85840370
84752228
111692848
126693124
110456022
90624547
91565861
117804839
87899227
85237326
80047987
90775626
78716974
75178070
36412545
-10311672
78376364
186572289
162204559
161788996
249102162
225583251
147473272
191595454
208186341
116846313
74034128
59643146
51700020
63609893
-6511233
-87981107
-64712904
-74726832
-172940964
-182440286
-153022569
-216835591
-270620805
-230502751
-236699767
-285778227
-274256092
-251156141
-223212046
-178454803
-164803873
-166219422
-140428713
-120288020
-135355483
-114670894
-97931451
-123735640
-133088432
-112882530
-81007448
-71197771
-69540990
-65997006
-64590293
-64879935
-64487354
-60776987
-61888888
-62851188
-60828004
-45180916
-45711764
-68432986
-57367070
-43559489
-31273044
-20182165
4266679
19151982
35314776
77854685
97542548
88960246
104837064
107681576
99956665
96121207
101573648
99456526
82851943
72767204
68846650
76452501
81374711
84650116
83820082
68694163
59265850
60825332
68546991
78618831
81902757
91522068
105305364
99003123
113996327
126990629
141885564
129281446
128382481
129879093
98328756
111347869
135973699
139091659
81723538
50414239
55417104
4611941
-19063761
61519825
164715189
125165772
114314637
182713066
162430225
120568925
145376140
154309529
87220384
80568946
80379357
58669260
44509068
-581768
-56190394
-65062504
-85010873
-145197752
-154169117
-165809810
-213137714
-227132528
-216816898
-217651232
-247798109
-248117977
-226934627
-207254443
-195016410
-196038730
-171017202
-157468985
-155650517
-156201965
-130066337
-120924778
-118785474
-104926162
-90127457
-83353660
-101117343
-103811881
-103966599
-91037289
-90184247
-90927655
-79967511
-85018181
-69908081
-51458760
-43392417
-48816211
-32766885
-23962995
-25964310
-17678369
9774820
13683439
8823184
24829945
51937150
76607981
69281770
83440520
110366992
114628877
129150133
142084393
126215692
124155980
132341848
143600474
123893797
108327741
110236634
100404101
86391379
87746600
82944773
64550254
94937163
101635315
89047679
100166255
95538955
83939154
93020241
92933051
81382791
96580605
109521325
102019514
86168026
95313481
81435689
81642594
84439088
69556512
60306201
46402580
44077683
66051510
136313799
121660634
131983767
157111488
119413687
100223680
123587512
120072502
56808428
75220258
57167952
33473308
45227725
28513817
-43790154
-69926556
-68046275
-116905348
-128836603
-148494680
-205417756
-233561760
-221733207
-223998325
-254920759
-277649049
-275408673
-252253259
-219852674
-195465498
-199737184
-190669200
-163743455
-144098549
-123016307
-116035879
-124800690
-115739973
-103164391
-86496850
-85600878
-107048316
-92028500
-75871532
-56189667
-47343629
-55206181
-54148477
-44751632
-45839535
-42820128
-29421817
-32831330
-37194130
-21955045
-8624010
-7651987
-4222948
9165084
29867975
52873195
74769139
80249279
80938552
80747967
91668930
115816338
112877436
97682978
96004346
88856993
79024711
84207436
84548336
59122117
73437127
78380377
70339832
68677922
54005191
52226137
63073228
81057182
80556310
86255346
91103953
79764344
88588717
120431683
113904475
112065545
106406694
105715393
116848142
113981293
118818021
95956901
64344809
84234239
88540061
43711470
49509132
114282611
128692558
141701585
183146711
141067008
129820858
148618398
155497014
103552637
90593750
50115580
19900606
50036740
35320783
-35748611
-81850839
-86904632
-123420708
-136843735
-170217954
-221715858
-224587626
-210510842
-219448406
-234144554
-249305318
-256570290
-236988909
-202034307
-190169245
-163042355
-164670302
-169288309
-154641953
-145381469
-130865783
-142080535
-130825460
-114995470
-90943299
-90429840
-99993321
-79615180
-78705520
-77263277
-62884205
-62004942
-68856619
-72549313
-50941514
-35503039
-28917243
-27102085
-50217369
-42558298
-24042508
-8581660
2589291
13127453
8172255
27086238
59587538
53734026
61502092
84715660
93363663
104605684
113768562
120594005
128179934
128120754
118492968
115385680
110391737
93823892
82566013
84274370
72370181
71220356
94091901
80381740
75175543
88668711
97958302
112604133
114134706
89951137
73786212
98246294
107099568
108942184
114006445
112458526
117463892
122977257
116257356
81500036
69066424
71389228
61438397
55802951
52803949
21964750
87571646
146824696
137925302
141380341
106538124
81563489
102850933
130768851
63335190
50808422
53040295
37445211
28490955
17513966
-53068411
-76210405
-92768724
-114343296
-141492674
-160664013
-217374200
-234631525
-219110173
-232665512
-246629621
-249151619
-245276922
-236226027
-202450180
-198159257
-202362684
-191150119
-165320286
-159223059
-144481283
-130382363
-115395466
-90899359
-83440294
-82283188
-82047193
-73236973
-72009154
-71672789
-65205327
-49580554
-37569671
-31272035
-46559047
-43979792
-32143053
-36444951
-27945884
-26720448
-26484546
-4432109
7937818
20792060
44977274
60413121
71798853
98083821
118129586
126418112
147836122
144943549
158453955
164027882
151717102
137945884
129315501
118374419
106903493
102016733
86918176
86698812
71922162
72198503
67917175
58220262
61080517
52127302
68296037
81190682
72716466
72991501
72104391
81215186
91525868
90172041
80384061
89900296
109724601
102045805
91981376
85234803
88362672
70708179
51450612
38438851
23598087
25801751
25386876
4625639
-8142604
21507949
38782031
63082283
45113922
48129367
56557211
83223134
96072260
61632353
47112979
33769019
30657605
26455660
3147277
-49077087
-99843957
-109403299
-119707561
-159175821
-183353661
-215011073
-231873494
-219812265
-206909215
-230340476
-243164088
-215340310
-192997938
-195994982
-179464988
-169176027
-151846911
-123981259
-92012036
-82475377
-71494996
-53431457
-45927100
-33684773
-20834912
-28875102
-35357880
-25661925
-13910823
-22748431
-37093467
-35614424
-47092677
-28560402
-35029710
-52322147
-55588195
-42765577
-20566907
-14328331
-3198437
5116135
15640496
41613894
63504640
90901462
104351437
108517783
108341378
120592428
119407145
115651906
109675900
100963742
98534377
98689123
82573488
52502433
44474796
47107470
57798971
52486369
35439447
34460976
52475597
56615630
48569504
39310327
39807313
49837489
65944219
78344354
85782386
85907820
84224567
86179099
106160852
121700653
109624636
105920424
114956741
88572304
72285655
58021162
43141630
22818727
5087049
-12573579
-43817007
-50053672
-48371170
-33330349
-27228981
-16234877
-22102318
-11451378
6531116
16314413
25504250
26005908
21338120
11950620
13988570
9327916
4792480
-13665999
-43472432
-58578929
-73118315
-94397486
-115968327
-135008851
-152275270
-155556139
-158380886
-156181882
-176988094
-187799604
-159960561
-132189930
-117912448
-111803843
-108814900
-98652759
-67806665
-62415982
-58847308
-47375792
-45086456
-32726699
-19823620
-19500640
-12425451
-16350899
-23942718
-25541702
-38183573
-62079648
-55251845
-53587438
-52481764
-54850887
-56413176
-33858769
-25240173
-21217219
-6646269
7329138
39017271
60781647
72454530
80405697
100265159
114815844
117519662
133499505
124662253
121464673
120500400
109964899
120578197
98087809
81111376
71605405
67998240
69947379
59669619
42085359
28141925
26063652
26850749
27718342
29808081
31857919
44012262
54045722
67282552
90126390
104139412
110298223
109764354
119480002
140947798
136894473
116216791
106119378
110875073
92442872
71184086
52366695
18684403
2945441
2841682
21002343
21647893
-7245826
-15695331
15038972
27253387
9656510
8641374
15444910
15740131
21944431
22495088
13397306
-5738668
-25650227
-45933407
-71034463
-96688799
-113660390
-132588199
-158119378
-185289872
-196535018
-197950723
-214637801
-228474731
-222361114
-205141237
-200812046
-185686948
-170952256
-167104815
-145417949
-126728762
-118457494
-112358777
-102913983
-76710537
-58534385
-46588013
-47421249
-53133420
-53931301
-37214527
-25609357
-32154224
-30725230
-39958773
-30005287
-20298352
-22400680
-35492138
-45204924
-33670675
-10941949
7547110
8815233
4442539
22665605
46611652
60623609
62961846
64552126
79759310
97650572
118275171
120345079
110756264
111684191
127315150
133441020
118508024
116382660
117028965
114000798
111819769
99589368
92174684
89496794
80839223
82528763
76490678
63847277
58192310
81002989
92137776
79283002
81545371
92377675
103499086
115622753
138664470
139950970
128587148
125080688
112727429
109667512
97749518
70539575
59773059
47352617
23003521
-6242842
-18053027
-5295719
-5489225
-29342523
-42881370
-19755655
-21602488
-48071955
-38544164
-30862825
-34740253
-28040325
-33963650
-47699874
-49502122
-60714615
-77027953
-72407320
-78857254
-108655348
-128493476
-138437591
-140945232
-143512266
-150012481
-166632950
-167844085
-147835249
-137462078
-139507004
-147000571
-144090491
-126165682
-111908730
-101720411
-99680982
-93502762
-77498231
-63332853
-67828395
-70409547
-57507291
-38126998
-39311522
-25962248
-23112827
-36149890
-29750540
-28302124
-30112122
-20729142
-24449581
-19662484
-9014977
-4986648
-7032272
4250231
10382261
7878040
13965840
37136298
74351966
81931327
78622165
76206627
92174595
105804493
125430615
124870102
110273680
105200812
116985409
126158233
114629204
105140661
105043114
95512343
79345899
68132852
65777076
78133719
86104875
60115691
45946990
36865540
37392455
55436922
60056785
42803777
35856241
44750557
51775454
49971832
42330991
50639083
56346454
52987648
53455127
45595433
43243820
72859280
85821658
58921162
61346051
79098000
55819982
61322305
65256908
48700212
36025680
45983344
42260055
-1851313
-24211715
-43299077
-54530099
-44746397
-53582977
-85948320
-113717002
-114969113
-130775501
-146114853
-148747434
-156584352
-158581462
-154830471
-150181695
-154356756
-158784095
-147464517
-130663726
-117573450
-112173879
-103423711
-100982321
-96340816
-73793477
-61722988
-59018207
-60065861
-59358366
-45342414
-40347223
-49898371
-55748156
-43116885
-16480212
-12089349
-19634791
-18012045
-14891583
-5897829
3786906
-207473
-2747154
8171146
18258615
30920908
36017660
32669984
30797630
39604171
41023504
28378689
44711443
65609699
58692303
54323301
57645489
54584943
61535028
74101164
61106996
55834163
46362903
44859114
58205224
57732690
56091393
48649147
49222254
47027768
44072092
46255761
51099473
54016232
60075707
81060599
83017815
72344659
75848673
85106335
89239648
96213346
93082665
77586671
73314095
85848144
72762988
46720669
75984840
89350156
63504101
68573039
85728182
58012628
55590875
80407722
57621784
26799103
31296777
22947449
4190296
-9533153
-19812630
-45440826
-55776942
-63834859
-82272853
-104412671
-110346497
-117409433
-123045133
-121368941
-139469374
-138744314
-113909956
-123440782
-131551833
-119588447
-125320499
-119862585
-92066338
-84524555
-92706925
-93041571
-86002436
-74510744
-61716704
-61308996
-81510077
-91526621
-86640074
-74130524
-71824363
-81565782
-83561167
-81255326
-75917406
-76453554
-60302280
-58015206
-65400089
-53205180
-38169260
-33080815
-32343521
-23261148
-10966634
-18328290
-3389197
9661949
10470922
27774893
40084466
42025920
48077440
63074725
71366187
72024134
80689377
84505196
88969990
94931058
99781576
97132568
96272438
98291943
105115952
113440909
103844686
85118956
90150281
103890864
105714854
98643306
83246804
67848519
80695394
83762329
67134601
57088001
58402157
61217821
53170573
52743025
43536966
39668707
38543188
42023466
62432970
77308584
65062591
66468510
98539917
95249848
85290406
96878732
95181896
83403385
90022352
86220630
57158961
42970225
19633510
-8803926
-28473261
-39216073
-61635275
-86124335
-100396554
-121725103
-131774404
-124768567
-129365918
-155787817
-165102784
-159928359
-155697439
-142523203
-135253305
-137728079
-141533602
-138650800
-132035888
-120009736
-105693303
-112317988
-115418798
-95746289
-91569997
-86819630
-84725984
-83999405
-83850400
-73229992
-66620288
-72926392
-62841305
-54903383
-54640096
-44875311
-35835531
-24173732
-14727063
-6680230
5185076
18461632
30630473
36104787
49830497
64659251
76790006
80713231
83917366
87855254
93136298
100844248
109106428
92239832
83893670
86462259
84599061
83792203
79845696
79734755
71928615
68004589
69692129
68539459
71790240
87571788
89442535
80054508
75321673
72140312
81360752
93038608
89832965
78286642
72640580
85322429
89325261
78584292
82844631
72307656
57699398
46809361
53826959
49958836
43005896
56915785
46857888
33162486
60877798
70235084
45190965
36589267
67936980
60054087
47540315
44405793
22319873
-1918018
-19850491
-31681466
-60160014
-86803133
-108480791
-133379503
-159515770
-173075197
-189310114
-202718354
-214337648
-213373510
-198113153
-192148542
-190333468
-183339240
-176124271
-158292687
-145615407
-126359959
-112484522
-101086333
-93842139
-95319914
-76136070
-74045979
-56386788
-57033369
-59821774
-43522561
-45915463
-52660556
-64005452
-58039968
-52554062
-38389789
-30584809
-34935345
-26636003
-14169272
1158273
15841703
21408852
27772298
50174704
65191550
69693925
78379909
93793881
88316847
77332301
84281415
85780680
100227574
104948710
97407091
95112030
95546235
90732729
89255338
91921175
92165826
89772034
94476136
90327446
94104736
103532098
101198744
110203452
105613579
102522998
101537190
104315873
108176924
103756521
106159024
106801952
93390471
79841160
70251913
61914692
54554957
41048801
31859481
35280828
27424688
8854310
697207
-15923616
-21613361
-6845935
-8264742
-12898062
-16396006
-8967827
2069299
-10601426
-19569439
-12813414
5295694
8856795
-1914519
-19348088
-25195408
-20993362
-27956568
-43495205
-65636522
-84042984
-96666619
-105956548
-109660075
-121774063
-128005098
-134742213
-136277427
-138721939
-143941080
-141412960
-139893534
-123541192
-106710123
-108554278
-112146705
-102443118
-88597265
-83140784
-81977834
-75373688
-68980316
-60260801
-55624861
-69778823
-73518946
-47113533
-31834199
-45490905
-55344750
-37890428
-21444203
-9360915
-8850876
-13836059
2877714
16115729
28124316
27860633
25688979
35905193
59296001
82242642
81480883
80064059
89757584
102961404
113729045
109139968
96506673
101991155
125240383
118961367
100000286
88297651
79452678
80877055
80665436
62866308
45318859
38311060
47107002
50493496
52853015
39466497
24324215
31703765
54258769
61063669
61232496
48255703
44110957
49796391
64365119
61710975
46006949
51329363
52080224
56297947
39905764
26553405
24411509
19662854
15284599
8675007
-2186938
-12698424
-8452665
-12341307
-13307258
-14479625
-22458709
-24254448
-29012029
-36359150
-29550624
-25503472
-36501517
-44093499
-48689694
-50076912
-40119012
-50843002
-69908410
-81499330
-82335027
-84823441
-89196153
-101831709
-117200227
-114018564
-119248095
-110349210
-102845132
-95223968
-105593733
-102760232
-80152210
-60795202
-44980420
-46905311
-47045970
-49844427
-22572061
-1723005
1997266
10450310
9067012
5357975
15606538
28789224
29093750
25714624
14136739
16480663
28703105
30720090
25319928
17651683
13358852
21755343
30965777
26997472
20440344
29252486
29199011
30765776
41969458
51223023
50393661
68813425
70706571
61563109
57935685
70733359
76750639
72016448
55111941
48772584
51839719
60160540
51633224
39550640
22244589
23342464
43334776
47832620
18429557
14885252
26603363
177370432
189284597
-12471857
-137362031
-41335845
63972721
31766058
-38596232
-90261114
-53908590
-18396720
-315643
16622586
-10341477
-81736840
-75759131
3186817
57812287
27216245
-31787508
-32420711
16998705
43680713
30314306
-28849813
-56406837
-28228366
304102
-1118559
-44023231
-88789066
-87456243
-54732431
-37403770
-49161868
-59392010
-54302594
-55289279
-57619350
-40123968
-36812367
-39893132
-34793822
-16402522
-1922499
-3023668
-15516772
-33271437
-28473260
-8457744
-1326113
-13762995
-49513901
-28095246
-1897298
13410853
1822922
-27467156
-24330230
-12462362
8853920
34641747
29682733
8071635
167989
13396438
33445312
20445294
2845487
559426
15725322
14394345
14808242
14720055
13414994
8331102
1343180
29962590
38903082
40610135
17593782
28128870
41397911
48981613
30993614
25856911
34641406
40015131
37675803
40497316
30956022
24860079
17154845
9325954
7461057
6580764
17482452
-7657360
4723571
19160703
8981273
-8933008
-19266369
-14651307
3393891
11335030
-3410814
-17797037
-30689391
-8561735
5465686
-4703615
-36976651
-22541799
-24190588
-6842857
-45505
-10186117
-52970184
5967169
94982794
181195498
151679021
18458050
-57098889
-26081123
27430654
-22086365
-82194954
-134993297
-98538206
-41717290
-24654901
-34625259
-61492109
-75765322
-50526747
-8564488
16761173
-247873
-17318651
-6688985
12372720
25439249
65825651
81980195
12450399
-62698005
-42994239
-5470240
-33345880
-99108409
-122826889
-67938427
-32016932
-17600688
-29433450
-19329703
9058715
36395086
44022398
80138341
98456010
75485415
50714654
58204843
72417732
66860838
30918599
-3255679
9886504
19346585
65717665
72951225
10490310
-41667580
9658707
47020340
27106672
-4366624
-17892925
8747190
22029715
18746282
21153892
22442224
4241048
-1879924
7192446
35411250
17293474
-13802601
-25690964
8778301
12064935
1642828
-13284120
-4598898
-15170926
44204866
136492567
23957834
-103091597
-74970200
33088443
25725560
-12685875
-77807555
-77224438
-23109958
-2783988
-30157917
-24240038
-46952819
-77725864
-60769642
4303800
24180687
-9813872
-34862646
-28825289
-5793303
15860832
9031685
-39696874
-34734693
-6772035
5562654
-9514552
-55480366
-64025264
-51236875
-20716460
-14982273
-27580481
-50079377
-22640016
-11148053
-11859925
-28882566
-25592731
-11376696
-19070500
-15623234
-19736600
-13584690
-456889
2846600
-2448842
9252957
17378615
-1141090
-10814320
7286356
26725765
24993605
20913436
18461934
22455658
26201950
44964266
43141099
43120143
37671232
38848882
33375143
28399595
22317610
24842988
34348566
27616318
25756941
10900766
8221724
31863730
27765319
17261430
13423090
18071363
11435172
15548941
13331915
5935837
6613980
21159693
26973333
9314369
5631806
32066203
23696182
4627909
3951575
23780914
33785903
24758478
15173626
14460646
12644503
23841670
4730276
-12065455
-6458981
-20108391
-32548940
-19202230
-26208500
-29906203
-23290598
-21439269
-24628336
-30009997
-22703732
-23498301
-253345
4591308
11107707
-3820077
-5217877
3650238
10759857
16007265
-2958578
-18959990
-6343101
13302183
-2637588
-28965749
-21398068
-3675739
5358658
1598166
-12098254
-14705182
-177916
6260613
14263397
-1738427
-26523013
-24809666
-18993322
-24934778
-27614779
-34836435
-35978492
-40782886
-36399865
-18614973
-13593350
-13624299
-14738314
-1307798
15604515
28826956
21793204
19635682
23020682
13147661
14228521
13246622
21519364
18900789
6758747
4193138
12158398
627010
-13655209
-7680308
-904591
3217571
6866024
-2717375
-2527840
3909696
17903359
19843601
15063176
-6311446
-19537467
-11143632
2521209
11300993
-5622155
-10800946
1714283
11503542
1807211
-2910095
-13605384
-16236259
-8279999
7545138
11659606
-9432164
-19776959
-10595804
6377042
12109364
2090813
-12239710
-4906449
14924950
12008164
7956637
-8402795
-19657304
-4629983
713582
5719821
-5408257
-17983350
-10840513
-271631
1171553
-11718312
-7046201
-612674
-12942038
-3515213
1475968
6740802
3060030
-10903613
632927
5584689
-1651267
-14207778
-12709298
5116258
5211027
4638769
2719944
5995298
6177849
16191533
12262293
-4264761
432734
-7827352
9321041
3474254
-13462609
-13806495
-8928606
-15946856
-26763862
-11080419
-6684582
-1605498
-3018496
4265126
10441742
8669347
11255468
12270183
18270822
10402518
22258735
32420191
36640259
24373719
21266876
25161526
26858785
6826991
-826691
5554514
4348164
-13858405
6814627
19343270
-3739097
2237101
8487247
6115844
9203556
7167547
-803901
19756313
19551480
6842158
-11063789
-9219722
9311473
22752074
-4444765
-30092459
-11815845
4787360
12904499
3221051
-11984648
-12351255
8150774
1178265
-5487079
-4849605
7445954
11158597
-2233456
-9730985
-4790255
-3407337
-14068370
-25313225
-18400004
-9376858
-2348343
3996923
-7626727
-2660544
-569925
-6122577
-3419851
-2899404
-927825
51228
6741962
-4513118
-6659138
-8066853
-14928890
518628
7995938
13385657
-4513081
-810579
-3397356
-792377
7936738
9370844
4482886
-12731516
-2720878
8078105
4893024
2690905
-17980145
-26509671
-25751324
-22011734
-22843929
-17765202
-2895208
-2593951
-11389710
-31168164
-36836609
-16597056
-16638504
-3915663
-10515206
-18508541
-20096836
-26558120
256924
18245964
15094660
1465785
-3677684
21134087
25704687
16282763
-10104473
-8925446
-4904443
6081978
10087813
-3596695
11826819
9649083
6498260
9930896
513758
-12937843
-21651407
-1339013
6309171
7558172
2103401
-14421895
-4231334
-1149131
-152343
2544119
-2744404
5662985
16270172
16443102
-1968620
-17331558
-2889860
-4608627
2323798
5863718
3017455
3109795
16372304
20369835
-853931
-1038440
4458229
-6686441
-10387680
-264266
28004649
30137249
24746245
15921351
22105600
15926178
603941
11801869
21855247
28128953
25812832
21273040
23444112
21082517
9381407
-14314476
-8430116
2213326
2951561
7104096
3224354
-2571493
-1839275
-2358471
-15071021
-10504622
-1892464
-3656842
2471245
-2364662
2710420
-9842260
-20601779
-15516077
-18066320
-11978081
2554695
16893413
5091002
9473716
5439891
-37955
-4489310
-18238002
-15261204
-2272785
9951609
-1378814
597260
3518224
-11926763
-12875602
6198409
-4067349
-18185087
-18204368
-7754594
4361468
5339114
-13058389
-13873509
4030898
3978574
5775726
10298831
19561296
14602877
11709460
2279812
-497255
-6000827
-10117460
-6759024
-10707300
-1150087
-5416872
-20049243
-19757168
-9131599
-7542500
-5122373
-3738296
-7998748
2990879
9945406
9732027
9342248
9686458
5458284
2456549
4755948
6364475
11698320
2372912
-110713
-6415218
-5974661
10730551
-573545
249335
5738918
11173549
-6339081
-14110694
-12008620
-8890086
-9421828
-7817295
4658561
-876002
-6053646
-1052777
-8797348
2492484
13919650
-791364
2832192
14018332
24723788
13177943
4926146
-241886
-4668237
9661605
15761304
9380941
3205108
4533244
4742226
1700679
-8666950
-17771944
-16674131
-28359378
-23642384
-15262070
-12714348
-20926219
-21302219
-12999261
1672324
12109427
-1613847
-9352340
-16188675
-11140825
-3037527
4757637
5960962
-2446330
-3920479
-14546666
-18645323
-16480779
-14627323
-14966598
-23124472
-10272497
-1360493
276761
-192740
3799858
4408953
11777670
13032011
-2533313
9620682
27100227
47110191
50535474
35681934
10639053
11439688
14080409
-1003653
6288753
6934712
14577396
15903117
6920075
4037273
547406
-2498755
-6483759
-10805056
-13333681
8116286
25701746
21352758
13271501
3786281
-655065
-726527
1517931
2688597
-3194382
1135025
7983864
7369586
4363930
-3985099
1544828
-4556149
-14000880
-10108268
-14220891
-7711093
-266568
-376450
-279749
3432914
-5621526
-8303799
3818296
6503064
11205869
10285375
7220154
1433120
4262950
13991007
8160714
6461616
2311228
8144744
1297576
-6047527
-5901598
-13471583
-11336835
-8378769
-7406667
-6846512
-21573890
-27374041
-19460007
-23000510
-33003896
-28207056
-15197017
-3643310
-433595
-8592973
-9051569
2500411
6927110
8084643
10342068
11521862
5486736
7547399
15584040
21523362
25569430
18236004
5925629
4546085
7897056
14522512
4000175
7982002
-1900499
-13577168
-14213936
-5278210
10138267
7796127
2927177
-6313096
5932132
13786486
19709143
9559933
-8907184
2567977
13825004
20599248
15107956
-3734537
309522
7688657
7132875
-10061607
-11283605
-4763599
-5693248
-1689251
-4795870
-11008340
-8763665
-16513343
-10908476
-7666511
8456997
15051239
228749
-5889693
-3323081
-6132151
-3095597
-14025142
-23671628
-9085833
217064
-7290525
-15849664
-16127768
-13885259
-20782757
-26789387
-21784104
-20843668
-17848176
-11718993
-14058097
-20152850
-20146567
-7046081
-2246600
-13258135
-14209263
-13658975
-1600374
15415163
17011559
4604168
-3758547
2065033
14245665
11065776
-5860524
3679306
11828777
22360917
28138637
13940233
4685536
1559827
3700275
4872262
4759457
9965057
26052451
22762178
15018845
17131935
19405611
16308914
4554407
8936459
21555231
32695379
34049692
30453958
22029994
19620017
28162790
26090331
14855013
5814678
5855653
15731671
6812797
827810
-939682
-1735292
-10992719
-26058901
-14829294
-1259643
485540
-7551144
-5765561
-4038480
3107079
-3023163
-9818279
-4178097
2982477
2712168
-8117628
-6802025
-15021187
-13269205
-6303269
-15333869
-26823804
-24410584
-18627813
-22786118
-20576917
-22347651
-25163335
-18929872
-19001744
-13483276
-8990471
-6985446
-13580339
-12761097
-13347278
-17084081
-6664642
-6224095
-8380942
-19428730
-24845621
-17392203
-9443245
-7869512
3136930
-4233133
-12706392
-6544875
3758619
10776726
357404
4151472
12331990
18579838
10078360
15148947
17265959
21149582
26545149
10264113
12324995
17688465
27360641
25361275
3564639
-476798
9987155
24226354
25779516
27060977
12431161
6348730
16150926
17739049
16758915
8882732
3830050
1361979
11460451
17733451
6962815
2831369
-4670927
-7487486
-8306863
-1481644
3389825
1255729
5926540
1431226
6820286
8490799
640492
-236449
-1018902
1547433
173928
-1958334
-11341798
-15228088
-2486534
-3706673
-5425699
-8191536
-25535633
-28244237
-22149722
-20623993
-20927251
-30084763
-33521972
-24149213
-22643599
-19874198
-15383780
-17472169
-14558930
-13389148
-13528262
-10773452
-8643791
-6295152
-4834831
7894181
7608543
2790292
3201617
-2774848
3217152
12283274
2135677
-10752804
-12482753
-2439210
7076282
5048294
6244478
-3006540
-4243663
7257880
12555336
15819518
11196550
4971235
12227729
18076538
19560725
22379825
20956304
10418242
15505297
15965217
4123457
10091437
7918689
14971154
15654752
1692423
-5113130
2440088
5697917
-4632805
-6863528
-2884515
-847198
2216759
-13789996
-20726545
-8477404
-870824
-7951935
-29424
-51378
-8588065
515446
-3191356
-2007266
5520997
-4768181
-3112246
-7004186
-4192059
2121803
-3209578
748490
5878051
3493077
3796656
4702
-3778483
6697317
14468235
20792195
19092767
1914261
-3836944
-1375849
9320825
17138507
11339272
12014411
12164507
9231955
2891727
9462267
7046134
6315332
13898001
7286872
232709
-10509200
-14477013
9959743
6641253
-7054122
-17886696
-12783136
1220395
13639175
630322
-10107970
-7500053
4173303
12654407
8823813
-2507215
-3696760
2271107
15117245
14168354
3749075
-1985229
4099810
5111630
3780659
-10649222
-16528627
-9137637
-2873026
-5776363
-6051163
-9281535
-16121145
-15952524
-14703242
-13318686
-7067405
-5287494
-11973723
-10184753
-13875415
-16844675
-10329901
-10237892
-13208184
-9607040
-11444948
-17033510
-9353360
1987029
2693422
-15553311
-23627468
-19544666
-9350824
-1489195
-8538872
-17155316
-25625985
-21192278
-7434283
1244494
-1308017
-18301782
-9752667
-753815
-8799358
-6486252
-1067131
-1554824
5391610
887473
8159790
4107870
4004474
7468333
11875984
12927067
9608866
17312341
17450460
8223926
8299909
6636686
8171571
19976081
19756618
7964405
5700691
13572860
16832743
15484800
16451280
21461900
18885916
12994782
9032776
9525991
18019551
19762909
19851274
27568439
16276102
10032821
16499691
18725832
22556384
24765536
15863109
11484434
13336343
5933297
5902555
8168806
11040133
15376595
3098600
-8545609
-2912064
5969502
-791357
1793920
129734
-7469604
-4610714
-14226311
-22558288
-22170439
-15199177
-15804465
-18831840
-18329114
-26226930
-22513544
-24395356
-21677048
-22780422
-24193519
-26184344
-11105956
-9344401
-25104232
-19934626
-20423252
-8337544
3398661
-4523350
-14719024
-9164738
-340893
1188285
-6072972
-12677485
-5389101
4008358
2634312
-7462560
-5721706
137394
7319657
9707272
-155508
-5535211
-13886364
388611
7654613
-2858367
-2735391
-6721073
-8023247
2781095
6050764
9191719
18730640
14725474
6066762
14773153
23928152
25965958
16597971
6520507
11957340
13733766
13996357
17110744
3720285
-1516023
6400555
5115806
5498471
12755624
-851678
-3481915
11990572
4990790
-3805944
4552825
567228
14922610
8710096
-8463196
-6213353
-3873077
6520679
14068076
1516503
-7054128
-6097025
-2865587
-4475010
-3595948
407609
-5426464
3109896
664967
-14510495
-14984446
-15116963
-15969624
-12243496
-10897725
-13917628
-15758443
-12830737
-7942042
-10278206
-12257650
-13860026
-8864156
-1492544
784089
-965354
2574818
7879197
-2160503
-3237090
-6790071
-9617465
7124849
14317594
3230076
-1629873
-9820553
-7528579
9809444
7348628
639491
3219094
-4635223
-4955389
2749777
6461681
1018166
3387901
-2591485
4803866
8484548
17283436
9330776
8777495
19498884
8289569
4185964
7567145
5253998
4191538
2852174
10551839
2519628
6653603
7978955
500490
-1193666
-1189404
-556030
4595962
10139182
19424763
7180516
6915450
8681738
1165308
2317370
4317165
722783
-1610109
6207481
1503042
-6653998
-14674475
-13587758
-1017712
-9999569
-11347648
-14294623
-10294028
636352
-6288772
-18139320
-32142123
-24477061
-7668327
-5106372
-8856524
-20587705
-18763921
-5871084
3364703
1402299
-9517718
-12274671
-11153251
6805221
3405470
9189923
9938808
-2705514
-3290740
-13481954
-10315005
7807741
15487013
5106640
-4615707
-6475118
2525009
16577879
19832165
2543822
-6393040
7555918
16543830
18618545
7491525
-9174092
-759162
7499092
13104308
-2915531
-11788670
-3560204
13524160
13714698
-5314584
-9225445
-4051891
6160875
7453366
6597421
-8213028
-3775205
3841639
2782112
11409847
4153887
3471429
6067857
7570268
10772973
7925596
8033786
-2268757
-5596657
-495889
-14818
4090590
10162032
5415181
135608
-3471542
-3167255
4753410
4029633
1746721
9765353
3406876
-3881571
-3263142
-6451160
-9615088
-551660
878031
-477014
-3725143
-11365306
-8365434
-943770
-4077417
-2176097
3679371
-8988618
-8981706
-260034
-2759246
-6881264
-17560976
-19074363
-8915173
-1912172
-10024742
-18770881
-16559556
-2564708
11050664
16102334
3883333
-2519722
4571693
3151091
6665417
7825634
1104232
6120701
4649930
2423598
2258769
1060494
8017739
17427904
25820404
11801024
-427993
-2938583
-4735360
7104977
20123655
6586907
-6814559
-6367312
-2712927
7033481
9780001
-1223027
-3045776
-2554284
-9241093
-11952170
-3220480
4542598
2808310
-8125515
-11349876
-2850511
6096368
1189222
-11192584
-5312776
-2289140
-3900942
-10731987
-19685458
-13077113
-5045455
5071
-5031328
-6169395
-12439536
-9053665
-4994219
-1779722
-8996784
-20917491
-25336295
-9780590
-6973016
-13650018
-18825444
-22209245
-10171974
-4330203
-3203530
-5062725
-14819645
-6237389
3164566
4051141
-7357521
-6961120
8252629
17113520
15868764
7744077
673493
5322171
15522432
22226961
23357546
22008154
18247133
20471387
23800671
14975707
14803431
14073523
17306426
16696392
9985721
13816434
19234211
13115848
14355493
14127910
14893059
19788646
17634376
14393758
9662725
3885727
15782028
6106293
82982
6177889
6108513
12621941
7873673
-660880
4737691
9606137
6678703
3938511
-5234788
-2172281
12968659
11606849
8207167
-3710968
-12039127
-7198493
-8350480
-7962855
-21421982
-18951320
-20243209
-22778174
-12859477
-20767324
-18993608
-23743974
-17336830
-11731157
-20146670
-12769358
-11225418
-11212043
-12764712
-23208515
-21749723
-19499957
-13041559
-17894928
-17399603
-18619389
-17755246
-12403435
-14809696
-13352806
-4826185
-4661772
-14283606
-12525192
-8421072
-6419801
-3473490
-1382924
-2491939
-948254
2115075
-2701083
-5143914
2700538
12672864
11395628
13180390
2800516
1655168
10738795
7122740
9898213
3166128
8421167
18794038
21328396
10576420
6600780
5996540
15864591
20039002
1730169
2875345
9288637
21378417
18563752
1076911
-4916420
6746
10978594
10135567
-1701585
1310243
9921393
13174953
8051048
1317007
-1345288
7486147
16522192
13190920
6146001
4733097
7504069
9649452
11672920
13007210
5282270
1319242
8597263
8941757
7797735
1561259
-1757839
-5466373
-6855244
-6733359
-17823949
-18856708
-21249120
-13397649
-10570756
-21726741
-19630781
-13235763
-11277526
2168640
-3367550
-15640741
-22970881
-18991691
-2298079
9662794
3695853
-18651469
-7193893
-3294071
1545820
5727881
-7300540
-12047499
-6216078
127953
-8213323
-6996013
-3276663
2088729
11898499
3820183
-4967684
-2109913
3686865
9297875
20965548
11609548
3721084
12982777
11679768
13191683
10125013
6099955
14954304
16960243
15629581
15079434
118157
-8334671
3804021
8448395
1172150
8221225
7988392
-2560443
4853955
-105432
192445
7079023
4737586
5320889
-11428609
-9634789
4338366
7197978
19257573
13040082
-4941342
-12865699
8530824
12038401
16764643
8031536
-9440788
646196
2722801
-4951163
-12588224
-12871043
-15337290
-12592917
-11873046
-20675808
-14559506
-16957368
-21899618
-19561038
-17984533
-15952640
-23293126
-17258606
-10557621
-10022504
-13841951
-17614175
-17829559
-14800316
-6532704
-7146507
-15931347
-21074470
-21227994
-4718366
1226646
3848954
4051944
-441856
-3126469
-5375209
7133443
6736412
7778984
4168806
4941529
12604461
8912789
8655767
10795235
15142125
21772933
21115727
17381352
6811105
17034013
15619229
18059306
17745118
12889550
12682093
9276976
4890046
6416644
7846321
9719279
5092578
8277934
2489739
13948384
26594810
12429597
3999918
677760
7719326
18664541
16803478
3150136
-6511478
5096420
12134292
8375868
4620426
-8075798
-6032932
1077818
-2445024
-8380852
-8529685
-7987328
-2913011
3532687
1840471
-980542
-12516142
-27667789
-15512210
-6686857
-1827539
-4443515
-23197549
-21394261
-11310888
-11646431
-8561840
-9398741
-11975860
-11925924
-11492801
-8133345
-16135506
-17134811
-15565285
-11097580
-3336105
-9174635
-8568451
-11056596
-2835815
3700322
-3155626
-12101699
-4794212
-857183
-7817115
-1435164
-295766
-6063449
5293867
1002440
2571269
12360568
5328171
4017677
6624441
11798483
10784791
4520924
4080056
12531295
12793137
2377384
5634957
13495952
20966227
21081374
8263585
1132026
6353134
16289002
18432825
13391813
11880679
14484723
15358721
8453331
14571273
14029786
12376761
12801931
1852672
2389529
4613154
6738486
5227997
-1481214
-2782770
-2714823
-4946193
-5083792
-6930146
-4798325
-4160788
-10879287
-10777824
-6853205
-6144197
-6676318
-9307863
-13087445
-15485021
-7304657
-7554624
-9470271
1719025
-9309437
-15905064
-23844948
-24427982
-10449103
-10203001
-15380722
-16285830
-19289587
-30396095
-21950702
-10467845
-6084559
-8183818
-16694515
-15114215
-13966939
-8838078
-8636012
-892283
7208356
3947630
-2073946
5891555
12700765
10926782
17869209
21452489
16213313
5458004
6056699
16510355
18432868
14825761
9315770
7807296
13189908
19385635
11120370
2757167
2125292
12717765
16335172
10841917
11243736
11958326
16692015
20965188
19932503
9013587
-2897025
8213908
26242438
14851061
9508234
6829433
2294365
7249159
14630256
2003644
-7378834
-6730089
-640517
2798080
-8332898
-8307096
-3786399
183878
3639690
733165
-6902247
-2406757
-112764
-1274292
1664093
-2314905
2453015
1616408
-3783045
-11071358
-11658833
-2885712
2290423
2573109
-6690450
-13189644
-12755950
-10828673
-10503134
-6335834
-10078934
-20253623
-15144661
-19581099
-6765614
-8552095
-25874160
-17579337
-19313113
-10147169
-1128555
-9016521
-16515699
-13465398
-959732
-3915133
-5782983
-10778141
-8490345
-3474227
-1159921
-1666410
-2059988
-8046972
-9475676
-3501674
-7614813
-5334495
94011
-63969
5561123
3387296
-1521989
126821
4298101
5247879
14093424
9503526
5150978
12046584
10350080
9451747
919601
6595911
9796300
9208213
8916843
1281048
4162841
6931873
1497741
-3270110
-3117992
-1168147
9547147
14521303
5031901
3173796
933434
58596
6577269
3377858
8916259
6253722
7328963
11729563
10315909
10031144
8185917
14193868
13241910
13599728
7352729
5475371
14804361
15417734
8731152
-6434948
-4898208
4655145
13040257
15427653
7720170
-8052853
-10276418
-2502484
395613
853467
-2233076
-6488146
1431245
10306158
8018880
-1499698
-11054358
-8455096
2659635
10654508
7917059
1053978
-13664676
-12504493
9352642
5981351
-3557865
-13345552
-15897647
-10583584
-909609
3093519
-5745152
-8410027
-13413425
-14391491
-14636568
-5483328
462893
-7166903
-12070999
-18797822
-16728111
-4279343
-6134961
-14566488
-10694101
-19434505
-5565734
951396
-14060176
-18417786
-17272128
-5500774
-11541130
-16461664
-8957913
-9801016
-10141503
-8707065
-5446761
-21090915
-15552001
-11845963
-17116071
1181092
-4430381
-5979500
-1272993
919045
4500457
658570
1379693
7428900
16617877
5283167
2731441
8689539
7675926
7988083
11825209
11845725
17590574
22047263
11016860
1087647
12991475
26572468
31236427
25111760
9884277
2080926
1038450
12634737
20295224
14554741
10388707
1902642
3964239
9439345
9137373
6759265
8765023
11514584
3720022
8236616
5426322
4565321
9414775
4502893
3139828
12601389
19328674
16428842
6107267
5018846
14291823
8710297
4866142
4352213
8138448
11102751
5152004
3799813
-1276136
-7597286
-14594226
-7795546
3906164
-4337386
-9712500
-21994862
-21555822
-9093987
-3692640
-8855507
-17931020
-28630009
-29508275
-15320882
-4607793
-14416367
-23803500
-18932079
-12390882
-4150102
-2367353
-18011529
-24435097
-12562804
-7837044
-2276161
1889005
-3810590
-2191960
-5851372
-7668142
-4255762
-2699650
-1595174
-343772
5099748
11995986
1097717
-3292781
-4302880
-4709875
7930234
6563199
8577454
14782136
12136658
2404011
-1600140
2739971
6688764
5720714
-4610431
-7784171
-1588886
3068916
9232821
9613130
4075401
95205
928059
3651025
9960497
12085997
9221702
6789814
11449865
8931308
12854900
7213732
18273842
16964814
9220738
3299895
-6197611
5414972
13289251
13359028
4129531
-7017214
708108
3219208
2441506
-3383230
-10389937
-3024423
-13355796
-4897097
-5999095
-13175167
-3944888
923607
2944120
-7148357
-14772056
-8752068
-8273994
-4947931
-920595
-6986689
-9631411
-8661539
-7808330
-346977
1723633
-9631051
-11060276
-4818424
-4137575
-4192707
-6591387
-9079638
54184
6073021
-5606715
-8494755
-4472357
768712
5497812
-2771587
-8145277
-4453199
2844916
3235149
4956308
-7237927
-8857165
12910410
9678213
4503275
-3812118
-10546437
-800911
-2274866
12940578
13562658
-1085472
-4904656
-4554355
4670766
7673794
9458152
7689558
3577744
8249180
4945777
5794689
1199266
-5724464
-1511046
13600579
17436634
2788478
-3722855
5340863
20569816
13273924
10636876
1568209
10894048
23635453
25100593
16062599
-3212442
2382290
14390136
14212338
20078234
12557636
600328
-4505994
-5887857
4504379
10645895
-7684144
-20370775
-15400423
-6804114
-6440233
-8822207
-1128751
734290
-9830901
-17636509
-17952448
-14868220
-9676839
-8081089
-5597368
-4087276
-13645322
-14672438
-14331735
-9852745
-2773416
-4480081
-8880002
-5959602
2089399
-3785535
-2006490
-1472298
-444255
1111976
1394129
4418722
-1973851
1912548
6181262
5388407
1716062
-6291272
2597954
11415830
6025344
1260948
-8160187
-5705043
2887054
3167792
1921545
-3849319
-4795760
163985
7198748
7485303
-3080101
-9631523
-6722286
-13318967
-5410589
1962647
-568907
1616899
-1146565
-12774420
-5805809
954655
-8618516
-13712268
-10016425
4187684
6689463
-6380831
-13792202
-7471313
8952323
-2743722
-6484216
-8314789
-7331636
8274053
6803656
-1514518
-670714
-6449688
-8991184
-207251
11638156
9442288
-4907941
-6294300
1054077
13203343
9939310
-5945027
-488090
3595317
10567264
12670818
5837379
7271987
13553904
6507110
3128704
9389369
16213391
4895331
2083903
10576544
15709921
14527923
7592734
9105312
18517213
16881171
191778
4098403
9707489
5405853
4451041
1146550
13088718
9803812
-7090067
-11518591
2761051
5285224
722927
590906
-6438113
-5166561
3247779
-2944527
-13822988
-14220882
-15396652
-10517199
-1959287
-4361879
-5713305
-12613123
-20872476
-9362273
-4064595
-3512185
-12750660
-17478224
-13618753
-11085510
-1318323
-5131947
-4532070
-1044212
-1057396
3402130
1192841
4073533
10331357
11548957
9718174
11811904
7356328
6081007
7890512
15344078
9083654
-593705
1955518
7938213
12940091
10228788
2611499
-9358924
-5661196
9948194
6322398
-3849446
-3275376
-5920421
4001777
-3697411
-15976404
-6270501
-3536188
426940
-678107
-6392787
-7529224
-11245021
-1741382
4793389
-427176
-3108419
-8915815
-7471315
-5641801
-4553012
1909730
1817055
-1124629
-2616162
-5329659
-8160650
2311915
2505797
-6032316
948715
3930340
-3762645
-3773913
-1961928
-2860235
6811494
11664684
4712647
3294642
4526141
-2049120
7530246
1865690
-3210956
-758328
2539348
4516397
6174273
4487728
-1479527
-227037
-2603282
5193432
1632246
157440
-2557703
-10047515
2071717
6951612
-1137029
-3718071
-8490494
-2894614
7542650
-576735
-8992078
-9940175
-8422856
-1136961
896322
-2688433
-1469958
-3936892
-10911941
-15794979
-13901932
-3978400
-1702807
-4580685
-11357890
-12366471
-11546539
-3587227
843656
-4613534
-12591654
-13810184
-9304682
-4910232
199816
-9155352
-10512358
-4741816
-4226925
-1060724
-2247387
-1883390
5644348
1853175
6430528
9485839
5510264
11283815
14822757
6487394
6968303
15479729
22068766
20592456
9835355
7798492
14690366
23592654
26263008
22049804
15815396
20752478
16953600
10432870
5961926
6103537
20853571
24487313
16353440
3188845
-669412
6249959
16905124
12582252
-8137118
-9473049
-6580572
7329892
9431273
-3774041
-13536703
-17793568
-5684681
3790637
573760
-12264435
-23575101
-5837850
9342369
9528277
-1311390
-12056714
-7476742
8074347
10463204
-3697749
-11047372
-7430693
-2488005
4125334
-10931615
-8677258
3253765
-4944513
39164
-5884092
-12526408
-13495921
-625129
-3118300
-16666968
-16387693
-19251910
-12928807
-1739738
-6980669
-7978692
-4416218
-10791970
-14028033
-14613444
-21600267
-15475232
277544
-4552688
-10593868
-14249611
-11446381
-3909489
341049
223005
-9796876
-2336904
2169462
7862578
8956351
-7810831
-11362757
6178971
7193470
6180639
10596136
-5956288
-2311216
11336123
8283297
5275187
2649418
7163002
11332602
7970835
8858728
9514559
6088606
4155652
9734894
4668060
5159607
3330709
-8564821
1152233
6539666
4711259
4371323
-6862147
-6480831
1489629
228408
2321707
-5179628
-4826934
-2378968
-8369870
-3359890
-6696688
-7253850
-4112258
-5592708
-4080856
-7127123
-4126805
-834853
503241
-1609186
-8204322
-10750294
4261122
7923658
6761844
2378728
1820028
6879903
9894517
14963892
8192475
5295702
1246908
8247510
14392520
6445997
4891990
170534
3745111
-1787272
-2457209
4105651
-4051975
837326
5401499
-7236596
-12022859
-7525959
-8549542
7437335
3124142
-5007272
-9189564
-13409203
-5816367
-947627
383084
-3009593
-2138685
-1520445
795361
7400445
17773793
5110789
-7982081
7091667
12402584
10083878
13600649
1486380
-155220
4736247
-952759
-2476569
-2885723
-8045843
-1687182
-4240841
-14685439
-11742618
-11504953
-7679093
-1646581
-5631046
-11878081
-14042896
3360821
8960437
2340725
-2837291
-7284459
5945577
11929180
10506272
5837260
4721004
9675637
6779779
7579207
7682202
2655007
299455
8141308
3778203
6727227
12403322
4879420
6430183
9181217
7047235
5405011
3573921
1691273
9456317
9900343
6287106
904040
6695161
2596472
952384
3358454
5051652
332333
4213003
8906214
3722987
5333781
-5801641
-12991165
3276263
7690484
641362
-7773018
-2779257
3485281
12605131
2945605
-8829623
-5667144
-3569544
3638383
-7879461
-6065126
-5191734
-2737536
877440
-8789282
-11708257
-13111969
-10281180
-10743703
-11552513
-13800467
-14237520
-10443860
-8473863
-15905263
-10280443
-9083811
-12965534
-9574141
-13422817
-10047786
-3044500
-23225991
-30685689
-19454716
-7129004
-6181853
-18456417
-18431670
-16144435
-13923092
-17149475
-15770085
-13165757
-4548811
-8505225
-19424064
-15498976
-11866854
-12957082
-7383754
-4148324
2952741
7073341
-897617
4244758
13399759
14368965
14641849
12703023
11222868
17494248
28584040
30102725
24067522
16875783
15977640
19737976
30023317
27759883
24835005
21089041
18423933
17260803
6408453
10846799
15910577
21213130
20980546
9909547
4607954
11964515
16026921
10736623
4438117
4529238
15508940
19029150
12121813
6218867
4493804
8406237
7892872
10707096
5190862
7602739
5996676
4376348
5457606
-3861024
-3680074
-3649083
-7187879
-5181726
-4396597
-8590118
-6550420
-7111296
-10532649
-14805276
-18782689
-14803383
-16910485
-7324899
-9637510
-21875292
-23625433
-20471021
-5265038
-10507846
-14427047
-15297131
-15247239
-6655629
-9016206
-7436331
-8578971
-4532729
3176951
-1007267
-6804925
1751093
7510852
9136792
9298498
5724218
1017938
13417594
13398689
9748747
5279800
12062203
16859406
17465145
19139971
1169211
4069086
11566771
8213325
16348502
5593433
-2649607
5648514
-1251459
1867862
1863178
1478471
1571664
2690520
-4144159
1050421
1106685
-7329994
-5864129
-5795608
-4234715
-10135948
-6962806
-10265578
-13395237
-6128879
-15823224
-18600078
-14046877
-17618095
-20989778
-20464864
-13582172
-11434445
-10505770
-15112517
-12011427
-10851882
-10651183
-4699583
-3462479
1018247
3670921
4962456
4441066
1051758
4522048
-1239694
-519817
8278710
9100914
-2571700
961819
11502082
6916620
2497917
-5637727
-879093
1470564
-4365867
-4761607
-7611533
-3466749
-7877188
-12350304
-14043116
-8584861
3709506
101425
-5352902
-4130193
-11579878
4321698
9077162
4107860
5330527
2098264
207235
12438790
16133545
11073338
17761804
11074108
11407857
16622006
9757263
9783657
7902706
1957738
8244154
16493783
6090890
2715030
1014504
2148792
3300914
3241542
26084
-5166558
-2715344
-2238638
1678694
2836230
5470111
4873738
-7585509
-2464984
-104364
4539685
-2841750
-13129047
-10961427
-7660655
889152
14286960
4107165
-7666670
-5779859
-4501017
-2895184
328373
3086753
-3039984
-7078088
-8655362
-7558038
3900320
3845589
3351287
-480836
-3123513
1955389
5806803
14277289
7239688
-3688062
-5973367
-4603181
3267942
1663471
2724722
669806
3944924
7393773
-1891509
-4372294
-2003173
356908
3681657
6708414
9382933
-147692
-6779887
-3494877
7710038
7232050
6972276
-9278
-1727988
11804138
9899669
8481664
11328002
2928506
9605744
11614440
10868173
15490079
12680533
7714084
8497208
13127716
8829796
11937913
6033146
5337685
6457733
-2020
453818
4860354
-412678
-7939293
-8056844
-3213910
-664636
-895935
3585992
-1374753
-9752953
-8032629
-7397040
189803
1047487
-11128310
-16077842
-20784851
-13227380
-9207465
-11935150
-14946608
-28637921
-27265903
-9644845
-6993170
-10742395
-14419856
-19494345
-7976312
-5700314
-13100319
-7690411
-11564288
-7904977
63888
-6132553
-9635531
-8311706
-1711305
3396932
3212506
-11222279
-18418445
-11960563
-4770824
-5417289
-9317443
-15554728
-28335796
-26874904
-15375297
-8114724
-9179608
-16073271
-18938273
-10823059
-3217825
-5204679
-5678804
2636042
5320767
9760073
8471710
11023565
20969819
15965324
21508935
24482644
21663678
18982450
21805653
28944327
31121662
27204284
10744332
-2630704
11330668
26690673
20062187
10370012
2775120
12668786
18543579
9539971
8971275
10792083
11751451
17524396
9962042
7854450
9580610
12234172
11287969
7664828
5306052
1759688
1921202
4900555
2372164
2692379
197022
-1863405
3532907
3262827
-2626196
-9765552
-6705985
-3157252
-2791254
-5945399
-17885889
-17052805
-7984088
-6391071
-12895533
-20017505
-20404453
-8763409
-6609223
-12323409
-12005644
-10689400
-7683650
-5946100
-9044810
-16351824
-13854364
-3803397
-5551422
-5241570
-9898606
-13123404
-5744075
-301019
-6412113
-8559969
-11167272
-1303392
12455543
9912909
8909509
323305
2799656
18212969
21662388
10393042
4401244
6161654
12146799
23460947
20786736
6675043
6497437
15332095
13035166
20480347
21244988
14204786
14564560
10343461
16874882
21207441
12589956
9918518
10469721
16851130
16243903
4886356
1130377
2936193
11597770
4792454
230862
-5168693
-7579962
-4107124
-15114488
-20223886
-9439029
-18397979
-18311902
-13902603
-24894445
-23575622
-21805701
-25303272
-24750384
-23733596
-21534833
-17691368
-17116567
-16044474
-7987953
-2684381
-4159279
-3852616
-7425900
1723134
3136737
-989189
-481295
-7922
-418540
3659480
-4562332
-8340464
-6243117
-6395971
-6829746
4561763
-1644015
-22222338
-16443769
-13586593
-9312440
-11296186
-16187130
-14977336
-743624
-4293151
-14990928
-4171953
-2338102
1380920
982112
-6575660
-4318589
1457252
11624766
21089521
15448854
5967027
3119666
6021585
19730301
22112099
21613392
12063379
3886230
12135777
22337849
25521433
27481590
16453184
11856493
14956805
15249870
10261848
12045886
5767518
6433858
5827180
-4495203
-9765193
-11169898
94399
-2642100
-4987590
-11662959
-16421904
-7252188
-9540294
-6643057
-8802370
-14092089
-19789780
-20818383
-13468996
-11638827
-8029718
-11667401
-12312808
-10711560
-10557932
-9340965
-11663051
-11745310
-4863713
-3096557
-5807012
595076
-158523
-1818320
-4985594
-8860258
6809971
9555629
1641545
-958899
4732353
10384728
13150686
8109870
7503454
16001575
15988238
10957276
16375970
21986742
21250996
21807355
7653278
13045600
23038591
20269542
21497473
16249318
16961853
23323318
19062605
14647333
8527939
8760697
6617735
8903893
9730321
9623230
10173553
13413557
16538451
14038577
14413981
11335048
5259873
10337067
12138262
10831209
17415375
8659623
8940636
18805706
15494186
4759965
4735508
9594194
10269576
10511517
4373085
-9860614
-14704345
-16251322
-17294083
-16776050
-15116161
-23088609
-33422626
-34949522
-25600586
-29095138
-32937270
-27196789
-34549411
-31944688
-33543971
-38585806
-30070042
-19620980
-14291148
-14218720
-18532257
-17836388
-9535158
-11476761
-14753849
-11073283
-12509878
-7839440
-8245890
-19180930
-16641436
-20905894
-16116422
-14188153
-15278027
-14813432
-16891360
-10575399
-13030688
-9889501
-10688978
-11984158
-1604604
-347112
-7585471
4351236
7984059
10586281
7856104
-4269312
-6893633
4721293
7973721
10966994
9053636
-4167145
3877654
11477792
14551325
12183655
2871395
-5318949
6174776
10450626
17227941
17424968
8151178
8185508
15756507
20860926
17579011
15163975
12702168
19273523
26519025
27821603
31471393
25313418
11587036
9845155
13476310
19110033
14051304
5010551
4156592
13527340
10814837
1087518
-673684
-3181944
3841377
5907850
2314375
-1299666
-319376
-3364497
-8399721
-3635244
2637285
-3518738
-2103209
-7475788
-1029668
1259777
-5123612
-2319507
-7608186
-8888171
-9839102
-6694744
81797
-2319475
-341823
-1411582
519643
2865962
-727856
117878
6215789
11687324
5832945
2189281
114992
-933059
4282560
8205956
12568125
1227436
-3202900
8103858
5797592
-5979896
-3911023
-2317784
-97942
3268965
-2872382
-12575093
-4530147
2154181
520200
1151953
-7807092
-16561082
-7148136
7690737
11891752
5167764
-5524202
-4644164
-796044
12318680
12145024
5195753
5941248
7540762
11215115
15166975
4139109
-3764078
-8157589
-6867019
-101615
-1319590
-893522
964684
-1412400
-12033096
-14444662
-15572356
-12491429
-4945227
-5476094
-11493185
-19705969
-10297150
-9675976
-12784998
-10522071
-7459322
-12311815
-5135876
-1365240
-7335156
-7024491
-10196323
-4085179
2191675
-5391544
-12161103
-15207466
-15006202
-1002142
-5777938
-9330343
-8420507
-2913413
-454157
-4773976
-6491863
-8538838
499787
6037054
532838
-10733229
-10406209
-1303818
3071061
12519360
8466179
4323852
16017541
8370160
5092356
9031633
16231791
17816900
12402019
4092654
-1478273
2100504
1367148
7184096
3369977
-15233278
-19254772
-2893105
13875637
14161507
2699363
-3597187
5820095
15400941
12319698
8808627
10627288
17519435
18968745
5848583
-6762651
-6417574
3418882
-5408788
4094338
3388010
-1100149
-2575937
-4632608
2133285
6598603
7450175
11657131
8227696
12289666
11751313
10536102
3736743
-9126907
-2369905
-2967678
-8199154
-7967090
-6226888
-9797841
-10617444
-8200679
-1247777
-8511588
-14110319
-14934219
-6935190
-1505662
4168240
2971330
-1737782
-12520944
-6674014
-9397670
-9031913
-3010910
-5193959
-1526056
3432856
7878605
14601940
10141297
9537089
9116082
10225111
16396251
10695930
13680963
10507625
-4535123
-4140694
-7082886
-5844464
-3993359
-4107518
-17291052
-11073533
-1648034
4091320
-5409460
-16184551
-10528850
-6956961
-1252474
9681216
5461766
-680347
-7483682
-3316732
-252613
-1799285
-121345
-19316981
-23135645
-13627580
-10024155
-3375689
-1660672
1899447
849616
-3342120
-8527882
-2318407
8972486
16382871
19334376
22662089
19644283
24590679
20323864
8940894
10751204
19703686
14023556
4064718
-7989589
-8221482
-8874156
-8716143
-10890481
-14665290
-14168199
1741380
4657424
4218851
-1468750
-6265531
4559319
12486161
11314098
1500022
5936793
2090850
4944349
3121821
-1068205
7397728
7683309
827617
-3040099
-8186023
-8208328
5056490
9480997
4358516
6729999
-2782964
6779688
21450175
22583306
2372556
512074
-2898339
-5317742
17407512
12714334
-1288431
-2923609
-12638695
-3505295
8713442
1484420
-8965163
-7962732
-5901981
-8316286
-8335997
-9764283
-21370203
-18509732
-15293785
-12978154
-15173636
-18089949
-16982811
-13691290
-1249271
1213067
-11693065
-26438868
-21275808
1703004
17045821
12842503
-5299305
-15257550
-15954643
1691716
4697985
-3246956
-8305603
-10087894
-827819
1101967
-3449917
-7535230
-9098162
3029768
5950207
643615
2283470
-13651
7364653
9724310
722109
-5549273
-541865
7507841
13436541
4473532
-10537893
-7943544
977103
6242285
-2605075
-12210826
-11526712
243492
9430979
3722741
8081787
5633778
2646999
4690243
13088952
3480959
1378832
2242416
9711946
19092076
15645120
8790243
11758887
26100870
26148505
20402444
11721831
11141714
18195622
21949456
22268926
15530991
2307638
-1376705
7706028
9852424
5840033
-15307577
-14637505
-9247651
-21207008
-21787577
-15871779
-15266096
-5527491
-8325911
-7119075
-950853
-4742006
-8191902
925473
11833199
14100226
20503323
17296016
16531648
14858904
8136119
3349944
1783917
-3759800
-9661883
-2246106
-7636091
-12760083
-1113162
1530155
3932155
2996261
1804257
-2266396
3356637
9386278
7426020
1424404
-6147719
-14507511
-10144685
-3109089
-13973936
-24254597
-27069121
-17121099
-16998605
-18002962
-20444182
-19594043
-4050056
699751
-711192
-3874830
-6002420
2731191
2276733
-6086162
-13575697
-11091577
-4460953
3738236
-7722437
-13198569
-3709984
2581255
276422
104547
2408629
-80516
1677965
-914013
-6880213
-7331869
-2648250
-5584932
-14708641
-13389252
-17469094
-13964470
-11358685
-11299261
-2248298
-3908554
-1202538
5110529
-1743190
1088956
11220897
12745470
7234437
9999333
7210222
8126374
3206602
-1920801
1795425
-5270978
-2222390
7677336
-7136608
-4022775
5928679
5867705
14501578
23151203
18260958
22712528
28152252
18737843
20079933
32987678
21951597
11656138
11345483
14971993
20367315
14933203
2893956
-120254
6643631
8871856
13236357
9661017
702659
-2563619
-1041943
-7084299
-12041067
-13324636
-7311331
-1420807
-6725327
-9531932
-3915995
-445187
239838
-9412237
-6946122
4564078
6240835
9787940
16585570
9551216
5623159
-4399276
-3624360
-1852984
-1370932
-8715679
-15972408
-9468200
1498717
-5537417
-8952942
-12996344
-7443482
-5663214
-6894934
-4117825
-11189226
-10980821
-13396842
-16619741
-18643955
-21106379
-24311230
-24077397
-16618159
-15594510
-15072538
-9758418
-17603545
-28459846
-22967250
-15691269
-8644743
-4267654
-7117208
-5434757
-165195
-6914713
4817473
6716803
-6331656
-3837491
1484391
6422352
12777970
6123459
-2592583
4143355
14790688
23062034
21698108
6892170
10915163
20375459
6477515
13936985
14192587
11538070
22655032
18846654
12481846
15148261
17909900
21874296
30325656
25359656
14564917
14312062
10097232
22793778
30102597
18391475
3847069
-3254926
1327099
10424501
3668529
-761662
-3994907
-9655570
-2194023
1054885
3367402
3809528
-3170828
2145380
6893278
6134385
2474803
16601755
16066781
327654
-4118417
-8496584
-9593256
-9350724
-17002945
-25431945
-19911815
-24501249
-26867586
-25887335
-26131674
-31331212
-35149854
-29686722
-24282885
-17877407
-12746235
-15780758
-15637638
-19923243
-17763607
-14813350
-15779514
-18282761
-11728150
-10923148
-12386725
-8192278
-19605569
-7648652
1639479
36838
-2428641
-13265012
-7659384
2991917
7979329
3358255
1683565
1748588
15412828
29556486
15222475
16026051
22400663
23196987
26060919
24291522
20838430
27559392
22765634
17234455
21284787
14627482
11638603
7592876
-2102507
-5368548
-3813073
-3131047
-431323
1785060
6447136
7060270
7932133
8785527
8981580
9858313
13029999
12674676
17348253
21861271
17393124
15738006
9748218
8155647
13533402
10044379
7695168
7158333
442529
641724
1168050
33259
-11005227
-11458180
-6094389
4566022
11545726
-2547000
-16548567
-5280359
-7231402
-6662512
-4287255
-3671804
-9340761
-21714749
-22735483
-15767908
-14237388
-7425052
-5359054
-15507284
-17748264
-9106435
-6946556
-22891216
-27955535
-19743320
-8205042
431672
-2959154
-7784253
-5816406
-2889655
4408990
13180156
11803285
5461028
5716313
243786
10245038
10682553
668431
-1909271
-5171339
1623246
-1652653
-6901303
-3812630
2623511
1385618
-16464559
-11379172
4894271
6620052
5092523
10296654
6182200
10461398
14124353
6567189
2690336
3552609
-1324795
-1137618
1065563
-5200736
-3456200
-4103454
-5844421
2843961
6658060
6729323
4273984
2903560
-1994756
7875813
19520565
12715511
1403772
3603213
1963950
4303637
2735585
-9210054
-9886699
-10302941
-5745981
-1596896
-2734463
-15811502
-14549483
-7122666
-2044688
-4924068
-8415485
2228644
2278420
11333011
11683016
3387747
-2056994
-1506976
9399789
12661874
6737270
-8053169
-7904578
-3282907
-4516304
-4634790
-10291968
-8326883
-8401639
-7487295
-16674964
-16866698
-12371023
-10413997
-5834870
-9655691
-13424468
-8680486
-5586916
4647556
10205450
10766472
14664417
10254987
5742287
1711759
1985601
-3916
6273394
4965733
-3507812
-6494784
-4383422
-8536042
-3987696
-1817596
-5419302
4563409
3102712
223147
7068684
3125141
8292388
15266772
11958033
9514225
2043706
-8406140
-503879
13597307
15683355
13452805
-1252040
-3894486
755472
11022548
2441274
-5960614
105994
11831328
14680249
5703186
259282
-3101280
8448443
21349286
8387751
-1277571
-7363159
1809409
20483583
16602330
-4986296
-11881875
-7574545
3188608
11313580
5755364
-1170832
-5452674
-6426634
-1370362
3977534
8311054
5207637
2513093
-6238980
-5024573
-499800
1454928
-648568
2026500
4496513
-6939466
-2345682
-9187387
-2281543
4218695
6005675
9934249
-2673962
896270
1211852
3139540
16518952
18959741
9059010
10116240
7639092
10204597
14250454
2764427
-5655047
9666530
12276212
8829743
5432410
-3223226
-918117
2835698
5086474
9686126
-1864747
-14371767
-9705476
7036809
10537278
549976
-15959054
-12282969
-3413122
2815710
10989947
-4184078
-14914356
-13394945
-7028448
-9010085
-17589045
-22401871
-27472816
-28763185
-28893371
-38929373
-39423967
-43718901
-35485846
-19310302
-23013022
-17854530
-9885684
-15771737
-12009443
-3139380
-883621
3043399
5485322
6397328
5692792
-3162729
-6627073
-12148449
-11418792
-17055794
-22555876
-17865492
-20035572
-25157606
-22424175
-16725366
-16900075
-7680282
-6695064
-6502285
6133550
9635334
2714213
12229940
16864223
19166085
20061044
10614969
16167751
27768022
27260193
21628295
34964676
26699950
23081452
21205120
18410236
28617568
21417001
15383458
12966933
11215513
21952051
20204947
21420089
20774731
18357508
17066557
16787967
21900420
18458070
15675080
21696407
32031592
28926359
22073681
11329639
7583046
10921589
9123761
7083804
10254330
10092743
760661
-6540991
-4411502
-172750
5700862
6835263
-6147272
-10411029
-2129394
-3527366
-7731534
-8396323
-9480179
-8751064
-11269061
-7965971
-4948887
-8328300
-10876677
-9780582
-10487809
-10531008
-14298869
-10508761
-3483741
92799
-8972765
-846981
-1715450
1257526
11337434
-4520158
-15397551
-7155715
-3746185
-2421467
-5597629
-15648285
-15418873
-6731471
-2155747
-6988881
-3493394
-4995507
-8390435
1442107
-373171
-10508068
-12420902
-10260428
-3385857
5462326
1748686
-6707951
-8390117
-2409285
-767375
-682743
783464
6153729
9522445
1544440
-9717675
474729
11693663
5390966
2543099
-4490721
-5080828
-938853
-16214762
-7140436
1497952
-226813
999835
-1866629
1588258
-4576475
-6624880
-8164171
-5050945
1513540
-949368
-5078151
-16747667
-26747675
-27820575
-25669269
-18948926
-33563250
-41648368
-37173111
-28445633
-26211596
-27037209
-35197369
-35637610
-18049700
-19062704
-12978451
-6883953
-9481906
-7300159
-13566620
-19781930
-12793925
6233969
2924730
907479
-2285592
-8019112
-4751968
-7589141
258983
9700102
14517093
1582495
5264312
17151363
19641418
21694307
17692908
9501884
20885312
21832331
26621701
32365920
33605005
39166856
31580674
25432861
27660447
28756698
30527971
33506583
41623593
38933559
31747440
20287080
22090749
35216069
33298182
32962560
33650123
23123103
24577681
30570868
27481505
28393325
19714765
8967829
19422355
34069403
37554083
26193261
8823305
10496423
23733446
17551659
13295945
7795206
5337837
-4599125
-13276215
-20136889
-19231955
-24478966
-28739887
-20087000
-25156696
-36424895
-39527249
-35624219
-29048509
-23124325
-31980826
-43270907
-38683684
-27043344
-26261619
-29008507
-35726081
-27452081
-18909174
-18452996
-11132021
-18762634
-27380041
-23967565
-18108867
-10456790
-6571481
-10250986
-10989540
-12423016
-7093546
-1895720
-339973
9254369
3311121
-3417764
1237473
3952269
15218153
19360039
17840445
9689630
12286414
16206911
9959425
3259974
3481329
11109853
16783934
9536991
-3196846
-8187798
-5634177
-595191
-2996936
-7375153
-1479260
1552240
1577511
-1272465
958994
2092346
2902577
8761243
8598808
14511283
9047165
1078144
2678034
-332005
7843679
8848830
1873114
-8335999
-7023511
-8764074
-11261664
-7155576
-5917084
-11925148
-12499863
-10321212
-8135012
-4853651
-16261603
-14893075
-4651806
-10531063
-9823437
-14660930
-16451740
-12034637
-9665993
-12908541
-24159706
-27434485
-15817000
-17319226
-10967579
-8831787
-11048867
-10573963
-10397280
-10776407
-9769342
-2389683
434865
6504839
6661985
9866868
8531704
3003715
4240866
6020437
7297148
16476428
10591156
4810178
11432733
11901781
13311947
18419282
16570469
23025247
29159743
16653086
20971765
29663854
29907408
33852779
29881702
14728729
22983392
19414965
14835564
21562145
25846561
23268494
9161482
5141918
9249868
15389042
19059889
9464746
13253162
13003609
10200014
4243042
140700
13590480
17614581
18225124
15342584
10003577
14672118
11770058
4841364
-4118060
-7248686
-665193
-4131556
-12925568
-12031876
-10090794
-21063222
-32572198
-30576540
-21191931
-16667839
-15583269
-16206976
-26553680
-29355545
-24768949
-24488117
-19423696
-14730832
-24966473
-28114353
-27073465
-27200381
-21218111
-20877315
-22680477
-25318084
-21377331
-19756700
-20914798
-14498936
-15305811
-6138501
-475784
2356461
-3752416
5908805
14014580
30060535
-1347695
-1144787
-472478
36223
154764
73270
16920
0
0
0
0
0
0
0
0
0
0
0
0
0
0
0
0
0
